NameCode,Scientific,CurrentPLANTSCode,GrowthHabit,GrowthHabitSub,Duration,Nonnative,Invasive,GrowthHabitSub2
ABAN,Abronia angustifolia,ABAN,NonWoody,Forb,Annual,NATIVE,,Forb
ABCO,Abies concolor,ABCO,Woody,Tree,Perennial,NATIVE,,Shrub
ABFR2,Abronia fragrans,ABFR2,NonWoody,Forb,Perennial,NATIVE,,Forb
ABGR,Abies grandis,ABGR,Woody,Tree,Perennial,NATIVE,,Shrub
ABLA,Abies lasiocarpa,ABLA,Woody,Tree,Perennial,NATIVE,,Shrub
ABBI3,Abies bifolia,ABLAL,Woody,Tree,Perennial,NATIVE,,Shrub
ABLAL,Abies lasiocarpa var. lasiocarpa,ABLAL,Woody,Tree,Perennial,NATIVE,,Shrub
ABNA,Abronia nana,ABNA,NonWoody,Forb,Perennial,NATIVE,,Forb
ACACI,Acacia,ACACI,Woody,Shrub,Perennial,EXOTIC,,Shrub
ACAR14,Achnatherum aridum,ACAR14,NonWoody,Graminoid,Perennial,NATIVE,,Graminoid
ACBL,Achnatherum bloomeri,ACBL,NonWoody,Graminoid,Perennial,NATIVE,,Graminoid
ACCO3,Achyronychia cooperi,ACCO3,NonWoody,Forb,Annual,NATIVE,,Forb
ACEM4,Achnatherum eminens,ACEM4,NonWoody,Graminoid,Perennial,NATIVE,,Graminoid
ACGL,Acer glabrum,ACGL,Woody,Tree,Perennial,NATIVE,,Shrub
ACGLG2,Acer glabrum var. glabrum,ACGLG2,Woody,Tree,Perennial,NATIVE,,Shrub
ACGR3,Acer grandidentatum,ACGR3,Woody,Tree,Perennial,NATIVE,,Shrub
ACHE10,Achnatherum hendersonii,ACHE10,NonWoody,Graminoid,Perennial,NATIVE,,Graminoid
ACHIL,Achillea,ACHIL,NonWoody,Forb,Perennial,NATIVE,,Forb
ACHNA,Achnatherum,ACHNA,NonWoody,Graminoid,Perennial,NATIVE,,Graminoid
ACHY,Achnatherum hymenoides,ACHY,NonWoody,Graminoid,Perennial,NATIVE,,Graminoid
ACLE8,Achnatherum lemmonii,ACLE8,NonWoody,Graminoid,Perennial,NATIVE,,Graminoid
ACLE9,Achnatherum lettermanii,ACLE9,NonWoody,Graminoid,Perennial,NATIVE,,Graminoid
ACLEL,Achnatherum lemmonii var. lemmonii,ACLEL,NonWoody,Graminoid,Perennial,NATIVE,,Graminoid
ACMI2,Achillea millefolium,ACMI2,NonWoody,Forb,Perennial,NATIVE,,Forb
ACLAA2,Achillea lanulosa var. alpicola,ACMIA,NonWoody,Forb,Perennial,NATIVE,,Forb
ACMIA,Achillea millefolium var. alpicola,ACMIA,NonWoody,Forb,Perennial,NATIVE,,Forb
ACMIO,Achillea millefolium var. occidentalis,ACMIO,NonWoody,Forb,Perennial,NATIVE,,Forb
ACNA2,Acourtia nana,ACNA2,NonWoody,Forb,Perennial,NATIVE,,Forb
ACNE,Acalypha neomexicana,ACNE,NonWoody,Forb,Annual,NATIVE,,Forb
ACNE10,Achnatherum nevadense,ACNE10,NonWoody,Graminoid,Perennial,NATIVE,,Graminoid
ACNE2,Acer negundo,ACNE2,Woody,Tree,Perennial,NATIVE,,Shrub
ACNE9,Achnatherum nelsonii,ACNE9,NonWoody,Graminoid,Perennial,NATIVE,,Graminoid
ACNED,Achnatherum nelsonii subsp. dorei,ACNED,NonWoody,Graminoid,Perennial,NATIVE,,Graminoid
STCO3,Stipa columbiana,ACNED,NonWoody,Graminoid,Perennial,NATIVE,,Graminoid
ACNEN2,Achnatherum nelsonii subsp. nelsonii,ACNEN2,NonWoody,Graminoid,Perennial,NATIVE,,Graminoid
ACOC3,Achnatherum occidentale,ACOC3,NonWoody,Graminoid,Perennial,NATIVE,,Graminoid
ACOCC,Achnatherum occidentale subsp. californicum,ACOCC,NonWoody,Graminoid,Perennial,NATIVE,,Graminoid
ACOCP,Achnatherum occidentale subsp. pubescens,ACOCP,NonWoody,Graminoid,Perennial,NATIVE,,Graminoid
ACPE13,Achnatherum perplexum,ACPE13,NonWoody,Graminoid,Perennial,NATIVE,,Graminoid
ACPI2,Achnatherum pinetorum,ACPI2,NonWoody,Graminoid,Perennial,NATIVE,,Graminoid
ACRE3,Acroptilon repens,ACRE3,NonWoody,Forb,Perennial,EXOTIC,INVASIVE,Forb
ACRO7,Achnatherum robustum,ACRO7,NonWoody,Graminoid,Perennial,NATIVE,,Graminoid
ACRU2,Actaea rubra,ACRU2,NonWoody,Forb,Perennial,NATIVE,,Forb
ACSC11,Achnatherum scribneri,ACSC11,NonWoody,Graminoid,Perennial,NATIVE,,Graminoid
ACSH,Acamptopappus shockleyi,ACSH,Woody,Shrub,Perennial,NATIVE,,Shrub
ACSP,Acamptopappus sphaerocephalus,ACSP,Woody,Shrub,Perennial,NATIVE,,Shrub
ACSP12,Achnatherum speciosum,ACSP12,NonWoody,Graminoid,Perennial,NATIVE,,Graminoid
ACTH7,Achnatherum thurberianum,ACTH7,NonWoody,Graminoid,Perennial,NATIVE,,Graminoid
ACWE3,Achnatherum webberi,ACWE3,NonWoody,Graminoid,Perennial,NATIVE,,Graminoid
ADPO,Adenophyllum porophylloides,ADPO,NonWoody,Forb,Perennial,NATIVE,,Forb
ADWR,Adenophyllum wrightii,ADWR,NonWoody,Forb,Annual,NATIVE,,Forb
AFAF,Afzelia africana,AFAF,NonWoody,Forb,Annual,NATIVE,,Forb
AGAST,Agastache,AGAST,NonWoody,Forb,Perennial,NATIVE,,Forb
AGAU2,Agoseris aurantiaca,AGAU2,NonWoody,Forb,Perennial,NATIVE,,Forb
AGAVE,Agave,AGAVE,Woody,Succulent,Perennial,NATIVE,,Shrub
AGCR,Agropyron cristatum,AGCR,NonWoody,Graminoid,Perennial,EXOTIC,,Graminoid
AGCRC,Agropyron cristatum subsp. cristatum,AGCRC,NonWoody,Graminoid,Perennial,EXOTIC,,Graminoid
AGDE2,Agropyron desertorum,AGDE2,NonWoody,Graminoid,Perennial,EXOTIC,,Graminoid
AGEX,Agrostis exarata,AGEX,NonWoody,Graminoid,Perennial,NATIVE,,Graminoid
AGFR,Agropyron fragile,AGFR,NonWoody,Graminoid,Perennial,EXOTIC,,Graminoid
AGSI,Agropyron sibiricum,AGFR,NonWoody,Graminoid,Perennial,EXOTIC,,Graminoid
AGGI2,Agrostis gigantea,AGGI2,NonWoody,Graminoid,Perennial,EXOTIC,INVASIVE,Graminoid
AGGL,Agoseris glauca,AGGL,NonWoody,Forb,Perennial,NATIVE,,Forb
AGGL2,Agave glomeruliflora,AGGL2,Woody,Succulent,Perennial,NATIVE,,Shrub
AGAGA,Agoseris glauca var. agrestis,AGGLA,NonWoody,Forb,Perennial,NATIVE,,Forb
AGAGAG,Agoseris glauca var. agrestis,AGGLA,NonWoody,Forb,Perennial,NATIVE,,Forb
AGGLA,Agoseris glauca var. agrestis,AGGLA,NonWoody,Forb,Perennial,NATIVE,,Forb
AGGLG,Agoseris glauca var. glauca,AGGLG,NonWoody,Forb,Perennial,NATIVE,,Forb
AGGLL,Agoseris glauca var. laciniata,AGGLL,NonWoody,Forb,Perennial,NATIVE,,Forb
AGPA14,Agoseris parviflora,AGGLL,NonWoody,Forb,Perennial,NATIVE,,Forb
AGGLM,Agoseris glauca var. monticola,AGGLM,NonWoody,Forb,Perennial,NATIVE,,Forb
AGGR,Agoseris grandiflora,AGGR,NonWoody,Forb,Perennial,NATIVE,,Forb
AGHE2,Agoseris heterophylla,AGHE2,NonWoody,Forb,Annual,NATIVE,,Forb
AGHE3,Agrostis hendersonii,AGHE3,NonWoody,Graminoid,Annual,NATIVE,,Graminoid
AGHU,Agrostis humilis,AGHU,NonWoody,Graminoid,Perennial,NATIVE,,Graminoid
AGID,Agrostis idahoensis,AGID,NonWoody,Graminoid,Perennial,NATIVE,,Graminoid
AGLE,Agave lechuguilla,AGLE,Woody,Succulent,Perennial,NATIVE,,Shrub
AGME3,Agrostis mertensii,AGME3,NonWoody,Graminoid,Perennial,NATIVE,,Graminoid
AGOC2,Ageratina occidentalis,AGOC2,NonWoody,Forb,Perennial,NATIVE,,Forb
AGOSE,Agoseris,AGOSE,NonWoody,Forb,Perennial,NATIVE,,Forb
AGPA2,Agastache parvifolia,AGPA2,NonWoody,Forb,Perennial,NATIVE,,Forb
AGPA4,Agave parryi,AGPA4,Woody,Succulent,Perennial,NATIVE,,Shrub
AGPA8,Agrostis pallens,AGPA8,NonWoody,Graminoid,Perennial,NATIVE,,Graminoid
AGPAP5,Agave parryi subsp. parryi,AGPAP5,Woody,Succulent,Perennial,NATIVE,,Shrub
AGRE,Agoseris retrorsa,AGRE,NonWoody,Forb,Perennial,NATIVE,,Forb
AGROP2,Agropyron,AGROP2,NonWoody,Graminoid,Perennial,EXOTIC,INVASIVE,Graminoid
AGROS2,Agrostis,AGROS2,NonWoody,Graminoid,Perennial,NATIVE,,Graminoid
AGSC5,Agrostis scabra,AGSC5,NonWoody,Graminoid,Perennial,NATIVE,,Graminoid
AGST2,Agrostis stolonifera,AGST2,NonWoody,Graminoid,Perennial,EXOTIC,INVASIVE,Graminoid
AGTO,Agave toumeyana,AGTO,Woody,Succulent,Perennial,NATIVE,,Shrub
AGUR,Agastache urticifolia,AGUR,NonWoody,Forb,Perennial,NATIVE,,Forb
ALAC,Albizia acle,ALAC,Woody,Tree,Perennial,ABSENT,,Shrub
ALAC4,Allium acuminatum,ALAC4,NonWoody,Forb,Perennial,NATIVE,,Forb
ALAE,Alopecurus aequalis,ALAE,NonWoody,Graminoid,Perennial,NATIVE,,Graminoid
ALAL3,Alyssum alyssoides,ALAL3,NonWoody,Forb,Annual,EXOTIC,INVASIVE,Forb
ALAN,Allium anceps,ALAN,NonWoody,Forb,Perennial,NATIVE,,Forb
ALAT,Allium atrorubens,ALAT,NonWoody,Forb,Perennial,NATIVE,,Forb
ALBI2,Allium bisceptrum,ALBI2,NonWoody,Forb,Perennial,NATIVE,,Forb
ALBR,Allium brandegeei,ALBR,NonWoody,Forb,Perennial,NATIVE,,Forb
ALCA2,Allium campanulatum,ALCA2,NonWoody,Forb,Perennial,NATIVE,,Forb
ALCE2,Allium cernuum,ALCE2,NonWoody,Forb,Perennial,NATIVE,,Forb
ALCH,Allionia choisyi,ALCH,NonWoody,Forb,Annual,NATIVE,,Forb
ALDE,Alyssum desertorum,ALDE,NonWoody,Forb,Annual,EXOTIC,INVASIVE,Forb
ALDED,Alyssum desertorum var. desertorum,ALDED,NonWoody,Forb,Annual,EXOTIC,INVASIVE,Forb
ALDO,Allium douglasii,ALDO,NonWoody,Forb,Perennial,NATIVE,,Forb
ALFI,Allium fibrillum,ALFI,NonWoody,Forb,Perennial,NATIVE,,Forb
ALGE,Allium geyeri,ALGE,NonWoody,Forb,Perennial,NATIVE,,Forb
ALGI,Allophyllum gilioides,ALGI,NonWoody,Forb,Annual,NATIVE,,Forb
ALHA6,Aliciella haydenii,ALHA6,NonWoody,Forb,Annual,NATIVE,,Forb
ALHU6,Aliciella hutchinsifolia,ALHU6,NonWoody,Forb,Annual,NATIVE,,Forb
ALIN,Allionia incarnata,ALIN,NonWoody,Forb,Perennial,NATIVE,,Forb
ALIN2,Alnus incana,ALIN2,Woody,Tree,Perennial,NATIVE,,Shrub
ALKU,Allium kunthii,ALKU,NonWoody,Forb,Perennial,NATIVE,,Forb
ALLE3,Allium lemmonii,ALLE3,NonWoody,Forb,Perennial,NATIVE,,Forb
ALLE7,Aliciella leptomeria,ALLE7,NonWoody,Forb,Annual,NATIVE,,Forb
ALLIU,Allium,ALLIU,NonWoody,Forb,Perennial,NATIVE,,Forb
ALMA4,Allium macropetalum,ALMA4,NonWoody,Forb,Perennial,NATIVE,,Forb
ALNE,Allium nevadense,ALNE,NonWoody,Forb,Perennial,NATIVE,,Forb
ALNUS,Alnus,ALNUS,Woody,Shrub,Perennial,NATIVE,,Shrub
ALOC2,Allenrolfea occidentalis,ALOC2,Woody,Shrub,Perennial,NATIVE,,Shrub
ALPA3,Allium parvum,ALPA3,NonWoody,Forb,Perennial,NATIVE,,Forb
ALPE11,Aliciella penstemonoides,ALPE11,NonWoody,Forb,Perennial,NATIVE,,Forb
SIAL11,Sisymbrium alliaria,ALPE4,NonWoody,Forb,Annual,EXOTIC,INVASIVE,Forb
ALPI2,Aliciella pinnatifida,ALPI2,NonWoody,Forb,Annual,NATIVE,,Forb
ALPL2,Allium platycaule,ALPL2,NonWoody,Forb,Perennial,NATIVE,,Forb
ALPR3,Alopecurus pratensis,ALPR3,NonWoody,Graminoid,Perennial,EXOTIC,INVASIVE,Graminoid
ALSI8,Alyssum simplex,ALSI8,NonWoody,Forb,Annual,EXOTIC,INVASIVE,Forb
ALSU10,Aliciella subacaulis,ALSU10,NonWoody,Forb,Annual,NATIVE,,Forb
ALTE,Allium textile,ALTE,NonWoody,Forb,Perennial,NATIVE,,Forb
ALTO,Allium tolmiei,ALTO,NonWoody,Forb,Perennial,NATIVE,,Forb
ALTOT,Allium tolmiei var. tolmiei,ALTOT,NonWoody,Forb,Perennial,NATIVE,,Forb
ALTR14,Aliciella triodon,ALTR14,NonWoody,Forb,Annual,NATIVE,,Forb
ALWR,Aloysia wrightii,ALWR,Woody,Shrub,Perennial,NATIVE,,Shrub
ALYSS,Alyssum,ALYSS,NonWoody,Forb,Annual,EXOTIC,INVASIVE,Forb
AMAC,Amaranthus acanthochiton,AMAC,NonWoody,Forb,Annual,NATIVE,,Forb
AMAC2,Ambrosia acanthicarpa,AMAC2,NonWoody,Forb,Annual,NATIVE,,Forb
AMAL,Amaranthus albus,AMAL,NonWoody,Forb,Annual,EXOTIC,INVASIVE,Forb
AMAL2,Amelanchier alnifolia,AMAL2,Woody,Shrub,Perennial,NATIVE,,Shrub
AMALA,Amelanchier alnifolia var. alnifolia,AMALA,Woody,Shrub,Perennial,NATIVE,,Shrub
AMAR2,Ambrosia artemisiifolia,AMAR2,NonWoody,Forb,Annual,NATIVE,,Forb
AMARA,Amaranthus,AMARA,NonWoody,Forb,Annual,NATIVE,,Forb
AMBL,Amaranthus blitoides,AMBL,NonWoody,Forb,Annual,EXOTIC,INVASIVE,Forb
AMBRO,Ambrosia,AMBRO,Woody,Shrub,Perennial,NATIVE,,Shrub
ACLCHE,Acleisanthes chenopodioides,AMCH3,NonWoody,Forb,Perennial,NATIVE,,Forb
AMCO3,Ambrosia confertiflora,AMCO3,NonWoody,Forb,Perennial,NATIVE,,Forb
AMDU2,Ambrosia dumosa,AMDU2,Woody,Shrub,Perennial,NATIVE,,Shrub
AMELA,Amelanchier,AMELA,Woody,Shrub,Perennial,NATIVE,,Shrub
AMER,Ambrosia eriocentra,AMER,Woody,Shrub,Perennial,NATIVE,,Shrub
AMFI,Amaranthus fimbriatus,AMFI,NonWoody,Forb,Annual,NATIVE,,Forb
AMHY,Amaranthus hybridus,AMHY,NonWoody,Forb,Annual,NATIVE,,Forb
AMLY,Amsinckia lycopsoides,AMLY,NonWoody,Forb,Annual,NATIVE,,Forb
AMME,Amsinckia menziesii,AMME,NonWoody,Forb,Annual,NATIVE,,Forb
AMMEI2,Amsinckia menziesii var. intermedia,AMMEI2,NonWoody,Forb,Annual,NATIVE,,Forb
AMPA,Amaranthus palmeri,AMPA,NonWoody,Forb,Annual,NATIVE,,Forb
AMPO2,Amaranthus powellii,AMPO2,NonWoody,Forb,Annual,NATIVE,,Forb
AMPS,Ambrosia psilostachya,AMPS,NonWoody,Forb,Perennial,NATIVE,,Forb
AMRE,Amaranthus retroflexus,AMRE,NonWoody,Forb,Annual,EXOTIC,INVASIVE,Forb
AMSIN,Amsinckia,AMSIN,NonWoody,Forb,Annual,NATIVE,,Forb
AMTE3,Amsinckia tessellata,AMTE3,NonWoody,Forb,Annual,NATIVE,,Forb
AMTO2,Amsonia tomentosa,AMTO2,NonWoody,Forb,Perennial,NATIVE,,Forb
AMTO6,Amaranthus torreyi,AMTO6,NonWoody,Forb,Annual,NATIVE,,Forb
AMALU,Amelanchier alnifolia var. utahensis,AMUT,Woody,Shrub,Perennial,NATIVE,,Shrub
AMUT,Amelanchier utahensis,AMUT,Woody,Shrub,Perennial,NATIVE,,Shrub
AMUTU,Amelanchier utahensis var. utahensis,AMUTU,Woody,Shrub,Perennial,NATIVE,,Shrub
ANAC,Anisocoma acaulis,ANAC,NonWoody,Forb,Annual,NATIVE,,Forb
ANAN2,Antennaria anaphaloides,ANAN2,NonWoody,Forb,Perennial,NATIVE,,Forb
ANAR10,Antennaria aromatica,ANAR10,NonWoody,Forb,Perennial,NATIVE,,Forb
ANAR5,Antennaria argentea,ANAR5,NonWoody,Forb,Perennial,NATIVE,,Forb
ANBR4,Androstephium breviflorum,ANBR4,NonWoody,Forb,Perennial,NATIVE,,Forb
ANCO,Antennaria corymbosa,ANCO,NonWoody,Forb,Perennial,NATIVE,,Forb
ANCY,Anemone cylindrica,ANCY,NonWoody,Forb,Perennial,NATIVE,,Forb
ANDI2,Antennaria dimorpha,ANDI2,NonWoody,Forb,Perennial,NATIVE,,Forb
ANEU,Anelsonia eurycarpa,ANEU,NonWoody,Forb,Perennial,NATIVE,,Forb
ANFI3,Ancistrocarphus filagineus,ANFI3,NonWoody,Forb,Annual,NATIVE,,Forb
ANFL2,Antennaria flagellaris,ANFL2,NonWoody,Forb,Perennial,NATIVE,,Forb
ANGE,Andropogon gerardii,ANGE,NonWoody,Graminoid,Perennial,NATIVE,,Graminoid
ANGE3,Antennaria geyeri,ANGE3,NonWoody,Forb,Perennial,NATIVE,,Forb
ANGR3,Angelica grayi,ANGR3,NonWoody,Forb,Perennial,NATIVE,,Forb
ANDGERH,Andropogon gerardi subsp. hallii,ANHA,NonWoody,Graminoid,Perennial,NATIVE,,Graminoid
ANHA,Andropogon hallii,ANHA,NonWoody,Graminoid,Perennial,NATIVE,,Graminoid
ANLA3,Antennaria lanata,ANLA3,NonWoody,Forb,Perennial,NATIVE,,Forb
ANLU2,Antennaria luzuloides,ANLU2,NonWoody,Forb,Perennial,NATIVE,,Forb
ANLUL,Antennaria luzuloides subsp. luzuloides,ANLUL,NonWoody,Forb,Perennial,NATIVE,,Forb
ANMA,Anaphalis margaritacea,ANMA,NonWoody,Forb,Perennial,NATIVE,,Forb
ANMA5,Antennaria marginata,ANMA5,NonWoody,Forb,Perennial,NATIVE,,Forb
ANME2,Antennaria media,ANME2,NonWoody,Forb,Perennial,NATIVE,,Forb
ANMI3,Antennaria microphylla,ANMI3,NonWoody,Forb,Perennial,NATIVE,,Forb
ANPA4,Antennaria parvifolia,ANMI3,NonWoody,Forb,Perennial,NATIVE,,Forb
ANMI4,Anagallis minima,ANMI4,NonWoody,Forb,Annual,NATIVE,,Forb
ANNE,Antennaria neglecta,ANNE,NonWoody,Forb,Perennial,NATIVE,,Forb
ANOC2,Androsace occidentalis,ANOC2,NonWoody,Forb,Annual,NATIVE,,Forb
ANPA,Anemone parviflora,ANPA,NonWoody,Forb,Perennial,NATIVE,,Forb
ANPE4,Anoda pentaschista,ANPE4,NonWoody,Forb,Annual,NATIVE,,Forb
ANRA,Antennaria racemosa,ANRA,NonWoody,Forb,Perennial,NATIVE,,Forb
ANRO,Angelica roseana,ANRO,NonWoody,Forb,Perennial,NATIVE,,Forb
ANRO2,Antennaria rosea,ANRO2,NonWoody,Forb,Perennial,NATIVE,,Forb
ANRO3,Antennaria rosulata,ANRO3,NonWoody,Forb,Perennial,NATIVE,,Forb
ANSE4,Androsace septentrionalis,ANSE4,NonWoody,Forb,Annual,NATIVE,,Forb
ANST2,Antennaria stenophylla,ANST2,NonWoody,Forb,Perennial,NATIVE,,Forb
ANTEN,Antennaria,ANTEN,NonWoody,Forb,Perennial,NATIVE,,Forb
ANUM,Antennaria umbrinella,ANUM,NonWoody,Forb,Perennial,NATIVE,,Forb
ANWA,Antheropeas wallacei,ANWA,NonWoody,Forb,Annual,NATIVE,,Forb
APAM2,Apocynum ambigens,APAN2,NonWoody,Forb,Perennial,NATIVE,,Forb
APAN2,Apocynum androsaemifolium,APAN2,NonWoody,Forb,Perennial,NATIVE,,Forb
APCA,Apocynum cannabinum,APCA,NonWoody,Forb,Perennial,NATIVE,,Forb
APFL,Apocynum floribundum,APFL,NonWoody,Forb,Perennial,NATIVE,,Forb
APIN,Apera interrupta,APIN,NonWoody,Graminoid,Annual,EXOTIC,,Graminoid
APOCY,Apocynum,APOCY,NonWoody,Forb,Perennial,NATIVE,,Forb
APRA,Aphanostephus ramosissimus,APRA,NonWoody,Forb,Annual,NATIVE,,Forb
AQCO,Aquilegia coerulea,AQCO,NonWoody,Forb,Perennial,NATIVE,,Forb
AQEL,Aquilegia elegantula,AQEL,NonWoody,Forb,Perennial,NATIVE,,Forb
AQFO,Aquilegia formosa,AQFO,NonWoody,Forb,Perennial,NATIVE,,Forb
ARABI,Arabidopsis,ARABI,NonWoody,Forb,Annual,NATIVE,,Forb
ARABI2,Arabis,ARABI2,NonWoody,Forb,Annual,NATIVE,,Forb
ARAC2,Arenaria aculeata,ARAC2,NonWoody,Forb,Perennial,NATIVE,,Forb
ARAD,Aristida adscensionis,ARAD,NonWoody,Graminoid,Annual,NATIVE,,Graminoid
ARAN5,Arnica angustifolia,ARAN5,NonWoody,Forb,Perennial,NATIVE,,Forb
POAN5,Potentilla anserina,ARAN7,NonWoody,Forb,Perennial,NATIVE,,Forb
ARANT,Arnica angustifolia subsp. tomentosa,ARANT,NonWoody,Forb,Perennial,NATIVE,,Forb
ARAR6,Aristida arizonica,ARAR6,NonWoody,Graminoid,Perennial,NATIVE,,Graminoid
ARAR8,Artemisia arbuscula,ARAR8,Woody,Shrub,Perennial,NATIVE,,Shrub
ARARA,Artemisia arbuscula subsp. arbuscula,ARARA,Woody,Shrub,Perennial,NATIVE,,Shrub
ARARL,Artemisia arbuscula subsp. longiloba,ARARL,Woody,Shrub,Perennial,NATIVE,,Shrub
ARARL3,Artemisia arbuscula subsp. longicaulis,ARARL3,Woody,Shrub,Perennial,NATIVE,,Shrub
ARART,Artemisia arbuscula subsp. thermopola,ARART,Woody,Shrub,Perennial,NATIVE,,Shrub
ARBI2,Artemisia biennis,ARBI2,NonWoody,Forb,Annual,EXOTIC,INVASIVE,Forb
ARBI3,Artemisia bigelovii,ARBI3,Woody,Shrub,Perennial,NATIVE,,Shrub
ARBR,Arabis breweri,ARBR,NonWoody,Forb,Perennial,NATIVE,,Forb
ARCA,Arabis canadensis,ARCA,NonWoody,Forb,Annual,NATIVE,,Forb
ARCA12,Artemisia campestris,ARCA12,NonWoody,Forb,Perennial,NATIVE,,Forb
ARCA13,Artemisia cana,ARCA13,Woody,Shrub,Perennial,NATIVE,,Shrub
ARCA14,Artemisia carruthii,ARCA14,NonWoody,Forb,Perennial,NATIVE,,Forb
ARCA2,Aralia californica,ARCA2,NonWoody,Forb,Perennial,NATIVE,,Forb
ARCA7,Arenaria capillaris,ARCA7,NonWoody,Forb,Perennial,NATIVE,,Forb
ARCAB3,Artemisia cana subsp. bolanderi,ARCAB3,Woody,Shrub,Perennial,NATIVE,,Shrub
ARCAC5,Artemisia cana subsp. cana,ARCAC5,Woody,Shrub,Perennial,NATIVE,,Shrub
ARAR10,Artemisia argilosa,ARCAV2,Woody,Shrub,Perennial,NATIVE,,Shrub
ARCAV2,Artemisia cana subsp. viscidula,ARCAV2,Woody,Shrub,Perennial,NATIVE,,Shrub
ARCH3,Arnica chamissonis,ARCH3,NonWoody,Forb,Perennial,NATIVE,,Forb
ARCO,Arabis cobrensis,ARCO,NonWoody,Forb,Perennial,NATIVE,,Forb
ARCO23,Arctostaphylos coloradensis,ARCO23,Woody,Shrub,Perennial,NATIVE,,Shrub
ARCO5,Arenaria congesta,ARCO5,NonWoody,Forb,Perennial,NATIVE,,Forb
ERCO24,Eremogone congesta,ARCO5,NonWoody,Forb,Perennial,NATIVE,,Forb
ARCO9,Arnica cordifolia,ARCO9,NonWoody,Forb,Perennial,NATIVE,,Forb
ARCOC,Arenaria congesta var. cephaloidea,ARCOC,NonWoody,Forb,Perennial,NATIVE,,Forb
ARCOC4,Arenaria congesta var. congesta,ARCOC4,NonWoody,Forb,Perennial,NATIVE,,Forb
ERCOC13,Eremogone congesta var. congesta,ARCOC4,NonWoody,Forb,Perennial,NATIVE,,Forb
ARCOS,Arenaria congesta var. simulans,ARCOS,NonWoody,Forb,Perennial,NATIVE,,Forb
ARCR5,Arabis crandallii,ARCR5,NonWoody,Forb,Perennial,NATIVE,,Forb
BOCR3,Boechera crandallii,ARCR5,NonWoody,Forb,Perennial,NATIVE,,Forb
ARCU,Arabis cusickii,ARCU,NonWoody,Forb,Perennial,NATIVE,,Forb
ARDE,Arabis demissa,ARDE,NonWoody,Forb,Perennial,NATIVE,,Forb
ARDI2,Arabis divaricarpa,ARDI2,NonWoody,Forb,Perennial,NATIVE,,Forb
BOGR6,Boechera grahamii,ARDI2,NonWoody,Forb,Perennial,NATIVE,,Forb
ARDI3,Arceuthobium divaricatum,ARDI3,NonWoody,Forb,Perennial,NATIVE,,Forb
ARDI5,Aristida divaricata,ARDI5,NonWoody,Graminoid,Perennial,NATIVE,,Graminoid
ARDO3,Artemisia douglasiana,ARDO3,NonWoody,Forb,Perennial,NATIVE,,Forb
ARDR,Arabis drummondii,ARDR,NonWoody,Forb,Perennial,NATIVE,,Forb
BOST4,Boechera stricta,ARDR,NonWoody,Forb,Perennial,NATIVE,,Forb
ARDR4,Artemisia dracunculus,ARDR4,NonWoody,Forb,Perennial,NATIVE,,Forb
AREA,Arenaria eastwoodiae,AREA,NonWoody,Forb,Perennial,NATIVE,,Forb
EREA3,Eremogone eastwoodiae,AREA,NonWoody,Forb,Perennial,NATIVE,,Forb
AREAE,Arenaria eastwoodiae var. eastwoodiae,AREAE,NonWoody,Forb,Perennial,NATIVE,,Forb
AREL3,Arrhenatherum elatius,AREL3,NonWoody,Graminoid,Perennial,EXOTIC,INVASIVE,Graminoid
ARENA,Arenaria,ARENA,NonWoody,Forb,Perennial,NATIVE,,Forb
ARES5,Arabis eschscholtziana,ARES5,NonWoody,Forb,Annual,NATIVE,,Forb
ARFE,Arabis fendleri,ARFE,NonWoody,Forb,Perennial,NATIVE,,Forb
BOFE,Boechera fendleri,ARFE,NonWoody,Forb,Perennial,NATIVE,,Forb
ARFE3,Arenaria fendleri,ARFE3,NonWoody,Forb,Perennial,NATIVE,,Forb
ERFE3,Eremogone fendleri,ARFE3,NonWoody,Forb,Perennial,NATIVE,,Forb
ARFEF3,Arenaria fendleri var. fendleri,ARFEF3,NonWoody,Forb,Perennial,NATIVE,,Forb
ARFES,Arabis fendleri var. spatifolia,ARFES,NonWoody,Forb,Perennial,NATIVE,,Forb
ARFI2,Artemisia filifolia,ARFI2,Woody,Shrub,Perennial,NATIVE,,Shrub
ARFR,Arenaria franklinii,ARFR,NonWoody,Forb,Perennial,NATIVE,,Forb
ARFR3,Artemisia franserioides,ARFR3,NonWoody,Forb,Perennial,NATIVE,,Forb
ARFR4,Artemisia frigida,ARFR4,Woody,SubShrub,Perennial,NATIVE,,Shrub
ARFR5,Arabis fructicosa,ARFR5,NonWoody,Forb,Perennial,NATIVE,,Forb
ARFU3,Arnica fulgens,ARFU3,NonWoody,Forb,Perennial,NATIVE,,Forb
ARGL,Arabis glabra,ARGL,NonWoody,Forb,Annual,NATIVE,,Forb
ARGU,Arabis gunnisoniana,ARGU,NonWoody,Forb,Perennial,NATIVE,,Forb
ARHI,Arabis hirsuta,ARHI,NonWoody,Forb,Annual,NATIVE,,Forb
ARHO2,Arabis holboellii,ARHO2,NonWoody,Forb,Perennial,NATIVE,,Forb
ARHO4,Arenaria hookeri,ARHO4,NonWoody,Forb,Perennial,NATIVE,,Forb
ARHOC,Arabis holboellii var. collinsii,ARHOC,NonWoody,Forb,Perennial,NATIVE,,Forb
ARHOD,Arenaria hookeri subsp. desertorum,ARHOD,NonWoody,Forb,Perennial,NATIVE,,Forb
ARHOH3,Arenaria hookeri subsp. hookeri,ARHOH3,NonWoody,Forb,Perennial,NATIVE,,Forb
ARHOP3,Arabis holboellii var. pinetorum,ARHOP3,NonWoody,Forb,Perennial,NATIVE,,Forb
ARCO25,Arabis consanguinea,ARHOR,NonWoody,Forb,Perennial,NATIVE,,Forb
ARHOR,Arabis holboellii var. retrofracta,ARHOR,NonWoody,Forb,Perennial,NATIVE,,Forb
BORE6,Boechera retrofracta,ARHOR,NonWoody,Forb,Perennial,NATIVE,,Forb
ARIST,Aristida,ARIST,NonWoody,Graminoid,Perennial,NATIVE,,Graminoid
ARKI,Arenaria kingii,ARKI,NonWoody,Forb,Perennial,NATIVE,,Forb
ARKIK,Arenaria kingii subsp. kingii,ARKIK,NonWoody,Forb,Perennial,NATIVE,,Forb
ARKIU2,Arenaria kingii subsp. uintahensis,ARKIU2,NonWoody,Forb,Perennial,NATIVE,,Forb
ARLA11,Arceuthobium laricis,ARLA11,NonWoody,Forb,Perennial,NATIVE,,Forb
ARLA8,Arnica latifolia,ARLA8,NonWoody,Forb,Perennial,NATIVE,,Forb
ARLE,Arabis lemmonii,ARLE,NonWoody,Forb,Perennial,NATIVE,,Forb
ARLI,Arabis lignifera,ARLI,NonWoody,Forb,Perennial,NATIVE,,Forb
BOLI6,Boechera lignifera,ARLI,NonWoody,Forb,Perennial,NATIVE,,Forb
ARLO16,Aristida longespica,ARLO16,NonWoody,Graminoid,Annual,NATIVE,,Graminoid
ARLO5,Arnica lonchophylla,ARLO5,NonWoody,Forb,Perennial,NATIVE,,Forb
ARLO6,Arnica longifolia,ARLO6,NonWoody,Forb,Perennial,NATIVE,,Forb
ARLO7,Artemisia longifolia,ARLO7,NonWoody,Forb,Perennial,NATIVE,,Forb
ARLU,Artemisia ludoviciana,ARLU,NonWoody,Forb,Perennial,NATIVE,,Forb
ARLUA2,Artemisia ludoviciana var. albula,ARLUA,NonWoody,Forb,Perennial,NATIVE,,Forb
ARLUL2,Artemisia ludoviciana subsp. ludoviciana,ARLUL2,NonWoody,Forb,Perennial,NATIVE,,Forb
ARMAM4,Arenaria macradenia var. macradenia,ARMAM,NonWoody,Forb,Perennial,NATIVE,,Forb
ARMI4,Artemisia michauxiana,ARMI4,NonWoody,Forb,Perennial,NATIVE,,Forb
ARMO4,Arnica mollis,ARMO4,NonWoody,Forb,Perennial,NATIVE,,Forb
ARMU,Argemone munita,ARMU,NonWoody,Forb,Annual,NATIVE,,Forb
ARNIC,Arnica,ARNIC,NonWoody,Forb,Perennial,NATIVE,,Forb
ARNO4,Artemisia nova,ARNO4,Woody,Shrub,Perennial,NATIVE,,Shrub
BOOX,Boechera oxylobula,AROX,NonWoody,Forb,Perennial,NATIVE,,Forb
ARPA13,Arnica parryi,ARPA13,NonWoody,Forb,Perennial,NATIVE,,Forb
ARPA35,Arabis pallidifolia,ARPA35,NonWoody,Forb,Perennial,NATIVE,,Forb
BOPA14,Boechera pallidifolia,ARPA35,NonWoody,Forb,Perennial,NATIVE,,Forb
ARPA6,Arctostaphylos patula,ARPA6,Woody,Shrub,Perennial,NATIVE,,Shrub
ARPA9,Aristida pansa,ARPA9,NonWoody,Graminoid,Perennial,NATIVE,,Graminoid
ARPE,Arabis pendulina,ARPE,NonWoody,Forb,Perennial,NATIVE,,Forb
BOPE5,Boechera pendulina,ARPE,NonWoody,Forb,Perennial,NATIVE,,Forb
ARGR7,Arabis gracilenta,ARPE2,NonWoody,Forb,Perennial,NATIVE,,Forb
ARPE2,Arabis perennans,ARPE2,NonWoody,Forb,Perennial,NATIVE,,Forb
ARPE6,Artemisia pedatifida,ARPE6,NonWoody,Forb,Perennial,NATIVE,,Forb
ARPU,Arabis puberula,ARPU,NonWoody,Forb,Perennial,NATIVE,,Forb
ARPU2,Arabis pulchra,ARPU2,NonWoody,Forb,Perennial,NATIVE,,Forb
BOPU3,Boechera pulchra,ARPU2,NonWoody,Forb,Perennial,NATIVE,,Forb
ARPU5,Arctostaphylos pungens,ARPU5,Woody,Shrub,Perennial,NATIVE,,Shrub
ARPU8,Aristida purpurascens,ARPU8,NonWoody,Graminoid,Perennial,NATIVE,,Graminoid
ARPU9,Aristida purpurea,ARPU9,NonWoody,Graminoid,Perennial,NATIVE,,Graminoid
ARLO3,Aristida longiseta,ARPUL,NonWoody,Graminoid,Perennial,NATIVE,,Graminoid
ARPUP,Arabis pulchra var. pallens,ARPUP,NonWoody,Forb,Perennial,NATIVE,,Forb
ARPUP9,Aristida purpurea var. perplexa,ARPUP9,NonWoody,Graminoid,Perennial,NATIVE,,Graminoid
ARPY2,Artemisia pygmaea,ARPY2,Woody,Shrub,Perennial,NATIVE,,Shrub
ARRI2,Artemisia rigida,ARRI2,Woody,Shrub,Perennial,NATIVE,,Shrub
ARRU4,Armoracia rusticana,ARRU4,NonWoody,Forb,Perennial,EXOTIC,INVASIVE,Forb
ARSC,Artemisia scopulorum,ARSC,NonWoody,Forb,Perennial,NATIVE,,Forb
ARSCO,Aristida schiedeana var. orcuttiana,ARSCO,NonWoody,Graminoid,Perennial,NATIVE,,Graminoid
ARSE,Arabis selbyi,ARSE,NonWoody,Forb,Perennial,NATIVE,,Forb
ARSE2,Arenaria serpyllifolia,ARSE2,NonWoody,Forb,Annual,EXOTIC,INVASIVE,Forb
ARSO2,Arnica sororia,ARSO2,NonWoody,Forb,Perennial,NATIVE,,Forb
ARSP,Arabis sparsiflora,ARSP,NonWoody,Forb,Perennial,NATIVE,,Forb
ARSPS2,Arabis sparsiflora var. sparsiflora,ARSPS2,NonWoody,Forb,Perennial,NATIVE,,Forb
ARTE3,Aristida ternipes,ARTE3,NonWoody,Graminoid,Perennial,NATIVE,,Graminoid
ARTEM,Artemisia,ARTEM,Woody,Shrub,Perennial,NATIVE,,Shrub
ARTET,Aristida ternipes var. ternipes,ARTET,NonWoody,Graminoid,Perennial,NATIVE,,Graminoid
ARTR2,Artemisia tridentata,ARTR2,Woody,Shrub,Perennial,NATIVE,,Shrub
ARTR4,Artemisia tripartita,ARTR4,Woody,Shrub,Perennial,NATIVE,,Shrub
ARTRB3,Artemisia tridentata subsp. bonnevillensis,ARTRB3,Woody,Shrub,Perennial,NATIVE,,Shrub
ARTRR2,Artemisia tripartita subsp. rupicola,ARTRR2,Woody,Shrub,Perennial,NATIVE,,Shrub
ARSP8,Artemisia spiciformis,ARTRS2,Woody,Shrub,Perennial,NATIVE,,Shrub
ARTRS2,Artemisia tridentata subsp. spiciformis,ARTRS2,Woody,Shrub,Perennial,NATIVE,,Shrub
ARTRT,Artemisia tridentata subsp. tridentata,ARTRT,Woody,Shrub,Perennial,NATIVE,,Shrub
ARTRT2,Artemisia tripartita subsp. tripartita,ARTRT2,Woody,Shrub,Perennial,NATIVE,,Shrub
ARTRV,Artemisia tridentata subsp. vaseyana,ARTRV,Woody,Shrub,Perennial,NATIVE,,Shrub
ARTRV2,Artemisia tridentata var. vaseyana,ARTRV,Woody,Shrub,Perennial,NATIVE,,Shrub
ARTRW,Artemisia tridentata var. wyomingensis,ARTRW8,Woody,Shrub,Perennial,NATIVE,,Shrub
ARTRW8,Artemisia tridentata subsp. wyomingensis,ARTRW8,Woody,Shrub,Perennial,NATIVE,,Shrub
ARTRX,Artemisia tridentata subsp. xericensis,ARTRX,Woody,Shrub,Perennial,NATIVE,,Shrub
ARUV,Arctostaphylos uva-ursi,ARUV,Woody,Shrub,Perennial,NATIVE,,Shrub
ASAG2,Astragalus agrestis,ASAG2,NonWoody,Forb,Perennial,NATIVE,,Forb
ASAL6,Astragalus allochrous,ASAL6,NonWoody,Forb,Annual,NATIVE,,Forb
ASAL7,Astragalus alpinus,ASAL7,NonWoody,Forb,Perennial,NATIVE,,Forb
ASAM3,Astragalus americanus,ASAM3,NonWoody,Forb,Perennial,NATIVE,,Forb
ASAM5,Astragalus amphioxys,ASAM5,NonWoody,Forb,Perennial,NATIVE,,Forb
ASAN2,Astragalus andersonii,ASAN2,NonWoody,Forb,Perennial,NATIVE,,Forb
ASAR3,Astragalus aretioides,ASAR3,NonWoody,Forb,Perennial,NATIVE,,Forb
ASAS,Asclepias asperula,ASAS,NonWoody,Forb,Perennial,NATIVE,,Forb
ASAS2,Astragalus asclepiadoides,ASAS2,NonWoody,Forb,Perennial,NATIVE,,Forb
ASAT,Astragalus atratus,ASAT,NonWoody,Forb,Perennial,NATIVE,,Forb
ASATO,Astragalus atratus var. owyheensis,ASATO,NonWoody,Forb,Perennial,NATIVE,,Forb
ASAU,Astragalus austiniae,ASAU,NonWoody,Forb,Perennial,NATIVE,,Forb
ASAU4,Astragalus australis,ASAU4,NonWoody,Forb,Perennial,NATIVE,,Forb
ASBE3,Astragalus beckwithii,ASBE3,NonWoody,Forb,Perennial,NATIVE,,Forb
ASBI,Astragalus bicristatus,ASBI,NonWoody,Forb,Perennial,NATIVE,,Forb
ASBI2,Astragalus bisulcatus,ASBI2,NonWoody,Forb,Perennial,NATIVE,,Forb
ASBO,Astragalus bodinii,ASBO,NonWoody,Forb,Perennial,NATIVE,,Forb
ASBO3,Astragalus bourgovii,ASBO3,NonWoody,Forb,Perennial,NATIVE,,Forb
ASCA11,Astragalus canadensis,ASCA11,NonWoody,Forb,Perennial,NATIVE,,Forb
ASCA12,Astragalus caricinus,ASCA12,NonWoody,Forb,Perennial,NATIVE,,Forb
ASCA14,Astragalus casei,ASCA14,NonWoody,Forb,Perennial,NATIVE,,Forb
ASCA9,Astragalus calycosus,ASCA9,NonWoody,Forb,Perennial,NATIVE,,Forb
ASCAS,Astragalus calycosus var. scaposus,ASCAS,NonWoody,Forb,Perennial,NATIVE,,Forb
ASCE,Astragalus ceramicus,ASCE,NonWoody,Forb,Perennial,NATIVE,,Forb
ASCEF,Astragalus ceramicus var. filifolius,ASCEF,NonWoody,Forb,Perennial,NATIVE,,Forb
ASCH4,Astragalus chamaeleuce,ASCH4,NonWoody,Forb,Perennial,NATIVE,,Forb
ASCI2,Astragalus cibarius,ASCI2,NonWoody,Forb,Perennial,NATIVE,,Forb
ASCI4,Astragalus cicer,ASCI4,NonWoody,Forb,Perennial,EXOTIC,INVASIVE,Forb
ASCO11,Astragalus conjunctus,ASCO11,NonWoody,Forb,Perennial,NATIVE,,Forb
ASCO12,Astragalus convallarius,ASCO12,NonWoody,Forb,Perennial,NATIVE,,Forb
ASCO8,Astragalus coltonii,ASCO8,NonWoody,Forb,Perennial,NATIVE,,Forb
ASCOC9,Astragalus convallarius var. convallarius,ASCOC9,NonWoody,Forb,Perennial,NATIVE,,Forb
ASCR2,Astragalus crassicarpus,ASCR2,NonWoody,Forb,Perennial,NATIVE,,Forb
ASCU3,Astragalus curtipes,ASCU3,NonWoody,Forb,Perennial,NATIVE,,Forb
ASCU4,Astragalus curvicarpus,ASCU4,NonWoody,Forb,Perennial,NATIVE,,Forb
ASCU5,Astragalus cusickii,ASCU5,NonWoody,Forb,Perennial,NATIVE,,Forb
ASDR3,Astragalus drummondii,ASDR3,NonWoody,Forb,Perennial,NATIVE,,Forb
ASEPL,Astragalus episcopus var. lancearius,ASEPL,NonWoody,Forb,Perennial,NATIVE,,Forb
ASER4,Astragalus eremiticus,ASER4,NonWoody,Forb,Perennial,NATIVE,,Forb
ASFA,Asclepias fascicularis,ASFA,NonWoody,Forb,Perennial,NATIVE,,Forb
ASFI,Astragalus filipes,ASFI,NonWoody,Forb,Perennial,NATIVE,,Forb
ASFL,Astragalus flavus,ASFL,NonWoody,Forb,Perennial,NATIVE,,Forb
ASFL2,Astragalus flexuosus,ASFL2,NonWoody,Forb,Perennial,NATIVE,,Forb
ASFLF,Astragalus flexuosus var. flexuosus,ASFLF,NonWoody,Forb,Perennial,NATIVE,,Forb
ASGE,Astragalus geyeri,ASGE,NonWoody,Forb,Annual,NATIVE,,Forb
ASGI,Astragalus gibbsii,ASGI,NonWoody,Forb,Perennial,NATIVE,,Forb
ASGI5,Astragalus gilviflorus,ASGI5,NonWoody,Forb,Perennial,NATIVE,,Forb
ASGR3,Astragalus gracilis,ASGR3,NonWoody,Forb,Perennial,NATIVE,,Forb
ASHU2,Astragalus humistratus,ASHU2,NonWoody,Forb,Perennial,NATIVE,,Forb
ASIN5,Astragalus inflexus,ASIN5,NonWoody,Forb,Perennial,NATIVE,,Forb
ASIO,Astragalus iodanthus,ASIO,NonWoody,Forb,Perennial,NATIVE,,Forb
ASIOD,Astragalus iodanthus var. diaphanoides,ASIOD,NonWoody,Forb,Perennial,NATIVE,,Forb
ASJE2,Astragalus jejunus,ASJE2,NonWoody,Forb,Perennial,NATIVE,,Forb
ASKE,Astragalus kentrophyta,ASKE,NonWoody,Forb,Perennial,NATIVE,,Forb
ASLA27,Astragalus laxmannii,ASLA27,NonWoody,Forb,Perennial,NATIVE,,Forb
ASLA8,Astragalus layneae,ASLA8,NonWoody,Forb,Perennial,NATIVE,,Forb
ASLAR,Astragalus laxmannii var. robustior,ASLAR,NonWoody,Forb,Perennial,NATIVE,,Forb
ASLE8,Astragalus lentiginosus,ASLE8,NonWoody,Forb,Perennial,NATIVE,,Forb
ASLEL3,Astragalus lentiginosus var. lentiginosus,ASLEL3,NonWoody,Forb,Perennial,NATIVE,,Forb
ASLI5,Astragalus linifolius,ASLI5,NonWoody,Forb,Perennial,NATIVE,,Forb
ASLO3,Astragalus lonchocarpus,ASLO3,NonWoody,Forb,Perennial,NATIVE,,Forb
ASLO4,Astragalus lotiflorus,ASLO4,NonWoody,Forb,Perennial,NATIVE,,Forb
ASMA6,Astragalus malacus,ASMA6,NonWoody,Forb,Perennial,NATIVE,,Forb
ASME2,Astragalus megacarpus,ASME2,NonWoody,Forb,Perennial,NATIVE,,Forb
ASMI10,Astragalus missouriensis,ASMI10,NonWoody,Forb,Perennial,NATIVE,,Forb
ASMI7,Astragalus minthorniae,ASMI7,NonWoody,Forb,Perennial,NATIVE,,Forb
ASMI9,Astragalus miser,ASMI9,NonWoody,Forb,Perennial,NATIVE,,Forb
ASMIO,Astragalus miser var. oblongifolius,ASMIO,NonWoody,Forb,Perennial,NATIVE,,Forb
ASMIT,Astragalus miser var. tenuifolius,ASMIT,NonWoody,Forb,Perennial,NATIVE,,Forb
ASMO7,Astragalus mollissimus,ASMO7,NonWoody,Forb,Perennial,NATIVE,,Forb
ASBI8,Astragalus bigelovii,ASMOB,NonWoody,Forb,Perennial,NATIVE,,Forb
ASCO18,Astragalus cottamii,ASMOC2,NonWoody,Forb,Perennial,NATIVE,,Forb
ASTH2,Astragalus thompsoniae,ASMOT,NonWoody,Forb,Perennial,NATIVE,,Forb
ASNE6,Astragalus newberryi,ASNE6,NonWoody,Forb,Perennial,NATIVE,,Forb
ASNU4,Astragalus nuttallianus,ASNU4,NonWoody,Forb,Annual,NATIVE,,Forb
ASNUA,Astragalus nuttallianus var. austrinus,ASNUA,NonWoody,Forb,Annual,NATIVE,,Forb
ASOB4,Astragalus obscurus,ASOB4,NonWoody,Forb,Perennial,NATIVE,,Forb
ASOO3,Astragalus oöphorus,ASOO3,NonWoody,Forb,Perennial,NATIVE,,Forb
ASPA13,Astragalus parryi,ASPA13,NonWoody,Forb,Perennial,NATIVE,,Forb
ASPA14,Astragalus pattersonii,ASPA14,NonWoody,Forb,Perennial,NATIVE,,Forb
ASPE5,Astragalus pectinatus,ASPE5,NonWoody,Forb,Perennial,NATIVE,,Forb
ASPI4,Astragalus pinonis,ASPI4,NonWoody,Forb,Perennial,NATIVE,,Forb
ASPR,Asperugo procumbens,ASPR,NonWoody,Forb,Annual,EXOTIC,INVASIVE,Forb
ASPR5,Astragalus praelongus,ASPR5,NonWoody,Forb,Perennial,NATIVE,,Forb
ASPU,Asclepias pumila,ASPU,NonWoody,Forb,Perennial,NATIVE,,Forb
ASPU7,Astragalus pulsiferae,ASPU7,NonWoody,Forb,Perennial,NATIVE,,Forb
ASPU9,Astragalus purshii,ASPU9,NonWoody,Forb,Perennial,NATIVE,,Forb
ASROM,Astragalus robbinsii var. minor,ASROM,NonWoody,Forb,Perennial,NATIVE,,Forb
ASSA4,Astragalus salmonis,ASSA4,NonWoody,Forb,Perennial,NATIVE,,Forb
ASSH3,Astragalus shortianus,ASSH3,NonWoody,Forb,Perennial,NATIVE,,Forb
ASSO3,Astragalus solitarius,ASSO3,NonWoody,Forb,Perennial,NATIVE,,Forb
ASSP,Asclepias speciosa,ASSP,NonWoody,Forb,Perennial,NATIVE,,Forb
ASSP6,Astragalus spatulatus,ASSP6,NonWoody,Forb,Perennial,NATIVE,,Forb
ASST,Asclepias stenophylla,ASST,NonWoody,Forb,Perennial,NATIVE,,Forb
ASTE10,Astragalus tetrapterus,ASTE10,NonWoody,Forb,Perennial,NATIVE,,Forb
ASTE5,Astragalus tenellus,ASTE5,NonWoody,Forb,Perennial,NATIVE,,Forb
ASTER,Aster,ASTER,NonWoody,Forb,Perennial,NATIVE,,Forb
ASTO2,Astragalus toanus,ASTO2,NonWoody,Forb,Perennial,NATIVE,,Forb
ASTRA,Astragalus,ASTRA,NonWoody,Forb,Perennial,NATIVE,,Forb
ASUT,Astragalus utahensis,ASUT,NonWoody,Forb,Perennial,NATIVE,,Forb
ASVE,Asclepias verticillata,ASVE,NonWoody,Forb,Perennial,NATIVE,,Forb
ASWE2,Astragalus wetherillii,ASWE2,NonWoody,Forb,Perennial,NATIVE,,Forb
ASWH,Astragalus whitneyi,ASWH,NonWoody,Forb,Perennial,NATIVE,,Forb
ASWI2,Astragalus wingatanus,ASWI2,NonWoody,Forb,Perennial,NATIVE,,Forb
ATAC,Atriplex acanthocarpa,ATAC,Woody,Shrub,Perennial,NATIVE,,Shrub
ATAP,Atriplex aptera,ATAP,Woody,SubShrub,Perennial,NATIVE,,Shrub
ATAR2,Atriplex argentea,ATAR2,NonWoody,Forb,Annual,NATIVE,,Forb
ATCA,Atriplex californica,ATCA,NonWoody,Forb,Perennial,NATIVE,,Forb
ATCA2,Atriplex canescens,ATCA2,Woody,Shrub,Perennial,NATIVE,,Shrub
ATCO,Atriplex confertifolia,ATCO,Woody,Shrub,Perennial,NATIVE,,Shrub
ATCO4,Atriplex corrugata,ATCO4,Woody,Shrub,Perennial,NATIVE,,Shrub
ATCU,Atriplex cuneata,ATCU,Woody,SubShrub,Perennial,NATIVE,,Shrub
ATFA,Atriplex falcata,ATFA,Woody,SubShrub,Perennial,NATIVE,,Shrub
ATGA,Atriplex gardneri,ATGA,Woody,SubShrub,Perennial,NATIVE,,Shrub
ATHO,Atriplex hortensis,ATHO,NonWoody,Forb,Annual,EXOTIC,INVASIVE,Forb
ATMI2,Atriplex micrantha,ATMI2,NonWoody,Forb,Annual,EXOTIC,,Forb
ATNU2,Atriplex nuttallii,ATNU2,Woody,Shrub,Perennial,NATIVE,,Shrub
ATOB,Atriplex obovata,ATOB,Woody,SubShrub,Perennial,NATIVE,,Shrub
ATPA4,Atriplex patula,ATPA4,NonWoody,Forb,Annual,EXOTIC,INVASIVE,Forb
ATPO,Atriplex polycarpa,ATPO,Woody,Shrub,Perennial,NATIVE,,Shrub
ATPR,Atriplex prostrata,ATPR,NonWoody,Forb,Annual,NATIVE,,Forb
ATRIP,Atriplex,ATRIP,Woody,Shrub,Perennial,NATIVE,,Shrub
ATSA,Atriplex saccaria,ATSA,NonWoody,Forb,Annual,NATIVE,,Forb
ATTR,Atriplex truncata,ATTR,NonWoody,Forb,Annual,NATIVE,,Forb
ATTR3,Atriplex tridentata,ATTR3,Woody,SubShrub,Perennial,NATIVE,,Shrub
AVFA,Avena fatua,AVFA,NonWoody,Graminoid,Annual,EXOTIC,INVASIVE,Graminoid
BAAB,Bahia absinthifolia,BAAB,NonWoody,Forb,Perennial,NATIVE,,Forb
BAAM4,Bassia americana,BAAM4,Woody,SubShrub,Perennial,NATIVE,,Shrub
KOAM,Kochia americana,BAAM4,Woody,SubShrub,Perennial,NATIVE,,Shrub
NEAM,Neokochia americana,BAAM4,Woody,SubShrub,Perennial,NATIVE,,Shrub
BACCH,Baccharis,BACCH,Woody,Shrub,Perennial,NATIVE,,Shrub
AMDI5,Amauriopsis dissecta,BADI,NonWoody,Forb,Annual,NATIVE,,Forb
BADI,Bahia dissecta,BADI,NonWoody,Forb,Annual,NATIVE,,Forb
BAHO,Balsamorhiza hookeri,BAHO,NonWoody,Forb,Perennial,NATIVE,,Forb
BAHI,Balsamorhiza hirsuta,BAHOH,NonWoody,Forb,Perennial,NATIVE,,Forb
BAHOH2,Balsamorhiza hookeri var. hispidula,BAHOH2,NonWoody,Forb,Perennial,NATIVE,,Forb
BAHY,Bassia hyssopifolia,BAHY,NonWoody,Forb,Annual,EXOTIC,INVASIVE,Forb
BAILE,Baileya,BAILE,NonWoody,Forb,Annual,NATIVE,,Forb
BAIN,Balsamorhiza incana,BAIN,NonWoody,Forb,Perennial,NATIVE,,Forb
BALSA,Balsamorhiza,BALSA,NonWoody,Forb,Perennial,NATIVE,,Forb
BAMA4,Balsamorhiza macrophylla,BAMA4,NonWoody,Forb,Perennial,NATIVE,,Forb
BAMU,Baileya multiradiata,BAMU,NonWoody,Forb,Annual,NATIVE,,Forb
AMAPED,Amauriopsis pedata,BAPE,NonWoody,Forb,Annual,NATIVE,,Forb
BAPL3,Baileya pleniradiata,BAPL3,NonWoody,Forb,Annual,NATIVE,,Forb
BAPR5,Bassia prostrata,BAPR5,Woody,SubShrub,Perennial,EXOTIC,,Shrub
KOPR80,Kochia prostrata,BAPR5,Woody,SubShrub,Perennial,EXOTIC,,Shrub
BAPT,Baccharis pteronioides,BAPT,Woody,Shrub,Perennial,NATIVE,,Shrub
BARBU2,Barbula,BARBU2,NonWoody,NonVascular,Perennial,,,NonVascular
BASA,Baccharis salicina,BASA,Woody,Shrub,Perennial,NATIVE,,Shrub
BASA2,Baccharis sarothroides,BASA2,Woody,Shrub,Perennial,NATIVE,,Shrub
BASA3,Balsamorhiza sagittata,BASA3,NonWoody,Forb,Perennial,NATIVE,,Forb
BASC5,Bassia scoparia,BASC5,NonWoody,Forb,Annual,EXOTIC,INVASIVE,Forb
KOSC,Kochia scoparia,BASC5,NonWoody,Forb,Annual,EXOTIC,INVASIVE,Forb
BASE,Baccharis sergiloides,BASE,Woody,Shrub,Perennial,NATIVE,,Shrub
BASE2,Balsamorhiza serrata,BASE2,NonWoody,Forb,Perennial,NATIVE,,Forb
BASE4,Balsamorhiza sericea,BASE4,NonWoody,Forb,Perennial,NATIVE,,Forb
BASSI,Bassia,BASSI,NonWoody,Forb,Annual,EXOTIC,,Forb
BEFE,Berberis fendleri,BEFE,Woody,Shrub,Perennial,NATIVE,,Shrub
BEIN2,Berteroa incana,BEIN2,NonWoody,Forb,Annual,EXOTIC,INVASIVE,Forb
BEJU,Bebbia juncea,BEJU,Woody,SubShrub,Perennial,NATIVE,,Shrub
BEPA,Betula papyrifera,BEPA,Woody,Tree,Perennial,NATIVE,,Shrub
BERLA,Berlandiera,BERLA,NonWoody,Forb,Perennial,NATIVE,,Forb
BEVU,Berberis vulgaris,BEVU,Woody,Shrub,Perennial,EXOTIC,INVASIVE,Shrub
BEWY,Besseya wyomingensis,BEWY,NonWoody,Forb,Perennial,NATIVE,,Forb
BIBI,Bidens bigelovii,BIBI,NonWoody,Forb,Annual,NATIVE,,Forb
BLKI,Blepharidachne kingii,BLKI,NonWoody,Graminoid,Perennial,NATIVE,,Graminoid
BLSC,Blepharipappus scaber,BLSC,NonWoody,Forb,Annual,NATIVE,,Forb
BLSE,Blechnum serrulatum,BLSE,NonWoody,Forb,Perennial,NATIVE,,Forb
BLTR,Blepharoneuron tricholepis,BLTR,NonWoody,Graminoid,Perennial,NATIVE,,Graminoid
BOAR,Bouteloua aristidoides,BOAR,NonWoody,Graminoid,Annual,NATIVE,,Graminoid
BOBA2,Bouteloua barbata,BOBA2,NonWoody,Graminoid,Annual,NATIVE,,Graminoid
BOBAB3,Bouteloua barbata var. barbata,BOBA2,NonWoody,Graminoid,Annual,NATIVE,,Graminoid
BOBA3,Bothriochloa barbinodis,BOBA3,NonWoody,Graminoid,Perennial,NATIVE,,Graminoid
BOBEA,Bobea,BOBEA,Woody,Tree,Perennial,NATIVE,,Shrub
BOBR,Bouteloua breviseta,BOBR,NonWoody,Graminoid,Perennial,NATIVE,,Graminoid
BOCH,Bouteloua chondrosioides,BOCH,NonWoody,Graminoid,Perennial,NATIVE,,Graminoid
BOCU,Bouteloua curtipendula,BOCU,NonWoody,Graminoid,Perennial,NATIVE,,Graminoid
BODA2,Bouteloua dactyloides,BODA2,NonWoody,Graminoid,Perennial,NATIVE,,Graminoid
BOER,Boerhavia erecta,BOER,NonWoody,Forb,Annual,NATIVE,,Forb
BOER4,Bouteloua eriopoda,BOER4,NonWoody,Graminoid,Perennial,NATIVE,,Graminoid
BOERH2,Boerhavia,BOERH2,NonWoody,Forb,Annual,NATIVE,,Forb
BOGR,Boerhavia gracillima,BOGR,NonWoody,Forb,Perennial,NATIVE,,Forb
BOGR2,Bouteloua gracilis,BOGR2,NonWoody,Graminoid,Perennial,NATIVE,,Graminoid
BOHI,Bommeria hispida,BOHI,NonWoody,Forb,Perennial,NATIVE,,Forb
BOHI2,Bouteloua hirsuta,BOHI2,NonWoody,Graminoid,Perennial,NATIVE,,Graminoid
BOETRII,Boerhavia triquetra var. intermedia,BOIN,NonWoody,Forb,Annual,NATIVE,,Forb
BOIN,Boerhavia intermedia,BOIN,NonWoody,Forb,Annual,NATIVE,,Forb
BOOF,Borago officinalis,BOOF,NonWoody,Forb,Annual,EXOTIC,INVASIVE,Forb
BORA,Bouteloua radicosa,BORA,NonWoody,Graminoid,Perennial,NATIVE,,Graminoid
BORAG,Borago,BORAG,,,,EXOTIC,,
BOSP,Boerhavia spicata,BOSP,NonWoody,Forb,Annual,NATIVE,,Forb
BOTO2,Boerhavia torreyana,BOSP,NonWoody,Forb,Annual,NATIVE,,Forb
BOTHR,Bothriochloa,BOTHR,NonWoody,Graminoid,Perennial,NATIVE,,Graminoid
BOWA,Bouteloua warnockii,BOWA,NonWoody,Graminoid,Perennial,NATIVE,,Graminoid
BOWR,Boerhavia wrightii,BOWR,NonWoody,Forb,Annual,NATIVE,,Forb
BRAN,Bromus anomalus,BRAN,NonWoody,Graminoid,Perennial,NATIVE,,Graminoid
BRAR3,Bromus arenarius,BRAR3,NonWoody,Graminoid,Annual,EXOTIC,,Graminoid
BRAR5,Bromus arvensis,BRAR5,NonWoody,Graminoid,Annual,EXOTIC,INVASIVE,Graminoid
BRJA,Bromus japonicus,BRAR5,NonWoody,Graminoid,Annual,EXOTIC,INVASIVE,Graminoid
BRASS2,Brassica,BRASS2,NonWoody,Forb,Annual,EXOTIC,,Forb
BRAT,Brickellia atractyloides,BRAT,Woody,Shrub,Perennial,NATIVE,,Shrub
BRBI2,Bromus biebersteinii,BRBI2,NonWoody,Graminoid,Perennial,NATIVE,,Graminoid
BRBR2,Brickellia brachyphylla,BRBR2,NonWoody,Forb,Perennial,NATIVE,,Forb
BRBR5,Bromus briziformis,BRBR5,NonWoody,Graminoid,Annual,EXOTIC,INVASIVE,Graminoid
BRCA5,Bromus carinatus,BRCA5,NonWoody,Graminoid,Perennial,NATIVE,,Graminoid
CECA11,Ceratochloa carinata,BRCA5,NonWoody,Graminoid,Perennial,NATIVE,,Graminoid
BRCI2,Bromus ciliatus,BRCI2,NonWoody,Graminoid,Perennial,NATIVE,,Graminoid
BRCIC3,Bromus ciliatus var. ciliatus,BRCIC3,NonWoody,Graminoid,Perennial,NATIVE,,Graminoid
BRRI2,Bromus richardsonii,BRCIR,NonWoody,Graminoid,Perennial,NATIVE,,Graminoid
BRDI3,Bromus diandrus,BRDI3,NonWoody,Graminoid,Annual,EXOTIC,INVASIVE,Graminoid
BREU,Brickellia eupatorioides,BREU,NonWoody,Forb,Perennial,NATIVE,,Forb
BREUC2,Brickellia eupatorioides var. chlorolepis,BREUC2,NonWoody,Forb,Perennial,NATIVE,,Forb
BRHO2,Bromus hordeaceus,BRHO2,NonWoody,Graminoid,Annual,EXOTIC,INVASIVE,Graminoid
BRHOH,Bromus hordeaceus subsp. hordeaceus,BRHOH,NonWoody,Graminoid,Annual,EXOTIC,INVASIVE,Graminoid
BRICK,Brickellia,BRICK,NonWoody,Forb,Perennial,NATIVE,,Forb
BRIN2,Bromus inermis,BRIN2,NonWoody,Graminoid,Perennial,EXOTIC,INVASIVE,Graminoid
BRPU3,Bromus pumpellianus,BRINP,NonWoody,Graminoid,Perennial,NATIVE,,Graminoid
BRJU,Brassica juncea,BRJU,NonWoody,Forb,Annual,EXOTIC,INVASIVE,Forb
BRLA,Brickellia laciniata,BRLA,Woody,Shrub,Perennial,NATIVE,,Shrub
BRLA6,Bromus lanatipes,BRLA6,NonWoody,Graminoid,Perennial,NATIVE,,Graminoid
BRMA,Briza maxima,BRMA,NonWoody,Graminoid,Annual,EXOTIC,INVASIVE,Graminoid
BRMA3,Bromus madritensis,BRMA3,NonWoody,Graminoid,Annual,EXOTIC,INVASIVE,Graminoid
BRMA4,Bromus marginatus,BRMA4,NonWoody,Graminoid,Perennial,NATIVE,,Graminoid
BRMI,Brickellia microphylla,BRMI,Woody,Shrub,Perennial,NATIVE,,Shrub
BRMIS,Brickellia microphylla var. scabra,BRMIS,Woody,Shrub,Perennial,NATIVE,,Shrub
BRNI,Brassica nigra,BRNI,NonWoody,Forb,Annual,EXOTIC,INVASIVE,Forb
BROB,Brickellia oblongifolia,BROB,NonWoody,Forb,Perennial,NATIVE,,Forb
BRODI,Brodiaea,BRODI,NonWoody,Forb,Perennial,NATIVE,,Forb
BROL,Brassica oleracea,BROL,NonWoody,Forb,Annual,EXOTIC,INVASIVE,Forb
BROMU,Bromus,BROMU,NonWoody,Graminoid,Annual,NATIVE,,Graminoid
BROR2,Bromus orcuttianus,BROR2,NonWoody,Graminoid,Perennial,NATIVE,,Graminoid
BRPO,Bromus polyanthus,BRPO,NonWoody,Graminoid,Perennial,NATIVE,,Graminoid
BRPO2,Bromus porteri,BRPO2,NonWoody,Graminoid,Perennial,NATIVE,,Graminoid
BRPO5,Bromopsis porteri,BRPO2,NonWoody,Graminoid,Perennial,NATIVE,,Graminoid
BRCO4,Bromus commutatus,BRRA2,NonWoody,Graminoid,Annual,EXOTIC,INVASIVE,Graminoid
BRRA2,Bromus racemosus,BRRA2,NonWoody,Graminoid,Annual,EXOTIC,INVASIVE,Graminoid
BRRU,Brickellia rusbyi,BRRU,NonWoody,Forb,Perennial,NATIVE,,Forb
BRRU2,Bromus rubens,BRRU2,NonWoody,Graminoid,Annual,EXOTIC,INVASIVE,Graminoid
BRSE,Bromus secalinus,BRSE,NonWoody,Graminoid,Annual,EXOTIC,INVASIVE,Graminoid
BRSI,Bromus sitchensis,BRSI,NonWoody,Graminoid,Perennial,NATIVE,,Graminoid
BRSQ2,Bromus squarrosus,BRSQ2,NonWoody,Graminoid,Annual,EXOTIC,INVASIVE,Graminoid
ANTE6,Anisantha tectorum,BRTE,NonWoody,Graminoid,Annual,EXOTIC,INVASIVE,Graminoid
BRTE,Bromus tectorum,BRTE,NonWoody,Graminoid,Annual,EXOTIC,INVASIVE,Graminoid
BRTEG,Bromus tectorum var. glabratus,BRTE,NonWoody,Graminoid,Annual,EXOTIC,INVASIVE,Graminoid
BRTE4,Brodiaea terrestris,BRTE4,NonWoody,Forb,Perennial,NATIVE,,Forb
BRTO,Brassica tournefortii,BRTO,NonWoody,Forb,Annual,EXOTIC,INVASIVE,Forb
BUAM2,Bupleurum americanum,BUAM2,NonWoody,Forb,Perennial,NATIVE,,Forb
BUAR3,Buglossoides arvensis,BUAR3,NonWoody,Forb,Annual,EXOTIC,INVASIVE,Forb
BUCA2,Bulbostylis capillaris,BUCA2,NonWoody,Graminoid,Annual,NATIVE,,Graminoid
CAAN7,Castilleja angustifolia,CAAN7,NonWoody,Forb,Perennial,NATIVE,,Forb
CAAND,Castilleja angustifolia var. dubia,CAAND,NonWoody,Forb,Perennial,NATIVE,,Forb
CACH7,Castilleja chromosa,CAAND,NonWoody,Forb,Perennial,NATIVE,,Forb
CAAP,Calochortus apiculatus,CAAP,NonWoody,Forb,Perennial,NATIVE,,Forb
CAAP4,Castilleja applegatei,CAAP4,NonWoody,Forb,Perennial,NATIVE,,Forb
CAAQ,Carex aquatilis,CAAQ,NonWoody,Graminoid,Perennial,NATIVE,,Graminoid
CAAQ3,Catabrosa aquatica,CAAQ3,NonWoody,Graminoid,Perennial,NATIVE,,Graminoid
CAAR7,Carlowrightia arizonica,CAAR7,Woody,Shrub,Perennial,NATIVE,,Shrub
CAAT3,Carex athrostachya,CAAT3,NonWoody,Graminoid,Perennial,NATIVE,,Graminoid
CABO7,Camissonia boothii,CABO7,NonWoody,Forb,Annual,NATIVE,,Forb
CABR10,Carex brevior,CABR10,NonWoody,Graminoid,Perennial,NATIVE,,Graminoid
CABR23,Camissonia brevipes,CABR23,NonWoody,Forb,Annual,NATIVE,,Forb
CABR4,Calochortus bruneaunis,CABR4,NonWoody,Forb,Perennial,NATIVE,,Forb
CABR7,Carex brainerdii,CABR7,NonWoody,Graminoid,Perennial,NATIVE,,Graminoid
CABU2,Capsella bursa-pastoris,CABU2,NonWoody,Forb,Annual,EXOTIC,INVASIVE,Forb
CACA11,Carex canescens,CACA11,NonWoody,Graminoid,Perennial,NATIVE,,Graminoid
CACA4,Calamagrostis canadensis,CACA4,NonWoody,Graminoid,Perennial,NATIVE,,Graminoid
CACH12,Camissonia chamaenerioides,CACH12,NonWoody,Forb,Annual,NATIVE,,Forb
CACH10,Cardaria chalapensis,CACH42,NonWoody,Forb,Perennial,EXOTIC,INVASIVE,Forb
CACH42,Cardaria chalepensis,CACH42,NonWoody,Forb,Perennial,EXOTIC,INVASIVE,Forb
CACL4,Camissonia claviformis,CACL4,NonWoody,Forb,Annual,NATIVE,,Forb
CACO34,Camissonia contorta,CACO34,NonWoody,Forb,Annual,NATIVE,,Forb
CACR11,Caulanthus crassicaulis,CACR11,NonWoody,Forb,Perennial,NATIVE,,Forb
CACR13,Castilleja crista-galli,CACR13,NonWoody,Forb,Perennial,NATIVE,,Forb
CACU5,Carex cusickii,CACU5,NonWoody,Graminoid,Perennial,NATIVE,,Graminoid
CACU7,Castilleja cusickii,CACU7,NonWoody,Forb,Perennial,NATIVE,,Forb
CADI6,Carex disperma,CADI6,NonWoody,Graminoid,Perennial,NATIVE,,Graminoid
CADO2,Carex douglasii,CADO2,NonWoody,Graminoid,Perennial,NATIVE,,Graminoid
CADR,Cardaria draba,CADR,NonWoody,Forb,Perennial,EXOTIC,INVASIVE,Forb
LEDR,Lepidium draba,CADR,NonWoody,Forb,Perennial,EXOTIC,INVASIVE,Forb
CADU6,Carex duriuscula,CADU6,NonWoody,Graminoid,Perennial,NATIVE,,Graminoid
CAEB,Carex ebenea,CAEB,NonWoody,Graminoid,Perennial,NATIVE,,Graminoid
CAEL,Calochortus elegans,CAEL,NonWoody,Forb,Perennial,NATIVE,,Forb
CAEL3,Carex elynoides,CAEL3,NonWoody,Graminoid,Perennial,NATIVE,,Graminoid
CAER,Calliandra eriophylla,CAER,Woody,Shrub,Perennial,NATIVE,,Shrub
CAEU,Calochortus eurycarpus,CAEU,NonWoody,Forb,Perennial,NATIVE,,Forb
CAEX5,Carex exsiccata,CAEX5,NonWoody,Graminoid,Perennial,NATIVE,,Graminoid
CAFI,Carex filifolia,CAFI,NonWoody,Graminoid,Perennial,NATIVE,,Graminoid
CAFL,Calochortus flexuosus,CAFL,NonWoody,Forb,Perennial,NATIVE,,Forb
CAFL7,Castilleja flava,CAFL7,NonWoody,Forb,Perennial,NATIVE,,Forb
CAGA3,Carex garberi,CAGA3,NonWoody,Graminoid,Perennial,NATIVE,,Graminoid
CAGE,Carex geophila,CAGE,NonWoody,Graminoid,Perennial,NATIVE,,Graminoid
CAGE2,Carex geyeri,CAGE2,NonWoody,Graminoid,Perennial,NATIVE,,Graminoid
CAGL12,Caulanthus glaucus,CAGL12,NonWoody,Forb,Perennial,NATIVE,,Forb
CAGU,Calochortus gunnisonii,CAGU,NonWoody,Forb,Perennial,NATIVE,,Forb
CAHA6,Carex haydeniana,CAHA6,NonWoody,Graminoid,Perennial,NATIVE,,Graminoid
CANU14,Carex nubicola,CAHA6,NonWoody,Graminoid,Perennial,NATIVE,,Graminoid
CAHEC,Carex heteroneura var. chalciolepis,CAHEC,NonWoody,Graminoid,Perennial,NATIVE,,Graminoid
CAHI9,Castilleja hispida,CAHI9,NonWoody,Forb,Perennial,NATIVE,,Forb
CAHO3,Canotia holacantha,CAHO3,Woody,Shrub,Perennial,NATIVE,,Shrub
CAHO5,Carex hoodii,CAHO5,NonWoody,Graminoid,Perennial,NATIVE,,Graminoid
CAHUH,Calliandra humilis var. humilis,CAHUH,NonWoody,Forb,Perennial,NATIVE,,Forb
CAIN14,Castilleja integra,CAIN14,NonWoody,Forb,Perennial,NATIVE,,Forb
CAIN15,Caulanthus inflatus,CAIN15,NonWoody,Forb,Annual,NATIVE,,Forb
CAIN9,Carex inops,CAIN9,NonWoody,Graminoid,Perennial,NATIVE,,Graminoid
CAINH2,Carex inops subsp. heliophila,CAINH2,NonWoody,Graminoid,Perennial,NATIVE,,Graminoid
CAINI5,Castilleja integra var. integra,CAINI5,NonWoody,Forb,Perennial,NATIVE,,Forb
CALA14,Carex laevivaginata,CALA14,NonWoody,Graminoid,Perennial,NATIVE,,Graminoid
OELA5,Oenothera lavandulifolia,CALA38,NonWoody,Forb,Perennial,NATIVE,,Forb
CALE3,Calochortus leichtlinii,CALE3,NonWoody,Forb,Perennial,NATIVE,,Forb
CALE4,Caltha leptosepala,CALE4,NonWoody,Forb,Perennial,NATIVE,,Forb
CALE9,Carex leporinella,CALE9,NonWoody,Graminoid,Perennial,NATIVE,,Graminoid
CALI4,Castilleja linariifolia,CALI4,NonWoody,Forb,Perennial,NATIVE,,Forb
CALO,Calamovilfa longifolia,CALO,NonWoody,Graminoid,Perennial,NATIVE,,Graminoid
CALO12,Calystegia longipes,CALO12,NonWoody,Forb,Perennial,NATIVE,,Forb
CALOC,Calochortus,CALOC,NonWoody,Forb,Perennial,NATIVE,,Forb
CALTH,Caltha,CALTH,NonWoody,Forb,Perennial,NATIVE,,Forb
CALU14,Castilleja lutescens,CALU14,NonWoody,Forb,Perennial,NATIVE,,Forb
CALYL,Calylophus,CALYL,NonWoody,Forb,Perennial,NATIVE,,Forb
CAMA17,Caulanthus major,CAMA17,NonWoody,Forb,Perennial,NATIVE,,Forb
CAMA5,Calochortus macrocarpus,CAMA5,NonWoody,Forb,Perennial,NATIVE,,Forb
CAMAM9,Calochortus macrocarpus var. macrocarpus,CAMAM9,NonWoody,Forb,Perennial,NATIVE,,Forb
CAMAS,Camassia,CAMAS,,,,NATIVE,,
CAMI12,Castilleja miniata,CAMI12,NonWoody,Forb,Perennial,NATIVE,,Forb
CAMI13,Castilleja minor,CAMI13,NonWoody,Forb,Annual,NATIVE,,Forb
CAMI2,Camelina microcarpa,CAMI2,NonWoody,Forb,Annual,EXOTIC,INVASIVE,Forb
CAMI7,Carex microptera,CAMI7,NonWoody,Graminoid,Perennial,NATIVE,,Graminoid
CAMIS,Camissonia,CAMIS,NonWoody,Forb,Annual,NATIVE,,Forb
CAMO,Calamagrostis montanensis,CAMO,NonWoody,Graminoid,Perennial,NATIVE,,Graminoid
CAMU6,Carex multicostata,CAMU6,NonWoody,Graminoid,Perennial,NATIVE,,Graminoid
CANA2,Carex nardina,CANA2,NonWoody,Graminoid,Perennial,NATIVE,,Graminoid
CANE2,Carex nebrascensis,CANE2,NonWoody,Graminoid,Perennial,NATIVE,,Graminoid
CANU3,Calochortus nuttallii,CANU3,NonWoody,Forb,Perennial,NATIVE,,Forb
CANU4,Carduus nutans,CANU4,NonWoody,Forb,Annual,EXOTIC,INVASIVE,Forb
CANUM2,Carduus nutans subsp. macrolepis,CANU4,NonWoody,Forb,Annual,EXOTIC,INVASIVE,Forb
CAOB4,Carex obtusata,CAOB4,NonWoody,Graminoid,Perennial,NATIVE,,Graminoid
CAOC2,Carex occidentalis,CAOC2,NonWoody,Graminoid,Perennial,NATIVE,,Graminoid
CAOR,Carex oreocharis,CAOR,NonWoody,Graminoid,Perennial,NATIVE,,Graminoid
CAOR4,Castilleja oresbia,CAOR4,NonWoody,Forb,Perennial,NATIVE,,Forb
CAPA25,Castilleja pallescens,CAPA25,NonWoody,Forb,Perennial,NATIVE,,Forb
CAPA39,Camissonia parvula,CAPA39,NonWoody,Forb,Annual,NATIVE,,Forb
CAPAI,Castilleja pallescens var. inverta,CAPAI,NonWoody,Forb,Perennial,NATIVE,,Forb
CAPE19,Castilleja peckiana,CAPE19,NonWoody,Forb,Perennial,NATIVE,,Forb
CAPE42,Carex pellita,CAPE42,NonWoody,Graminoid,Perennial,NATIVE,,Graminoid
CAPE6,Carex pensylvanica,CAPE6,NonWoody,Graminoid,Perennial,NATIVE,,Graminoid
CAPE7,Carex petasata,CAPE7,NonWoody,Graminoid,Perennial,NATIVE,,Graminoid
CAPH2,Carex phaeocephala,CAPH2,NonWoody,Graminoid,Perennial,NATIVE,,Graminoid
CAPI3,Castilleja pilosa,CAPI3,NonWoody,Forb,Perennial,NATIVE,,Forb
CAPI4,Caulanthus pilosus,CAPI4,NonWoody,Forb,Annual,NATIVE,,Forb
CAPI7,Carex pityophila,CAPI7,NonWoody,Graminoid,Perennial,NATIVE,,Graminoid
CAPR5,Carex praegracilis,CAPR5,NonWoody,Graminoid,Perennial,NATIVE,,Graminoid
CAPR7,Carex praticola,CAPR7,NonWoody,Graminoid,Perennial,NATIVE,,Graminoid
CAPU,Calamagrostis purpurascens,CAPU,NonWoody,Graminoid,Perennial,NATIVE,,Graminoid
CAPU16,Camissonia pusilla,CAPU16,NonWoody,Forb,Annual,NATIVE,,Forb
CAPU6,Cardaria pubescens,CAPU6,NonWoody,Forb,Perennial,EXOTIC,INVASIVE,Forb
CAQU2,Camassia quamash,CAQU2,NonWoody,Forb,Perennial,NATIVE,,Forb
CARA6,Carex raynoldsii,CARA6,NonWoody,Graminoid,Perennial,NATIVE,,Graminoid
CARE22,Carmona retusa,CARE22,Woody,Shrub,Perennial,,,Shrub
CAREX,Carex,CAREX,NonWoody,Graminoid,Perennial,NATIVE,,Graminoid
CARH4,Castilleja rhexiifolia,CARH4,NonWoody,Forb,Perennial,NATIVE,,Forb
CARO2,Campanula rotundifolia,CARO2,NonWoody,Forb,Perennial,NATIVE,,Forb
CARO22,Carex rosea,CARO22,NonWoody,Graminoid,Perennial,NATIVE,,Graminoid
CARO5,Carex rossii,CARO5,NonWoody,Graminoid,Perennial,NATIVE,,Graminoid
CARU,Calamagrostis rubescens,CARU,NonWoody,Graminoid,Perennial,NATIVE,,Graminoid
CASC18,Camissonia scapoidea,CASC18,NonWoody,Forb,Annual,NATIVE,,Forb
CASCS3,Camissonia scapoidea subsp. scapoidea,CASCS3,NonWoody,Forb,Annual,NATIVE,,Forb
CASE12,Calylophus serrulatus,CASE12,NonWoody,Forb,Perennial,NATIVE,,Forb
CASI12,Carex siccata,CASI12,NonWoody,Graminoid,Perennial,NATIVE,,Graminoid
CASI2,Carex simulata,CASI2,NonWoody,Graminoid,Perennial,NATIVE,,Graminoid
CAST36,Calamagrostis stricta,CAST36,NonWoody,Graminoid,Perennial,NATIVE,,Graminoid
CASTE7,Castellia,CASTE7,NonWoody,Graminoid,,NATIVE,,Graminoid
CASTI,Castilla,CASTI,Woody,Tree,Perennial,NATIVE,,Shrub
CASTI2,Castilleja,CASTI2,NonWoody,Forb,Perennial,NATIVE,,Forb
CASU12,Castilleja sulphurea,CASU12,NonWoody,Forb,Perennial,NATIVE,,Forb
CATA2,Camissonia tanacetifolia,CATA2,NonWoody,Forb,Perennial,NATIVE,,Forb
CATAT,Camissonia tanacetifolia subsp. tanacetifolia,CATAT,NonWoody,Forb,Perennial,NATIVE,,Forb
CATE26,Castilleja tenuis,CATE26,NonWoody,Forb,Annual,NATIVE,,Forb
CAULA,Caulanthus,CAULA,NonWoody,Forb,Annual,NATIVE,,Forb
CAUT,Carex utriculata,CAUT,NonWoody,Graminoid,Perennial,NATIVE,,Graminoid
CAVA3,Carex vallicola,CAVA3,NonWoody,Graminoid,Perennial,NATIVE,,Graminoid
CAWH,Carex whitneyi,CAWH,NonWoody,Graminoid,Perennial,NATIVE,,Graminoid
CAXE,Carex xerantica,CAXE,NonWoody,Graminoid,Perennial,NATIVE,,Graminoid
CEAR4,Cerastium arvense,CEAR4,NonWoody,Forb,Perennial,NATIVE,,Forb
CEARS2,Cerastium arvense subsp. strictum,CEARS2,NonWoody,Forb,Perennial,NATIVE,,Forb
CEBE2,Cerastium beeringianum,CEBE2,NonWoody,Forb,Perennial,NATIVE,,Forb
CECO,Ceanothus cordulatus,CECO,Woody,Shrub,Perennial,NATIVE,,Shrub
CEDE5,Centaurea debeauxii,CEDE5,NonWoody,Forb,Perennial,EXOTIC,INVASIVE,Forb
CEDI3,Centaurea diffusa,CEDI3,NonWoody,Forb,Annual,EXOTIC,INVASIVE,Forb
CEFO2,Cerastium fontanum,CEFO2,NonWoody,Forb,Perennial,EXOTIC,INVASIVE,Forb
CEGR,Ceanothus greggii,CEGR,Woody,Shrub,Perennial,NATIVE,,Shrub
CEVE9,Ceanothus vestitus,CEGRV,Woody,Shrub,Perennial,NATIVE,,Shrub
CEIN7,Cercocarpus intricatus,CEIN7,Woody,Shrub,Perennial,NATIVE,,Shrub
CELAR,Celtis laevigata var. reticulata,CELAR,Woody,Tree,Perennial,NATIVE,,Shrub
CELE3,Cercocarpus ledifolius,CELE3,Woody,Shrub,Perennial,NATIVE,,Shrub
CELEI,Cercocarpus ledifolius var. intercedens,CELEI,Woody,Shrub,Perennial,NATIVE,,Shrub
CELEL,Cercocarpus ledifolius var. ledifolius,CELEL,Woody,Shrub,Perennial,NATIVE,,Shrub
ZELMAR,Zeltnera maryanniana,CEMA19,NonWoody,Forb,Annual,NATIVE,,Forb
CEMA2,Ceanothus martinii,CEMA2,Woody,Shrub,Perennial,NATIVE,,Shrub
CEME2,Centaurea melitensis,CEME2,NonWoody,Forb,Annual,EXOTIC,INVASIVE,Forb
CEMO,Centaurea montana,CEMO,NonWoody,Forb,Perennial,EXOTIC,INVASIVE,Forb
CEMO2,Cercocarpus montanus,CEMO2,Woody,Shrub,Perennial,NATIVE,,Shrub
CEBR6,Cercocarpus breviflorus,CEMOP,Woody,Shrub,Perennial,NATIVE,,Shrub
CENCH,Cenchrus,CENCH,NonWoody,Graminoid,Annual,NATIVE,,Graminoid
CENTA,Centaurea,CENTA,NonWoody,Forb,Annual,EXOTIC,INVASIVE,Forb
CENU2,Cerastium nutans,CENU2,NonWoody,Forb,Annual,NATIVE,,Forb
CERAS,Cerastium,CERAS,NonWoody,Forb,Perennial,NATIVE,,Forb
CERAT3,Ceratocephala,CERAT3,NonWoody,Forb,Annual,EXOTIC,,Forb
CERCO,Cercocarpus,CERCO,Woody,Shrub,Perennial,NATIVE,,Shrub
CESI,Cevallia sinuata,CESI,NonWoody,Forb,Perennial,NATIVE,,Forb
CESO3,Centaurea solstitialis,CESO3,NonWoody,Forb,Annual,EXOTIC,INVASIVE,Forb
CESP4,Cenchrus spinifex,CESP4,NonWoody,Graminoid,Annual,NATIVE,,Graminoid
CEST8,Centaurea stoebe,CEST8,NonWoody,Forb,Perennial,EXOTIC,INVASIVE,Forb
CESTM,Centaurea stoebe subsp. micranthos,CESTM,NonWoody,Forb,Perennial,EXOTIC,INVASIVE,Forb
CETE5,Ceratocephala testiculata,CETE5,NonWoody,Forb,Annual,EXOTIC,INVASIVE,Forb
RATE,Ranunculus testiculatus,CETE5,NonWoody,Forb,Annual,EXOTIC,INVASIVE,Forb
CETH3,Centrostegia thurberi,CETH3,NonWoody,Forb,Annual,NATIVE,,Forb
CEVE,Ceanothus velutinus,CEVE,Woody,Shrub,Perennial,NATIVE,,Shrub
CHAEN,Chaenactis,CHAEN,NonWoody,Forb,Perennial,NATIVE,,Forb
CHAET,Chaetadelpha,CHAET,,,,NATIVE,,
CHAL11,Chamaesyce albomarginata,CHAL11,NonWoody,Forb,Perennial,NATIVE,,Forb
CHAL7,Chenopodium album,CHAL7,NonWoody,Forb,Annual,NATIVE,,Forb
CHAMA15,Chamaesyce,CHAMA15,NonWoody,Forb,Annual,NATIVE,,Forb
CHAN9,Chamerion angustifolium,CHAN9,NonWoody,Forb,Perennial,NATIVE,,Forb
CHANA2,Chamerion angustifolium subsp. angustifolium,CHANA2,NonWoody,Forb,Perennial,NATIVE,,Forb
CHAR18,Chamaesyce arizonica,CHAR18,NonWoody,Forb,Perennial,NATIVE,,Forb
CHAT,Chenopodium atrovirens,CHAT,NonWoody,Forb,Annual,NATIVE,,Forb
CHBE4,Chenopodium berlandieri,CHBE4,NonWoody,Forb,Annual,NATIVE,,Forb
CHBR,Chorizanthe brevicornu,CHBR,NonWoody,Forb,Annual,NATIVE,,Forb
CHCA,Chaenactis carphoclinia,CHCA,NonWoody,Forb,Annual,NATIVE,,Forb
CHCA29,Chamaesyce capitellata,CHCA29,NonWoody,Forb,Perennial,NATIVE,,Forb
CHCA4,Chenopodium capitatum,CHCA4,NonWoody,Forb,Annual,NATIVE,,Forb
CHHU,Chenopodium humile,CHCH,NonWoody,Forb,Annual,NATIVE,,Forb
CHCH5,Chamaesyce chaetocalyx,CHCH5,NonWoody,Forb,Perennial,NATIVE,,Forb
CHCO,Chamaesaracha coniodes,CHCO,NonWoody,Forb,Perennial,NATIVE,,Forb
CHCO2,Chamaesaracha coronopus,CHCO2,NonWoody,Forb,Perennial,NATIVE,,Forb
CHCU,Chaenactis cusickii,CHCU,NonWoody,Forb,Annual,NATIVE,,Forb
CHDE,Chenopodium desiccatum,CHDE,NonWoody,Forb,Annual,NATIVE,,Forb
CHDE2,Chrysothamnus depressus,CHDE2,Woody,Shrub,Perennial,NATIVE,,Shrub
CHDO,Chaenactis douglasii,CHDO,NonWoody,Forb,Perennial,NATIVE,,Forb
CHDOD,Chaenactis douglasii var. douglasii,CHDOD,NonWoody,Forb,Perennial,NATIVE,,Forb
CHED,Chamaesaracha edwardsiana,CHED,NonWoody,Forb,Perennial,NATIVE,,Forb
CHENO,Chenopodium,CHENO,NonWoody,Forb,Annual,NATIVE,,Forb
CHER,Chamaerhodos erecta,CHER,NonWoody,Forb,Perennial,NATIVE,,Forb
CHER2,Chaetopappa ericoides,CHER2,NonWoody,Forb,Perennial,NATIVE,,Forb
CHFE,Cheilanthes feei,CHFE,NonWoody,Forb,Perennial,NATIVE,,Forb
CHFE3,Chamaesyce fendleri,CHFE3,NonWoody,Forb,Perennial,NATIVE,,Forb
CHFL3,Chamaesyce florida,CHFL3,NonWoody,Forb,Annual,NATIVE,,Forb
CHFR,Chaenactis fremontii,CHFR,NonWoody,Forb,Annual,NATIVE,,Forb
CHFR3,Chenopodium fremontii,CHFR3,NonWoody,Forb,Annual,NATIVE,,Forb
CHGEG,Chamaesyce geyeri var. geyeri,CHGEG,NonWoody,Forb,Annual,NATIVE,,Forb
CHGL13,Chamaesyce glyptosperma,CHGL13,NonWoody,Forb,Annual,NATIVE,,Forb
CHGL3,Chenopodium glaucum,CHGL3,NonWoody,Forb,Annual,EXOTIC,,Forb
CHGO3,Chamaesyce golondrina,CHGO3,NonWoody,Forb,Annual,NATIVE,,Forb
CHGR6,Chrysothamnus greenei,CHGR6,Woody,Shrub,Perennial,NATIVE,,Shrub
CHHI,Chenopodium hians,CHHI,NonWoody,Forb,Annual,NATIVE,,Forb
CHHU2,Chrysothamnus humilis,CHHU2,Woody,Shrub,Perennial,NATIVE,,Shrub
CHHY3,Chamaesyce hyssopifolia,CHHY3,NonWoody,Forb,Annual,NATIVE,,Forb
CHIN2,Chenopodium incanum,CHIN2,NonWoody,Forb,Annual,NATIVE,,Forb
CHINI,Chenopodium incanum var. incanum,CHINI,NonWoody,Forb,Annual,NATIVE,,Forb
CHJU,Chondrilla juncea,CHJU,NonWoody,Forb,Perennial,EXOTIC,INVASIVE,Forb
CHLA10,Chamaesyce lata,CHLA10,NonWoody,Forb,Perennial,NATIVE,,Forb
CHLE4,Chenopodium leptophyllum,CHLE4,NonWoody,Forb,Annual,NATIVE,,Forb
CHLI,Cheilanthes lindheimeri,CHLI,NonWoody,Forb,Perennial,NATIVE,,Forb
CHLI3,Chrysothamnus linifolius,CHLI3,Woody,Shrub,Perennial,NATIVE,,Shrub
CHMA,Chaenactis macrantha,CHMA,NonWoody,Forb,Annual,NATIVE,,Forb
CHMA15,Chamaesyce maculata,CHMA15,NonWoody,Forb,Annual,NATIVE,,Forb
CHMI2,Chamaebatiaria millefolium,CHMI2,Woody,Shrub,Perennial,NATIVE,,Shrub
CHMI7,Chamaesyce micromera,CHMI7,NonWoody,Forb,Annual,NATIVE,,Forb
CHMI8,Chamaesyce missurica,CHMI8,NonWoody,Forb,Annual,NATIVE,,Forb
CHNE3,Chenopodium neomexicanum,CHNE3,NonWoody,Forb,Annual,NATIVE,,Forb
CHORI2,Chorizanthe,CHORI2,NonWoody,Forb,Annual,NATIVE,,Forb
CHPA16,Chamaesaracha pallida,CHPA16,NonWoody,Forb,Perennial,NATIVE,,Forb
CHPA28,Chamaesyce parryi,CHPA28,NonWoody,Forb,Annual,NATIVE,,Forb
CHPR5,Chenopodium pratericola,CHPR5,NonWoody,Forb,Annual,NATIVE,,Forb
CHPR6,Chamaesyce prostrata,CHPR6,NonWoody,Forb,Annual,NATIVE,,Forb
LORPUL,Lorandersonia pulchella,CHPU4,Woody,Shrub,Perennial,NATIVE,,Shrub
CHRE4,Chamaesyce revoluta,CHRE4,NonWoody,Forb,Annual,NATIVE,,Forb
CHRU,Chenopodium rubrum,CHRU,NonWoody,Forb,Annual,NATIVE,,Forb
CHRYS2,Chrysanthemum,CHRYS2,,,,EXOTIC,,
CHRYS9,Chrysothamnus,CHRYS9,Woody,Shrub,Perennial,NATIVE,,Shrub
CHSCS,Chamaechaenactis scaposa var. scaposa,CHSCS,NonWoody,Forb,Perennial,NATIVE,,Forb
CHSE4,Chamaesyce serpens,CHSE4,NonWoody,Forb,Annual,NATIVE,,Forb
CHSE6,Chamaesyce serpyllifolia,CHSE6,NonWoody,Forb,Annual,NATIVE,,Forb
CHSE7,Chamaesyce serrula,CHSE7,NonWoody,Forb,Annual,NATIVE,,Forb
CHSES,Chamaesyce serpyllifolia subsp. serpyllifolia,CHSES,NonWoody,Forb,Annual,NATIVE,,Forb
CHSO,Chamaesaracha sordida,CHSO,NonWoody,Forb,Perennial,NATIVE,,Forb
CHST,Chaenactis stevioides,CHST,NonWoody,Forb,Annual,NATIVE,,Forb
CHST8,Chamaesyce stictospora,CHST8,NonWoody,Forb,Annual,NATIVE,,Forb
CHTE2,Chorispora tenella,CHTE2,NonWoody,Forb,Annual,EXOTIC,INVASIVE,Forb
CHVA2,Chrysothamnus vaseyi,CHVA2,Woody,Shrub,Perennial,NATIVE,,Shrub
CHVE2,Chloris verticillata,CHVE2,NonWoody,Graminoid,Perennial,NATIVE,,Graminoid
CHVI,Cheilanthes villosa,CHVI,NonWoody,Forb,Perennial,NATIVE,,Forb
CHVI4,Chloris virgata,CHVI4,NonWoody,Graminoid,Annual,NATIVE,,Graminoid
CHVI5,Chrysogonum virginianum,CHVI5,,,,NATIVE,,
CHVI8,Chrysothamnus viscidiflorus,CHVI8,Woody,Shrub,Perennial,NATIVE,,Shrub
CHVIL4,Chrysothamnus viscidiflorus subsp. lanceolatus,CHVIL4,Woody,Shrub,Perennial,NATIVE,,Shrub
CHVIP4,Chrysothamnus viscidiflorus subsp. puberulus,CHVIP4,Woody,Shrub,Perennial,NATIVE,,Shrub
CHVIV2,Chrysothamnus viscidiflorus subsp. viscidiflorus,CHVIV2,Woody,Shrub,Perennial,NATIVE,,Shrub
CHWA,Chenopodium watsonii,CHWA,NonWoody,Forb,Annual,NATIVE,,Forb
CHWA2,Chorizanthe watsonii,CHWA2,NonWoody,Forb,Annual,NATIVE,,Forb
CHWR,Cheilanthes wrightii,CHWR,NonWoody,Forb,Perennial,NATIVE,,Forb
CHXA,Chaenactis xantiana,CHXA,NonWoody,Forb,Annual,NATIVE,,Forb
CIAR4,Cirsium arvense,CIAR4,NonWoody,Forb,Perennial,EXOTIC,INVASIVE,Forb
CICA11,Cirsium canescens,CICA11,NonWoody,Forb,Annual,NATIVE,,Forb
CICA6,Cirsium canovirens,CICA6,NonWoody,Forb,Perennial,NATIVE,,Forb
CICHO,Cichorium,CICHO,NonWoody,Forb,Perennial,EXOTIC,,Forb
CICI,Cirsium ciliolatum,CICI,NonWoody,Forb,Perennial,NATIVE,,Forb
CICL,Cirsium clavatum,CICL,NonWoody,Forb,Perennial,NATIVE,,Forb
CICY,Cirsium cymosum,CICY,NonWoody,Forb,Perennial,NATIVE,,Forb
CIDO,Cicuta douglasii,CIDO,NonWoody,Forb,Perennial,NATIVE,,Forb
CIFL,Cirsium flodmanii,CIFL,NonWoody,Forb,Perennial,NATIVE,,Forb
CIFO,Cirsium foliosum,CIFO,NonWoody,Forb,Perennial,NATIVE,,Forb
CIHO,Cirsium hookerianum,CIHO,NonWoody,Forb,Perennial,NATIVE,,Forb
CIIN,Cichorium intybus,CIIN,NonWoody,Forb,Perennial,EXOTIC,INVASIVE,Forb
CIIN5,Cirsium inornatum,CIIN5,NonWoody,Forb,Annual,NATIVE,,Forb
CINE,Cirsium neomexicanum,CINE,NonWoody,Forb,Annual,NATIVE,,Forb
CIOC,Cirsium occidentale,CIOC,NonWoody,Forb,Annual,NATIVE,,Forb
CIPU3,Cirsium pulcherrimum,CIPU3,NonWoody,Forb,Perennial,NATIVE,,Forb
CIRO2,Cistanthe rosea,CIRO2,NonWoody,Forb,Annual,NATIVE,,Forb
CIRSI,Cirsium,CIRSI,NonWoody,Forb,Perennial,NATIVE,,Forb
CISC2,Cirsium scariosum,CISC2,NonWoody,Forb,Perennial,NATIVE,,Forb
CISU,Cirsium subniveum,CISU,NonWoody,Forb,Perennial,NATIVE,,Forb
CIUN,Cirsium undulatum,CIUN,NonWoody,Forb,Perennial,NATIVE,,Forb
CITR4,Cirsium tracyi,CIUNT,NonWoody,Forb,Perennial,NATIVE,,Forb
CIVU,Cirsium vulgare,CIVU,NonWoody,Forb,Annual,EXOTIC,INVASIVE,Forb
CLARK,Clarkia,CLARK,NonWoody,Forb,Annual,NATIVE,,Forb
CLCO2,Clematis columbiana,CLCO2,NonWoody,Forb,Perennial,NATIVE,,Forb
CLCOC2,Clematis columbiana var. columbiana,CLCOC2,NonWoody,Forb,Perennial,NATIVE,,Forb
CLGR,Clarkia gracilis,CLGR,NonWoody,Forb,Annual,NATIVE,,Forb
CLHI,Clematis hirsutissima,CLHI,NonWoody,Forb,Perennial,NATIVE,,Forb
CLHI2,Cleomella hillmanii,CLHI2,NonWoody,Forb,Annual,NATIVE,,Forb
CLSC2,Clematis scottii,CLHIS,NonWoody,Forb,Perennial,NATIVE,,Forb
CLLA,Clarkia lassenensis,CLLA,NonWoody,Forb,Annual,NATIVE,,Forb
CLLA2,Claytonia lanceolata,CLLA2,NonWoody,Forb,Perennial,NATIVE,,Forb
CLLI2,Clematis ligusticifolia,CLLI2,Woody,Shrub,Perennial,NATIVE,,Shrub
CLLU2,Cleome lutea,CLLU2,NonWoody,Forb,Annual,NATIVE,,Forb
CLCO8,Cleomella cornuta,CLPA3,NonWoody,Forb,Annual,NATIVE,,Forb
CLPA3,Cleomella palmeriana,CLPA3,NonWoody,Forb,Annual,NATIVE,,Forb
CLPA5,Claytonia parviflora,CLPA5,NonWoody,Forb,Annual,NATIVE,,Forb
CLPE,Claytonia perfoliata,CLPE,NonWoody,Forb,Annual,NATIVE,,Forb
CLPL,Cleome platycarpa,CLPL,NonWoody,Forb,Annual,NATIVE,,Forb
CLPU,Clarkia pulchella,CLPU,NonWoody,Forb,Annual,NATIVE,,Forb
CLRH,Clarkia rhomboidea,CLRH,NonWoody,Forb,Annual,NATIVE,,Forb
CLRU2,Claytonia rubra,CLRU2,NonWoody,Forb,Annual,NATIVE,,Forb
CLSE,Cleome serrulata,CLSE,NonWoody,Forb,Annual,NATIVE,,Forb
COAR4,Convolvulus arvensis,COAR4,NonWoody,Forb,Perennial,EXOTIC,INVASIVE,Forb
COAU2,Corydalis aurea,COAU2,NonWoody,Forb,Annual,NATIVE,,Forb
COCA5,Conyza canadensis,COCA5,NonWoody,Forb,Annual,NATIVE,,Forb
COCA7,Cordylanthus capitatus,COCA7,NonWoody,Forb,Annual,NATIVE,,Forb
COCAC3,Conyza canadensis var. canadensis,COCAC3,NonWoody,Forb,Annual,NATIVE,,Forb
CODI4,Commelina dianthifolia,CODI4,NonWoody,Forb,Perennial,NATIVE,,Forb
COER5,Condalia ericoides,COER5,Woody,Shrub,Perennial,NATIVE,,Shrub
COGR2,Collinsia grandiflora,COGR2,NonWoody,Forb,Annual,NATIVE,,Forb
COGR4,Collomia grandiflora,COGR4,NonWoody,Forb,Annual,NATIVE,,Forb
COGR5,Coreopsis grandiflora,COGR5,NonWoody,Forb,Perennial,NATIVE,,Forb
COKI,Cordylanthus kingii,COKI,NonWoody,Forb,Annual,NATIVE,,Forb
COLI,Collinsia linearis,COLI,NonWoody,Forb,Annual,NATIVE,,Forb
COLI2,Collomia linearis,COLI2,NonWoody,Forb,Annual,NATIVE,,Forb
COLLI,Collinsia,COLLI,NonWoody,Forb,Annual,NATIVE,,Forb
COLLI2,Collinsonia,COLLI2,NonWoody,Forb,Annual,NATIVE,,Forb
COLLO,Collomia,COLLO,NonWoody,Forb,Annual,NATIVE,,Forb
COMA14,Coryphantha macromeris,COMA14,Woody,Succulent,Perennial,NATIVE,,Shrub
COMA2,Conium maculatum,COMA2,NonWoody,Forb,Annual,EXOTIC,INVASIVE,Forb
COMA25,Corallorhiza maculata,COMA25,NonWoody,Forb,Perennial,NATIVE,,Forb
COMA3,Collomia macrocalyx,COMA3,NonWoody,Forb,Annual,NATIVE,,Forb
COMAN,Comandra,COMAN,NonWoody,Forb,Perennial,NATIVE,,Forb
COMME,Commelina,COMME,NonWoody,Forb,Perennial,NATIVE,,Forb
CONVO,Convolvulus,CONVO,NonWoody,Forb,Perennial,NATIVE,,Forb
BROR4,Brassica orientalis,COOR,NonWoody,Forb,Annual,EXOTIC,INVASIVE,Forb
COOR,Conringia orientalis,COOR,NonWoody,Forb,Annual,EXOTIC,INVASIVE,Forb
COPA12,Cosmos parviflorus,COPA12,NonWoody,Forb,Annual,NATIVE,,Forb
COPA2,Collinsia parryi,COPA2,NonWoody,Forb,Annual,NATIVE,,Forb
COPA3,Collinsia parviflora,COPA3,NonWoody,Forb,Annual,NATIVE,,Forb
COPA9,Cordylanthus parviflorus,COPA9,NonWoody,Forb,Annual,NATIVE,,Forb
CORA,Coleogyne ramosissima,CORA,Woody,Shrub,Perennial,NATIVE,,Shrub
CORA5,Cordylanthus ramosus,CORA5,NonWoody,Forb,Annual,NATIVE,,Forb
CORDY,Cordylanthus,CORDY,NonWoody,Forb,Annual,NATIVE,,Forb
COREO2,Coreopsis,COREO2,NonWoody,Forb,Annual,NATIVE,,Forb
COSC2,Conioselinum scopulorum,COSC2,NonWoody,Forb,Perennial,NATIVE,,Forb
COSE16,Cornus sericea,COSE16,Woody,Shrub,Perennial,NATIVE,,Shrub
COTE,Collomia tenella,COTE,NonWoody,Forb,Annual,NATIVE,,Forb
COTO,Collinsia torreyi,COTO,NonWoody,Forb,Annual,NATIVE,,Forb
COUM,Comandra umbellata,COUM,NonWoody,Forb,Perennial,NATIVE,,Forb
COUMP,Comandra umbellata subsp. pallida,COUMP,NonWoody,Forb,Perennial,NATIVE,,Forb
COWR2,Cordylanthus wrightii,COWR2,NonWoody,Forb,Annual,NATIVE,,Forb
CRAC2,Crepis acuminata,CRAC2,NonWoody,Forb,Perennial,NATIVE,,Forb
CRAC3,Cryptogramma acrostichoides,CRAC3,NonWoody,Forb,Perennial,NATIVE,,Forb
CRAF,Cryptantha affinis,CRAF,NonWoody,Forb,Annual,NATIVE,,Forb
CRAM3,Cryptantha ambigua,CRAM3,NonWoody,Forb,Annual,NATIVE,,Forb
CRAN4,Cryptantha angustifolia,CRAN4,NonWoody,Forb,Annual,NATIVE,,Forb
CRAT,Crepis atribarba,CRAT,NonWoody,Forb,Perennial,NATIVE,,Forb
CRATA,Crataegus,CRATA,Woody,Shrub,Perennial,NATIVE,,Shrub
CRBA2,Crepis bakeri,CRBA2,NonWoody,Forb,Perennial,NATIVE,,Forb
ORBA4,Oreocarya bakeri,CRBA4,NonWoody,Forb,Perennial,NATIVE,,Forb
CRBA5,Cryptantha barbigera,CRBA5,NonWoody,Forb,Annual,NATIVE,,Forb
CRBR7,Cryptantha breviflora,CRBR7,NonWoody,Forb,Perennial,NATIVE,,Forb
CRCA5,Croton californicus,CRCA5,Woody,SubShrub,Perennial,NATIVE,,Shrub
CRCE,Cryptantha celosioides,CRCE,NonWoody,Forb,Perennial,NATIVE,,Forb
CRCI2,Cryptantha circumscissa,CRCI2,NonWoody,Forb,Annual,NATIVE,,Forb
CRCI3,Cryptantha cinerea,CRCI3,NonWoody,Forb,Perennial,NATIVE,,Forb
CRCO12,Cryptantha confertiflora,CRCO12,NonWoody,Forb,Perennial,NATIVE,,Forb
CRCR3,Cryptantha crassisepala,CRCR3,NonWoody,Forb,Annual,NATIVE,,Forb
CRDI6,Croton dioicus,CRDI6,NonWoody,Forb,Perennial,NATIVE,,Forb
CRDO2,Crataegus douglasii,CRDO2,Woody,Shrub,Perennial,NATIVE,,Shrub
CREC,Cryptantha echinella,CREC,NonWoody,Forb,Annual,NATIVE,,Forb
CREPI,Crepis,CREPI,NonWoody,Forb,Perennial,NATIVE,,Forb
CRFE3,Cryptantha fendleri,CRFE3,NonWoody,Forb,Annual,NATIVE,,Forb
CRFL4,Cryptantha flaccida,CRFL4,NonWoody,Forb,Annual,NATIVE,,Forb
CRFL5,Cryptantha flava,CRFL5,NonWoody,Forb,Perennial,NATIVE,,Forb
ORFL2,Oreocarya flava,CRFL5,NonWoody,Forb,Perennial,NATIVE,,Forb
CRFL6,Cryptantha flavoculata,CRFL6,NonWoody,Forb,Perennial,NATIVE,,Forb
ORFL3,Oreocarya flavoculata,CRFL6,NonWoody,Forb,Perennial,NATIVE,,Forb
CRGR3,Cryptantha gracilis,CRGR3,NonWoody,Forb,Annual,NATIVE,,Forb
CRHO3,Cryptantha holoptera,CRHO3,NonWoody,Forb,Annual,NATIVE,,Forb
CRHU2,Cryptantha humilis,CRHU2,NonWoody,Forb,Perennial,NATIVE,,Forb
ORHU2,Oreocarya humilis,CRHU2,NonWoody,Forb,Perennial,NATIVE,,Forb
CRIN4,Crepis intermedia,CRIN4,NonWoody,Forb,Perennial,NATIVE,,Forb
CRIN8,Cryptantha intermedia,CRIN8,NonWoody,Forb,Annual,NATIVE,,Forb
CRIN9,Cryptantha interrupta,CRIN9,NonWoody,Forb,Perennial,NATIVE,,Forb
CRKE,Cryptantha kelseyana,CRKE,NonWoody,Forb,Annual,NATIVE,,Forb
CRMA7,Cryptantha maritima,CRMA7,NonWoody,Forb,Annual,NATIVE,,Forb
ERMI11,Eremocarya micrantha,CRMI,NonWoody,Forb,Annual,NATIVE,,Forb
CRMI5,Cryptantha minima,CRMI5,NonWoody,Forb,Annual,NATIVE,,Forb
CRMO4,Crepis modocensis,CRMO4,NonWoody,Forb,Perennial,NATIVE,,Forb
CRMOM,Crepis modocensis subsp. modocensis,CRMOM,NonWoody,Forb,Perennial,NATIVE,,Forb
CRNAN,Crepis nana subsp. nana,CRNAN,NonWoody,Forb,Perennial,NATIVE,,Forb
CRNE2,Cryptantha nevadensis,CRNE2,NonWoody,Forb,Annual,NATIVE,,Forb
CRNU2,Cryptantha nubigena,CRNU2,NonWoody,Forb,Perennial,NATIVE,,Forb
CROC,Crepis occidentalis,CROC,NonWoody,Forb,Perennial,NATIVE,,Forb
CROTA,Crotalaria,CROTA,NonWoody,Forb,Annual,NATIVE,,Forb
CROTO,Croton,CROTO,NonWoody,Forb,Perennial,NATIVE,,Forb
CRPA21,Cryptantha palmeri,CRPA21,NonWoody,Forb,Perennial,NATIVE,,Forb
CRPO5,Croton pottsii,CRPO5,NonWoody,Forb,Perennial,NATIVE,,Forb
CRPT,Cryptantha pterocarya,CRPT,NonWoody,Forb,Annual,NATIVE,,Forb
CRPTP2,Cryptantha pterocarya var. pterocarya,CRPTP2,NonWoody,Forb,Annual,NATIVE,,Forb
CRRI,Crataegus rivularis,CRRI,Woody,Shrub,Perennial,NATIVE,,Shrub
CRRU3,Crepis runcinata,CRRU3,NonWoody,Forb,Perennial,NATIVE,,Forb
CRSC2,Cryptantha scoparia,CRSC2,NonWoody,Forb,Annual,NATIVE,,Forb
CRSE11,Croton setigerus,CRSE11,NonWoody,Forb,Annual,NATIVE,,Forb
CRSE3,Cryptantha sericea,CRSE3,NonWoody,Forb,Perennial,NATIVE,,Forb
ORSE3,Oreocarya sericea,CRSE3,NonWoody,Forb,Perennial,NATIVE,,Forb
CRSI2,Cryptantha simulans,CRSI2,NonWoody,Forb,Annual,NATIVE,,Forb
CRSP4,Cryptantha spiculifera,CRSP4,NonWoody,Forb,Perennial,NATIVE,,Forb
CRST5,Cryptantha stricta,CRST5,NonWoody,Forb,Perennial,NATIVE,,Forb
CRTE3,Crepis tectorum,CRTE3,NonWoody,Forb,Annual,EXOTIC,INVASIVE,Forb
CRTE4,Croton texensis,CRTE4,NonWoody,Forb,Annual,NATIVE,,Forb
CRTO4,Cryptantha torreyana,CRTO4,NonWoody,Forb,Annual,NATIVE,,Forb
CRTR5,Cressa truxillensis,CRTR5,NonWoody,Forb,Perennial,NATIVE,,Forb
CRUT,Cryptantha utahensis,CRUT,NonWoody,Forb,Annual,NATIVE,,Forb
CRVI5,Cryptantha virginensis,CRVI5,NonWoody,Forb,Perennial,NATIVE,,Forb
CRVU2,Crupina vulgaris,CRVU2,NonWoody,Forb,Annual,EXOTIC,INVASIVE,Forb
CRWA2,Cryptantha watsonii,CRWA2,NonWoody,Forb,Annual,NATIVE,,Forb
CRYPT,Cryptantha,CRYPT,NonWoody,Forb,Annual,NATIVE,,Forb
CUDO3,Cusickiella douglasii,CUDO3,NonWoody,Forb,Perennial,NATIVE,,Forb
CYAC,Cymopterus acaulis,CYAC,NonWoody,Forb,Perennial,NATIVE,,Forb
CYAC8,Cylindropuntia acanthocarpa,CYAC8,Woody,Succulent,Perennial,NATIVE,,Shrub
CYACF,Cymopterus acaulis var. fendleri,CYACF,NonWoody,Forb,Perennial,NATIVE,,Forb
CYFE,Cymopterus fendleri,CYACF,NonWoody,Forb,Perennial,NATIVE,,Forb
CYBI9,Cylindropuntia bigelovii,CYBI9,Woody,Succulent,Perennial,NATIVE,,Shrub
CYBU,Cymopterus bulbosus,CYBU,NonWoody,Forb,Perennial,NATIVE,,Forb
CYCAP5,Cylindropuntia californica var. parkeri,CYCAP5,Woody,Succulent,Perennial,NATIVE,,Shrub
CYCO22,Cymopterus constancei,CYCO22,NonWoody,Forb,Perennial,NATIVE,,Forb
CYDA,Cynodon dactylon,CYDA,NonWoody,Graminoid,Perennial,EXOTIC,INVASIVE,Graminoid
CYER2,Cyperus erythrorhizos,CYER2,NonWoody,Graminoid,Annual,NATIVE,,Graminoid
CYES,Cyperus esculentus,CYES,NonWoody,Graminoid,Perennial,NATIVE,,Graminoid
CYFE2,Cyperus fendlerianus,CYFE2,NonWoody,Graminoid,Perennial,NATIVE,,Graminoid
CYFR2,Cystopteris fragilis,CYFR2,NonWoody,Forb,Perennial,NATIVE,,Forb
CYFU10,Cylindropuntia fulgida,CYFU10,Woody,Succulent,Perennial,NATIVE,,Shrub
CYGL,Cymopterus glaucus,CYGL,NonWoody,Forb,Perennial,NATIVE,,Forb
CYIB,Cymopterus ibapensis,CYIB,NonWoody,Forb,Perennial,NATIVE,,Forb
CYIM2,Cylindropuntia imbricata,CYIM2,Woody,Succulent,Perennial,NATIVE,,Shrub
CYLE8,Cylindropuntia leptocaulis,CYLE8,Woody,Succulent,Perennial,NATIVE,,Shrub
CYLO,Cymopterus longipes,CYLO,NonWoody,Forb,Perennial,NATIVE,,Forb
CYMO,Cymopterus montanus,CYMO,NonWoody,Forb,Perennial,NATIVE,,Forb
CYMOP2,Cymopterus,CYMOP2,NonWoody,Forb,Perennial,NATIVE,,Forb
CYOF,Cynoglossum officinale,CYOF,NonWoody,Forb,Annual,EXOTIC,INVASIVE,Forb
CYPER,Cyperus,CYPER,NonWoody,Graminoid,Perennial,NATIVE,,Graminoid
CYPERA,Cyperaceae,CYPERA,NonWoody,Graminoid,,NATIVE,,Graminoid
CYPL,Cymopterus planosus,CYPL,NonWoody,Forb,Perennial,NATIVE,,Forb
CYPU,Cymopterus purpurascens,CYPU,NonWoody,Forb,Perennial,NATIVE,,Forb
CYPU2,Cymopterus purpureus,CYPU2,NonWoody,Forb,Perennial,NATIVE,,Forb
CYRA9,Cylindropuntia ramosissima,CYRA9,Woody,Succulent,Perennial,NATIVE,,Shrub
CYSP8,Cylindropuntia spinosior,CYSP8,Woody,Succulent,Perennial,NATIVE,,Shrub
CYWH,Cylindropuntia whipplei,CYWH,Woody,Succulent,Perennial,NATIVE,,Shrub
OPWH,Opuntia whipplei,CYWH,Woody,Succulent,Perennial,NATIVE,,Shrub
DACA3,Danthonia californica,DACA3,NonWoody,Graminoid,Perennial,NATIVE,,Graminoid
DACA7,Dalea candida,DACA7,NonWoody,Forb,Perennial,NATIVE,,Forb
DAFO,Dalea formosa,DAFO,Woody,Shrub,Perennial,NATIVE,,Shrub
DAFR6,Dasiphora fruticosa,DAFR6,Woody,Shrub,Perennial,NATIVE,,Shrub
POFR4,Potentilla fruticosa,DAFR6,Woody,Shrub,Perennial,NATIVE,,Shrub
DAFRF,Dasiphora fruticosa subsp. floribunda,DAFRF,Woody,Shrub,Perennial,NATIVE,,Shrub
PEFL15,Pentaphylloides floribunda,DAFRF,Woody,Shrub,Perennial,NATIVE,,Shrub
DAHLI,Dahlia,DAHLI,,,,EXOTIC,,
DAIN,Danthonia intermedia,DAIN,NonWoody,Graminoid,Perennial,NATIVE,,Graminoid
DALE2,Dasylirion leiophyllum,DALE2,Woody,Succulent,Perennial,NATIVE,,Shrub
DANA,Dalea nana,DANA,NonWoody,Forb,Perennial,NATIVE,,Forb
DANTH,Danthonia,DANTH,NonWoody,Graminoid,Perennial,NATIVE,,Graminoid
DAOR2,Dalea ornata,DAOR2,NonWoody,Forb,Perennial,NATIVE,,Forb
DAPA2,Danthonia parryi,DAPA2,NonWoody,Graminoid,Perennial,NATIVE,,Graminoid
DAPU3,Daucus pusillus,DAPU3,NonWoody,Forb,Annual,NATIVE,,Forb
DAPU5,Dalea purpurea,DAPU5,NonWoody,Forb,Perennial,NATIVE,,Forb
DAPU7,Dasyochloa pulchella,DAPU7,NonWoody,Graminoid,Perennial,NATIVE,,Graminoid
DASE3,Dalea searlsiae,DASE3,NonWoody,Forb,Perennial,NATIVE,,Forb
DASP2,Danthonia spicata,DASP2,NonWoody,Graminoid,Perennial,NATIVE,,Graminoid
DASYL,Dasylirion,DASYL,Woody,Succulent,Perennial,NATIVE,,Shrub
DASYO,Dasyochloa,DASYO,NonWoody,Graminoid,Annual,NATIVE,,Graminoid
DAUN,Danthonia unispicata,DAUN,NonWoody,Graminoid,Perennial,NATIVE,,Graminoid
DAWH2,Dasylirion wheeleri,DAWH2,Woody,Succulent,Perennial,NATIVE,,Shrub
DEAN,Delphinium andersonii,DEAN,NonWoody,Forb,Perennial,NATIVE,,Forb
DEBA2,Delphinium barbeyi,DEBA2,NonWoody,Forb,Perennial,NATIVE,,Forb
DEBI,Delphinium bicolor,DEBI,NonWoody,Forb,Perennial,NATIVE,,Forb
DEBIB,Delphinium bicolor subsp. bicolor,DEBIB,NonWoody,Forb,Perennial,NATIVE,,Forb
DECA6,Descurainia californica,DECA6,NonWoody,Forb,Annual,NATIVE,,Forb
DECA18,Deschampsia caespitosa,DECE,NonWoody,Graminoid,Perennial,NATIVE,,Graminoid
DECE,Deschampsia cespitosa,DECE,NonWoody,Graminoid,Perennial,NATIVE,,Graminoid
DECO2,Desmanthus cooleyi,DECO2,NonWoody,Forb,Perennial,NATIVE,,Forb
DEDA,Deschampsia danthonioides,DEDA,NonWoody,Graminoid,Annual,NATIVE,,Graminoid
DEDE2,Delphinium depauperatum,DEDE2,NonWoody,Forb,Perennial,NATIVE,,Forb
DEDI11,Delphinium distichum,DEDI11,NonWoody,Forb,Perennial,NATIVE,,Forb
DEEL,Deschampsia elongata,DEEL,NonWoody,Graminoid,Perennial,NATIVE,,Graminoid
DEGE2,Delphinium geyeri,DEGE2,NonWoody,Forb,Perennial,NATIVE,,Forb
DEGL,Delphinium glareosum,DEGL,NonWoody,Forb,Perennial,NATIVE,,Forb
DEGL2,Delphinium glaucescens,DEGL2,NonWoody,Forb,Perennial,NATIVE,,Forb
DEIN5,Descurainia incana,DEIN5,NonWoody,Forb,Annual,NATIVE,,Forb
DEIN13,Descurainia incisa,DEINI2,NonWoody,Forb,Annual,NATIVE,,Forb
DEINI2,Descurainia incana subsp. incisa,DEINI2,NonWoody,Forb,Annual,NATIVE,,Forb
DELPH,Delphinium,DELPH,NonWoody,Forb,Perennial,NATIVE,,Forb
DENU2,Delphinium nuttallianum,DENU2,NonWoody,Forb,Perennial,NATIVE,,Forb
DESO,Delphinium sonnei,DENU2,NonWoody,Forb,Perennial,NATIVE,,Forb
DEOC,Delphinium occidentale,DEOC,NonWoody,Forb,Perennial,NATIVE,,Forb
DEPA14,Descurainia paradisa,DEPA14,NonWoody,Forb,Annual,NATIVE,,Forb
DEPI,Descurainia pinnata,DEPI,NonWoody,Forb,Annual,NATIVE,,Forb
DEPIB,Descurainia pinnata subsp. brachycarpa,DEPIB,NonWoody,Forb,Annual,NATIVE,,Forb
DEPIF,Descurainia pinnata subsp. filipes,DEPIF,NonWoody,Forb,Annual,NATIVE,,Forb
DEPII,Descurainia pinnata subsp. intermedia,DEPII,NonWoody,Forb,Annual,NATIVE,,Forb
DEPIN,Descurainia pinnata subsp. nelsonii,DEPIN,NonWoody,Forb,Annual,NATIVE,,Forb
DEPIO2,Descurainia pinnata subsp. ochroleuca,DEPIO2,NonWoody,Forb,Annual,NATIVE,,Forb
DERA,Delphinium ramosum,DERA,NonWoody,Forb,Perennial,NATIVE,,Forb
DESCU,Descurainia,DESCU,NonWoody,Forb,Annual,NATIVE,,Forb
DESO2,Descurainia sophia,DESO2,NonWoody,Forb,Annual,EXOTIC,INVASIVE,Forb
DIBR,Dichondra brachypoda,DIBR,NonWoody,Forb,Perennial,NATIVE,,Forb
DICA14,Dichelostemma capitatum,DICA14,NonWoody,Forb,Perennial,NATIVE,,Forb
DICA31,Dimorphocarpa candicans,DICA31,NonWoody,Forb,Annual,NATIVE,,Forb
DICA4,Dicoria canescens,DICA4,NonWoody,Forb,Annual,NATIVE,,Forb
DICA8,Digitaria californica,DICA8,NonWoody,Graminoid,Perennial,NATIVE,,Graminoid
DIFU2,Dipsacus fullonum,DIFU2,NonWoody,Forb,Annual,EXOTIC,INVASIVE,Forb
SONU2,Sorghastrum nutans,DIIN2,NonWoody,Graminoid,Perennial,NATIVE,,Graminoid
DIMOR,Dimorphocarpa,DIMOR,NonWoody,Forb,Annual,NATIVE,,Forb
DIMU5,Dichelostemma multiflorum,DIMU5,NonWoody,Forb,Perennial,NATIVE,,Forb
DIPA3,Dicranocarpus parviflorus,DIPA3,NonWoody,Forb,Annual,NATIVE,,Forb
DIPSA,Dipsacus,DIPSA,NonWoody,Forb,Annual,EXOTIC,,Forb
DIPU9,Digitaria pubiflora,DIPU9,NonWoody,Graminoid,Perennial,NATIVE,,Graminoid
DISP,Distichlis spicata,DISP,NonWoody,Graminoid,Perennial,NATIVE,,Graminoid
DISTI,Distichlis,DISTI,NonWoody,Graminoid,Perennial,NATIVE,,Graminoid
DIWI2,Dimorphocarpa wislizeni,DIWI2,NonWoody,Forb,Annual,NATIVE,,Forb
DOCO,Dodecatheon conjugens,DOCO,NonWoody,Forb,Perennial,NATIVE,,Forb
DOMO,Douglasia montana,DOMO,NonWoody,Forb,Perennial,NATIVE,,Forb
DOPU,Dodecatheon pulchellum,DOPU,NonWoody,Forb,Perennial,NATIVE,,Forb
DRABA,Draba,DRABA,NonWoody,Forb,Annual,NATIVE,,Forb
DRAU,Draba aurea,DRAU,NonWoody,Forb,Perennial,NATIVE,,Forb
DRCR2,Draba crassifolia,DRCR2,NonWoody,Forb,Annual,NATIVE,,Forb
DRCU,Draba cuneifolia,DRCU,NonWoody,Forb,Annual,NATIVE,,Forb
DRDE,Draba densifolia,DRDE,NonWoody,Forb,Perennial,NATIVE,,Forb
DRLE3,Drymaria leptophylla,DRLE3,NonWoody,Forb,Annual,NATIVE,,Forb
DRMO2,Drymaria molluginea,DRMO2,NonWoody,Forb,Annual,NATIVE,,Forb
DRNE,Draba nemorosa,DRNE,NonWoody,Forb,Annual,NATIVE,,Forb
DROL,Draba oligosperma,DROL,NonWoody,Forb,Perennial,NATIVE,,Forb
DRPA2,Dracocephalum parviflorum,DRPA2,NonWoody,Forb,Annual,NATIVE,,Forb
DRRE,Draba rectifructa,DRRE,NonWoody,Forb,Annual,NATIVE,,Forb
DRRE2,Draba reptans,DRRE2,NonWoody,Forb,Annual,NATIVE,,Forb
DRST5,Draba streptobrachia,DRST5,NonWoody,Forb,Perennial,NATIVE,,Forb
DRVE,Draba ventosa,DRVE,NonWoody,Forb,Perennial,NATIVE,,Forb
DRVE2,Draba verna,DRVE2,NonWoody,Forb,Annual,EXOTIC,INVASIVE,Forb
DUAN,Dudleya angustiflora,DUCYC3,NonWoody,Succulent,Perennial,NATIVE,,Shrub
DYBO,Dysphania botrys,DYBO,NonWoody,Forb,Annual,EXOTIC,INVASIVE,Forb
DYGR,Dysphania graveolens,DYGR,NonWoody,Forb,Annual,NATIVE,,Forb
DYPA,Dyssodia papposa,DYPA,NonWoody,Forb,Annual,NATIVE,,Forb
DYSSO,Dyssodia,DYSSO,NonWoody,Forb,Annual,NATIVE,,Forb
EANI,Eatonella nivea,EANI,NonWoody,Forb,Annual,NATIVE,,Forb
ECAN2,Echinacea angustifolia,ECAN2,NonWoody,Forb,Perennial,NATIVE,,Forb
ECCO5,Echinocereus coccineus,ECCO5,Woody,Succulent,Perennial,NATIVE,,Shrub
ECDA,Echinocereus dasyacanthus,ECDA,Woody,Succulent,Perennial,NATIVE,,Shrub
ECEN,Echinocereus engelmannii,ECEN,Woody,Succulent,Perennial,NATIVE,,Shrub
ECFE,Echinocereus fendleri,ECFE,Woody,Succulent,Perennial,NATIVE,,Shrub
ECHIN2,Echinocactus,ECHIN2,Woody,Succulent,Perennial,NATIVE,,Shrub
ECHOH,Echinocactus horizonthalonius var. horizonthalonius,ECHOH,Woody,Succulent,Perennial,NATIVE,,Shrub
ECJO3,Echinomastus johnsonii,ECJO3,Woody,Succulent,Perennial,NATIVE,,Shrub
ECTR,Echinocereus triglochidiatus,ECTR,Woody,Succulent,Perennial,NATIVE,,Shrub
ECTRT,Echinocereus triglochidiatus var. triglochidiatus,ECTRT,Woody,Succulent,Perennial,NATIVE,,Shrub
ECVI2,Echinocereus viridiflorus,ECVI2,Woody,Succulent,Perennial,NATIVE,,Shrub
ELAC,Eleocharis acicularis,ELAC,NonWoody,Graminoid,Perennial,NATIVE,,Graminoid
ELAL5,Elymus alaskanus,ELAL5,NonWoody,Graminoid,Perennial,NATIVE,,Graminoid
ELAL7,Elymus albicans,ELAL7,NonWoody,Graminoid,Perennial,NATIVE,,Graminoid
ELTR,Elatine triandra,ELAM3,NonWoody,Forb,Annual,NATIVE,,Forb
ELAN,Elaeagnus angustifolia,ELAN,Woody,Tree,Perennial,EXOTIC,INVASIVE,Shrub
ELBA3,Elymus bakeri,ELBA3,NonWoody,Graminoid,Perennial,NATIVE,,Graminoid
ELBO,Eleocharis bolanderi,ELBO,NonWoody,Graminoid,Perennial,NATIVE,,Graminoid
ELBR5,Elatine brachysperma,ELBR5,NonWoody,Forb,Annual,NATIVE,,Forb
ELCA4,Elymus canadensis,ELCA4,NonWoody,Graminoid,Perennial,NATIVE,,Graminoid
ELCI3,Elymus ciliaris,ELCI3,NonWoody,Graminoid,Perennial,NATIVE,,Graminoid
ELOV,Eleocharis ovata,ELDI2,NonWoody,Graminoid,Annual,NATIVE,,Graminoid
ELEL,Eleocharis elegans,ELEL,NonWoody,Graminoid,Perennial,NATIVE,,Graminoid
ELEL4,Eleocharis elliptica,ELEL4,NonWoody,Graminoid,Perennial,NATIVE,,Graminoid
ELEL5,Elymus elymoides,ELEL5,NonWoody,Graminoid,Perennial,NATIVE,,Graminoid
ELELB,Elymus elymoides var. brevifolius,ELELB2,NonWoody,Graminoid,Perennial,NATIVE,,Graminoid
ELELB2,Elymus elymoides subsp. brevifolius,ELELB2,NonWoody,Graminoid,Perennial,NATIVE,,Graminoid
ELLO3,Elymus longifolius,ELELB2,NonWoody,Graminoid,Perennial,NATIVE,,Graminoid
ELELE,Elymus elymoides subsp. elymoides,ELELE,NonWoody,Graminoid,Perennial,NATIVE,,Graminoid
ELELH,Elymus elymoides subsp. hordeoides,ELELH,NonWoody,Graminoid,Perennial,NATIVE,,Graminoid
ELPA3,Eleocharis palustris,ELER,NonWoody,Graminoid,Perennial,NATIVE,,Graminoid
ELGL,Elymus glaucus,ELGL,NonWoody,Graminoid,Perennial,NATIVE,,Graminoid
ELGLG,Elymus glaucus subsp. glaucus,ELGLG,NonWoody,Graminoid,Perennial,NATIVE,,Graminoid
ELHY,Elymus hystrix,ELHY,NonWoody,Graminoid,Perennial,NATIVE,,Graminoid
ELLA3,Elymus lanceolatus,ELLA3,NonWoody,Graminoid,Perennial,NATIVE,,Graminoid
ELLAL,Elymus lanceolatus subsp. lanceolatus,ELLAL,NonWoody,Graminoid,Perennial,NATIVE,,Graminoid
ELMA5,Eleocharis macrostachya,ELMA5,NonWoody,Graminoid,Perennial,NATIVE,,Graminoid
ELMA7,Elymus macrourus,ELMA7,NonWoody,Graminoid,Perennial,NATIVE,,Graminoid
ELMA8,Elyhordeum macounii,ELMA8,NonWoody,Graminoid,Perennial,NATIVE,,Graminoid
ELMU3,Elymus multisetus,ELMU3,NonWoody,Graminoid,Perennial,NATIVE,,Graminoid
ELRE4,Elymus repens,ELRE4,NonWoody,Graminoid,Perennial,EXOTIC,INVASIVE,Graminoid
ELSU,Elymus submuticus,ELSU,NonWoody,Graminoid,Perennial,NATIVE,,Graminoid
ELTR7,Elymus trachycaulus,ELTR7,NonWoody,Graminoid,Perennial,NATIVE,,Graminoid
ELTRT,Elymus trachycaulus subsp. trachycaulus,ELTRT,NonWoody,Graminoid,Perennial,NATIVE,,Graminoid
ELWA2,Elymus wawawaiensis,ELWA2,NonWoody,Graminoid,Perennial,NATIVE,,Graminoid
ELYMU,Elymus,ELYMU,NonWoody,Graminoid,Perennial,NATIVE,,Graminoid
ENAC,Encelia actonii,ENAC,Woody,Shrub,Perennial,NATIVE,,Shrub
ENDE,Enneapogon desvauxii,ENDE,NonWoody,Graminoid,Perennial,NATIVE,,Graminoid
ENDI,Endolepis dioica,ENDI,NonWoody,Forb,Annual,NATIVE,,Forb
ENFA,Encelia farinosa,ENFA,Woody,Shrub,Perennial,NATIVE,,Shrub
ENFR,Encelia frutescens,ENFR,Woody,Shrub,Perennial,NATIVE,,Shrub
ENRE,Encelia resinifera,ENRE,Woody,Shrub,Perennial,NATIVE,,Shrub
ENVI,Encelia virginensis,ENVI,Woody,Shrub,Perennial,NATIVE,,Shrub
EPAS,Ephedra aspera,EPAS,Woody,Shrub,Perennial,NATIVE,,Shrub
EPBR3,Epilobium brachycarpum,EPBR3,NonWoody,Forb,Annual,NATIVE,,Forb
EPPA2,Epilobium paniculatum,EPBR3,NonWoody,Forb,Annual,NATIVE,,Forb
EPCI,Epilobium ciliatum,EPCI,NonWoody,Forb,Perennial,NATIVE,,Forb
EPCO,Epilobium coloratum,EPCO,NonWoody,Forb,Perennial,NATIVE,,Forb
EPCU,Ephedra cutleri,EPCU,Woody,Shrub,Perennial,NATIVE,,Shrub
EPDE4,Epilobium densiflorum,EPDE4,NonWoody,Forb,Annual,NATIVE,,Forb
EPFO,Epilobium foliosum,EPFO,NonWoody,Forb,Annual,NATIVE,,Forb
EPGL,Epilobium glaberrimum,EPGL,NonWoody,Forb,Perennial,NATIVE,,Forb
EPHED,Ephedra,EPHED,Woody,Shrub,Perennial,NATIVE,,Shrub
EPILO,Epilobium,EPILO,NonWoody,Forb,Perennial,NATIVE,,Forb
EPLA3,Epilobium lactiflorum,EPLA3,NonWoody,Forb,Perennial,NATIVE,,Forb
EPMI,Epilobium minutum,EPMI,NonWoody,Forb,Annual,NATIVE,,Forb
EPNE,Ephedra nevadensis,EPNE,Woody,Shrub,Perennial,NATIVE,,Shrub
EPPA5,Epilobium parviflorum,EPPA5,,,,EXOTIC,,
EPPY4,Epilobium pygmaeum,EPPY4,NonWoody,Forb,Annual,NATIVE,,Forb
EPTO,Ephedra torreyana,EPTO,Woody,Shrub,Perennial,NATIVE,,Shrub
EPTR,Ephedra trifurca,EPTR,Woody,Shrub,Perennial,NATIVE,,Shrub
EPVI,Ephedra viridis,EPVI,Woody,Shrub,Perennial,NATIVE,,Shrub
EQLA,Equisetum laevigatum,EQLA,NonWoody,Forb,Perennial,NATIVE,,Forb
EQUIS,Equisetum,EQUIS,NonWoody,Forb,Perennial,NATIVE,,Forb
ERAB2,Eriogonum abertianum,ERAB2,NonWoody,Forb,Annual,NATIVE,,Forb
ERABC,Eriogonum abertianum var. cyclosepalum,ERAB2,NonWoody,Forb,Annual,NATIVE,,Forb
ERABN,Eriogonum abertianum var. neomexicanum,ERAB2,NonWoody,Forb,Annual,NATIVE,,Forb
ERAC2,Erigeron acris,ERAC2,NonWoody,Forb,Annual,NATIVE,,Forb
ERAGR,Eragrostis,ERAGR,NonWoody,Graminoid,Perennial,NATIVE,,Graminoid
ERAL4,Eriogonum alatum,ERAL4,NonWoody,Forb,Perennial,NATIVE,,Forb
PTAL3,Pterogonum alatum,ERAL4,NonWoody,Forb,Perennial,NATIVE,,Forb
ERAN,Erigeron annuus,ERAN,NonWoody,Forb,Annual,NATIVE,,Forb
ERAN2,Eriodictyon angustifolium,ERAN2,Woody,Shrub,Perennial,NATIVE,,Shrub
ERAN4,Eriogonum annuum,ERAN4,NonWoody,Forb,Annual,NATIVE,,Forb
ERAP,Erigeron aphanactis,ERAP,NonWoody,Forb,Perennial,NATIVE,,Forb
ERAPA2,Erigeron aphanactis var. aphanactis,ERAPA2,NonWoody,Forb,Perennial,NATIVE,,Forb
ERAR3,Erigeron argentatus,ERAR3,NonWoody,Forb,Perennial,NATIVE,,Forb
ERAS2,Erysimum asperum,ERAS2,NonWoody,Forb,Perennial,NATIVE,,Forb
ERAU6,Erigeron austiniae,ERAU6,NonWoody,Forb,Perennial,NATIVE,,Forb
ERBA5,Eriogonum batemanii,ERBA5,NonWoody,Forb,Perennial,NATIVE,,Forb
ERBA7,Eriogonum baileyi,ERBA7,NonWoody,Forb,Perennial,NATIVE,,Forb
ERBE2,Erigeron bellidiastrum,ERBE2,NonWoody,Forb,Annual,NATIVE,,Forb
ERBI,Eriogonum bicolor,ERBI,Woody,SubShrub,Perennial,NATIVE,,Shrub
ERBL,Erigeron bloomeri,ERBL,NonWoody,Forb,Perennial,NATIVE,,Forb
ERBL2,Ericameria bloomeri,ERBL2,Woody,Shrub,Perennial,NATIVE,,Shrub
ERBR4,Erigeron breweri,ERBR4,NonWoody,Forb,Perennial,NATIVE,,Forb
ERBR5,Eriogonum brevicaule,ERBR5,NonWoody,Forb,Perennial,NATIVE,,Forb
ERBR7,Eriogonum brachyanthum,ERBR7,NonWoody,Forb,Annual,NATIVE,,Forb
ERBR8,Eriogonum brachypodum,ERBR8,NonWoody,Forb,Annual,NATIVE,,Forb
ERBRL,Eriogonum brevicaule var. laxifolium,ERBRL,NonWoody,Forb,Perennial,NATIVE,,Forb
ERCA14,Erysimum capitatum,ERCA14,NonWoody,Forb,Annual,NATIVE,,Forb
ERCA2,Erigeron caespitosus,ERCA2,NonWoody,Forb,Perennial,NATIVE,,Forb
ERCA4,Erigeron canus,ERCA4,NonWoody,Forb,Perennial,NATIVE,,Forb
ERCA8,Eriogonum caespitosum,ERCA8,NonWoody,Forb,Perennial,NATIVE,,Forb
ERCE2,Eriogonum cernuum,ERCE2,NonWoody,Forb,Annual,NATIVE,,Forb
ERCEC,Eriogonum cernuum var. cernuum,ERCEC,NonWoody,Forb,Annual,NATIVE,,Forb
ERCH4,Erigeron chrysopsidis,ERCH4,NonWoody,Forb,Perennial,NATIVE,,Forb
ERCI,Eragrostis cilianensis,ERCI,NonWoody,Graminoid,Annual,EXOTIC,INVASIVE,Graminoid
POCI3,Poa cilianensis,ERCI,NonWoody,Graminoid,Annual,EXOTIC,INVASIVE,Graminoid
ERCI6,Erodium cicutarium,ERCI6,NonWoody,Forb,Annual,EXOTIC,INVASIVE,Forb
ERCI9,Erodium ciconium,ERCI9,NonWoody,Forb,Annual,EXOTIC,,Forb
ERCIC,Erodium cicutarium subsp. cicutarium,ERCIC,NonWoody,Forb,Annual,EXOTIC,INVASIVE,Forb
ERCO10,Eriogonum collinum,ERCO10,NonWoody,Forb,Annual,NATIVE,,Forb
ERCO12,Eriogonum compositum,ERCO12,NonWoody,Forb,Perennial,NATIVE,,Forb
ERCO14,Eriogonum corymbosum,ERCO14,Woody,Shrub,Perennial,NATIVE,,Shrub
ERCO27,Erigeron concinnus,ERCO27,NonWoody,Forb,Perennial,NATIVE,,Forb
ERCO4,Erigeron compositus,ERCO4,NonWoody,Forb,Perennial,NATIVE,,Forb
ERCO5,Erigeron corymbosus,ERCO5,NonWoody,Forb,Perennial,NATIVE,,Forb
ERCO6,Erigeron coulteri,ERCO6,NonWoody,Forb,Perennial,NATIVE,,Forb
ERCOC8,Eriogonum compositum var. compositum,ERCOC8,NonWoody,Forb,Perennial,NATIVE,,Forb
ERCOC9,Eriogonum corymbosum var. corymbosum,ERCOC9,Woody,SubShrub,Perennial,NATIVE,,Shrub
ERDI13,Eriogonum divergens,ERCOC9,Woody,SubShrub,Perennial,NATIVE,,Shrub
ERCU2,Eragrostis curvula,ERCU2,NonWoody,Graminoid,Perennial,EXOTIC,INVASIVE,Graminoid
ERCU7,Ericameria cuneata,ERCU7,Woody,Shrub,Perennial,NATIVE,,Shrub
ERDA4,Eriogonum davidsonii,ERDA4,NonWoody,Forb,Perennial,NATIVE,,Forb
ERDE6,Eriogonum deflexum,ERDE6,NonWoody,Forb,Annual,NATIVE,,Forb
ERDI14,Ericameria discoidea,ERDI14,Woody,Shrub,Perennial,NATIVE,,Shrub
ERDI2,Eriastrum diffusum,ERDI2,NonWoody,Forb,Annual,NATIVE,,Forb
ERDIJ,Eriastrum diffusum subsp. jonesii,ERDI2,NonWoody,Forb,Annual,NATIVE,,Forb
ERDI3,Erigeron disparipilus,ERDI3,NonWoody,Forb,Perennial,NATIVE,,Forb
ERDI4,Erigeron divergens,ERDI4,NonWoody,Forb,Annual,NATIVE,,Forb
ERDI5,Eriogonum divaricatum,ERDI5,NonWoody,Forb,Annual,NATIVE,,Forb
ERDID,Ericameria discoidea var. discoidea,ERDID,Woody,Shrub,Perennial,NATIVE,,Shrub
ERDO,Eriogonum douglasii,ERDO,NonWoody,Forb,Perennial,NATIVE,,Forb
EREA,Erigeron eatonii,EREA,NonWoody,Forb,Perennial,NATIVE,,Forb
EREAE,Erigeron eatonii var. eatonii,EREAE,NonWoody,Forb,Perennial,NATIVE,,Forb
EREF,Eriogonum effusum,EREF,Woody,Shrub,Perennial,NATIVE,,Shrub
EREL4,Erigeron elegantulus,EREL4,NonWoody,Forb,Perennial,NATIVE,,Forb
EREL5,Eriogonum elatum,EREL5,NonWoody,Forb,Perennial,NATIVE,,Forb
EREN,Erigeron engelmannii,EREN,NonWoody,Forb,Perennial,NATIVE,,Forb
ERER2,Eriastrum eremicum,ERER2,NonWoody,Forb,Annual,NATIVE,,Forb
ERES,Eriogonum esmeraldense,ERES,NonWoody,Forb,Annual,NATIVE,,Forb
EREX2,Eriogonum exilifolium,EREX2,NonWoody,Forb,Perennial,NATIVE,,Forb
EREX4,Erigeron eximius,EREX4,NonWoody,Forb,Perennial,NATIVE,,Forb
ERFA2,Eriogonum fasciculatum,ERFA2,Woody,Shrub,Perennial,NATIVE,,Shrub
ERFAP,Eriogonum fasciculatum var. polifolium,ERFAP,Woody,Shrub,Perennial,NATIVE,,Shrub
ERFI2,Erigeron filifolius,ERFI2,NonWoody,Forb,Perennial,NATIVE,,Forb
ERFL,Erigeron flagellaris,ERFL,NonWoody,Forb,Annual,NATIVE,,Forb
ERFL4,Eriogonum flavum,ERFL4,NonWoody,Forb,Perennial,NATIVE,,Forb
ERFLF,Eriogonum flavum var. flavum,ERFLF,NonWoody,Forb,Perennial,NATIVE,,Forb
ERFU3,Eriogonum fusiforme,ERFU3,NonWoody,Forb,Annual,NATIVE,,Forb
ERGL2,Erigeron glabellus,ERGL2,NonWoody,Forb,Annual,NATIVE,,Forb
ERGO,Eriogonum gordonii,ERGO,NonWoody,Forb,Annual,NATIVE,,Forb
ERGR16,Ericameria greenei,ERGR16,Woody,Shrub,Perennial,NATIVE,,Shrub
ERGR3,Erigeron grandiflorus,ERGR3,NonWoody,Forb,Perennial,NATIVE,,Forb
ERHA,Eriogonum havardii,ERHA,NonWoody,Forb,Perennial,NATIVE,,Forb
ERHE,Eriogonum heermannii,ERHE,Woody,Shrub,Perennial,NATIVE,,Shrub
ERHE2,Eriogonum heracleoides,ERHE2,NonWoody,Forb,Perennial,NATIVE,,Forb
ERHEH3,Eriogonum heracleoides var. heracleoides,ERHEH3,NonWoody,Forb,Perennial,NATIVE,,Forb
ERHI3,Eriogonum hieraciifolium,ERHI3,NonWoody,Forb,Perennial,NATIVE,,Forb
ERHU,Erigeron humilis,ERHU,NonWoody,Forb,Perennial,NATIVE,,Forb
ERIAS,Eriastrum,ERIAS,NonWoody,Forb,Annual,NATIVE,,Forb
ERICA2,Ericameria,ERICA2,Woody,Shrub,Perennial,NATIVE,,Shrub
ERIGE,Erigenia,ERIGE,,,,NATIVE,,
ERIGE2,Erigeron,ERIGE2,NonWoody,Forb,Perennial,NATIVE,,Forb
ERIN,Eragrostis intermedia,ERIN,NonWoody,Graminoid,Perennial,NATIVE,,Graminoid
ERIN4,Eriogonum inflatum,ERIN4,NonWoody,Forb,Perennial,NATIVE,,Forb
ERIN7,Erysimum inconspicuum,ERIN7,NonWoody,Forb,Annual,NATIVE,,Forb
ERIOG,Eriogonum,ERIOG,NonWoody,Forb,Perennial,NATIVE,,Forb
ERION,Erioneuron,ERION,NonWoody,Graminoid,Perennial,NATIVE,,Graminoid
ERIOP2,Eriophyllum,ERIOP2,NonWoody,Forb,Perennial,NATIVE,,Forb
ERJA,Eriogonum jamesii,ERJA,NonWoody,Forb,Perennial,NATIVE,,Forb
ERAR25,Eriogonum arcuatum,ERJAF,NonWoody,Forb,Perennial,NATIVE,,Forb
ERJAF,Eriogonum jamesii var. flavescens,ERJAF,NonWoody,Forb,Perennial,NATIVE,,Forb
ERKI,Eriogonum kingii,ERKI,NonWoody,Forb,Perennial,NATIVE,,Forb
ERLA,Erigeron lanatus,ERLA,NonWoody,Forb,Perennial,NATIVE,,Forb
ERLA12,Ericameria laricifolia,ERLA12,Woody,Shrub,Perennial,NATIVE,,Shrub
ERLA6,Eriophyllum lanatum,ERLA6,NonWoody,Forb,Perennial,NATIVE,,Forb
ERLAI,Eriophyllum lanatum var. integrifolium,ERLAI,Woody,Shrub,Perennial,NATIVE,,Shrub
ERLE,Eragrostis lehmanniana,ERLE,NonWoody,Graminoid,Perennial,EXOTIC,INVASIVE,Graminoid
ERLE10,Eriogonum leptophyllum,ERLE10,Woody,Shrub,Perennial,NATIVE,,Shrub
ERLE9,Eriogonum leptocladon,ERLE9,Woody,Shrub,Perennial,NATIVE,,Shrub
ERLI,Erigeron linearis,ERLI,NonWoody,Forb,Perennial,NATIVE,,Forb
ERLI6,Ericameria linearifolia,ERLI6,Woody,Shrub,Perennial,NATIVE,,Shrub
ERLO,Erigeron lonchophyllus,ERLO,NonWoody,Forb,Perennial,NATIVE,,Forb
ERLO2,Eriogonum lobbii,ERLO2,NonWoody,Forb,Perennial,NATIVE,,Forb
ERLO4,Eriogonum lonchophyllum,ERLO4,NonWoody,Forb,Perennial,NATIVE,,Forb
ERLO5,Eriogonum longifolium,ERLO5,NonWoody,Forb,Perennial,NATIVE,,Forb
ERLON,Eriogonum lonchophyllum var. nudicaule,ERLON,NonWoody,Forb,Perennial,NATIVE,,Forb
ERMA2,Eriogonum maculatum,ERMA2,NonWoody,Forb,Annual,NATIVE,,Forb
ERUNM,Erigeron uniflorus var. melanocephalus,ERME2,NonWoody,Forb,Perennial,NATIVE,,Forb
ERMI2,Erigeron miser,ERMI2,NonWoody,Forb,Perennial,NATIVE,,Forb
ERMI4,Eriogonum microthecum,ERMI4,Woody,SubShrub,Perennial,NATIVE,,Shrub
ERMIS2,Eriogonum microthecum var. simpsonii,ERMIS2,Woody,Shrub,Perennial,NATIVE,,Shrub
ERNA,Eritrichium nanum,ERNA,NonWoody,Forb,Perennial,NATIVE,,Forb
CHNA2,Chrysothamnus nauseosus,ERNA10,Woody,Shrub,Perennial,NATIVE,,Shrub
ERNA10,Ericameria nauseosa,ERNA10,Woody,Shrub,Perennial,NATIVE,,Shrub
ERNA5,Erigeron nanus,ERNA5,NonWoody,Forb,Perennial,NATIVE,,Forb
ERNA7,Ericameria nana,ERNA7,Woody,Shrub,Perennial,NATIVE,,Shrub
ERNAB2,Ericameria nauseosa var. bigelovii,ERNAB2,Woody,Shrub,Perennial,NATIVE,,Shrub
ERNAL,Ericameria nauseosa var. leiosperma,ERNAL,Woody,Shrub,Perennial,NATIVE,,Shrub
ERNAN3,Ericameria nauseosa subsp. nauseosa,ERNAN3,Woody,Shrub,Perennial,NATIVE,,Shrub
ERNAN5,Ericameria nauseosa var. nauseosa,ERNAN3,Woody,Shrub,Perennial,NATIVE,,Shrub
ERNE2,Erigeron nematophyllus,ERNE2,NonWoody,Forb,Perennial,NATIVE,,Forb
ERNI2,Eriogonum niveum,ERNI2,NonWoody,Forb,Perennial,NATIVE,,Forb
ERNI4,Eriogonum nidularium,ERNI4,NonWoody,Forb,Annual,NATIVE,,Forb
ERNU3,Eriogonum nudum,ERNU3,NonWoody,Forb,Perennial,NATIVE,,Forb
ERNU4,Eriogonum nummulare,ERNU4,Woody,Shrub,Perennial,NATIVE,,Shrub
ERNUP4,Eriogonum nudum var. pubiflorum,ERNUP4,NonWoody,Forb,Perennial,NATIVE,,Forb
EROC,Erigeron ochroleucus,EROC,NonWoody,Forb,Perennial,NATIVE,,Forb
EROC2,Eriogonum ochrocephalum,EROC2,NonWoody,Forb,Perennial,NATIVE,,Forb
ERODI,Erodium,ERODI,NonWoody,Forb,Annual,NATIVE,,Forb
EROV,Eriogonum ovalifolium,EROV,NonWoody,Forb,Perennial,NATIVE,,Forb
EROVO5,Eriogonum ovalifolium var. ovalifolium,EROVO5,NonWoody,Forb,Perennial,NATIVE,,Forb
EROVP2,Eriogonum ovalifolium var. purpureum,EROVP2,NonWoody,Forb,Perennial,NATIVE,,Forb
ERPA,Eragrostis palmeri,ERPA,NonWoody,Graminoid,Perennial,NATIVE,,Graminoid
ERPA11,Eriogonum palmerianum,ERPA11,NonWoody,Forb,Annual,NATIVE,,Forb
ERPA15,Ericameria palmeri,ERPA15,Woody,Shrub,Perennial,NATIVE,,Shrub
ERPA30,Ericameria parryi,ERPA30,Woody,Shrub,Perennial,NATIVE,,Shrub
ERPA9,Eriogonum pauciflorum,ERPA9,NonWoody,Forb,Perennial,NATIVE,,Forb
ERPAA,Eriogonum panguicense var. alpestre,ERPAA,NonWoody,Forb,Perennial,NATIVE,,Forb
ERPE,Eragrostis pectinacea,ERPE,NonWoody,Graminoid,Annual,NATIVE,,Graminoid
ERPE3,Erigeron peregrinus,ERPE3,NonWoody,Forb,Perennial,NATIVE,,Forb
ERPEC,Erigeron peregrinus subsp. callianthemus,ERPEC,NonWoody,Forb,Perennial,NATIVE,,Forb
ERPI2,Eragrostis pilosa,ERPI2,NonWoody,Graminoid,Annual,EXOTIC,INVASIVE,Graminoid
ERPI5,Erioneuron pilosum,ERPI5,NonWoody,Graminoid,Perennial,NATIVE,,Graminoid
ERPI6,Erigeron pinnatisectus,ERPI6,NonWoody,Forb,Perennial,NATIVE,,Forb
ERPO2,Erigeron poliospermus,ERPO2,NonWoody,Forb,Perennial,NATIVE,,Forb
ERPU2,Erigeron pumilus,ERPU2,NonWoody,Forb,Perennial,NATIVE,,Forb
ERPU6,Eriogonum pusillum,ERPU6,NonWoody,Forb,Annual,NATIVE,,Forb
ERPU9,Erigeron pulcherrimus,ERPU9,NonWoody,Forb,Perennial,NATIVE,,Forb
ERRA3,Eriogonum racemosum,ERRA3,NonWoody,Forb,Perennial,NATIVE,,Forb
ERRE3,Eriogonum reniforme,ERRE3,NonWoody,Forb,Annual,NATIVE,,Forb
ERRE4,Erysimum repandum,ERRE4,NonWoody,Forb,Annual,EXOTIC,INVASIVE,Forb
ERSH,Eriogonum shockleyi,ERSH,NonWoody,Forb,Perennial,NATIVE,,Forb
ERSI2,Eriastrum signatum,ERSI2,NonWoody,Forb,Annual,NATIVE,,Forb
ERSI3,Erigeron simplex,ERSI3,NonWoody,Forb,Perennial,NATIVE,,Forb
ERSP,Eragrostis spectabilis,ERSP,NonWoody,Graminoid,Perennial,NATIVE,,Graminoid
ERSP3,Eriastrum sparsiflorum,ERSP3,NonWoody,Forb,Annual,NATIVE,,Forb
ERSP4,Erigeron speciosus,ERSP4,NonWoody,Forb,Perennial,NATIVE,,Forb
ERSP6,Eriogonum spergulinum,ERSP6,NonWoody,Forb,Annual,NATIVE,,Forb
ERSP7,Eriogonum sphaerocephalum,ERSP7,NonWoody,Forb,Perennial,NATIVE,,Forb
ERSPS4,Eriogonum sphaerocephalum var. sphaerocephalum,ERSPS4,NonWoody,Forb,Perennial,NATIVE,,Forb
ERST3,Erigeron strigosus,ERST3,NonWoody,Forb,Annual,NATIVE,,Forb
ERST4,Eriogonum strictum,ERST4,NonWoody,Forb,Perennial,NATIVE,,Forb
ERST9,Eriophyllum stoechadifolium,ERST9,Woody,SubShrub,Perennial,NATIVE,,Shrub
ERSTP,Eriogonum strictum subsp. proliferum,ERSTP,NonWoody,Forb,Perennial,NATIVE,,Forb
ERSTS3,Eriogonum strictum subsp. strictum,ERSTS3,NonWoody,Forb,Perennial,NATIVE,,Forb
ERSU,Eragrostis superba,ERSU,NonWoody,Graminoid,Perennial,EXOTIC,INVASIVE,Graminoid
ERSU13,Ericameria suffruticosa,ERSU13,Woody,Shrub,Perennial,NATIVE,,Shrub
ERSU2,Erigeron subtrinervis,ERSU2,NonWoody,Forb,Perennial,NATIVE,,Forb
ERSU5,Eriogonum subreniforme,ERSU5,NonWoody,Forb,Annual,NATIVE,,Forb
ERTE18,Ericameria teretifolia,ERTE18,Woody,Shrub,Perennial,NATIVE,,Shrub
ERTE6,Erigeron tener,ERTE6,NonWoody,Forb,Perennial,NATIVE,,Forb
ERTH4,Eriogonum thymoides,ERTH4,NonWoody,Forb,Perennial,NATIVE,,Forb
ERTR13,Eremopyrum triticeum,ERTR13,NonWoody,Graminoid,Annual,EXOTIC,INVASIVE,Graminoid
ERTR3,Eragrostis trichodes,ERTR3,NonWoody,Graminoid,Perennial,NATIVE,,Graminoid
ERTR8,Eriogonum trichopes,ERTR8,NonWoody,Forb,Annual,NATIVE,,Forb
ERUM,Eriogonum umbellatum,ERUM,NonWoody,Forb,Perennial,NATIVE,,Forb
ERUMM,Eriogonum umbellatum var. majus,ERUMM,NonWoody,Forb,Perennial,NATIVE,,Forb
ERUR2,Erigeron ursinus,ERUR2,NonWoody,Forb,Perennial,NATIVE,,Forb
ERUT,Erigeron utahensis,ERUT,NonWoody,Forb,Perennial,NATIVE,,Forb
ERVE2,Erigeron vetensis,ERVE2,NonWoody,Forb,Perennial,NATIVE,,Forb
ERVI12,Eriogonum viridescens,ERVI12,NonWoody,Forb,Perennial,NATIVE,,Forb
ERVI5,Eriogonum vimineum,ERVI5,NonWoody,Forb,Annual,NATIVE,,Forb
ERWA3,Eriogonum watsonii,ERWA3,NonWoody,Forb,Annual,NATIVE,,Forb
ERWI,Eriastrum wilcoxii,ERWI,NonWoody,Forb,Annual,NATIVE,,Forb
ERWR,Eriogonum wrightii,ERWR,Woody,SubShrub,Perennial,NATIVE,,Shrub
ERYSI,Erysimum,ERYSI,NonWoody,Forb,Annual,NATIVE,,Forb
ESGL,Eschscholzia glyptosperma,ESGL,NonWoody,Forb,Annual,NATIVE,,Forb
ESMI,Eschscholzia minutiflora,ESMI,NonWoody,Forb,Annual,NATIVE,,Forb
ESMI3,Escobaria missouriensis,ESMI3,Woody,Succulent,Perennial,NATIVE,,Shrub
COVI9,Coryphantha vivipara,ESVI2,Woody,Succulent,Perennial,NATIVE,,Shrub
ESVI2,Escobaria vivipara,ESVI2,Woody,Succulent,Perennial,NATIVE,,Shrub
EUBR,Euphorbia brachycera,EUBR,NonWoody,Forb,Perennial,NATIVE,,Forb
EUDE4,Euphorbia dentata,EUDA5,NonWoody,Forb,Annual,NATIVE,,Forb
EUEL2,Eucephalus elegans,EUEL2,NonWoody,Forb,Perennial,NATIVE,,Forb
EUES,Euphorbia esula,EUES,NonWoody,Forb,Perennial,EXOTIC,INVASIVE,Forb
EUEXE3,Euphorbia exstipulata var. exstipulata,EUEX4,NonWoody,Forb,Annual,NATIVE,,Forb
ASGL3,Aster glaucodes,EUGL19,NonWoody,Forb,Perennial,NATIVE,,Forb
EUGL19,Eurybia glauca,EUGL19,NonWoody,Forb,Perennial,NATIVE,,Forb
EUIN9,Eurybia integrifolia,EUIN9,NonWoody,Forb,Perennial,NATIVE,,Forb
EUMA8,Euphorbia marginata,EUMA8,NonWoody,Forb,Annual,NATIVE,,Forb
EUMA9,Eutrochium maculatum,EUMA9,NonWoody,Forb,Perennial,NATIVE,,Forb
EUPE6,Euphorbia peplus,EUPE6,NonWoody,Forb,Annual,EXOTIC,INVASIVE,Forb
EUPHO,Euphorbia,EUPHO,NonWoody,Forb,Perennial,NATIVE,,Forb
EUSP,Euphorbia spathulata,EUSP,NonWoody,Forb,Annual,NATIVE,,Forb
EVNU,Evolvulus nuttallianus,EVNU,NonWoody,Forb,Perennial,NATIVE,,Forb
EVVE,Evax verna,EVVE,NonWoody,Forb,Annual,NATIVE,,Forb
FAPA,Fallugia paradoxa,FAPA,Woody,Shrub,Perennial,NATIVE,,Shrub
FEOV,Festuca ovina,FEAI,NonWoody,Graminoid,Perennial,EXOTIC,,Graminoid
FEAR2,Festuca arizonica,FEAR2,NonWoody,Graminoid,Perennial,NATIVE,,Graminoid
FEBR,Festuca brachyphylla,FEBR,NonWoody,Graminoid,Perennial,NATIVE,,Graminoid
FECA,Festuca californica,FECA,NonWoody,Graminoid,Perennial,NATIVE,,Graminoid
FECA4,Festuca campestris,FECA4,NonWoody,Graminoid,Perennial,NATIVE,,Graminoid
FEID,Festuca idahoensis,FEID,NonWoody,Graminoid,Perennial,NATIVE,,Graminoid
FEOC,Festuca occidentalis,FEOC,NonWoody,Graminoid,Perennial,NATIVE,,Graminoid
FERU,Fendlera rupicola,FERU,Woody,Shrub,Perennial,NATIVE,,Shrub
FERU2,Festuca rubra,FERU2,NonWoody,Graminoid,Perennial,NATIVE,,Graminoid
FESA,Festuca saximontana,FESA,NonWoody,Graminoid,Perennial,NATIVE,,Graminoid
FESAS,Festuca saximontana var. saximontana,FESAS,NonWoody,Graminoid,Perennial,NATIVE,,Graminoid
FESTU,Festuca,FESTU,NonWoody,Graminoid,Perennial,NATIVE,,Graminoid
FETH,Festuca thurberi,FETH,NonWoody,Graminoid,Perennial,NATIVE,,Graminoid
FLCE,Flourensia cernua,FLCE,Woody,Shrub,Perennial,NATIVE,,Shrub
FOPU2,Forestiera pubescens,FOPU2,Woody,Shrub,Perennial,NATIVE,,Shrub
FOSP2,Fouquieria splendens,FOSP2,Woody,Shrub,Perennial,NATIVE,,Shrub
FRAF2,Fritillaria affinis,FRAF2,NonWoody,Forb,Perennial,NATIVE,,Forb
FRAGA,Fragaria,FRAGA,NonWoody,Forb,Perennial,NATIVE,,Forb
FRAL2,Frasera albicaulis,FRAL2,NonWoody,Forb,Perennial,NATIVE,,Forb
FRAL5,Frasera albomarginata,FRAL5,NonWoody,Forb,Perennial,NATIVE,,Forb
FRALI2,Frasera albomarginata var. induta,FRAL5,NonWoody,Forb,Perennial,NATIVE,,Forb
FRAM2,Fraxinus americana,FRAM2,Woody,Tree,Perennial,NATIVE,,Shrub
FRAN2,Fraxinus anomala,FRAN2,Woody,Shrub,Perennial,NATIVE,,Shrub
FRASE,Frasera,FRASE,NonWoody,Forb,Perennial,NATIVE,,Forb
FRAT,Fritillaria atropurpurea,FRAT,NonWoody,Forb,Perennial,NATIVE,,Forb
FRGR3,Froelichia gracilis,FRGR3,NonWoody,Forb,Annual,NATIVE,,Forb
FRPU2,Fritillaria pudica,FRPU2,NonWoody,Forb,Perennial,NATIVE,,Forb
FRSP,Frasera speciosa,FRSP,NonWoody,Forb,Perennial,NATIVE,,Forb
FRVE,Fragaria vesca,FRVE,NonWoody,Forb,Perennial,NATIVE,,Forb
FRVI,Fragaria virginiana,FRVI,NonWoody,Forb,Perennial,NATIVE,,Forb
GAAM2,Galium ambiguum,GAAM2,NonWoody,Forb,Perennial,NATIVE,,Forb
GAAP2,Galium aparine,GAAP2,NonWoody,Forb,Annual,NATIVE,,Forb
GAAR,Gaillardia aristata,GAAR,NonWoody,Forb,Perennial,NATIVE,,Forb
GABI,Galium bifolium,GABI,NonWoody,Forb,Annual,NATIVE,,Forb
GABO2,Galium boreale,GABO2,NonWoody,Forb,Perennial,NATIVE,,Forb
GACO2,Galium coloradoense,GACO2,NonWoody,Forb,Perennial,NATIVE,,Forb
GAMUC,Galium multiflorum var. coloradoense,GACO2,NonWoody,Forb,Perennial,NATIVE,,Forb
GADE2,Gayophytum decipiens,GADE2,NonWoody,Forb,Annual,NATIVE,,Forb
GADI,Galium divaricatum,GADI,NonWoody,Forb,Annual,EXOTIC,INVASIVE,Forb
GADI2,Gayophytum diffusum,GADI2,NonWoody,Forb,Annual,NATIVE,,Forb
GADID,Gayophytum diffusum subsp. diffusum,GADID,NonWoody,Forb,Annual,NATIVE,,Forb
GADIP,Gayophytum diffusum subsp. parviflorum,GADIP,NonWoody,Forb,Annual,NATIVE,,Forb
GAHE3,Gayophytum heterozygum,GAHE3,NonWoody,Forb,Annual,NATIVE,,Forb
GAHU2,Gayophytum humile,GAHU2,NonWoody,Forb,Annual,NATIVE,,Forb
GALIU,Galium,GALIU,NonWoody,Forb,Perennial,NATIVE,,Forb
GAME3,Galium mexicanum,GAME3,NonWoody,Forb,Perennial,NATIVE,,Forb
GAMEA,Galium mexicanum subsp. asperrimum,GAMEA,NonWoody,Forb,Perennial,NATIVE,,Forb
GAMU2,Galium multiflorum,GAMU2,NonWoody,Forb,Perennial,NATIVE,,Forb
GAPU,Gaillardia pulchella,GAPU,NonWoody,Forb,Annual,NATIVE,,Forb
GARA,Gayophytum racemosum,GARA,NonWoody,Forb,Annual,NATIVE,,Forb
GARA2,Gayophytum ramosissimum,GARA2,NonWoody,Forb,Annual,NATIVE,,Forb
GASA2,Galium saxatile,GASA2,NonWoody,Forb,Perennial,EXOTIC,,Forb
GASE2,Galium serpenticum,GASE2,NonWoody,Forb,Perennial,NATIVE,,Forb
GATR2,Galium trifidum,GATR2,NonWoody,Forb,Perennial,NATIVE,,Forb
GATR3,Galium triflorum,GATR3,NonWoody,Forb,Perennial,NATIVE,,Forb
GATR6,Galium tricornutum,GATR6,NonWoody,Forb,Annual,EXOTIC,,Forb
GAYOP,Gayophytum,GAYOP,NonWoody,Forb,Annual,NATIVE,,Forb
GEAF,Gentiana affinis,GEAF,NonWoody,Forb,Perennial,NATIVE,,Forb
GEBI2,Geranium bicknellii,GEBI2,NonWoody,Forb,Annual,NATIVE,,Forb
GECA3,Geranium caespitosum,GECA3,NonWoody,Forb,Perennial,NATIVE,,Forb
GECA5,Geranium carolinianum,GECA5,NonWoody,Forb,Annual,NATIVE,,Forb
GEMA4,Geum macrophyllum,GEMA4,NonWoody,Forb,Perennial,NATIVE,,Forb
GEPA,Gentiana parryi,GEPA,NonWoody,Forb,Perennial,NATIVE,,Forb
GEPE,Geum peckii,GEPE,,,,NATIVE,,
GERAN,Geranium,GERAN,NonWoody,Forb,Perennial,NATIVE,,Forb
GERI,Geranium richardsonii,GERI,NonWoody,Forb,Perennial,NATIVE,,Forb
GERO2,Geum rossii,GERO2,NonWoody,Forb,Perennial,NATIVE,,Forb
GETR,Geum triflorum,GETR,NonWoody,Forb,Perennial,NATIVE,,Forb
GEUM,Geum,GEUM,NonWoody,Forb,Perennial,NATIVE,,Forb
GEVI,Geraea viscida,GEVI,NonWoody,Forb,Perennial,NATIVE,,Forb
GEVI2,Geranium viscosissimum,GEVI2,NonWoody,Forb,Perennial,NATIVE,,Forb
GEVII,Geranium viscosissimum var. incisum,GEVII,NonWoody,Forb,Perennial,NATIVE,,Forb
GIAC4,Giliastrum acerosum,GIAC4,NonWoody,Forb,Perennial,NATIVE,,Forb
GIBR,Gilia brecciarum,GIBR,NonWoody,Forb,Annual,NATIVE,,Forb
GIBRB,Gilia brecciarum subsp. brecciarum,GIBRB,NonWoody,Forb,Annual,NATIVE,,Forb
GICA3,Gilia cana,GICA3,NonWoody,Forb,Annual,NATIVE,,Forb
GICL2,Gilia clokeyi,GICL2,NonWoody,Forb,Annual,NATIVE,,Forb
GIIN2,Gilia inconspicua,GIIN2,NonWoody,Forb,Annual,NATIVE,,Forb
GILIA,Gilia,GILIA,NonWoody,Forb,Annual,NATIVE,,Forb
GIMI2,Gilia minor,GIMI2,NonWoody,Forb,Annual,NATIVE,,Forb
GIMO,Gilia modocensis,GIMO,NonWoody,Forb,Annual,NATIVE,,Forb
GIOP,Gilia ophthalmoides,GIOP,NonWoody,Forb,Annual,NATIVE,,Forb
GISA,Gilia salticola,GISA,NonWoody,Forb,Annual,NATIVE,,Forb
GISC,Gilia scopulorum,GISC,NonWoody,Forb,Annual,NATIVE,,Forb
GISI,Gilia sinuata,GISI,NonWoody,Forb,Annual,NATIVE,,Forb
GIST,Gilia stellata,GIST,NonWoody,Forb,Annual,NATIVE,,Forb
GITR,Gilia transmontana,GITR,NonWoody,Forb,Annual,NATIVE,,Forb
GITW,Gilia tweedyi,GITW,NonWoody,Forb,Annual,NATIVE,,Forb
GLBI2,Glandularia bipinnatifida,GLBI2,NonWoody,Forb,Perennial,NATIVE,,Forb
GLALAT,Glandularia latilobata,GLBIC,NonWoody,Forb,Perennial,NATIVE,,Forb
GLAPUB,Glandularia pubera,GLBIC,NonWoody,Forb,Perennial,NATIVE,,Forb
GLGO,Glandularia gooddingii,GLGO,NonWoody,Forb,Perennial,NATIVE,,Forb
GLGR,Glyceria grandis,GLGR,NonWoody,Graminoid,Perennial,NATIVE,,Graminoid
GLLE3,Glycyrrhiza lepidota,GLLE3,NonWoody,Forb,Perennial,NATIVE,,Forb
GLOSS,Glossopetalon,GLOSS,Woody,Shrub,Perennial,NATIVE,,Shrub
GLSP,Glossopetalon spinescens,GLSP,Woody,Shrub,Perennial,NATIVE,,Shrub
FOME,Forsellesia meionandra,GLSPM,Woody,Shrub,Perennial,NATIVE,,Shrub
GLYCY,Glycyrrhiza,GLYCY,NonWoody,Forb,Perennial,NATIVE,,Forb
GNAPH,Gnaphalium,GNAPH,NonWoody,Forb,Annual,NATIVE,,Forb
GNPA,Gnaphalium palustre,GNPA,NonWoody,Forb,Annual,NATIVE,,Forb
GRAR2,Grindelia arizonica,GRAR2,NonWoody,Forb,Perennial,NATIVE,,Forb
GRCL,Grusonia clavata,GRCL,Woody,Succulent,Perennial,NATIVE,,Shrub
GRFA,Grindelia fastigiata,GRFA,NonWoody,Forb,Perennial,NATIVE,,Forb
GRHI,Grindelia hirsutula,GRHI,NonWoody,Forb,Perennial,NATIVE,,Forb
GRIND,Grindelia,GRIND,NonWoody,Forb,Annual,NATIVE,,Forb
GRSP,Grayia spinosa,GRSP,Woody,Shrub,Perennial,NATIVE,,Shrub
GRSQ,Grindelia squarrosa,GRSQ,NonWoody,Forb,Perennial,NATIVE,,Forb
GRSQQ,Grindelia squarrosa var. quasiperennis,GRSQQ,NonWoody,Forb,Perennial,NATIVE,,Forb
GUARD,Guardiola,GUARD,,,,NATIVE,,
GUDE,Guilleminea densa,GUDE,NonWoody,Forb,Perennial,NATIVE,,Forb
GULA4,Guillenia lasiophylla,GULA4,NonWoody,Forb,Annual,NATIVE,,Forb
GUMI,Gutierrezia microcephala,GUMI,Woody,SubShrub,Perennial,NATIVE,,Shrub
GUSA,Guaiacum sanctum,GUSA,Woody,Tree,Perennial,NATIVE,,Shrub
GUDI3,Gutierrezia diversifolia,GUSA2,Woody,SubShrub,Perennial,NATIVE,,Shrub
GUSA2,Gutierrezia sarothrae,GUSA2,Woody,SubShrub,Perennial,NATIVE,,Shrub
GUSU2,Gutierrezia sarothrae,GUSA2,Woody,SubShrub,Perennial,NATIVE,,Shrub
GUSP,Gutierrezia sphaerocephala,GUSP,NonWoody,Forb,Annual,NATIVE,,Forb
GUTEG,Gutierrezia texana var. glutinosa,GUTEG,NonWoody,Forb,Annual,NATIVE,,Forb
GUTCFSAR,Gutierrezia cf. sarothrae,GUTIE,Woody,SubShrub,Perennial,NATIVE,,Shrub
GUTIE,Gutierrezia,GUTIE,Woody,SubShrub,Perennial,NATIVE,,Shrub
GYGL,Gymnosperma glutinosum,GYGL,Woody,Shrub,Perennial,NATIVE,,Shrub
GYNU,Gymnosteris nudicaulis,GYNU,NonWoody,Forb,Annual,NATIVE,,Forb
GYPA,Gypsophila paniculata,GYPA,NonWoody,Forb,Perennial,EXOTIC,INVASIVE,Forb
GYPA2,Gymnosteris parvula,GYPA2,NonWoody,Forb,Annual,NATIVE,,Forb
GYPSO,Gypsophila,GYPSO,NonWoody,Forb,Perennial,EXOTIC,,Forb
HACKE,Hackelia,HACKE,NonWoody,Forb,Perennial,NATIVE,,Forb
HACU,Hackelia cusickii,HACU,NonWoody,Forb,Perennial,NATIVE,,Forb
HADE,Hackelia deflexa,HADE,NonWoody,Forb,Annual,NATIVE,,Forb
HADEA,Hackelia deflexa var. americana,HADEA,NonWoody,Forb,Annual,NATIVE,,Forb
HADI2,Hackelia diffusa,HADI2,NonWoody,Forb,Perennial,NATIVE,,Forb
HAFL2,Hackelia floribunda,HAFL2,NonWoody,Forb,Perennial,NATIVE,,Forb
HAGL,Halogeton glomeratus,HAGL,NonWoody,Forb,Annual,EXOTIC,INVASIVE,Forb
HALOG,Halogeton,HALOG,NonWoody,Forb,Annual,EXOTIC,,Forb
HAMI,Hackelia micrantha,HAMI,NonWoody,Forb,Perennial,NATIVE,,Forb
HAOP2,Hackelia ophiobia,HAOP2,NonWoody,Forb,Perennial,NATIVE,,Forb
HAPA,Hackelia patens,HAPA,NonWoody,Forb,Perennial,NATIVE,,Forb
HAPLO,Haploësthes,HAPLO,NonWoody,Forb,Perennial,NATIVE,,Forb
HAPLO11,Haplopappus,HAPLO11,,,,NATIVE,,
HEAM11,Hedosyne ambrosiifolia,HEAM11,NonWoody,Forb,Annual,NATIVE,,Forb
HEAN3,Helianthus annuus,HEAN3,NonWoody,Forb,Annual,NATIVE,,Forb
HEBO,Hedysarum boreale,HEBO,NonWoody,Forb,Perennial,NATIVE,,Forb
HEBOB,Hedysarum boreale subsp. boreale,HEBOB,NonWoody,Forb,Perennial,NATIVE,,Forb
HECA,Helianthella californica,HECA,NonWoody,Forb,Perennial,NATIVE,,Forb
HECA7,Hesperochiron californicus,HECA7,NonWoody,Forb,Perennial,NATIVE,,Forb
HECO10,Heteropogon contortus,HECO10,NonWoody,Graminoid,Perennial,NATIVE,,Graminoid
HECO26,Hesperostipa comata,HECO26,NonWoody,Graminoid,Perennial,NATIVE,,Graminoid
STCO4,Stipa comata,HECO26,NonWoody,Graminoid,Perennial,NATIVE,,Graminoid
HECO5,Heliotropium convolvulaceum,HECO5,NonWoody,Forb,Annual,NATIVE,,Forb
HECOC8,Hesperostipa comata subsp. comata,HECOC8,NonWoody,Graminoid,Perennial,NATIVE,,Graminoid
HECU2,Helianthus cusickii,HECU2,NonWoody,Forb,Perennial,NATIVE,,Forb
HECY2,Heuchera cylindrica,HECY2,NonWoody,Forb,Perennial,NATIVE,,Forb
HEDR,Hedeoma drummondii,HEDR,NonWoody,Forb,Perennial,NATIVE,,Forb
HEFU3,Heterotheca fulcrata,HEFU3,NonWoody,Forb,Perennial,NATIVE,,Forb
HEGR6,Heliotropium greggii,HEGR6,NonWoody,Forb,Perennial,NATIVE,,Forb
HEGR8,Heuchera grossulariifolia,HEGR8,NonWoody,Forb,Perennial,NATIVE,,Forb
HEHI,Hedeoma hispida,HEHI,NonWoody,Forb,Annual,NATIVE,,Forb
HELIA3,Helianthus,HELIA3,NonWoody,Forb,Annual,NATIVE,,Forb
HELIO2,Heliopsis,HELIO2,NonWoody,Forb,Perennial,NATIVE,,Forb
HELIO3,Heliotropium,HELIO3,NonWoody,Forb,Perennial,NATIVE,,Forb
HELO6,Heliomeris longifolia,HELO6,NonWoody,Forb,Annual,NATIVE,,Forb
HELOA2,Heliomeris longifolia var. annua,HELOA2,NonWoody,Forb,Annual,NATIVE,,Forb
HEMA2,Helianthus maximiliani,HEMA2,NonWoody,Forb,Perennial,NATIVE,,Forb
HEMA80,Heracleum maximum,HEMA80,NonWoody,Forb,Perennial,NATIVE,,Forb
HEMI2,Helianthella microcephala,HEMI2,NonWoody,Forb,Perennial,NATIVE,,Forb
HEMI9,Hesperolinon micranthum,HEMI9,NonWoody,Forb,Annual,NATIVE,,Forb
HEMU3,Heliomeris multiflora,HEMU3,NonWoody,Forb,Perennial,NATIVE,,Forb
HEMUM,Heliomeris multiflora var. multiflora,HEMUM,NonWoody,Forb,Perennial,NATIVE,,Forb
HEMUN,Heliomeris multiflora var. nevadensis,HEMUN,NonWoody,Forb,Perennial,NATIVE,,Forb
HENE5,Hesperostipa neomexicana,HENE5,NonWoody,Graminoid,Perennial,NATIVE,,Graminoid
STNE2,Stipa neomexicana,HENE5,NonWoody,Graminoid,Perennial,NATIVE,,Graminoid
HENU,Helianthus nuttallii,HENU,NonWoody,Forb,Perennial,NATIVE,,Forb
HEOC,Hedysarum occidentale,HEOC,NonWoody,Forb,Perennial,NATIVE,,Forb
HEPA,Helianthella parryi,HEPA,NonWoody,Forb,Perennial,NATIVE,,Forb
HEPA11,Heuchera parvifolia,HEPA11,NonWoody,Forb,Perennial,NATIVE,,Forb
HEPA19,Helianthus pauciflorus,HEPA19,NonWoody,Forb,Perennial,NATIVE,,Forb
HEPE,Helianthus petiolaris,HEPE,NonWoody,Forb,Annual,NATIVE,,Forb
HEPI2,Heterosperma pinnatum,HEPI2,NonWoody,Forb,Annual,NATIVE,,Forb
HEPU6,Hesperochiron pumilus,HEPU6,NonWoody,Forb,Perennial,NATIVE,,Forb
HESPE11,Hesperostipa,HESPE11,NonWoody,Graminoid,Perennial,NATIVE,,Graminoid
HETE5,Hesperocnide tenella,HETE5,NonWoody,Forb,Annual,NATIVE,,Forb
HEUCH,Heuchera,HEUCH,NonWoody,Forb,Perennial,NATIVE,,Forb
HEUN,Helianthella uniflora,HEUN,NonWoody,Forb,Perennial,NATIVE,,Forb
HEVI4,Heterotheca villosa,HEVI4,NonWoody,Forb,Perennial,NATIVE,,Forb
HEVIV,Heterotheca villosa var. villosa,HEVIV,NonWoody,Forb,Perennial,NATIVE,,Forb
HIAU,Hieracium aurantiacum,HIAU,NonWoody,Forb,Perennial,EXOTIC,INVASIVE,Forb
HIBE,Hilaria belangeri,HIBE,NonWoody,Graminoid,Perennial,NATIVE,,Graminoid
HICY,Hieracium cynoglossoides,HICY,NonWoody,Forb,Perennial,NATIVE,,Forb
HIDE,Hibiscus denudatus,HIDE,Woody,SubShrub,Perennial,NATIVE,,Shrub
HIERA,Hieracium,HIERA,NonWoody,Forb,Perennial,NATIVE,,Forb
HIPPU,Hippuris,HIPPU,NonWoody,Forb,Perennial,NATIVE,,Forb
HISC2,Hieracium scouleri,HISC2,NonWoody,Forb,Perennial,NATIVE,,Forb
HIUM,Hieracium umbellatum,HIUM,NonWoody,Forb,Perennial,NATIVE,,Forb
HOAC,Houstonia acerosa,HOAC,NonWoody,Forb,Perennial,NATIVE,,Forb
HOBR2,Hordeum brachyantherum,HOBR2,NonWoody,Graminoid,Perennial,NATIVE,,Graminoid
HODI,Holodiscus discolor,HODI,Woody,Shrub,Perennial,NATIVE,,Shrub
HODR,Hoffmannseggia drepanocarpa,HODR,NonWoody,Forb,Perennial,NATIVE,,Forb
HODU,Holodiscus dumosus,HODU,Woody,Shrub,Perennial,NATIVE,,Shrub
HOFFM,Hoffmannseggia,HOFFM,NonWoody,Forb,Perennial,NATIVE,,Forb
HOGL2,Hoffmannseggia glauca,HOGL2,NonWoody,Forb,Perennial,NATIVE,,Forb
HOJU,Hordeum jubatum,HOJU,NonWoody,Graminoid,Perennial,NATIVE,,Graminoid
HOLOS,Holosteum,HOLOS,NonWoody,Forb,Annual,EXOTIC,,Forb
HOPR4,Hornungia procumbens,HOPR4,NonWoody,Forb,Annual,NATIVE,,Forb
HOPU,Hordeum pusillum,HOPU,NonWoody,Graminoid,Annual,NATIVE,,Graminoid
HORDE,Hordeum,HORDE,NonWoody,Graminoid,Perennial,NATIVE,,Graminoid
HOUM,Holosteum umbellatum,HOUM,NonWoody,Forb,Annual,EXOTIC,,Forb
HYCA4,Hydrophyllum capitatum,HYCA4,NonWoody,Forb,Perennial,NATIVE,,Forb
HYCAC,Hydrophyllum capitatum var. capitatum,HYCAC,NonWoody,Forb,Perennial,NATIVE,,Forb
HYCO2,Hymenoxys cooperi,HYCO2,NonWoody,Forb,Annual,NATIVE,,Forb
HYDRO4,Hydrophyllum,HYDRO4,NonWoody,Forb,Perennial,NATIVE,,Forb
HYEM,Hyptis emoryi,HYEM,Woody,Shrub,Perennial,NATIVE,,Shrub
HYFE,Hydrophyllum fendleri,HYFE,NonWoody,Forb,Perennial,NATIVE,,Forb
HYFI,Hymenopappus filifolius,HYFI,NonWoody,Forb,Perennial,NATIVE,,Forb
HYFL,Hymenopappus flavescens,HYFL,NonWoody,Forb,Annual,NATIVE,,Forb
HYHO,Hymenoxys hoopesii,HYHO,NonWoody,Forb,Perennial,NATIVE,,Forb
HYLOT,Hylotelephium,HYLOT,,,,NATIVE,,
HYMEN3,Hymenoclea,HYMEN3,Woody,Shrub,Perennial,NATIVE,,Shrub
HYMEN7,Hymenoxys,HYMEN7,NonWoody,Forb,Perennial,NATIVE,,Forb
HYNI,Hyoscyamus niger,HYNI,NonWoody,Forb,Annual,EXOTIC,INVASIVE,Forb
HYOD,Hymenoxys odorata,HYOD,NonWoody,Forb,Annual,NATIVE,,Forb
HYRI,Hymenoxys richardsonii,HYRI,NonWoody,Forb,Perennial,NATIVE,,Forb
HYRIR,Hymenoxys richardsonii var. richardsonii,HYRIR,NonWoody,Forb,Perennial,NATIVE,,Forb
HYSA,Hymenoclea salsola,HYSA,Woody,Shrub,Perennial,NATIVE,,Shrub
HYVE,Hybanthus verticillatus,HYVE,NonWoody,Forb,Perennial,NATIVE,,Forb
IDSC,Idahoa scapigera,IDSC,NonWoody,Forb,Annual,NATIVE,,Forb
ILBA,Iliamna bakeri,ILBA,NonWoody,Forb,Perennial,NATIVE,,Forb
ILRI,Iliamna rivularis,ILRI,NonWoody,Forb,Perennial,NATIVE,,Forb
ASSC3,Aster scopulorum,IOAL,NonWoody,Forb,Perennial,NATIVE,,Forb
IOAL,Ionactis alpina,IOAL,NonWoody,Forb,Perennial,NATIVE,,Forb
IOST,Ionactis stenomeres,IOST,NonWoody,Forb,Perennial,NATIVE,,Forb
IPAG,Ipomopsis aggregata,IPAG,NonWoody,Forb,Perennial,NATIVE,,Forb
IPAGA3,Ipomopsis aggregata subsp. aggregata,IPAGA3,NonWoody,Forb,Perennial,NATIVE,,Forb
IPCO2,Ipomoea costellata,IPCO2,NonWoody,Forb,Annual,NATIVE,,Forb
IPCO5,Ipomopsis congesta,IPCO5,NonWoody,Forb,Perennial,NATIVE,,Forb
IPCOC,Ipomopsis congesta subsp. crebrifolia,IPCOC,NonWoody,Forb,Perennial,NATIVE,,Forb
IPCR,Ipomoea cristulata,IPCR,NonWoody,Forb,Annual,NATIVE,,Forb
IPGU,Ipomopsis gunnisonii,IPGU,NonWoody,Forb,Annual,NATIVE,,Forb
IPLO2,Ipomopsis longiflora,IPLO2,NonWoody,Forb,Annual,NATIVE,,Forb
IPPO,Ipomopsis polyantha,IPPO,NonWoody,Forb,Perennial,NATIVE,,Forb
IPPO2,Ipomopsis polycladon,IPPO2,NonWoody,Forb,Annual,NATIVE,,Forb
IPPU2,Ipomoea purpurea,IPPU2,NonWoody,Forb,Annual,NATIVE,,Forb
IPPU4,Ipomopsis pumila,IPPU4,NonWoody,Forb,Annual,NATIVE,,Forb
IPSP,Ipomopsis spicata,IPSP,NonWoody,Forb,Perennial,NATIVE,,Forb
IRIS,Iris,IRIS,NonWoody,Forb,Perennial,NATIVE,,Forb
IRMI,Iris missouriensis,IRMI,NonWoody,Forb,Perennial,NATIVE,,Forb
ISTE2,Isocoma tenuisecta,ISTE2,Woody,SubShrub,Perennial,NATIVE,,Shrub
ISTI,Isatis tinctoria,ISTI,NonWoody,Forb,Annual,EXOTIC,INVASIVE,Forb
IVAX,Iva axillaris,IVAX,NonWoody,Forb,Perennial,NATIVE,,Forb
IVBA,Ivesia baileyi,IVBA,NonWoody,Forb,Perennial,NATIVE,,Forb
IVGO,Ivesia gordonii,IVGO,NonWoody,Forb,Perennial,NATIVE,,Forb
JAMES,Jamesia,JAMES,Woody,Shrub,Perennial,NATIVE,,Shrub
JUAC,Juncus acuminatus,JUAC,NonWoody,Graminoid,Perennial,NATIVE,,Graminoid
JUAR2,Juncus arcticus,JUAR2,NonWoody,Graminoid,Perennial,NATIVE,,Graminoid
JUARA4,Juncus arcticus subsp. ater,JUARL,NonWoody,Graminoid,Perennial,NATIVE,,Graminoid
JUARL,Juncus arcticus subsp. littoralis,JUARL,NonWoody,Graminoid,Perennial,NATIVE,,Graminoid
JUBA,Juncus balticus,JUARL,NonWoody,Graminoid,Perennial,NATIVE,,Graminoid
JUBU,Juncus bufonius,JUBU,NonWoody,Graminoid,Annual,NATIVE,,Graminoid
JUCO,Juncus compressus,JUCO,NonWoody,Graminoid,Perennial,EXOTIC,INVASIVE,Graminoid
JUCO2,Juncus confusus,JUCO2,NonWoody,Graminoid,Perennial,NATIVE,,Graminoid
JUCO6,Juniperus communis,JUCO6,Woody,Shrub,Perennial,NATIVE,,Shrub
JUCOD,Juniperus communis var. depressa,JUCOD,Woody,Shrub,Perennial,NATIVE,,Shrub
JUDE2,Juniperus deppeana,JUDE2,Woody,Tree,Perennial,NATIVE,,Shrub
JUDR,Juncus drummondii,JUDR,NonWoody,Graminoid,Perennial,NATIVE,,Graminoid
JUEF,Juncus effusus,JUEF,NonWoody,Graminoid,Perennial,NATIVE,,Graminoid
JUEN,Juncus ensifolius,JUEN,NonWoody,Graminoid,Perennial,NATIVE,,Graminoid
JUHA,Juncus hallii,JUHA,NonWoody,Graminoid,Perennial,NATIVE,,Graminoid
JUHO2,Juniperus horizontalis,JUHO2,Woody,Shrub,Perennial,NATIVE,,Shrub
JUIN2,Juncus interior,JUIN2,NonWoody,Graminoid,Perennial,NATIVE,,Graminoid
JULO,Juncus longistylis,JULO,NonWoody,Graminoid,Perennial,NATIVE,,Graminoid
JUME3,Juncus mertensianus,JUME3,NonWoody,Graminoid,Perennial,NATIVE,,Graminoid
JUME4,Juncus mexicanus,JUME4,NonWoody,Graminoid,Perennial,NATIVE,,Graminoid
JUMO,Juniperus monosperma,JUMO,Woody,Tree,Perennial,NATIVE,,Shrub
JUNCU,Juncus,JUNCU,NonWoody,Graminoid,Perennial,NATIVE,,Graminoid
JUNIP,Juniperus,JUNIP,Woody,Tree,Perennial,NATIVE,,Shrub
JUOC,Juniperus occidentalis,JUOC,Woody,Tree,Perennial,NATIVE,,Shrub
JUOR,Juncus orthophyllus,JUOR,NonWoody,Graminoid,Perennial,NATIVE,,Graminoid
JUOS,Juniperus osteosperma,JUOS,Woody,Tree,Perennial,NATIVE,,Shrub
JUSA,Juncus saximontanus,JUSA,NonWoody,Graminoid,Perennial,NATIVE,,Graminoid
JUSC2,Juniperus scopulorum,JUSC2,Woody,Tree,Perennial,NATIVE,,Shrub
JUTE,Juncus tenuis,JUTE,NonWoody,Graminoid,Perennial,NATIVE,,Graminoid
JUTO,Juncus torreyi,JUTO,NonWoody,Graminoid,Perennial,NATIVE,,Graminoid
KAGR,Kallstroemia grandiflora,KAGR,NonWoody,Forb,Annual,NATIVE,,Forb
KAPA,Kallstroemia parviflora,KAPA,NonWoody,Forb,Annual,NATIVE,,Forb
KEGA,Kelloggia galioides,KEGA,NonWoody,Forb,Perennial,NATIVE,,Forb
KOELE,Koeleria,KOELE,NonWoody,Graminoid,Perennial,NATIVE,,Graminoid
KOMA,Koeleria macrantha,KOMA,NonWoody,Graminoid,Perennial,NATIVE,,Graminoid
KOSP,Koeberlinia spinosa,KOSP,Woody,Shrub,Perennial,NATIVE,,Shrub
KRAME,Krameria,KRAME,Woody,Shrub,Perennial,NATIVE,,Shrub
KRAR,Krascheninnikovia arborescens,KRAR,Woody,Shrub,Perennial,,,Shrub
KRASC,Krascheninnikovia,KRASC,Woody,SubShrub,Perennial,NATIVE,,Shrub
KRER,Krameria erecta,KRER,Woody,Shrub,Perennial,NATIVE,,Shrub
KRGR,Krameria grayi,KRGR,Woody,Shrub,Perennial,NATIVE,,Shrub
KRLA,Krameria lanceolata,KRLA,NonWoody,Forb,Perennial,NATIVE,,Forb
KRLA2,Krascheninnikovia lanata,KRLA2,Woody,SubShrub,Perennial,NATIVE,,Shrub
LAAM,Lamium amplexicaule,LAAM,NonWoody,Forb,Annual,EXOTIC,INVASIVE,Forb
LABR,Lathyrus brachycalyx,LABR,NonWoody,Forb,Perennial,NATIVE,,Forb
LABRZ2,Lathyrus brachycalyx subsp. zionis,LABRZ2,NonWoody,Forb,Perennial,NATIVE,,Forb
LACA,Lactuca canadensis,LACA,NonWoody,Forb,Annual,NATIVE,,Forb
LACO13,Laënnecia coulteri,LACO13,NonWoody,Forb,Annual,NATIVE,,Forb
LACO3,Lapsana communis,LACO3,NonWoody,Forb,Annual,EXOTIC,INVASIVE,Forb
LACTU,Lactuca,LACTU,NonWoody,Forb,Annual,NATIVE,,Forb
LAGL,Lagophylla glandulosa,LAGL,NonWoody,Forb,Annual,NATIVE,,Forb
LAGL5,Layia glandulosa,LAGL5,NonWoody,Forb,Annual,NATIVE,,Forb
LALA3,Lathyrus lanszwertii,LALA3,NonWoody,Forb,Perennial,NATIVE,,Forb
LAMA9,Lappula marginata,LAMA9,NonWoody,Forb,Annual,EXOTIC,,Forb
LANE3,Lathyrus nevadensis,LANE3,NonWoody,Forb,Perennial,NATIVE,,Forb
LAOC,Larix occidentalis,LAOC,Woody,Tree,Perennial,NATIVE,,Shrub
LAOC2,Lathyrus ochroleucus,LAOC2,NonWoody,Forb,Perennial,NATIVE,,Forb
LAOC3,Lappula occidentalis,LAOC3,NonWoody,Forb,Annual,NATIVE,,Forb
LAOCC,Lappula occidentalis var. cupulata,LAOCC,NonWoody,Forb,Annual,NATIVE,,Forb
LAOCO,Lappula occidentalis var. occidentalis,LAOCO,NonWoody,Forb,Annual,NATIVE,,Forb
LARE,Lappula redowskii,LAOCO,NonWoody,Forb,Annual,NATIVE,,Forb
LAPA5,Lathyrus pauciflorus,LAPA5,NonWoody,Forb,Perennial,NATIVE,,Forb
LAPAU,Lathyrus pauciflorus var. utahensis,LAPAU,NonWoody,Forb,Perennial,NATIVE,,Forb
LAPPU,Lappula,LAPPU,NonWoody,Forb,Annual,NATIVE,,Forb
LARA,Lagophylla ramosissima,LARA,NonWoody,Forb,Annual,NATIVE,,Forb
LARI,Lathyrus rigidus,LARI,NonWoody,Forb,Perennial,NATIVE,,Forb
LARRE,Larrea,LARRE,Woody,Shrub,Perennial,NATIVE,,Shrub
LASC3,Laënnecia schiedeana,LASC3,NonWoody,Forb,Annual,NATIVE,,Forb
LASE,Lactuca serriola,LASE,NonWoody,Forb,Annual,EXOTIC,INVASIVE,Forb
LASE3,Langloisia setosissima,LASE3,NonWoody,Forb,Annual,NATIVE,,Forb
LASQ,Lappula squarrosa,LASQ,NonWoody,Forb,Annual,EXOTIC,INVASIVE,Forb
LATA,Lactuca tatarica,LATA,NonWoody,Forb,Perennial,NATIVE,,Forb
LATAP,Lactuca tatarica var. pulchella,LATAP,NonWoody,Forb,Perennial,NATIVE,,Forb
LATE6,Lathrocasis tenerrima,LATE6,NonWoody,Forb,Annual,NATIVE,,Forb
LATHY,Lathyrus,LATHY,NonWoody,Forb,Perennial,NATIVE,,Forb
LATR2,Larrea tridentata,LATR2,Woody,Shrub,Perennial,NATIVE,,Shrub
LEAL,Lesquerella alpina,LEAL,NonWoody,Forb,Perennial,NATIVE,,Forb
LEAL4,Lepidium alyssoides,LEAL4,NonWoody,Forb,Perennial,NATIVE,,Forb
LEALE,Lepidium alyssoides var. eastwoodiae,LEALE,NonWoody,Forb,Perennial,NATIVE,,Forb
LEPEAS,Lepidium eastwoodiae,LEALE,NonWoody,Forb,Perennial,NATIVE,,Forb
LEAR4,Lesquerella arizonica,LEAR4,NonWoody,Forb,Perennial,NATIVE,,Forb
LEAR6,Lesquerella arenosa,LEAR6,NonWoody,Forb,Perennial,NATIVE,,Forb
LECA5,Lepidium campestre,LECA5,NonWoody,Forb,Annual,EXOTIC,INVASIVE,Forb
LECI18,Leptosiphon ciliatus,LECI18,NonWoody,Forb,Annual,NATIVE,,Forb
ELCI2,Elymus cinereus,LECI4,NonWoody,Graminoid,Perennial,NATIVE,,Graminoid
LECI4,Leymus cinereus,LECI4,NonWoody,Graminoid,Perennial,NATIVE,,Graminoid
LEDE,Lepidium densiflorum,LEDE,NonWoody,Forb,Annual,NATIVE,,Forb
LEDER,Lepidium densiflorum var. ramosum,LEDE,NonWoody,Forb,Annual,NATIVE,,Forb
LEDI2,Lepidium dictyotum,LEDI2,NonWoody,Forb,Annual,NATIVE,,Forb
LEDU,Leptochloa dubia,LEDU,NonWoody,Graminoid,Perennial,NATIVE,,Graminoid
LEFE,Lesquerella fendleri,LEFE,NonWoody,Forb,Perennial,NATIVE,,Forb
PHYFEN,Physaria fendleri,LEFE,NonWoody,Forb,Perennial,NATIVE,,Forb
LEFL4,Leymus flavescens,LEFL4,NonWoody,Graminoid,Perennial,NATIVE,,Graminoid
LEFR2,Lepidium fremontii,LEFR2,NonWoody,Forb,Perennial,NATIVE,,Forb
PHYGOR,Physaria gordonii,LEGO,NonWoody,Forb,Annual,NATIVE,,Forb
LEHA11,Leptosiphon harknessii,LEHA11,NonWoody,Forb,Annual,NATIVE,,Forb
PHYINT,Physaria intermedia,LEIN3,NonWoody,Forb,Perennial,NATIVE,,Forb
LEKI2,Leucopoa kingii,LEKI2,NonWoody,Graminoid,Perennial,NATIVE,,Graminoid
LELA,Lepidium lasiocarpum,LELA,NonWoody,Forb,Annual,NATIVE,,Forb
LELA2,Lepidium latifolium,LELA2,NonWoody,Forb,Perennial,EXOTIC,INVASIVE,Forb
LELU,Lesquerella ludoviciana,LELU,NonWoody,Forb,Perennial,NATIVE,,Forb
LEMO2,Lepidium montanum,LEMO2,NonWoody,Forb,Perennial,NATIVE,,Forb
LEMO3,Lesquerella montana,LEMO3,NonWoody,Forb,Perennial,NATIVE,,Forb
LEMO4,Leucocrinum montanum,LEMO4,NonWoody,Forb,Perennial,NATIVE,,Forb
LENI,Lepidium nitidum,LENI,NonWoody,Forb,Annual,NATIVE,,Forb
LENU8,Leptosiphon nuttallii,LENU8,NonWoody,Forb,Perennial,NATIVE,,Forb
LEOB,Lepidium oblongum,LEOB,NonWoody,Forb,Annual,NATIVE,,Forb
LEPA6,Leptochloa panicea,LEPA6,NonWoody,Graminoid,Annual,NATIVE,,Graminoid
LEPA7,Lesquerella parvula,LEPA7,NonWoody,Forb,Perennial,NATIVE,,Forb
LEPAB,Leptochloa panicea subsp. brachiata,LEPAB,NonWoody,Graminoid,Annual,NATIVE,,Graminoid
LEPE2,Lepidium perfoliatum,LEPE2,NonWoody,Forb,Annual,EXOTIC,INVASIVE,Forb
LEPI,Lepidium pinnatifidum,LEPI,NonWoody,Forb,Annual,EXOTIC,INVASIVE,Forb
LEPID,Lepidium,LEPID,NonWoody,Forb,Annual,NATIVE,,Forb
LERAB2,Lepidium ramosissimum var. bourgeauanum,LERAB2,NonWoody,Forb,Perennial,NATIVE,,Forb
LERE5,Leucaena retusa,LERE5,Woody,Shrub,Perennial,NATIVE,,Shrub
LERE7,Lewisia rediviva,LERE7,NonWoody,Forb,Perennial,NATIVE,,Forb
LESA2,Lepidium sativum,LESA2,NonWoody,Forb,Annual,EXOTIC,INVASIVE,Forb
LESA4,Leymus salinus,LESA4,NonWoody,Graminoid,Perennial,NATIVE,,Graminoid
LESAS,Leymus salinus subsp. salinus,LESAS,NonWoody,Graminoid,Perennial,NATIVE,,Graminoid
LESE17,Leptosiphon septentrionalis,LESE17,NonWoody,Forb,Annual,NATIVE,,Forb
LESI5,Leymus simplex,LESI5,NonWoody,Graminoid,Perennial,NATIVE,,Graminoid
LESQU,Lesquerella,LESQU,NonWoody,Forb,Perennial,NATIVE,,Forb
LESU,Lesquerella subumbellata,LESU,NonWoody,Forb,Perennial,NATIVE,,Forb
LETE3,Lesquerella tenella,LETE3,NonWoody,Forb,Annual,NATIVE,,Forb
LETH2,Lepidium thurberi,LETH2,NonWoody,Forb,Annual,NATIVE,,Forb
LETR5,Leymus triticoides,LETR5,NonWoody,Graminoid,Perennial,NATIVE,,Graminoid
LEVI3,Lepidium virginicum,LEVI3,NonWoody,Forb,Annual,NATIVE,,Forb
LEVIM2,Lepidium virginicum var. menziesii,LEVIM2,NonWoody,Forb,Annual,NATIVE,,Forb
LEYMU,Leymus,LEYMU,NonWoody,Graminoid,Perennial,NATIVE,,Graminoid
LIAC2,Limosella acaulis,LIAC2,NonWoody,Forb,Annual,NATIVE,,Forb
LIAR3,Linum aristatum,LIAR3,NonWoody,Forb,Annual,NATIVE,,Forb
LIATR,Liatris,LIATR,NonWoody,Forb,Perennial,NATIVE,,Forb
LIAU4,Linum australe,LIAU4,NonWoody,Forb,Annual,NATIVE,,Forb
LIBI2,Linanthus bigelovii,LIBI2,NonWoody,Forb,Annual,NATIVE,,Forb
LICA36,Linanthus caespitosus,LICA36,NonWoody,Forb,Perennial,NATIVE,,Forb
LIDA,Linaria dalmatica,LIDA,NonWoody,Forb,Perennial,EXOTIC,INVASIVE,Forb
LIDU,Lindernia dubia,LIDU,NonWoody,Forb,Annual,NATIVE,,Forb
LIGL2,Lithophragma glabrum,LIGL2,NonWoody,Forb,Perennial,NATIVE,,Forb
LIGR,Ligusticum grayi,LIGR,NonWoody,Forb,Perennial,NATIVE,,Forb
LIIN2,Lithospermum incisum,LIIN2,NonWoody,Forb,Perennial,NATIVE,,Forb
LIJO,Linanthus jonesii,LIJO,NonWoody,Forb,Annual,NATIVE,,Forb
LILE3,Linum lewisii,LILE3,NonWoody,Forb,Perennial,NATIVE,,Forb
LILEL2,Linum lewisii var. lewisii,LILEL2,NonWoody,Forb,Perennial,NATIVE,,Forb
LILEL4,Linum lewisii var. lepagei,LILEL4,NonWoody,Forb,Perennial,NATIVE,,Forb
LILIU,Lilium,LILIU,NonWoody,Forb,Perennial,NATIVE,,Forb
LIMU3,Lithospermum multiflorum,LIMU3,NonWoody,Forb,Perennial,NATIVE,,Forb
LINE,Linum neomexicanum,LINE,NonWoody,Forb,Perennial,NATIVE,,Forb
LINUM,Linum,LINUM,NonWoody,Forb,Perennial,NATIVE,,Forb
LIPA5,Lithophragma parviflorum,LIPA5,NonWoody,Forb,Perennial,NATIVE,,Forb
LIPAP3,Lithophragma parviflorum var. parviflorum,LIPAP3,NonWoody,Forb,Perennial,NATIVE,,Forb
LIPE2,Linum perenne,LIPE2,NonWoody,Forb,Perennial,EXOTIC,,Forb
LIPO,Ligusticum porteri,LIPO,NonWoody,Forb,Perennial,NATIVE,,Forb
LIPU,Liatris punctata,LIPU,NonWoody,Forb,Perennial,NATIVE,,Forb
LEPU,Leptodactylon pungens,LIPU11,Woody,SubShrub,Perennial,NATIVE,,Shrub
LIPU11,Linanthus pungens,LIPU11,Woody,SubShrub,Perennial,NATIVE,,Shrub
LIPU4,Linum puberulum,LIPU4,NonWoody,Forb,Annual,NATIVE,,Forb
LIRI,Linum rigidum,LIRI,NonWoody,Forb,Annual,NATIVE,,Forb
LIRU4,Lithospermum ruderale,LIRU4,NonWoody,Forb,Perennial,NATIVE,,Forb
LITE2,Ligusticum tenuifolium,LITE2,NonWoody,Forb,Perennial,NATIVE,,Forb
LITE4,Lithophragma tenellum,LITE4,NonWoody,Forb,Perennial,NATIVE,,Forb
LITHO2,Lithophragma,LITHO2,NonWoody,Forb,Perennial,NATIVE,,Forb
LITHO3,Lithospermum,LITHO3,NonWoody,Forb,Perennial,NATIVE,,Forb
LIWA4,Linanthus watsonii,LIWA4,NonWoody,Forb,Perennial,NATIVE,,Forb
LOAM,Lomatium ambiguum,LOAM,NonWoody,Forb,Perennial,NATIVE,,Forb
LOAR5,Logfia arvensis,LOAR5,NonWoody,Forb,Annual,EXOTIC,,Forb
LOAU5,Lomatium austiniae,LOAU5,NonWoody,Forb,Perennial,NATIVE,,Forb
LOBI,Lomatium bicolor,LOBI,NonWoody,Forb,Perennial,NATIVE,,Forb
LOBIL,Lomatium bicolor var. leptocarpum,LOBIL,NonWoody,Forb,Perennial,NATIVE,,Forb
LOLE2,Lomatium leptocarpum,LOBIL,NonWoody,Forb,Perennial,NATIVE,,Forb
LOCA19,Logfia californica,LOCA19,NonWoody,Forb,Annual,NATIVE,,Forb
LOCA4,Lomatium canbyi,LOCA4,NonWoody,Forb,Perennial,NATIVE,,Forb
LOCO4,Lomatium cous,LOCO4,NonWoody,Forb,Perennial,NATIVE,,Forb
LOCO6,Lotus corniculatus,LOCO6,NonWoody,Forb,Perennial,EXOTIC,INVASIVE,Forb
LOCU,Lomatium cusickii,LOCU,NonWoody,Forb,Perennial,NATIVE,,Forb
LODI,Lomatium dissectum,LODI,NonWoody,Forb,Perennial,NATIVE,,Forb
LODID2,Lomatium dissectum var. dissectum,LODID2,NonWoody,Forb,Perennial,NATIVE,,Forb
LODIM,Lomatium dissectum var. multifidum,LODIM,NonWoody,Forb,Perennial,NATIVE,,Forb
LODO2,Lomatium donnellii,LODO2,NonWoody,Forb,Perennial,NATIVE,,Forb
LOEFL,Loeflingia,LOEFL,NonWoody,Forb,Annual,NATIVE,,Forb
LOFO,Lomatium foeniculaceum,LOFO,NonWoody,Forb,Perennial,NATIVE,,Forb
LOGR,Lomatium grayi,LOGR,NonWoody,Forb,Perennial,NATIVE,,Forb
LOHU2,Lotus humistratus,LOHU2,NonWoody,Forb,Annual,NATIVE,,Forb
LOIN5,Lonicera involucrata,LOIN5,Woody,Shrub,Perennial,NATIVE,,Shrub
LOJU,Lomatium juniperinum,LOJU,NonWoody,Forb,Perennial,NATIVE,,Forb
LOMA,Lobularia maritima,LOMA,Woody,SubShrub,Perennial,EXOTIC,INVASIVE,Shrub
LOMA3,Lomatium macrocarpum,LOMA3,NonWoody,Forb,Perennial,NATIVE,,Forb
LOMAT,Lomatium,LOMAT,NonWoody,Forb,Perennial,NATIVE,,Forb
LONE,Lomatium nevadense,LONE,NonWoody,Forb,Perennial,NATIVE,,Forb
LONE4,Lotus nevadensis,LONE4,NonWoody,Forb,Perennial,NATIVE,,Forb
LONEN,Lomatium nevadense var. nevadense,LONEN,NonWoody,Forb,Perennial,NATIVE,,Forb
LONU2,Lomatium nudicaule,LONU2,NonWoody,Forb,Perennial,NATIVE,,Forb
LOOR,Lomatium orientale,LOOR,NonWoody,Forb,Perennial,NATIVE,,Forb
LOPA5,Lomatium packardiae,LOPA5,NonWoody,Forb,Perennial,NATIVE,,Forb
LOPE,Lolium perenne,LOPE,NonWoody,Graminoid,Perennial,EXOTIC,INVASIVE,Graminoid
LOPI,Lomatium piperi,LOPI,NonWoody,Forb,Perennial,NATIVE,,Forb
LOPL2,Lotus plebeius,LOPL2,NonWoody,Forb,Perennial,NATIVE,,Forb
LORA,Lomatium ravenii,LORA,NonWoody,Forb,Perennial,NATIVE,,Forb
LORI3,Lotus rigidus,LORI3,NonWoody,Forb,Perennial,NATIVE,,Forb
LOSI,Lobelia siphilitica,LOSI,NonWoody,Forb,Perennial,NATIVE,,Forb
LOSI2,Lomatium simplex,LOSI2,NonWoody,Forb,Perennial,NATIVE,,Forb
LOSIS,Lomatium simplex var. simplex,LOSIS,NonWoody,Forb,Perennial,NATIVE,,Forb
LOTRP,Lomatium triternatum subsp. platycarpum,LOSIS,NonWoody,Forb,Perennial,NATIVE,,Forb
LOST4,Lotus strigosus,LOST4,NonWoody,Forb,Annual,NATIVE,,Forb
LOTE2,Lolium temulentum,LOTE2,NonWoody,Graminoid,Annual,EXOTIC,INVASIVE,Graminoid
LOTR,Lomatium tracyi,LOTR,NonWoody,Forb,Perennial,NATIVE,,Forb
LOTR2,Lomatium triternatum,LOTR2,NonWoody,Forb,Perennial,NATIVE,,Forb
LOTRB,Lomatium triternatum var. brevifolium,LOTRB,NonWoody,Forb,Perennial,NATIVE,,Forb
LOTRT,Lomatium triternatum var. triternatum,LOTRT,NonWoody,Forb,Perennial,NATIVE,,Forb
LOUN,Lotus unifoliolatus,LOUN,NonWoody,Forb,Annual,NATIVE,,Forb
LOUT,Lomatium utriculatum,LOUT,NonWoody,Forb,Perennial,NATIVE,,Forb
LOUT3,Lotus utahensis,LOUT3,NonWoody,Forb,Perennial,NATIVE,,Forb
LOVA,Lomatium vaginatum,LOVA,NonWoody,Forb,Perennial,NATIVE,,Forb
LOWR,Lotus wrightii,LOWR,NonWoody,Forb,Perennial,NATIVE,,Forb
LUAL3,Lupinus albicaulis,LUAL3,NonWoody,Forb,Annual,NATIVE,,Forb
LUAL4,Lupinus albifrons,LUAL4,Woody,Shrub,Perennial,NATIVE,,Shrub
LUAL5,Lupinus alpestris,LUAL5,NonWoody,Forb,Perennial,NATIVE,,Forb
LUAN2,Lupinus andersonii,LUAN2,NonWoody,Forb,Perennial,NATIVE,,Forb
LUAR,Lupinus arboreus,LUAR,Woody,Shrub,Perennial,NATIVE,,Shrub
LUAR3,Lupinus argenteus,LUAR3,NonWoody,Forb,Perennial,NATIVE,,Forb
LUAR4,Lupinus arizonicus,LUAR4,NonWoody,Forb,Annual,NATIVE,,Forb
LUAR6,Lupinus arbustus,LUAR6,NonWoody,Forb,Perennial,NATIVE,,Forb
LUAR7,Lupinus aridus,LUAR7,NonWoody,Forb,Perennial,NATIVE,,Forb
LUARA3,Lupinus arbustus subsp. arbustus,LUARA3,NonWoody,Forb,Perennial,NATIVE,,Forb
LUARA11,Lupinus argenteus var. argenteus,LUARA5,NonWoody,Forb,Perennial,NATIVE,,Forb
LUARA5,Lupinus argenteus subsp. argenteus,LUARA5,NonWoody,Forb,Perennial,NATIVE,,Forb
LUARA6,Lupinus aridus subsp. aridus,LUARA6,NonWoody,Forb,Perennial,NATIVE,,Forb
LUARL5,Lupinus argenteus var. laxiflorus,LUARL5,NonWoody,Forb,Perennial,NATIVE,,Forb
LUAR10,Lupinus arcenthinus,LUBAB,NonWoody,Forb,Perennial,NATIVE,,Forb
LUBAB,Lupinus bakeri subsp. bakeri,LUBAB,NonWoody,Forb,Perennial,NATIVE,,Forb
LUBI,Lupinus bicolor,LUBI,NonWoody,Forb,Annual,NATIVE,,Forb
LUBR2,Lupinus brevicaulis,LUBR2,NonWoody,Forb,Annual,NATIVE,,Forb
LUCA,Lupinus caudatus,LUCA,NonWoody,Forb,Perennial,NATIVE,,Forb
LUCA3,Lupinus caespitosus,LUCA3,NonWoody,Forb,Perennial,NATIVE,,Forb
LULEC3,Lupinus lepidus subsp. caespitosus,LUCA3,NonWoody,Forb,Perennial,NATIVE,,Forb
LUCAC3,Lupinus caudatus subsp. caudatus,LUCAC3,NonWoody,Forb,Perennial,NATIVE,,Forb
LUCAU,Lupinus caespitosus var. utahensis,LUCAU,NonWoody,Forb,Perennial,NATIVE,,Forb
LUOR3,Lupinus orcuttii,LUCOO2,NonWoody,Forb,Annual,NATIVE,,Forb
LUHO2,Lupinus holosericeus,LUHO2,NonWoody,Forb,Perennial,NATIVE,,Forb
LUKI,Lupinus kingii,LUKI,NonWoody,Forb,Annual,NATIVE,,Forb
LULE2,Lupinus lepidus,LULE2,NonWoody,Forb,Perennial,NATIVE,,Forb
LULE3,Lupinus leucophyllus,LULE3,NonWoody,Forb,Perennial,NATIVE,,Forb
LUME,Lupinus meionanthus,LUME,NonWoody,Forb,Perennial,NATIVE,,Forb
LUMO3,Lupinus mollis,LUMO3,NonWoody,Forb,Perennial,NATIVE,,Forb
LUNE,Lupinus nevadensis,LUNE,NonWoody,Forb,Perennial,NATIVE,,Forb
LUPA8,Lupinus parviflorus,LUPA8,NonWoody,Forb,Perennial,NATIVE,,Forb
LUPIN,Lupinus,LUPIN,NonWoody,Forb,Perennial,NATIVE,,Forb
LUPO2,Lupinus polyphyllus,LUPO2,NonWoody,Forb,Perennial,NATIVE,,Forb
LUPOP5,Lupinus polyphyllus var. prunophilus,LUPR2,NonWoody,Forb,Perennial,NATIVE,,Forb
LUPR2,Lupinus prunophilus,LUPR2,NonWoody,Forb,Perennial,NATIVE,,Forb
LUPU,Lupinus pusillus,LUPU,NonWoody,Forb,Annual,NATIVE,,Forb
LURE2,Ludwigia repens,LURE2,NonWoody,Forb,Perennial,NATIVE,,Forb
LURU3,Lupinus ruber,LURU3,NonWoody,Forb,Annual,NATIVE,,Forb
LUSA2,Lupinus saxosus,LUSA2,NonWoody,Forb,Perennial,NATIVE,,Forb
LUSE2,Lupinus sellulus,LUSE2,NonWoody,Forb,Perennial,NATIVE,,Forb
LUSE4,Lupinus sericeus,LUSE4,NonWoody,Forb,Perennial,NATIVE,,Forb
LUSES4,Lupinus sericeus var. sericeus,LUSES2,NonWoody,Forb,Perennial,NATIVE,,Forb
LUSP4,Luzula spicata,LUSP4,NonWoody,Graminoid,Perennial,NATIVE,,Graminoid
LUSU10,Lupinus subvexus,LUSU10,NonWoody,Forb,Annual,NATIVE,,Forb
LUSU5,Lupinus sulphureus,LUSU5,NonWoody,Forb,Perennial,NATIVE,,Forb
LUSUS,Lupinus subvexus var. subvexus,LUSUS,NonWoody,Forb,Annual,NATIVE,,Forb
LUUN,Lupinus uncialis,LUUN,NonWoody,Forb,Annual,NATIVE,,Forb
LUWY,Lupinus wyethii,LUWY,NonWoody,Forb,Perennial,NATIVE,,Forb
LUWYW,Lupinus wyethii subsp. wyethii,LUWYW,NonWoody,Forb,Perennial,NATIVE,,Forb
LYAN,Lycium andersonii,LYAN,Woody,Shrub,Perennial,NATIVE,,Shrub
LYAN2,Lycopodium annotinum,LYAN2,NonWoody,Forb,Perennial,NATIVE,,Forb
LYBE,Lycium berlandieri,LYBE,Woody,Shrub,Perennial,NATIVE,,Shrub
LYCIU,Lycium,LYCIU,Woody,Shrub,Perennial,NATIVE,,Shrub
LYCUR,Lycurus,LYCUR,NonWoody,Graminoid,Perennial,NATIVE,,Graminoid
LYDI4,Lygodesmia dianthopsis,LYDI4,NonWoody,Forb,Perennial,NATIVE,,Forb
LYGOD,Lygodesmia,LYGOD,NonWoody,Forb,Perennial,NATIVE,,Forb
LYGR,Lygodesmia grandiflora,LYGR,NonWoody,Forb,Perennial,NATIVE,,Forb
LYJU,Lygodesmia juncea,LYJU,NonWoody,Forb,Perennial,NATIVE,,Forb
LYPA,Lycium pallidum,LYPA,Woody,Shrub,Perennial,NATIVE,,Shrub
LYPH,Lycurus phleoides,LYPH,NonWoody,Graminoid,Perennial,NATIVE,,Graminoid
LYSE3,Lycurus setosus,LYSE3,NonWoody,Graminoid,Perennial,NATIVE,,Graminoid
LYUNU2,Lycopus uniflorus var. uniflorus,LYUNU2,NonWoody,Forb,Perennial,NATIVE,,Forb
MAAF,Malcolmia africana,MAAF,NonWoody,Forb,Annual,EXOTIC,INVASIVE,Forb
MAAQ2,Mahonia aquifolium,MAAQ2,Woody,Shrub,Perennial,NATIVE,,Shrub
DIBI8,Dieteria bigelovii,MABI,NonWoody,Forb,Annual,NATIVE,,Forb
MABI,Machaeranthera bigelovii,MABI,NonWoody,Forb,Annual,NATIVE,,Forb
MABIB,Machaeranthera bigelovii var. bigelovii,MABIB,NonWoody,Forb,Annual,NATIVE,,Forb
DICA18,Dieteria canescens,MACA2,NonWoody,Forb,Annual,NATIVE,,Forb
MACA2,Machaeranthera canescens,MACA2,NonWoody,Forb,Annual,NATIVE,,Forb
DIECANA2,Dieteria canescens var. aristata,MACAA2,NonWoody,Forb,Annual,NATIVE,,Forb
MACAC3,Machaeranthera canescens var. canescens,MACAC,NonWoody,Forb,Annual,NATIVE,,Forb
MACHA,Machaeranthera,MACHA,NonWoody,Forb,Annual,NATIVE,,Forb
MACI,Madia citrigracilis,MACI,NonWoody,Forb,Annual,NATIVE,,Forb
MACI2,Madia citriodora,MACI2,NonWoody,Forb,Annual,NATIVE,,Forb
MACO3,Malacothrix coulteri,MACO3,NonWoody,Forb,Annual,NATIVE,,Forb
MADI6,Matricaria discoidea,MADI6,NonWoody,Forb,Annual,EXOTIC,INVASIVE,Forb
MADIA,Madia,MADIA,NonWoody,Forb,Annual,NATIVE,,Forb
MAEX,Madia exigua,MAEX,NonWoody,Forb,Annual,NATIVE,,Forb
BEFR,Berberis fremontii,MAFR3,Woody,Shrub,Perennial,NATIVE,,Shrub
MAFR3,Mahonia fremontii,MAFR3,Woody,Shrub,Perennial,NATIVE,,Shrub
MAGL2,Madia glomerata,MAGL2,NonWoody,Forb,Annual,NATIVE,,Forb
MAGL3,Malacothrix glabrata,MAGL3,NonWoody,Forb,Annual,NATIVE,,Forb
MAGR10,Machaeranthera gracilis,MAGR10,NonWoody,Forb,Annual,NATIVE,,Forb
XANGRA,Xanthisma gracile,MAGR10,NonWoody,Forb,Annual,NATIVE,,Forb
MAGR2,Machaeranthera grindelioides,MAGR2,NonWoody,Forb,Perennial,NATIVE,,Forb
XANGRI,Xanthisma grindelioides,MAGR2,NonWoody,Forb,Perennial,NATIVE,,Forb
MAGR3,Madia gracilis,MAGR3,NonWoody,Forb,Annual,NATIVE,,Forb
MAGRG,Machaeranthera grindelioides var. grindelioides,MAGRG,NonWoody,Forb,Perennial,NATIVE,,Forb
BEHA,Berberis haematocarpa,MAHA4,Woody,Shrub,Perennial,NATIVE,,Shrub
MAHA4,Mahonia haematocarpa,MAHA4,Woody,Shrub,Perennial,NATIVE,,Shrub
MALAC3,Malacothrix,MALAC3,Woody,Shrub,Perennial,NATIVE,,Shrub
MALVA,Malva,MALVA,NonWoody,Forb,Annual,EXOTIC,,Forb
ACMI,Acacia millefolia,MAMI9,Woody,Shrub,Perennial,NATIVE,,Shrub
MANE2,Mahonia nervosa,MANE2,Woody,Shrub,Perennial,NATIVE,,Shrub
MAPI,Machaeranthera pinnatifida,MAPI,NonWoody,Forb,Perennial,NATIVE,,Forb
XASP,Xanthisma spinulosum,MAPI,NonWoody,Forb,Perennial,NATIVE,,Forb
XANSPIC,Xanthisma spinulosum var. chihuahuanum,MAPIC,NonWoody,Forb,Perennial,NATIVE,,Forb
MAPU,Malus pumila,MAPU,Woody,Tree,Perennial,EXOTIC,INVASIVE,Shrub
MARA7,Maianthemum racemosum,MARA7,NonWoody,Forb,Perennial,NATIVE,,Forb
BERE,Berberis repens,MARE11,Woody,Shrub,Perennial,NATIVE,,Shrub
MARE11,Mahonia repens,MARE11,Woody,Shrub,Perennial,NATIVE,,Shrub
MASA,Madia sativa,MASA,NonWoody,Forb,Annual,NATIVE,,Forb
MASA3,Malvella sagittifolia,MASA3,NonWoody,Forb,Perennial,NATIVE,,Forb
MASO,Malacothrix sonchoides,MASO,NonWoody,Forb,Annual,NATIVE,,Forb
MAST4,Maianthemum stellatum,MAST4,NonWoody,Forb,Perennial,NATIVE,,Forb
MATA,Machaeranthera tagetina,MATA,NonWoody,Forb,Annual,NATIVE,,Forb
MATA2,Machaeranthera tanacetifolia,MATA2,NonWoody,Forb,Annual,NATIVE,,Forb
MATO2,Malacothrix torreyi,MATO2,NonWoody,Forb,Annual,NATIVE,,Forb
MAVU,Marrubium vulgare,MAVU,NonWoody,Forb,Perennial,EXOTIC,INVASIVE,Forb
MEAL6,Mentzelia albicaulis,MEAL6,NonWoody,Forb,Annual,NATIVE,,Forb
MEBR,Mertensia brevistyla,MEBR,NonWoody,Forb,Perennial,NATIVE,,Forb
MEBU,Melica bulbosa,MEBU,NonWoody,Graminoid,Perennial,NATIVE,,Graminoid
MECA6,Mertensia campanulata,MECA6,NonWoody,Forb,Perennial,NATIVE,,Forb
MECI3,Mertensia ciliata,MECI3,NonWoody,Forb,Perennial,NATIVE,,Forb
MECO2,Mentzelia congesta,MECO2,NonWoody,Forb,Annual,NATIVE,,Forb
MEDE5,Mentzelia desertorum,MEDE5,NonWoody,Forb,Annual,NATIVE,,Forb
MEDI,Mentzelia dispersa,MEDI,NonWoody,Forb,Annual,NATIVE,,Forb
MEDIC,Medicago,MEDIC,NonWoody,Forb,Annual,EXOTIC,,Forb
MEFR2,Mertensia franciscana,MEFR2,NonWoody,Forb,Perennial,NATIVE,,Forb
MEFU,Melica fugax,MEFU,NonWoody,Graminoid,Perennial,NATIVE,,Graminoid
MEGE,Melica geyeri,MEGE,NonWoody,Graminoid,Perennial,NATIVE,,Graminoid
MEHU,Mentzelia humilis,MEHU,NonWoody,Forb,Perennial,NATIVE,,Forb
MEHU2,Mertensia humilis,MEHU2,NonWoody,Forb,Perennial,NATIVE,,Forb
METH,Mentzelia thompsonii,MEHUH,NonWoody,Forb,Annual,NATIVE,,Forb
MEIN2,Melilotus indicus,MEIN2,NonWoody,Forb,Annual,EXOTIC,INVASIVE,Forb
MELA,Mentzelia laciniata,MELA,NonWoody,Forb,Annual,NATIVE,,Forb
MELA2,Mentzelia laevicaulis,MELA2,NonWoody,Forb,Perennial,NATIVE,,Forb
MELA3,Mertensia lanceolata,MELA3,NonWoody,Forb,Perennial,NATIVE,,Forb
MELAC,Mertensia lanceolata var. coriacea,MELAC,NonWoody,Forb,Perennial,NATIVE,,Forb
MELE2,Melampodium leucanthum,MELE2,NonWoody,Forb,Perennial,NATIVE,,Forb
MELO4,Mertensia longiflora,MELO4,NonWoody,Forb,Perennial,NATIVE,,Forb
MELU,Medicago lupulina,MELU,NonWoody,Forb,Annual,EXOTIC,INVASIVE,Forb
MEMO4,Mentzelia montana,MEMO4,NonWoody,Forb,Annual,NATIVE,,Forb
MEMU3,Mentzelia multiflora,MEMU3,NonWoody,Forb,Perennial,NATIVE,,Forb
MENTH,Mentha,MENTH,NonWoody,Forb,Perennial,NATIVE,,Forb
MENTZ,Mentzelia,MENTZ,NonWoody,Forb,Annual,NATIVE,,Forb
MEFU2,Mertensia fusiformis,MEOB,NonWoody,Forb,Perennial,NATIVE,,Forb
MEOB,Mertensia oblongifolia,MEOB,NonWoody,Forb,Perennial,NATIVE,,Forb
MEOF,Melilotus officinalis,MEOF,NonWoody,Forb,Annual,EXOTIC,INVASIVE,Forb
MERTE,Mertensia,MERTE,NonWoody,Forb,Perennial,NATIVE,,Forb
MESA,Medicago sativa,MESA,NonWoody,Forb,Perennial,EXOTIC,INVASIVE,Forb
MESAS,Medicago sativa subsp. sativa,MESAS,NonWoody,Forb,Perennial,EXOTIC,INVASIVE,Forb
MESC,Menodora scabra,MESC,Woody,SubShrub,Perennial,NATIVE,,Shrub
MESM,Melica smithii,MESM,NonWoody,Graminoid,Perennial,NATIVE,,Graminoid
MESP,Melica spectabilis,MESP,NonWoody,Graminoid,Perennial,NATIVE,,Graminoid
MESP2,Menodora spinescens,MESP2,Woody,Shrub,Perennial,NATIVE,,Shrub
MEST,Melica stricta,MEST,NonWoody,Graminoid,Perennial,NATIVE,,Graminoid
MEVE5,Mentzelia veatchiana,MEVE5,NonWoody,Forb,Annual,NATIVE,,Forb
MIAC3,Mimosa aculeaticarpa,MIAC3,Woody,Shrub,Perennial,NATIVE,,Shrub
MIACB,Mimosa aculeaticarpa var. biuncifera,MIACB,Woody,Shrub,Perennial,NATIVE,,Shrub
MIAL4,Mirabilis albida,MIAL4,NonWoody,Forb,Perennial,NATIVE,,Forb
MIAL5,Mirabilis alipes,MIAL5,NonWoody,Forb,Perennial,NATIVE,,Forb
MIBR5,Mimulus breweri,MIBR5,NonWoody,Forb,Annual,NATIVE,,Forb
MICO7,Mirabilis coccinea,MICO7,NonWoody,Forb,Perennial,NATIVE,,Forb
MICRO17,Microcitrus,MICRO17,,,,NATIVE,,
MICRO22,Microsteris,MICRO22,NonWoody,Forb,Annual,NATIVE,,Forb
MICRO6,Microseris,MICRO6,NonWoody,Forb,Perennial,NATIVE,,Forb
MICU2,Mimulus cusickii,MICU2,NonWoody,Forb,Annual,NATIVE,,Forb
MIDE2,Mimulus densus,MIDE2,NonWoody,Forb,Annual,NATIVE,,Forb
MIGR,Microsteris gracilis,MIGR,NonWoody,Forb,Annual,NATIVE,,Forb
PHGR16,Phlox gracilis,MIGR,NonWoody,Forb,Annual,NATIVE,,Forb
MIGRH,Microsteris gracilis var. humilior,MIGRH,NonWoody,Forb,Annual,NATIVE,,Forb
MILA,Microseris laciniata,MILA,NonWoody,Forb,Perennial,NATIVE,,Forb
MILA6,Mirabilis laevis,MILA6,NonWoody,Forb,Perennial,NATIVE,,Forb
MILI3,Mirabilis linearis,MILI3,NonWoody,Forb,Perennial,NATIVE,,Forb
MILI5,Microseris lindleyi,MILI5,NonWoody,Forb,Annual,NATIVE,,Forb
URLI5,Uropappus lindleyi,MILI5,NonWoody,Forb,Annual,NATIVE,,Forb
MIMOS,Mimosa,MIMOS,Woody,Shrub,Perennial,NATIVE,,Shrub
MIMU,Mirabilis multiflora,MIMU,NonWoody,Forb,Perennial,NATIVE,,Forb
MIMUL,Mimulus,MIMUL,NonWoody,Forb,Annual,NATIVE,,Forb
MINA,Mimulus nanus,MINA,NonWoody,Forb,Annual,NATIVE,,Forb
MINAN2,Mimulus nanus var. nanus,MINAN2,NonWoody,Forb,Annual,NATIVE,,Forb
MINU,Microseris nutans,MINU,NonWoody,Forb,Perennial,NATIVE,,Forb
MINUN2,Minuartia nuttallii subsp. nuttallii,MINUN2,NonWoody,Forb,Perennial,NATIVE,,Forb
MIOB2,Minuartia obtusiloba,MIOB2,NonWoody,Forb,Perennial,NATIVE,,Forb
MIPI5,Mimetanthe pilosa,MIPI5,NonWoody,Forb,Annual,NATIVE,,Forb
MIPU7,Minuartia pusilla,MIPU7,NonWoody,Forb,Annual,NATIVE,,Forb
MIRU,Mimulus rubellus,MIRU,NonWoody,Forb,Annual,NATIVE,,Forb
MISU2,Mimulus suksdorfii,MISU2,NonWoody,Forb,Annual,NATIVE,,Forb
MOFI,Monarda fistulosa,MOBR2,NonWoody,Forb,Perennial,NATIVE,,Forb
MOCE,Mollugo cerviana,MOCE,NonWoody,Forb,Annual,EXOTIC,INVASIVE,Forb
MODI2,Montia dichotoma,MODI2,NonWoody,Forb,Annual,NATIVE,,Forb
MOEHR,Moehringia,MOEHR,NonWoody,Forb,Perennial,NATIVE,,Forb
MOMA3,Moehringia macrophylla,MOMA3,NonWoody,Forb,Perennial,NATIVE,,Forb
MONAR,Monarda,MONAR,NonWoody,Forb,Perennial,NATIVE,,Forb
MONOL,Monolepis,MONOL,NonWoody,Forb,Annual,NATIVE,,Forb
MONTI,Montia,MONTI,NonWoody,Forb,Annual,NATIVE,,Forb
MONU,Monolepis nuttalliana,MONU,NonWoody,Forb,Annual,NATIVE,,Forb
MOOD,Monardella odoratissima,MOOD,NonWoody,Forb,Perennial,NATIVE,,Forb
MOPU3,Monolepis pusilla,MOPU3,NonWoody,Forb,Annual,NATIVE,,Forb
MOVE,Mollugo verticillata,MOVE,NonWoody,Forb,Annual,NATIVE,,Forb
MUAR,Muhlenbergia arenacea,MUAR,NonWoody,Graminoid,Perennial,NATIVE,,Graminoid
MUAR2,Muhlenbergia arenicola,MUAR2,NonWoody,Graminoid,Perennial,NATIVE,,Graminoid
MUAR3,Muhlenbergia arizonica,MUAR3,NonWoody,Graminoid,Perennial,NATIVE,,Graminoid
MUAS,Muhlenbergia asperifolia,MUAS,NonWoody,Graminoid,Perennial,NATIVE,,Graminoid
MUCU3,Muhlenbergia cuspidata,MUCU3,NonWoody,Graminoid,Perennial,NATIVE,,Graminoid
MUDI,Musineon divaricatum,MUDI,NonWoody,Forb,Perennial,NATIVE,,Forb
MUDU,Muhlenbergia dubia,MUDU,NonWoody,Graminoid,Perennial,NATIVE,,Graminoid
MUEM,Muhlenbergia emersleyi,MUEM,NonWoody,Graminoid,Perennial,NATIVE,,Graminoid
MUFI,Muhlenbergia filiculmis,MUFI,NonWoody,Graminoid,Perennial,NATIVE,,Graminoid
MUFI2,Muhlenbergia filiformis,MUFI2,NonWoody,Graminoid,Annual,NATIVE,,Graminoid
MUFR,Muhlenbergia fragilis,MUFR,NonWoody,Graminoid,Annual,NATIVE,,Graminoid
MUHLE,Muhlenbergia,MUHLE,NonWoody,Graminoid,Perennial,NATIVE,,Graminoid
MUMO,Muhlenbergia montana,MUMO,NonWoody,Graminoid,Perennial,NATIVE,,Graminoid
MUNRO3,Munroa,MUNRO3,NonWoody,Graminoid,Annual,NATIVE,,Graminoid
MUPA2,Muhlenbergia pauciflora,MUPA2,NonWoody,Graminoid,Perennial,NATIVE,,Graminoid
MUPO,Muhlenbergia polycaulis,MUPO,NonWoody,Graminoid,Perennial,NATIVE,,Graminoid
MUPO2,Muhlenbergia porteri,MUPO2,NonWoody,Graminoid,Perennial,NATIVE,,Graminoid
MUPU2,Muhlenbergia pungens,MUPU2,NonWoody,Graminoid,Perennial,NATIVE,,Graminoid
MURI,Muhlenbergia richardsonis,MURI,NonWoody,Graminoid,Perennial,NATIVE,,Graminoid
MUSE,Muhlenbergia setifolia,MUSE,NonWoody,Graminoid,Perennial,NATIVE,,Graminoid
MUSQ3,Munroa squarrosa,MUSQ3,NonWoody,Graminoid,Annual,NATIVE,,Graminoid
MUTE4,Muhlenbergia tenuifolia,MUTE4,NonWoody,Graminoid,Annual,NATIVE,,Graminoid
MUTH,Muhlenbergia thurberi,MUTH,NonWoody,Graminoid,Perennial,NATIVE,,Graminoid
MUTO2,Muhlenbergia torreyi,MUTO2,NonWoody,Graminoid,Perennial,NATIVE,,Graminoid
MUTR,Muilla transmontana,MUTR,NonWoody,Forb,Perennial,NATIVE,,Forb
MUWR,Muhlenbergia wrightii,MUWR,NonWoody,Graminoid,Perennial,NATIVE,,Graminoid
MYAP,Myosurus apetalus,MYAP,NonWoody,Forb,Annual,NATIVE,,Forb
MYDI,Myosotis discolor,MYDI,NonWoody,Forb,Annual,EXOTIC,INVASIVE,Forb
MYLA,Myosotis laxa,MYLA,NonWoody,Forb,Annual,NATIVE,,Forb
MYMI2,Myosurus minimus,MYMI2,NonWoody,Forb,Annual,NATIVE,,Forb
MYNI,Myosurus nitidus,MYNI,NonWoody,Forb,Annual,NATIVE,,Forb
MYSC,Myosotis scorpioides,MYSC,NonWoody,Forb,Perennial,EXOTIC,INVASIVE,Forb
MYST2,Myosotis stricta,MYST2,NonWoody,Forb,Annual,EXOTIC,,Forb
MYVE,Myosotis verna,MYVE,NonWoody,Forb,Annual,NATIVE,,Forb
NAAR,Nama aretioides,NAAR,NonWoody,Forb,Annual,NATIVE,,Forb
NABR,Navarretia breweri,NABR,NonWoody,Forb,Annual,NATIVE,,Forb
NACA6,Navarretia capillaris,NACA6,NonWoody,Forb,Annual,NATIVE,,Forb
NADE2,Nama densum,NADE2,NonWoody,Forb,Annual,NATIVE,,Forb
NADI3,Navarretia divaricata,NADI3,NonWoody,Forb,Annual,NATIVE,,Forb
NAHI,Nama hispidum,NAHI,NonWoody,Forb,Annual,NATIVE,,Forb
NAIN2,Navarretia intertexta,NAIN2,NonWoody,Forb,Annual,NATIVE,,Forb
NALE,Navarretia leucocephala,NALE,NonWoody,Forb,Annual,NATIVE,,Forb
NAPU4,Nassella pulchra,NAPU4,NonWoody,Graminoid,Perennial,NATIVE,,Graminoid
NARE,Nama retrorsum,NARE,NonWoody,Forb,Annual,NATIVE,,Forb
NASI2,Navarretia sinistra,NASI2,NonWoody,Forb,Annual,NATIVE,,Forb
NASSE,Nassella,NASSE,NonWoody,Graminoid,Perennial,NATIVE,,Graminoid
NAVAR,Navarretia,NAVAR,NonWoody,Forb,Annual,NATIVE,,Forb
NAVI4,Nassella viridula,NAVI4,NonWoody,Graminoid,Perennial,NATIVE,,Graminoid
NEBR,Nemophila breviflora,NEBR,NonWoody,Forb,Annual,NATIVE,,Forb
NEKI,Nemophila kirtleyi,NEKI,NonWoody,Forb,Annual,NATIVE,,Forb
NEME,Nemophila menziesii,NEME,NonWoody,Forb,Annual,NATIVE,,Forb
NEPA,Nemophila parviflora,NEPA,NonWoody,Forb,Annual,NATIVE,,Forb
NEPA3,Neslia paniculata,NEPA3,NonWoody,Forb,Annual,EXOTIC,INVASIVE,Forb
NEPE,Nemophila pedunculata,NEPE,NonWoody,Forb,Annual,NATIVE,,Forb
NEST5,Nestotus stenophyllus,NEST5,NonWoody,Forb,Perennial,NATIVE,,Forb
NESTO,Nestotus,NESTO,NonWoody,Forb,Perennial,NATIVE,,Forb
NIAT,Nicotiana attenuata,NIAT,NonWoody,Forb,Annual,NATIVE,,Forb
NICOT,Nicotiana,NICOT,NonWoody,Forb,Annual,NATIVE,,Forb
NIOC2,Nitrophila occidentalis,NIOC2,NonWoody,Forb,Perennial,NATIVE,,Forb
NOFE3,Noccaea fendleri,NOFE3,NonWoody,Forb,Perennial,NATIVE,,Forb
NOMI,Nolina microcarpa,NOMI,Woody,Succulent,Perennial,NATIVE,,Shrub
NOTE,Nolina texana,NOTE,Woody,Succulent,Perennial,NATIVE,,Shrub
NOTHO5,Nothocalaïs,NOTHO5,NonWoody,Forb,Perennial,NATIVE,,Forb
NOTR2,Nothocalaïs troximoides,NOTR2,NonWoody,Forb,Perennial,NATIVE,,Forb
NUTE,Nuttallanthus texanus,NUTE,NonWoody,Forb,Annual,NATIVE,,Forb
OEAL,Oenothera albicaulis,OEAL,NonWoody,Forb,Annual,NATIVE,,Forb
MEBR5,Megapterium brachycarpum,OEBR,NonWoody,Forb,Perennial,NATIVE,,Forb
OECEA2,Oenothera cespitosa var. australis,OEBR,NonWoody,Forb,Perennial,NATIVE,,Forb
OECA10,Oenothera caespitosa,OECA10,NonWoody,Forb,Perennial,NATIVE,,Forb
OECO2,Oenothera coronopifolia,OECO2,NonWoody,Forb,Perennial,NATIVE,,Forb
OEDE2,Oenothera deltoides,OEDE2,NonWoody,Forb,Annual,NATIVE,,Forb
OEDEP,Oenothera deltoides subsp. piperi,OEDEP,NonWoody,Forb,Annual,NATIVE,,Forb
GAURA,Gaura,OENOT,NonWoody,Forb,Perennial,NATIVE,,Forb
OENOT,Oenothera,OENOT,NonWoody,Forb,Perennial,NATIVE,,Forb
OEPA,Oenothera pallida,OEPA,NonWoody,Forb,Perennial,NATIVE,,Forb
OEPR,Oenothera primiveris,OEPR,NonWoody,Forb,Annual,NATIVE,,Forb
OESU3,Oenothera suffrutescens,OESU3,NonWoody,Forb,Perennial,NATIVE,,Forb
OLDO,Olsynium douglasii,OLDO,NonWoody,Forb,Perennial,NATIVE,,Forb
OLDOI,Olsynium douglasii var. inflatum,OLDOI,NonWoody,Forb,Perennial,NATIVE,,Forb
OLRI,Oligoneuron rigidum,OLRI,NonWoody,Forb,Perennial,NATIVE,,Forb
ONAC,Onopordum acanthium,ONAC,NonWoody,Forb,Annual,EXOTIC,INVASIVE,Forb
ONAC2,Onopordum acaulon,ONAC2,NonWoody,Forb,Annual,ABSENT,,Forb
ONOBR,Onobrychis,ONOBR,NonWoody,Forb,Perennial,EXOTIC,,Forb
ONVI,Onobrychis viciifolia,ONVI,NonWoody,Forb,Perennial,EXOTIC,INVASIVE,Forb
OPBA2,Opuntia basilaris,OPBA2,Woody,Succulent,Perennial,NATIVE,,Shrub
OPCH,Opuntia chlorotica,OPCH,Woody,Succulent,Perennial,NATIVE,,Shrub
OPEN3,Opuntia engelmannii,OPEN3,Woody,Succulent,Perennial,NATIVE,,Shrub
OPFR,Opuntia fragilis,OPFR,Woody,Succulent,Perennial,NATIVE,,Shrub
OPFRF,Opuntia fragilis var. fragilis,OPFR,Woody,Succulent,Perennial,NATIVE,,Shrub
OPMA2,Opuntia macrorhiza,OPMA2,Woody,Succulent,Perennial,NATIVE,,Shrub
OPMA8,Opuntia macrocentra,OPMA8,Woody,Succulent,Perennial,NATIVE,,Shrub
OPMAM3,Opuntia macrorhiza var. macrorhiza,OPMAM3,Woody,Succulent,Perennial,NATIVE,,Shrub
OPPH,Opuntia phaeacantha,OPPH,Woody,Succulent,Perennial,NATIVE,,Shrub
OPPO,Opuntia polyacantha,OPPO,Woody,Succulent,Perennial,NATIVE,,Shrub
OPPOE,Opuntia polyacantha var. erinacea,OPPOE,Woody,Succulent,Perennial,NATIVE,,Shrub
OPPOP,Opuntia polyacantha var. polyacantha,OPPOP,Woody,Succulent,Perennial,NATIVE,,Shrub
OPUNT,Opuntia,OPUNT,Woody,Succulent,Perennial,NATIVE,,Shrub
ORAS,Oryzopsis asperifolia,ORAS,NonWoody,Graminoid,Perennial,NATIVE,,Graminoid
ORCO4,Orobanche cooperi,ORCO4,NonWoody,Forb,Annual,NATIVE,,Forb
ORCO5,Orobanche corymbosa,ORCO5,NonWoody,Forb,Annual,NATIVE,,Forb
ORCU,Orthocarpus cuspidatus,ORCU,NonWoody,Forb,Annual,NATIVE,,Forb
OREOC,Oreochrysum,OREOC,NonWoody,Forb,Perennial,NATIVE,,Forb
ORFA,Orobanche fasciculata,ORFA,NonWoody,Forb,Annual,NATIVE,,Forb
ORLI,Orogenia linearifolia,ORLI,NonWoody,Forb,Perennial,NATIVE,,Forb
ORLU2,Orthocarpus luteus,ORLU2,NonWoody,Forb,Annual,NATIVE,,Forb
ORLUM,Orobanche ludoviciana subsp. multiflora,ORLUM,NonWoody,Forb,Annual,NATIVE,,Forb
ORPA3,Oreochrysum parryi,ORPA3,NonWoody,Forb,Perennial,NATIVE,,Forb
ORPU2,Orthocarpus purpureoalbus,ORPU2,NonWoody,Forb,Annual,NATIVE,,Forb
ORSE,Orthilia secunda,ORSE,NonWoody,Forb,Perennial,NATIVE,,Forb
ORTE2,Orthocarpus tenuifolius,ORTE2,NonWoody,Forb,Annual,NATIVE,,Forb
ORTHO,Orthocarpus,ORTHO,NonWoody,Forb,Annual,NATIVE,,Forb
ORTO,Orthocarpus tolmiei,ORTO,NonWoody,Forb,Annual,NATIVE,,Forb
ORUN,Orobanche uniflora,ORUN,NonWoody,Forb,Annual,NATIVE,,Forb
ORVU,Origanum vulgare,ORVU,NonWoody,Forb,Perennial,EXOTIC,,Forb
ORYZO,Oryzopsis,ORYZO,NonWoody,Graminoid,Perennial,NATIVE,,Graminoid
OSBE,Osmorhiza berteroi,OSBE,NonWoody,Forb,Perennial,NATIVE,,Forb
OSDE,Osmorhiza depauperata,OSDE,NonWoody,Forb,Perennial,NATIVE,,Forb
OSMOR,Osmorhiza,OSMOR,NonWoody,Forb,Perennial,NATIVE,,Forb
OSOC,Osmorhiza occidentalis,OSOC,NonWoody,Forb,Perennial,NATIVE,,Forb
OXAC4,Oxytenia acerosa,OXAC4,Woody,SubShrub,Perennial,NATIVE,,Shrub
OXBE2,Oxytropis besseyi,OXBE2,NonWoody,Forb,Perennial,NATIVE,,Forb
OXCA4,Oxytropis campestris,OXCA4,NonWoody,Forb,Perennial,NATIVE,,Forb
OXDE,Oxytheca dendroidea,OXDE,NonWoody,Forb,Annual,NATIVE,,Forb
OXLA2,Oxytropis lagopus,OXLA2,NonWoody,Forb,Perennial,NATIVE,,Forb
OXLA3,Oxytropis lambertii,OXLA3,NonWoody,Forb,Perennial,NATIVE,,Forb
OXPO,Oxytropis podocarpa,OXPO,NonWoody,Forb,Perennial,NATIVE,,Forb
OXSE,Oxytropis sericea,OXSE,NonWoody,Forb,Perennial,NATIVE,,Forb
OXYTR,Oxytropis,OXYTR,NonWoody,Forb,Perennial,NATIVE,,Forb
PAAL6,Parthenium alpinum,PAAL6,NonWoody,Forb,Perennial,NATIVE,,Forb
PABR,Paeonia brownii,PABR,NonWoody,Forb,Perennial,NATIVE,,Forb
PABU,Panicum bulbosum,PABU,NonWoody,Graminoid,Perennial,NATIVE,,Graminoid
PACA15,Packera cana,PACA15,NonWoody,Forb,Perennial,NATIVE,,Forb
PACA6,Panicum capillare,PACA6,NonWoody,Graminoid,Annual,NATIVE,,Graminoid
PACKE,Packera,PACKE,NonWoody,Forb,Perennial,NATIVE,,Forb
PACO11,Parthenium confertum,PACO11,NonWoody,Forb,Annual,NATIVE,,Forb
PACR5,Packera crocata,PACR5,NonWoody,Forb,Perennial,NATIVE,,Forb
PADE4,Paronychia depressa,PADE4,NonWoody,Forb,Perennial,NATIVE,,Forb
PADI11,Packera dimorphophylla,PADI11,NonWoody,Forb,Perennial,NATIVE,,Forb
PADI3,Paspalum dilatatum,PADI3,NonWoody,Graminoid,Perennial,EXOTIC,INVASIVE,Graminoid
PAFE4,Packera fendleri,PAFE4,NonWoody,Forb,Perennial,NATIVE,,Forb
PAHA,Panicum hallii,PAHA,NonWoody,Graminoid,Perennial,NATIVE,,Graminoid
PAHI5,Panicum hirticaule,PAHI5,NonWoody,Graminoid,Annual,NATIVE,,Graminoid
PAIN2,Parthenium incanum,PAIN2,Woody,Shrub,Perennial,NATIVE,,Shrub
PAMU11,Packera multilobata,PAMU11,NonWoody,Forb,Perennial,NATIVE,,Forb
SEMU3,Senecio multilobatus,PAMU11,NonWoody,Forb,Perennial,NATIVE,,Forb
PAMY,Paxistima myrsinites,PAMY,Woody,Shrub,Perennial,NATIVE,,Shrub
PANE7,Packera neomexicana,PANE7,NonWoody,Forb,Perennial,NATIVE,,Forb
HOOB4,Hopia obtusa,PAOB,NonWoody,Graminoid,Perennial,NATIVE,,Graminoid
PAOB,Panicum obtusum,PAOB,NonWoody,Graminoid,Perennial,NATIVE,,Graminoid
PAPA20,Packera paupercula,PAPA20,NonWoody,Forb,Perennial,NATIVE,,Forb
PAPE5,Parietaria pensylvanica,PAPE5,NonWoody,Forb,Annual,NATIVE,,Forb
PAPL12,Packera plattensis,PAPL12,NonWoody,Forb,Perennial,NATIVE,,Forb
PAPS5,Packera pseudaurea,PAPS5,NonWoody,Forb,Perennial,NATIVE,,Forb
PAPU2,Paronychia pulvinata,PAPU2,NonWoody,Forb,Perennial,NATIVE,,Forb
PARON,Paronychia,PARON,NonWoody,Forb,Perennial,NATIVE,,Forb
PASCO,Pascopyrum,PASCO,NonWoody,Graminoid,Perennial,NATIVE,,Graminoid
AGSM,Agropyron smithii,PASM,NonWoody,Graminoid,Perennial,NATIVE,,Graminoid
ELSM3,Elymus smithii,PASM,NonWoody,Graminoid,Perennial,NATIVE,,Graminoid
PASM,Pascopyrum smithii,PASM,NonWoody,Graminoid,Perennial,NATIVE,,Graminoid
PASP,Palafoxia sphacelata,PASP,NonWoody,Forb,Annual,NATIVE,,Forb
PAST10,Packera streptanthifolia,PAST10,NonWoody,Forb,Perennial,NATIVE,,Forb
PATR7,Packera tridenticulata,PATR7,NonWoody,Forb,Perennial,NATIVE,,Forb
PAVI2,Panicum virgatum,PAVI2,NonWoody,Graminoid,Perennial,NATIVE,,Graminoid
PAWE4,Packera werneriifolia,PAWE4,NonWoody,Forb,Perennial,NATIVE,,Forb
PEAC,Penstemon acuminatus,PEAC,NonWoody,Forb,Perennial,NATIVE,,Forb
PEAL2,Penstemon albidus,PEAL2,NonWoody,Forb,Perennial,NATIVE,,Forb
PEAM,Penstemon ambiguus,PEAM,Woody,SubShrub,Perennial,NATIVE,,Shrub
PEAML2,Penstemon ambiguus var. laevissimus,PEAML2,Woody,SubShrub,Perennial,NATIVE,,Shrub
PEAN,Pectis angustifolia,PEAN,NonWoody,Forb,Annual,NATIVE,,Forb
PEAN4,Penstemon angustifolius,PEAN4,NonWoody,Forb,Perennial,NATIVE,,Forb
PEAR,Penstemon arenicola,PEAR,NonWoody,Forb,Perennial,NATIVE,,Forb
PEAR2,Penstemon aridus,PEAR2,NonWoody,Forb,Perennial,NATIVE,,Forb
PEAR6,Pediomelum argophyllum,PEAR6,NonWoody,Forb,Perennial,NATIVE,,Forb
PEBA2,Penstemon barbatus,PEBA2,NonWoody,Forb,Perennial,NATIVE,,Forb
PEBA6,Penstemon barnebyi,PEBA6,NonWoody,Forb,Perennial,NATIVE,,Forb
PEBO2,Perideridia bolanderi,PEBO2,NonWoody,Forb,Perennial,NATIVE,,Forb
PEBR9,Penstemon breviculus,PEBR9,NonWoody,Forb,Perennial,NATIVE,,Forb
PECA12,Petrophytum caespitosum,PECA12,Woody,Shrub,Perennial,NATIVE,,Shrub
PECA4,Penstemon caespitosus,PECA4,NonWoody,Forb,Perennial,NATIVE,,Forb
PECA9,Penstemon carnosus,PECA9,NonWoody,Forb,Perennial,NATIVE,,Forb
PECAC4,Penstemon caespitosus var. caespitosus,PECAC4,NonWoody,Forb,Perennial,NATIVE,,Forb
PECE,Pedicularis centranthera,PECE,NonWoody,Forb,Perennial,NATIVE,,Forb
PECI2,Penstemon cinicola,PECI2,NonWoody,Forb,Perennial,NATIVE,,Forb
PECO4,Penstemon cobaea,PECO4,NonWoody,Forb,Perennial,NATIVE,,Forb
PECO5,Penstemon comarrhenus,PECO5,NonWoody,Forb,Perennial,NATIVE,,Forb
PECO7,Penstemon confusus,PECO7,NonWoody,Forb,Perennial,NATIVE,,Forb
PECR,Pedicularis crenulata,PECR,NonWoody,Forb,Perennial,NATIVE,,Forb
PECRC,Penstemon crandallii subsp. crandallii,PECRC,Woody,SubShrub,Perennial,NATIVE,,Shrub
PECTI,Pectis,PECTI,NonWoody,Forb,Annual,NATIVE,,Forb
PECU,Penstemon cusickii,PECU,NonWoody,Forb,Perennial,NATIVE,,Forb
PECU3,Pediomelum cuspidatum,PECU3,NonWoody,Forb,Perennial,NATIVE,,Forb
PECY2,Penstemon cyananthus,PECY2,NonWoody,Forb,Perennial,NATIVE,,Forb
PECY3,Penstemon cyaneus,PECY3,NonWoody,Forb,Perennial,NATIVE,,Forb
PECY4,Penstemon cyanocaulis,PECY4,NonWoody,Forb,Perennial,NATIVE,,Forb
PECY6,Penstemon cyathophorus,PECY6,NonWoody,Forb,Perennial,NATIVE,,Forb
PEDE,Pedicularis densiflora,PEDE,NonWoody,Forb,Perennial,NATIVE,,Forb
PEDE4,Penstemon deustus,PEDE4,Woody,SubShrub,Perennial,NATIVE,,Shrub
PEDIO,Pediocactus,PEDIO,Woody,Succulent,Perennial,NATIVE,,Shrub
PEDIO2,Pediomelum,PEDIO2,NonWoody,Forb,Perennial,NATIVE,,Forb
PEEA,Penstemon eatonii,PEEA,NonWoody,Forb,Perennial,NATIVE,,Forb
PEES,Pediomelum esculentum,PEES,NonWoody,Forb,Perennial,NATIVE,,Forb
PEFR,Penstemon fremontii,PEFR,NonWoody,Forb,Perennial,NATIVE,,Forb
PEFR3,Penstemon fruticosus,PEFR3,Woody,Shrub,Perennial,NATIVE,,Shrub
PEGA,Penstemon gairdneri,PEGA,Woody,SubShrub,Perennial,NATIVE,,Shrub
PEGA3,Perideridia gairdneri,PEGA3,NonWoody,Forb,Perennial,NATIVE,,Forb
PEGL3,Penstemon glaber,PEGL3,NonWoody,Forb,Perennial,NATIVE,,Forb
PEGR2,Pedicularis groenlandica,PEGR2,NonWoody,Forb,Perennial,NATIVE,,Forb
PEGRG3,Penstemon gracilis var. gracilis,PEGRG3,NonWoody,Forb,Perennial,NATIVE,,Forb
PEHE3,Penstemon heterophyllus,PEHE3,NonWoody,Forb,Perennial,NATIVE,,Forb
PEHU,Penstemon humilis,PEHU,NonWoody,Forb,Perennial,NATIVE,,Forb
PEHUH,Penstemon humilis subsp. humilis,PEHUH,NonWoody,Forb,Perennial,NATIVE,,Forb
PEJA2,Penstemon janishiae,PEJA2,NonWoody,Forb,Perennial,NATIVE,,Forb
PEKE,Perideridia kelloggii,PEKE,NonWoody,Forb,Perennial,NATIVE,,Forb
PELA7,Penstemon laetus,PELA7,NonWoody,Forb,Perennial,NATIVE,,Forb
PELA9,Penstemon laricifolius,PELA9,NonWoody,Forb,Perennial,NATIVE,,Forb
PELE2,Penstemon lentus,PELE2,NonWoody,Forb,Perennial,NATIVE,,Forb
PELI2,Penstemon linarioides,PELI2,Woody,SubShrub,Perennial,NATIVE,,Shrub
PEME7,Pediomelum megalanthum,PEME7,NonWoody,Forb,Perennial,NATIVE,,Forb
PEME8,Pediomelum mephiticum,PEME8,NonWoody,Forb,Perennial,NATIVE,,Forb
PENI3,Penstemon nitidus,PENI3,NonWoody,Forb,Perennial,NATIVE,,Forb
PENST,Penstemon,PENST,NonWoody,Forb,Perennial,NATIVE,,Forb
PEOR6,Perideridia oregana,PEOR6,NonWoody,Forb,Perennial,NATIVE,,Forb
PEPA2,Pectis papposa,PEPA2,NonWoody,Forb,Annual,NATIVE,,Forb
PEPA29,Penstemon payettensis,PEPA29,NonWoody,Forb,Perennial,NATIVE,,Forb
PEPA6,Penstemon pachyphyllus,PEPA6,NonWoody,Forb,Perennial,NATIVE,,Forb
PEPA8,Penstemon palmeri,PEPA8,NonWoody,Forb,Perennial,NATIVE,,Forb
PEPE26,Pectocarya penicillata,PEPE26,NonWoody,Forb,Annual,NATIVE,,Forb
PEPI3,Penstemon pinifolius,PEPI3,Woody,SubShrub,Perennial,NATIVE,,Shrub
PEPR2,Penstemon procerus,PEPR2,NonWoody,Forb,Perennial,NATIVE,,Forb
PEPR7,Pedicularis procera,PEPR7,NonWoody,Forb,Perennial,NATIVE,,Forb
PEPU7,Petradoria pumila,PEPU7,NonWoody,Forb,Perennial,NATIVE,,Forb
PEPUP,Petradoria pumila subsp. pumila,PEPUP,NonWoody,Forb,Perennial,NATIVE,,Forb
PERA4,Peraphyllum ramosissimum,PERA4,Woody,Shrub,Perennial,NATIVE,,Shrub
PERE,Pectocarya recurvata,PERE,NonWoody,Forb,Annual,NATIVE,,Forb
PERID,Perideridia,PERID,NonWoody,Forb,Perennial,NATIVE,,Forb
PERO10,Penstemon rostriflorus,PERO10,Woody,SubShrub,Perennial,NATIVE,,Shrub
PERO12,Penstemon roezlii,PERO12,NonWoody,Forb,Perennial,NATIVE,,Forb
PERU,Penstemon rupicola,PERU,NonWoody,Forb,Perennial,NATIVE,,Forb
PERU6,Pectis rusbyi,PERU6,NonWoody,Forb,Annual,NATIVE,,Forb
PERY,Penstemon rydbergii,PERY,NonWoody,Forb,Perennial,NATIVE,,Forb
PESC4,Peucephyllum schottii,PESC4,Woody,Shrub,Perennial,NATIVE,,Shrub
PESE,Pectocarya setosa,PESE,NonWoody,Forb,Annual,NATIVE,,Forb
PESE11,Penstemon secundiflorus,PESE11,NonWoody,Forb,Perennial,NATIVE,,Forb
PESE12,Penstemon seorsus,PESE12,NonWoody,Forb,Perennial,NATIVE,,Forb
PESI,Pediocactus simpsonii,PESI,Woody,Succulent,Perennial,NATIVE,,Shrub
PESP,Penstemon speciosus,PESP,NonWoody,Forb,Perennial,NATIVE,,Forb
PESP2,Penstemon spatulatus,PESP2,NonWoody,Forb,Perennial,NATIVE,,Forb
PEST2,Penstemon strictus,PEST2,NonWoody,Forb,Perennial,NATIVE,,Forb
PETE9,Penstemon teucrioides,PETE9,NonWoody,Forb,Perennial,NATIVE,,Forb
PETH2,Penstemon thompsoniae,PETH2,Woody,SubShrub,Perennial,NATIVE,,Shrub
PEUT,Penstemon utahensis,PEUT,NonWoody,Forb,Perennial,NATIVE,,Forb
PEVI3,Penstemon virens,PEVI3,NonWoody,Forb,Perennial,NATIVE,,Forb
PEVI4,Penstemon virgatus,PEVI4,NonWoody,Forb,Perennial,NATIVE,,Forb
PEWA,Penstemon watsonii,PEWA,NonWoody,Forb,Perennial,NATIVE,,Forb
PEWH,Penstemon whippleanus,PEWH,NonWoody,Forb,Perennial,NATIVE,,Forb
PHAB,Phyllanthus abnormis,PHAB,NonWoody,Forb,Annual,NATIVE,,Forb
PHAC2,Phlox aculeata,PHAC2,NonWoody,Forb,Perennial,NATIVE,,Forb
PHAC4,Physaria acutifolia,PHAC4,NonWoody,Forb,Perennial,NATIVE,,Forb
PHACE,Phacelia,PHACE,NonWoody,Forb,Annual,NATIVE,,Forb
PHAD,Phacelia adenophora,PHAD,NonWoody,Forb,Annual,NATIVE,,Forb
PHAL2,Phleum alpinum,PHAL2,NonWoody,Graminoid,Perennial,NATIVE,,Graminoid
PHAL3,Phlox alyssifolia,PHAL3,NonWoody,Forb,Perennial,NATIVE,,Forb
PHANA,Phlox andicola subsp. andicola,PHANA,NonWoody,Forb,Perennial,NATIVE,,Forb
PHAR3,Phalaris arundinacea,PHAR3,NonWoody,Graminoid,Perennial,NATIVE,,Graminoid
PHAU,Phacelia austromontana,PHAU,NonWoody,Forb,Annual,NATIVE,,Forb
TAAU,Talinum aurantiacum,PHAU13,NonWoody,Forb,Perennial,NATIVE,,Forb
TAPO5,Talinum polygaloides,PHAU13,NonWoody,Forb,Perennial,NATIVE,,Forb
PHAU3,Phlox austromontana,PHAU3,NonWoody,Forb,Perennial,NATIVE,,Forb
PHAU7,Phragmites australis,PHAU7,NonWoody,Graminoid,Perennial,NATIVE,,Graminoid
PHBE2,Physaria bellii,PHBE2,NonWoody,Forb,Perennial,NATIVE,,Forb
PHBI,Phacelia bicolor,PHBI,NonWoody,Forb,Annual,NATIVE,,Forb
PHCA12,Phoradendron capitellatum,PHCA12,Woody,Shrub,Perennial,NATIVE,,Shrub
PHCA7,Phlox caespitosa,PHCA7,NonWoody,Forb,Perennial,NATIVE,,Forb
PHCH,Phoenicaulis cheiranthoides,PHCH,NonWoody,Forb,Perennial,NATIVE,,Forb
PHCH2,Physaria chambersii,PHCH2,NonWoody,Forb,Perennial,NATIVE,,Forb
PHCO10,Phlox colubrina,PHCO10,NonWoody,Forb,Perennial,NATIVE,,Forb
PHCO12,Phlox covillei,PHCO12,NonWoody,Forb,Perennial,NATIVE,,Forb
PHCO47,Phemeranthus confertiflorus,PHCO47,NonWoody,Forb,Perennial,NATIVE,,Forb
PHCR,Phacelia crenulata,PHCR,NonWoody,Forb,Annual,NATIVE,,Forb
PHDI,Phacelia distans,PHDI,NonWoody,Forb,Annual,NATIVE,,Forb
PHDI3,Phlox diffusa,PHDI3,NonWoody,Forb,Perennial,NATIVE,,Forb
PHDI6,Physaria didymocarpa,PHDI6,NonWoody,Forb,Perennial,NATIVE,,Forb
PHDR,Phlox drummondii,PHDR,NonWoody,Forb,Annual,NATIVE,,Forb
PHFL3,Physaria floribunda,PHFL3,NonWoody,Forb,Perennial,NATIVE,,Forb
PHFR2,Phacelia fremontii,PHFR2,NonWoody,Forb,Annual,NATIVE,,Forb
PHGL2,Phacelia glandulifera,PHGL2,NonWoody,Forb,Annual,NATIVE,,Forb
PHGR,Phacelia grandiflora,PHGR,NonWoody,Forb,Annual,NATIVE,,Forb
PHGRT,Phlox griseola subsp. tumulosa,PHGRT,NonWoody,Forb,Perennial,NATIVE,,Forb
PHGY,Phacelia gymnoclada,PHGY,NonWoody,Forb,Annual,NATIVE,,Forb
PHHA,Phacelia hastata,PHHA,NonWoody,Forb,Perennial,NATIVE,,Forb
PHHA3,Phoradendron hawksworthii,PHHA3,Woody,Shrub,Perennial,NATIVE,,Shrub
PHHAH,Phacelia hastata var. hastata,PHHAH,NonWoody,Forb,Perennial,NATIVE,,Forb
PHHE2,Phacelia heterophylla,PHHE2,NonWoody,Forb,Perennial,NATIVE,,Forb
PHHE4,Physalis hederifolia,PHHE4,NonWoody,Forb,Perennial,NATIVE,,Forb
PHHO,Phlox hoodii,PHHO,NonWoody,Forb,Perennial,NATIVE,,Forb
PHHOC,Phlox hoodii subsp. canescens,PHHOC,NonWoody,Forb,Perennial,NATIVE,,Forb
PHHOH,Phlox hoodii subsp. hoodii,PHHOH,NonWoody,Forb,Perennial,NATIVE,,Forb
PHHOM,Phlox hoodii subsp. muscoides,PHHOM,NonWoody,Forb,Perennial,NATIVE,,Forb
PHHU,Phacelia humilis,PHHU,NonWoody,Forb,Annual,NATIVE,,Forb
PHHY,Phacelia hydrophylloides,PHHY,NonWoody,Forb,Perennial,NATIVE,,Forb
PHIN,Phacelia integrifolia,PHIN,NonWoody,Forb,Annual,NATIVE,,Forb
PHIV,Phacelia ivesiana,PHIV,NonWoody,Forb,Annual,NATIVE,,Forb
PHJU,Phoradendron juniperinum,PHJU,Woody,Shrub,Perennial,NATIVE,,Shrub
PHLE,Phacelia lemmonii,PHLE,,,,,,
PHLE4,Philadelphus lewisii,PHLE4,Woody,Shrub,Perennial,NATIVE,,Shrub
PHLI,Phacelia linearis,PHLI,NonWoody,Forb,Annual,NATIVE,,Forb
PHLO,Phacelia longipes,PHLO,NonWoody,Forb,Annual,NATIVE,,Forb
PHLO2,Phlox longifolia,PHLO2,NonWoody,Forb,Perennial,NATIVE,,Forb
PHLO4,Physalis longifolia,PHLO4,NonWoody,Forb,Perennial,NATIVE,,Forb
PHLOL2,Phlox longifolia subsp. longifolia,PHLOL2,NonWoody,Forb,Perennial,NATIVE,,Forb
PHLOX,Phlox,PHLOX,NonWoody,Forb,Perennial,NATIVE,,Forb
PHLU,Phacelia lutea,PHLU,NonWoody,Forb,Annual,NATIVE,,Forb
PHMA5,Physocarpus malvaceus,PHMA5,Woody,Shrub,Perennial,NATIVE,,Shrub
PHMI4,Philadelphus microphyllus,PHMI4,Woody,Shrub,Perennial,NATIVE,,Shrub
PHMU2,Phacelia mutabilis,PHMU2,NonWoody,Forb,Perennial,NATIVE,,Forb
PHMU3,Phlox multiflora,PHMU3,NonWoody,Forb,Perennial,NATIVE,,Forb
PHMUM,Phlox multiflora subsp. multiflora,PHMUM,NonWoody,Forb,Perennial,NATIVE,,Forb
PHNA2,Phlox nana,PHNA2,NonWoody,Forb,Perennial,NATIVE,,Forb
PHPA29,Phemeranthus parviflorus,PHPA29,NonWoody,Succulent,Perennial,NATIVE,,Shrub
PHPR3,Phleum pratense,PHPR3,NonWoody,Graminoid,Perennial,EXOTIC,INVASIVE,Graminoid
PHPU12,Phlox pungens,PHPU12,NonWoody,Forb,Perennial,NATIVE,,Forb
PHPU5,Phlox pulvinata,PHPU5,NonWoody,Forb,Perennial,NATIVE,,Forb
PHRA2,Phacelia ramosissima,PHRA2,NonWoody,Forb,Perennial,NATIVE,,Forb
PHRE9,Physaria rectipes,PHRE9,NonWoody,Forb,Perennial,NATIVE,,Forb
PHSEC,Phacelia sericea subsp. ciliosa,PHSEC,NonWoody,Forb,Perennial,NATIVE,,Forb
PHSP,Phlox speciosa,PHSP,NonWoody,Forb,Perennial,NATIVE,,Forb
PHST11,Phlox stansburyi,PHST11,NonWoody,Forb,Perennial,NATIVE,,Forb
PHSTS3,Phlox stansburyi subsp. stansburyi,PHSTS3,NonWoody,Forb,Perennial,NATIVE,,Forb
PHFON,Physalis foetens var. neomexicana,PHSUN,NonWoody,Forb,Annual,NATIVE,,Forb
PHTH,Phacelia thermalis,PHTH,NonWoody,Forb,Annual,NATIVE,,Forb
PHYSA,Physalis,PHYSA,NonWoody,Forb,Perennial,NATIVE,,Forb
PHYSA2,Physaria,PHYSA2,NonWoody,Forb,Perennial,NATIVE,,Forb
PIAR,Pinus aristata,PIAR,Woody,Tree,Perennial,NATIVE,,Shrub
PICO,Pinus contorta,PICO,Woody,Tree,Perennial,NATIVE,,Shrub
PICOL,Pinus contorta var. latifolia,PICOL,Woody,Tree,Perennial,NATIVE,,Shrub
ARSP5,Artemisia spinescens,PIDE4,Woody,SubShrub,Perennial,NATIVE,,Shrub
PIDE4,Picrothamnus desertorum,PIDE4,Woody,SubShrub,Perennial,NATIVE,,Shrub
PIDI3,Pinus discolor,PIDI3,Woody,Tree,Perennial,NATIVE,,Shrub
PIED,Pinus edulis,PIED,Woody,Tree,Perennial,NATIVE,,Shrub
PIEN,Picea engelmannii,PIEN,Woody,Tree,Perennial,NATIVE,,Shrub
PIENE,Picea engelmannii var. engelmannii,PIENE,Woody,Tree,Perennial,NATIVE,,Shrub
PIEX4,Piptatheropsis exigua,PIEX4,NonWoody,Graminoid,Perennial,NATIVE,,Graminoid
PIFI,Piptochaetium fimbriatum,PIFI,NonWoody,Graminoid,Perennial,NATIVE,,Graminoid
PIFL2,Pinus flexilis,PIFL2,Woody,Tree,Perennial,NATIVE,,Shrub
PIJE,Pinus jeffreyi,PIJE,Woody,Tree,Perennial,NATIVE,,Shrub
PIMI,Piptatheropsis micrantha,PIMI,NonWoody,Graminoid,Perennial,NATIVE,,Graminoid
PIMI7,Piptatherum micranthum,PIMI,NonWoody,Graminoid,Perennial,NATIVE,,Graminoid
PIMO,Pinus monophylla,PIMO,Woody,Tree,Perennial,NATIVE,,Shrub
PIMO5,Pickeringia montana,PIMO5,Woody,Shrub,Perennial,NATIVE,,Shrub
PIOP,Picradeniopsis oppositifolia,PIOP,NonWoody,Forb,Perennial,NATIVE,,Forb
PIPO,Pinus ponderosa,PIPO,Woody,Tree,Perennial,NATIVE,,Shrub
PINSCO,Pinus scopulorum,PIPOS,Woody,Tree,Perennial,NATIVE,,Shrub
PIPOS,Pinus ponderosa var. scopulorum,PIPOS,Woody,Tree,Perennial,NATIVE,,Shrub
PIPU,Picea pungens,PIPU,Woody,Tree,Perennial,NATIVE,,Shrub
PIWO,Picradeniopsis woodhousei,PIWO,NonWoody,Forb,Perennial,NATIVE,,Forb
PLAGI,Plagiobothrys,PLAGI,NonWoody,Forb,Annual,NATIVE,,Forb
PLANT,Plantago,PLANT,NonWoody,Forb,Annual,NATIVE,,Forb
PLAR,Plagiobothrys arizonicus,PLAR,NonWoody,Forb,Annual,NATIVE,,Forb
PLEIA,Pleiacanthus,PLEIA,NonWoody,Forb,Perennial,NATIVE,,Forb
PLEL,Plantago elongata,PLEL,NonWoody,Forb,Annual,NATIVE,,Forb
PLER,Plantago eriopoda,PLER,NonWoody,Forb,Perennial,NATIVE,,Forb
PLEUR12,Pleuraphis,PLEUR12,NonWoody,Graminoid,Perennial,NATIVE,,Graminoid
PLHE,Plantago helleri,PLHE,NonWoody,Forb,Annual,NATIVE,,Forb
PLHI3,Plagiobothrys hispidus,PLHI3,NonWoody,Forb,Annual,NATIVE,,Forb
PLIN7,Platyschkuhria integrifolia,PLIN7,NonWoody,Forb,Perennial,NATIVE,,Forb
HIJA,Hilaria jamesii,PLJA,NonWoody,Graminoid,Perennial,NATIVE,,Graminoid
PLJA,Pleuraphis jamesii,PLJA,NonWoody,Graminoid,Perennial,NATIVE,,Graminoid
PLLA,Plantago lanceolata,PLLA,NonWoody,Forb,Perennial,EXOTIC,INVASIVE,Forb
PLLE,Plagiobothrys leptocladus,PLLE,NonWoody,Forb,Annual,NATIVE,,Forb
PLMA2,Plantago major,PLMA2,NonWoody,Forb,Perennial,EXOTIC,INVASIVE,Forb
PLMA4,Plectritis macrocera,PLMA4,NonWoody,Forb,Annual,NATIVE,,Forb
PLMU3,Pleuraphis mutica,PLMU3,NonWoody,Graminoid,Perennial,NATIVE,,Graminoid
PLOV,Plantago ovata,PLOV,NonWoody,Forb,Annual,NATIVE,,Forb
PLPA2,Plantago patagonica,PLPA2,NonWoody,Forb,Annual,NATIVE,,Forb
PLPAB,Plantago patagonica var. breviscapa,PLPA2,NonWoody,Forb,Annual,NATIVE,,Forb
HIRI,Hilaria rigida,PLRI3,NonWoody,Graminoid,Perennial,NATIVE,,Graminoid
PLRI3,Pleuraphis rigida,PLRI3,NonWoody,Graminoid,Perennial,NATIVE,,Graminoid
PLSC2,Plagiobothrys scouleri,PLSC2,NonWoody,Forb,Annual,NATIVE,,Forb
PLSCC,Plagiobothrys scouleri var. cusickii,PLSCC,NonWoody,Forb,Annual,NATIVE,,Forb
PLSCH,Plagiobothrys scouleri var. hispidulus,PLSCH,NonWoody,Forb,Annual,NATIVE,,Forb
PLSP7,Pleiacanthus spinosus,PLSP7,NonWoody,Forb,Perennial,NATIVE,,Forb
STSP6,Stephanomeria spinosa,PLSP7,NonWoody,Forb,Perennial,NATIVE,,Forb
PLTE,Plagiobothrys tenellus,PLTE,NonWoody,Forb,Annual,NATIVE,,Forb
POA,Poa,POA,NonWoody,Graminoid,Perennial,NATIVE,,Graminoid
POAL2,Poa alpina,POAL2,NonWoody,Graminoid,Perennial,NATIVE,,Graminoid
POAL4,Polygala alba,POAL4,NonWoody,Forb,Perennial,NATIVE,,Forb
POAM6,Potentilla ambigens,POAM6,NonWoody,Forb,Perennial,NATIVE,,Forb
POAN,Poa annua,POAN,NonWoody,Graminoid,Annual,EXOTIC,INVASIVE,Graminoid
POAN3,Populus angustifolia,POAN3,Woody,Tree,Perennial,NATIVE,,Shrub
POAR11,Polygonum arenastrum,POAR11,NonWoody,Forb,Annual,EXOTIC,INVASIVE,Forb
POAR2,Poa arctica,POAR2,NonWoody,Graminoid,Perennial,NATIVE,,Graminoid
POAR3,Poa arida,POAR3,NonWoody,Graminoid,Perennial,NATIVE,,Graminoid
POAR7,Potentilla arguta,POAR7,NonWoody,Forb,Perennial,NATIVE,,Forb
POAR8,Potentilla argentea,POAR8,NonWoody,Forb,Perennial,EXOTIC,INVASIVE,Forb
POAV,Polygonum aviculare,POAV,NonWoody,Forb,Annual,EXOTIC,INVASIVE,Forb
POBA,Polygala barbeyana,POBA,NonWoody,Forb,Perennial,NATIVE,,Forb
POBI6,Polygonum bistortoides,POBI6,NonWoody,Forb,Perennial,NATIVE,,Forb
POBI7,Potentilla biennis,POBI7,NonWoody,Forb,Annual,NATIVE,,Forb
POBR8,Polemonium brandegeei,POBR8,NonWoody,Forb,Perennial,NATIVE,,Forb
POBU,Poa bulbosa,POBU,NonWoody,Graminoid,Perennial,EXOTIC,INVASIVE,Graminoid
POCO,Poa compressa,POCO,NonWoody,Graminoid,Perennial,EXOTIC,INVASIVE,Graminoid
POCO13,Potentilla concinna,POCO13,NonWoody,Forb,Perennial,NATIVE,,Forb
POCU3,Poa cusickii,POCU3,NonWoody,Graminoid,Perennial,NATIVE,,Graminoid
PODE3,Populus deltoides,PODE3,Woody,Tree,Perennial,NATIVE,,Shrub
PODI2,Potentilla diversifolia,PODI2,NonWoody,Forb,Perennial,NATIVE,,Forb
POGL18,Potentilla glaucophylla,PODID,NonWoody,Forb,Perennial,NATIVE,,Forb
PODO3,Polanisia dodecandra,PODO3,NonWoody,Forb,Annual,NATIVE,,Forb
PODO4,Polygonum douglasii,PODO4,NonWoody,Forb,Annual,NATIVE,,Forb
PODOD4,Polygonum douglasii subsp. douglasii,PODOD4,NonWoody,Forb,Annual,NATIVE,,Forb
PODOJ2,Polygonum douglasii subsp. johnstonii,PODOJ2,NonWoody,Forb,Annual,NATIVE,,Forb
POSA17,Polygonum sawatchense,PODOJ2,NonWoody,Forb,Annual,NATIVE,,Forb
PODOM2,Polygonum douglasii subsp. majus,PODOM2,NonWoody,Forb,Annual,NATIVE,,Forb
POFE,Poa fendleriana,POFE,NonWoody,Graminoid,Perennial,NATIVE,,Graminoid
POFEF,Poa fendleriana subsp. fendleriana,POFEF,NonWoody,Graminoid,Perennial,NATIVE,,Graminoid
POFEL,Poa fendleriana subsp. longiligula,POFEL,NonWoody,Graminoid,Perennial,NATIVE,,Graminoid
POFI3,Potentilla fissa,POFI3,NonWoody,Forb,Perennial,NATIVE,,Forb
POFO,Polemonium foliosissimum,POFO,NonWoody,Forb,Perennial,NATIVE,,Forb
POFR5,Polyscias fruticosa,POFR5,,,,NATIVE,,
POGL,Poa glauca,POGL,NonWoody,Graminoid,Perennial,NATIVE,,Graminoid
POGL9,Potentilla glandulosa,POGL9,NonWoody,Forb,Perennial,NATIVE,,Forb
POGLG4,Potentilla glandulosa subsp. glandulosa,POGLG4,NonWoody,Forb,Perennial,NATIVE,,Forb
POGR5,Porophyllum gracile,POGR5,Woody,SubShrub,Perennial,NATIVE,,Shrub
POGR9,Potentilla gracilis,POGR9,NonWoody,Forb,Perennial,NATIVE,,Forb
POHA5,Portulaca halimoides,POHA5,NonWoody,Forb,Annual,NATIVE,,Forb
POHE2,Polygonum heterosepalum,POHE2,NonWoody,Forb,Annual,NATIVE,,Forb
POHI6,Potentilla hippiana,POHI6,NonWoody,Forb,Perennial,NATIVE,,Forb
POJA5,Pomaria jamesii,POJA5,NonWoody,Forb,Perennial,NATIVE,,Forb
POLYG4,Polygonum,POLYG4,NonWoody,Forb,Annual,NATIVE,,Forb
POMA7,Polygala macradenia,POMA7,NonWoody,Forb,Perennial,NATIVE,,Forb
POMI,Polemonium micranthum,POMI,NonWoody,Forb,Annual,NATIVE,,Forb
POMO5,Polypogon monspeliensis,POMO5,NonWoody,Graminoid,Annual,EXOTIC,INVASIVE,Graminoid
PONE2,Poa nervosa,PONE2,NonWoody,Graminoid,Perennial,NATIVE,,Graminoid
POIN,Poa interior,PONEI2,NonWoody,Graminoid,Perennial,NATIVE,,Graminoid
PONEI2,Poa nemoralis subsp. interior,PONEI2,NonWoody,Graminoid,Perennial,NATIVE,,Graminoid
POOB,Polygala obscura,POOB,NonWoody,Forb,Perennial,NATIVE,,Forb
POOL,Portulaca oleracea,POOL,NonWoody,Forb,Annual,NATIVE,,Forb
POOV2,Potentilla ovina,POOV2,NonWoody,Forb,Perennial,NATIVE,,Forb
POPA2,Poa palustris,POPA2,NonWoody,Graminoid,Perennial,NATIVE,,Graminoid
POPA8,Polygonum parryi,POPA8,NonWoody,Forb,Annual,NATIVE,,Forb
POPE8,Potentilla pensylvanica,POPE8,NonWoody,Forb,Perennial,NATIVE,,Forb
POPI3,Portulaca pilosa,POPI3,NonWoody,Forb,Annual,NATIVE,,Forb
POPO4,Polygonum polygaloides,POPO4,NonWoody,Forb,Annual,NATIVE,,Forb
POPOC,Polygonum polygaloides subsp. confertiflorum,POPOC,NonWoody,Forb,Annual,NATIVE,,Forb
POPOK,Polygonum polygaloides subsp. kelloggii,POPOK,NonWoody,Forb,Annual,NATIVE,,Forb
POPR,Poa pratensis,POPR,NonWoody,Graminoid,Perennial,NATIVE,,Graminoid
POPRP2,Poa pratensis subsp. pratensis,POPRP2,NonWoody,Graminoid,Perennial,EXOTIC,INVASIVE,Graminoid
POPU9,Potentilla pulcherrima,POPU9,NonWoody,Forb,Perennial,NATIVE,,Forb
POPUL,Populus,POPUL,Woody,Tree,Perennial,NATIVE,,Shrub
PORA3,Polygonum ramosissimum,PORA3,NonWoody,Forb,Annual,NATIVE,,Forb
PORTU,Portulaca,PORTU,NonWoody,Forb,Annual,NATIVE,,Forb
POSC6,Porophyllum scoparium,POSC6,Woody,Shrub,Perennial,NATIVE,,Shrub
POCA,Poa canbyi,POSE,NonWoody,Graminoid,Perennial,NATIVE,,Graminoid
POJU,Poa juncifolia,POSE,NonWoody,Graminoid,Perennial,NATIVE,,Graminoid
POSE,Poa secunda,POSE,NonWoody,Graminoid,Perennial,NATIVE,,Graminoid
POSE3,Polygala senega,POSE3,NonWoody,Forb,Perennial,NATIVE,,Forb
POSU2,Polygala subspinosa,POSU2,Woody,SubShrub,Perennial,NATIVE,,Shrub
POTEN,Potentilla,POTEN,NonWoody,Forb,Perennial,NATIVE,,Forb
POTR,Poa tracyi,POTR,NonWoody,Graminoid,Perennial,NATIVE,,Graminoid
POTR2,Poa trivialis,POTR2,NonWoody,Graminoid,Perennial,EXOTIC,INVASIVE,Graminoid
POTR5,Populus tremuloides,POTR5,Woody,Tree,Perennial,NATIVE,,Shrub
POVI3,Polygonum viviparum,POVI3,NonWoody,Forb,Perennial,NATIVE,,Forb
POWH2,Poa wheeleri,POWH2,NonWoody,Graminoid,Perennial,NATIVE,,Graminoid
PRAL4,Proboscidea althaeifolia,PRAL4,NonWoody,Forb,Perennial,NATIVE,,Forb
PRAN2,Prunus andersonii,PRAN2,Woody,Shrub,Perennial,NATIVE,,Shrub
PREM,Prunus emarginata,PREM,Woody,Shrub,Perennial,NATIVE,,Shrub
PREX,Prenanthella exigua,PREX,NonWoody,Forb,Annual,NATIVE,,Forb
PRFA,Prunus fasciculata,PRFA,Woody,Shrub,Perennial,NATIVE,,Shrub
PRGL2,Prosopis glandulosa,PRGL2,Woody,Shrub,Perennial,NATIVE,,Shrub
PRIMU,Primula,PRIMU,NonWoody,Forb,Perennial,NATIVE,,Forb
PROSO,Prosopis,PROSO,Woody,Shrub,Perennial,NATIVE,,Shrub
PRPA2,Proboscidea parviflora,PRPA2,NonWoody,Forb,Annual,NATIVE,,Forb
PRPU3,Prunus pumila,PRPU3,Woody,Shrub,Perennial,NATIVE,,Shrub
PRUNU,Prunus,PRUNU,Woody,Shrub,Perennial,NATIVE,,Shrub
PRVE,Prosopis velutina,PRVE,Woody,Shrub,Perennial,NATIVE,,Shrub
PRVI,Prunus virginiana,PRVI,Woody,Shrub,Perennial,NATIVE,,Shrub
PRVIM,Prunus virginiana var. melanocarpa,PRVIM,Woody,Shrub,Perennial,NATIVE,,Shrub
PSAR4,Psorothamnus arborescens,PSAR4,Woody,Shrub,Perennial,NATIVE,,Shrub
PSBR,Psilocarphus brevissimus,PSBR,NonWoody,Forb,Annual,NATIVE,,Forb
PSBRB,Psilocarphus brevissimus var. brevissimus,PSBRB,NonWoody,Forb,Annual,NATIVE,,Forb
PSCA11,Pseudognaphalium canescens,PSCA11,NonWoody,Forb,Annual,NATIVE,,Forb
PSCO2,Psilostrophe cooperi,PSCO2,Woody,SubShrub,Perennial,NATIVE,,Shrub
PSEUD22,Pseudoroegneria,PSEUD22,NonWoody,Graminoid,Perennial,NATIVE,,Graminoid
PSEUD43,Pseudognaphalium,PSEUD43,NonWoody,Forb,Annual,NATIVE,,Forb
PSFR,Psorothamnus fremontii,PSFR,Woody,Shrub,Perennial,NATIVE,,Shrub
PSJA2,Pseudostellaria jamesiana,PSJA2,NonWoody,Forb,Perennial,NATIVE,,Forb
PSJU3,Psathyrostachys juncea,PSJU3,NonWoody,Graminoid,Perennial,EXOTIC,,Graminoid
LADLAN,Ladeania lanceolata,PSLA3,NonWoody,Forb,Perennial,NATIVE,,Forb
PSLA3,Psoralidium lanceolatum,PSLA3,NonWoody,Forb,Perennial,NATIVE,,Forb
PSME,Pseudotsuga menziesii,PSME,Woody,Tree,Perennial,NATIVE,,Shrub
PSMEG,Pseudotsuga menziesii var. glauca,PSMEG,Woody,Tree,Perennial,NATIVE,,Shrub
CYLE6,Cymopterus lemmonii,PSMO,NonWoody,Forb,Perennial,NATIVE,,Forb
PSMO,Pseudocymopterus montanus,PSMO,NonWoody,Forb,Perennial,NATIVE,,Forb
PSORA2,Psoralidium,PSORA2,,,,NATIVE,,
PSPO,Psorothamnus polydenius,PSPO,Woody,Shrub,Perennial,NATIVE,,Shrub
PSSC5,Psorothamnus schottii,PSSC5,Woody,Shrub,Perennial,NATIVE,,Shrub
PSSC6,Psorothamnus scoparius,PSSC6,Woody,Shrub,Perennial,NATIVE,,Shrub
PSSP,Psilostrophe sparsiflora,PSSP,NonWoody,Forb,Perennial,NATIVE,,Forb
PSSP3,Psorothamnus spinosus,PSSP3,Woody,Shrub,Perennial,NATIVE,,Shrub
AGSP,Agropyron spicatum,PSSP6,NonWoody,Graminoid,Perennial,NATIVE,,Graminoid
PSSP6,Pseudoroegneria spicata,PSSP6,NonWoody,Graminoid,Perennial,NATIVE,,Graminoid
PSSPI,Pseudoroegneria spicata subsp. inermis,PSSPI,NonWoody,Graminoid,Perennial,NATIVE,,Graminoid
PSSPS,Pseudoroegneria spicata subsp. spicata,PSSPS,NonWoody,Graminoid,Perennial,NATIVE,,Graminoid
PSTA,Psilostrophe tagetina,PSTA,NonWoody,Forb,Perennial,NATIVE,,Forb
PSTE,Psilocarphus tenellus,PSTE,NonWoody,Forb,Annual,NATIVE,,Forb
PSTE5,Psoralidium tenuiflorum,PSTE5,NonWoody,Forb,Perennial,NATIVE,,Forb
PSTH,Psorothamnus thompsoniae,PSTH,Woody,Shrub,Perennial,NATIVE,,Shrub
PTERI,Pteridium,PTERI,NonWoody,Forb,Perennial,NATIVE,,Forb
PTPE,Pteryxia petraea,PTPE,NonWoody,Forb,Perennial,NATIVE,,Forb
PTTE,Pteryxia terebinthina,PTTE,NonWoody,Forb,Perennial,NATIVE,,Forb
PTTEA,Pteryxia terebinthina var. albiflora,PTTEA,NonWoody,Forb,Perennial,NATIVE,,Forb
PTTR,Ptelea trifoliata,PTTR,Woody,Shrub,Perennial,NATIVE,,Shrub
PUTR,Puccinellia triflora,PUAN,NonWoody,Graminoid,Perennial,NATIVE,,Graminoid
PUGL2,Purshia glandulosa,PUGL2,Woody,Shrub,Perennial,NATIVE,,Shrub
PULE,Puccinellia lemmonii,PULE,NonWoody,Graminoid,Perennial,NATIVE,,Graminoid
PUME,Purshia mexicana,PUME,Woody,Shrub,Perennial,NATIVE,,Shrub
PUNU2,Puccinellia nuttalliana,PUNU2,NonWoody,Graminoid,Perennial,NATIVE,,Graminoid
PUPA5,Pulsatilla patens,PUPA5,NonWoody,Forb,Perennial,NATIVE,,Forb
ANPAM,Anemone patens var. multifida,PUPAM,NonWoody,Forb,Perennial,NATIVE,,Forb
PURSH,Purshia,PURSH,Woody,Shrub,Perennial,NATIVE,,Shrub
PURSTA,Purshia stansburyana,PUST,Woody,Shrub,Perennial,NATIVE,,Shrub
PUST,Purshia stansburiana,PUST,Woody,Shrub,Perennial,NATIVE,,Shrub
PUTR2,Purshia tridentata,PUTR2,Woody,Shrub,Perennial,NATIVE,,Shrub
PYAP2,Pyrrocoma apargioides,PYAP2,NonWoody,Forb,Perennial,NATIVE,,Forb
PYCA3,Pyrrocoma carthamoides,PYCA3,NonWoody,Forb,Perennial,NATIVE,,Forb
PYHI,Pyrrocoma hirta,PYHI,NonWoody,Forb,Perennial,NATIVE,,Forb
PYLA,Pyrrocoma lanceolata,PYLA,NonWoody,Forb,Perennial,NATIVE,,Forb
PYRRO,Pyrrocoma,PYRRO,NonWoody,Forb,Perennial,NATIVE,,Forb
PYUNU,Pyrrocoma uniflora var. uniflora,PYUNU,NonWoody,Forb,Perennial,NATIVE,,Forb
QUERC,Quercus,QUERC,Woody,Shrub,Perennial,NATIVE,,Shrub
QUGA,Quercus gambelii,QUGA,Woody,Shrub,Perennial,NATIVE,,Shrub
QUGAG,Quercus gambelii var. gambelii,QUGAG,Woody,Shrub,Perennial,NATIVE,,Shrub
QUHA3,Quercus havardii,QUHA3,Woody,Shrub,Perennial,NATIVE,,Shrub
QULO2,Quincula lobata,QULO2,NonWoody,Forb,Perennial,NATIVE,,Forb
QUPA4,Quercus pauciloba,QUPA4,Woody,Shrub,Perennial,NATIVE,,Shrub
QUUN,Quercus undulata,QUPA4,Woody,Shrub,Perennial,NATIVE,,Shrub
QUTU,Quararibea turbinata,QUTU,,,,NATIVE,,
QUTU2,Quercus turbinella,QUTU2,Woody,Shrub,Perennial,NATIVE,,Shrub
RAAN,Ranunculus andersonii,RAAN,NonWoody,Forb,Perennial,NATIVE,,Forb
RACO3,Ratibida columnifera,RACO3,NonWoody,Forb,Perennial,NATIVE,,Forb
RAGL,Ranunculus glaberrimus,RAGL,NonWoody,Forb,Perennial,NATIVE,,Forb
RANUN,Ranunculus,RANUN,NonWoody,Forb,Perennial,NATIVE,,Forb
RATIB,Ratibida,RATIB,NonWoody,Forb,Perennial,NATIVE,,Forb
RHAR4,Rhus aromatica,RHAR4,Woody,Shrub,Perennial,NATIVE,,Shrub
RHGL,Rhus glabra,RHGL,Woody,Shrub,Perennial,NATIVE,,Shrub
RHMI3,Rhus microphylla,RHMI3,Woody,Shrub,Perennial,NATIVE,,Shrub
RHTR,Rhus trilobata,RHTR,Woody,Shrub,Perennial,NATIVE,,Shrub
RHTRA,Rhus trilobata var. anisophylla,RHTRA,Woody,Shrub,Perennial,NATIVE,,Shrub
RHTRT,Rhus trilobata var. trilobata,RHTRT,Woody,Shrub,Perennial,NATIVE,,Shrub
RHUS,Rhus,RHUS,Woody,Shrub,Perennial,NATIVE,,Shrub
RIAU,Ribes aureum,RIAU,Woody,Shrub,Perennial,NATIVE,,Shrub
RIBES,Ribes,RIBES,Woody,Shrub,Perennial,NATIVE,,Shrub
RICE,Ribes cereum,RICE,Woody,Shrub,Perennial,NATIVE,,Shrub
RICEC2,Ribes cereum var. cereum,RICEC2,Woody,Shrub,Perennial,NATIVE,,Shrub
RIHI,Ribes hirtellum,RIHI,Woody,Shrub,Perennial,NATIVE,,Shrub
RIIN2,Ribes inerme,RIIN2,Woody,Shrub,Perennial,NATIVE,,Shrub
RILA,Ribes lacustre,RILA,Woody,Shrub,Perennial,NATIVE,,Shrub
RILE,Ribes leptanthum,RILE,Woody,Shrub,Perennial,NATIVE,,Shrub
RILE2,Rigiopappus leptocladus,RILE2,NonWoody,Forb,Annual,NATIVE,,Forb
RIMO2,Ribes montigenum,RIMO2,Woody,Shrub,Perennial,NATIVE,,Shrub
RIOX,Ribes oxyacanthoides,RIOX,Woody,Shrub,Perennial,NATIVE,,Shrub
RIVE,Ribes velutinum,RIVE,Woody,Shrub,Perennial,NATIVE,,Shrub
RIVI3,Ribes viscosissimum,RIVI3,Woody,Shrub,Perennial,NATIVE,,Shrub
RIWO,Ribes wolfii,RIWO,Woody,Shrub,Perennial,NATIVE,,Shrub
ROAC,Rosa acicularis,ROAC,Woody,Shrub,Perennial,NATIVE,,Shrub
ROACS,Rosa acicularis subsp. sayi,ROACS,Woody,Shrub,Perennial,NATIVE,,Shrub
ROAR3,Rosa arkansana,ROAR3,Woody,Shrub,Perennial,NATIVE,,Shrub
ROBL,Rosa blanda,ROBL,Woody,Shrub,Perennial,NATIVE,,Shrub
ROGY,Rosa gymnocarpa,ROGY,Woody,Shrub,Perennial,NATIVE,,Shrub
RONU,Rosa nutkana,RONU,Woody,Shrub,Perennial,NATIVE,,Shrub
ROPS,Robinia pseudoacacia,ROPS,Woody,Tree,Perennial,NATIVE,,Shrub
ROSA5,Rosa,ROSA5,Woody,Shrub,Perennial,NATIVE,,Shrub
ROWO,Rosa woodsii,ROWO,Woody,Shrub,Perennial,NATIVE,,Shrub
ROWOW,Rosa woodsii var. woodsii,ROWOW,Woody,Shrub,Perennial,NATIVE,,Shrub
RUCR,Rumex crispus,RUCR,NonWoody,Forb,Perennial,EXOTIC,INVASIVE,Forb
RUDE,Rubus deliciosus,RUDE,Woody,Shrub,Perennial,NATIVE,,Shrub
RUHI2,Rudbeckia hirta,RUHI2,NonWoody,Forb,Annual,NATIVE,,Forb
RUID,Rubus idaeus,RUID,Woody,Shrub,Perennial,EXOTIC,,Shrub
RUMEX,Rumex,RUMEX,NonWoody,Forb,Perennial,NATIVE,,Forb
RUMO9,Rudbeckia montana,RUMO9,NonWoody,Forb,Perennial,NATIVE,,Forb
RUOC2,Rudbeckia occidentalis,RUOC2,NonWoody,Forb,Perennial,NATIVE,,Forb
RUPA6,Rumex paucifolius,RUPA6,NonWoody,Forb,Perennial,NATIVE,,Forb
RUSA,Rumex salicifolius,RUSA,NonWoody,Forb,Perennial,NATIVE,,Forb
RUVE2,Rumex venosus,RUVE2,NonWoody,Forb,Perennial,NATIVE,,Forb
SAAB,Sanvitalia abertii,SAAB,NonWoody,Forb,Annual,NATIVE,,Forb
SAAE,Salvia aethiopis,SAAE,NonWoody,Forb,Perennial,EXOTIC,INVASIVE,Forb
SABA14,Sarcobatus baileyi,SABA14,Woody,Shrub,Perennial,NATIVE,,Shrub
SADO4,Salvia dorrii,SADO4,Woody,Shrub,Perennial,NATIVE,,Shrub
SAER,Salix eriocephala,SAER,Woody,Shrub,Perennial,NATIVE,,Shrub
SAEX,Salix exigua,SAEX,Woody,Shrub,Perennial,NATIVE,,Shrub
SAGE2,Salix geyeriana,SAGE2,Woody,Shrub,Perennial,NATIVE,,Shrub
SAGL,Salix glauca,SAGL,Woody,Shrub,Perennial,NATIVE,,Shrub
SAKA,Salsola kali,SAKA,NonWoody,Forb,Annual,EXOTIC,INVASIVE,Forb
SALIX,Salix,SALIX,Woody,Shrub,Perennial,NATIVE,,Shrub
SALSO,Salsola,SALSO,NonWoody,Forb,Annual,EXOTIC,,Forb
SALU2,Salix lutea,SALU2,Woody,Shrub,Perennial,NATIVE,,Shrub
SALUL,Salix lucida subsp. lasiandra,SALUL,Woody,Shrub,Perennial,NATIVE,,Shrub
SALVI,Salvia,SALVI,NonWoody,Forb,Annual,NATIVE,,Forb
SAME,Salazaria mexicana,SAME,Woody,Shrub,Perennial,NATIVE,,Shrub
SAMI3,Sanguisorba minor,SAMI3,NonWoody,Forb,Perennial,EXOTIC,,Forb
SANI4,Sambucus nigra,SANI4,Woody,Shrub,Perennial,EXOTIC,,Shrub
SANI8,Salix nivalis,SANI8,Woody,Shrub,Perennial,NATIVE,,Shrub
SANIC5,Sambucus nigra subsp. cerulea,SANIC5,Woody,Shrub,Perennial,NATIVE,,Shrub
SAOR2,Saxifraga oregana,SAOR2,NonWoody,Forb,Perennial,NATIVE,,Forb
SAPA8,Salsola paulsenii,SAPA8,NonWoody,Forb,Annual,EXOTIC,INVASIVE,Forb
SAPL2,Salix planifolia,SAPL2,Woody,Shrub,Perennial,NATIVE,,Shrub
SARA2,Sambucus racemosa,SARA2,Woody,Shrub,Perennial,NATIVE,,Shrub
ERRA,Erianthus ravennae,SARA3,NonWoody,Graminoid,Perennial,EXOTIC,INVASIVE,Graminoid
SARE3,Salvia reflexa,SARE3,NonWoody,Forb,Annual,NATIVE,,Forb
SARE4,Salvia regla,SARE4,Woody,Shrub,Perennial,NATIVE,,Shrub
MIRH,Micranthes rhomboidea,SARH2,NonWoody,Forb,Perennial,NATIVE,,Forb
SADR5,Sapindus drummondii,SASAD,Woody,Shrub,Perennial,NATIVE,,Shrub
SASC,Salix scouleriana,SASC,Woody,Shrub,Perennial,NATIVE,,Shrub
SASU7,Salvia subincisa,SASU7,NonWoody,Forb,Annual,NATIVE,,Forb
SAAU3,Salsola australis,SATR12,NonWoody,Forb,Annual,EXOTIC,INVASIVE,Forb
SATR12,Salsola tragus,SATR12,NonWoody,Forb,Annual,EXOTIC,INVASIVE,Forb
SAVE,Salix vestita,SAVE,Woody,Shrub,Perennial,NATIVE,,Shrub
SAVE4,Sarcobatus vermiculatus,SAVE4,Woody,Shrub,Perennial,NATIVE,,Shrub
SCAC3,Schoenoplectus acutus,SCAC3,NonWoody,Graminoid,Perennial,NATIVE,,Graminoid
SCAN3,Scutellaria angustifolia,SCAN3,NonWoody,Forb,Perennial,NATIVE,,Forb
SCAN4,Scutellaria antirrhinoides,SCAN4,NonWoody,Forb,Perennial,NATIVE,,Forb
SCAR,Schismus arabicus,SCAR,NonWoody,Graminoid,Annual,EXOTIC,INVASIVE,Graminoid
SCAR7,Schedonorus arundinaceus,SCAR7,NonWoody,Graminoid,Perennial,EXOTIC,INVASIVE,Graminoid
SCBA,Schismus barbatus,SCBA,NonWoody,Graminoid,Annual,EXOTIC,INVASIVE,Graminoid
SCBR2,Scleropogon brevifolius,SCBR2,NonWoody,Graminoid,Perennial,NATIVE,,Graminoid
SCHIS,Schismus,SCHIS,NonWoody,Graminoid,Annual,EXOTIC,INVASIVE,Graminoid
SCIRP,Scirpus,SCIRP,NonWoody,Graminoid,Perennial,NATIVE,,Graminoid
SCLA6,Scorzonera laciniata,SCLA6,NonWoody,Forb,Perennial,EXOTIC,INVASIVE,Forb
SCLER10,Sclerocactus,SCLER10,Woody,Succulent,Perennial,NATIVE,,Shrub
SCLI,Schoenocrambe linifolia,SCLI,NonWoody,Forb,Perennial,NATIVE,,Forb
SILI5,Sisymbrium linifolium,SCLI,NonWoody,Forb,Perennial,NATIVE,,Forb
HELI6,Hesperidanthus linearifolius,SCLI12,NonWoody,Forb,Perennial,NATIVE,,Forb
SCLI12,Schoenocrambe linearifolia,SCLI12,NonWoody,Forb,Perennial,NATIVE,,Forb
SCMU6,Schkuhria multiflora,SCMU6,NonWoody,Forb,Annual,NATIVE,,Forb
SCNA,Scutellaria nana,SCNA,NonWoody,Forb,Perennial,NATIVE,,Forb
SCNE,Scirpus nevadensis,SCNE,NonWoody,Graminoid,Perennial,NATIVE,,Graminoid
SCPA,Schedonnardus paniculatus,SCPA,NonWoody,Graminoid,Perennial,NATIVE,,Graminoid
SCSC,Schizachyrium scoparium,SCSC,NonWoody,Graminoid,Perennial,NATIVE,,Graminoid
SEBA3,Senna bauhinioides,SEBA3,NonWoody,Forb,Perennial,NATIVE,,Forb
SECAL,Secale,SECAL,NonWoody,Graminoid,Annual,EXOTIC,,Graminoid
SECE,Secale cereale,SECE,NonWoody,Graminoid,Annual,EXOTIC,INVASIVE,Graminoid
SECR,Senecio crassulus,SECR,NonWoody,Forb,Perennial,NATIVE,,Forb
SEDE2,Selaginella densa,SEDE2,NonWoody,Forb,Perennial,NATIVE,,Forb
SEDES,Selaginella densa var. scopulorum,SEDES,NonWoody,Forb,Perennial,NATIVE,,Forb
SEDUM,Sedum,SEDUM,NonWoody,Succulent,Perennial,NATIVE,,Shrub
SEER2,Senecio eremophilus,SEER2,NonWoody,Forb,Perennial,NATIVE,,Forb
SEERK,Senecio eremophilus var. kingii,SEERK,NonWoody,Forb,Perennial,NATIVE,,Forb
SEFL3,Senecio flaccidus,SEFL3,Woody,SubShrub,Perennial,NATIVE,,Shrub
ACGR,Acacia greggii,SEGR4,Woody,Shrub,Perennial,NATIVE,,Shrub
ACGRA,Acacia greggii var. arizonica,SEGR4,Woody,Shrub,Perennial,NATIVE,,Shrub
SEGR4,Senegalia greggii,SEGR4,Woody,Shrub,Perennial,NATIVE,,Shrub
SEIN2,Senecio integerrimus,SEIN2,NonWoody,Forb,Perennial,NATIVE,,Forb
SEINM,Senecio integerrimus var. major,SEINM,NonWoody,Forb,Perennial,NATIVE,,Forb
AMLA6,Amerosedum lanceolatum,SELA,NonWoody,Succulent,Perennial,NATIVE,,Shrub
SELA,Sedum lanceolatum,SELA,NonWoody,Succulent,Perennial,NATIVE,,Shrub
ACLLAN,Acleisanthes lanceolata,SELA3,Woody,SubShrub,Perennial,NATIVE,,Shrub
SELAG,Selaginella,SELAG,NonWoody,Forb,Perennial,NATIVE,,Forb
CHLE9,Chaetochloa leucopila,SELE6,NonWoody,Graminoid,Perennial,NATIVE,,Graminoid
SELE6,Setaria leucopila,SELE6,NonWoody,Graminoid,Perennial,NATIVE,,Graminoid
SEMU,Selaginella mutica,SEMU,NonWoody,Forb,Perennial,NATIVE,,Forb
SENEC,Senecio,SENEC,NonWoody,Forb,Perennial,NATIVE,,Forb
SENNA,Senna,SENNA,NonWoody,Forb,Perennial,NATIVE,,Forb
SESE,Selaginella selaginoides,SESE,NonWoody,Forb,Perennial,NATIVE,,Forb
SESE2,Senecio serra,SESE2,NonWoody,Forb,Perennial,NATIVE,,Forb
SESEA,Senecio serra var. admirabilis,SESEA,NonWoody,Forb,Perennial,NATIVE,,Forb
SESP3,Senecio spartioides,SESP3,Woody,SubShrub,Perennial,NATIVE,,Shrub
SEST2,Sedum stenopetalum,SEST2,NonWoody,Succulent,Perennial,NATIVE,,Shrub
SETAR,Setaria,SETAR,NonWoody,Graminoid,Perennial,NATIVE,,Graminoid
SEVA4,Securigera varia,SEVA4,NonWoody,Forb,Perennial,EXOTIC,INVASIVE,Forb
SEVI4,Setaria viridis,SEVI4,NonWoody,Graminoid,Annual,EXOTIC,INVASIVE,Graminoid
SEWA3,Senecio warnockii,SEWA3,Woody,SubShrub,Perennial,NATIVE,,Shrub
SEWO,Senecio wootonii,SEWO,NonWoody,Forb,Perennial,NATIVE,,Forb
SHAR,Shepherdia argentea,SHAR,Woody,Shrub,Perennial,NATIVE,,Shrub
SHCA,Shepherdia canadensis,SHCA,Woody,Shrub,Perennial,NATIVE,,Shrub
SHEPH,Shepherdia,SHEPH,Woody,Shrub,Perennial,NATIVE,,Shrub
SHRO,Shepherdia rotundifolia,SHRO,Woody,Shrub,Perennial,NATIVE,,Shrub
SIAB,Sida abutifolia,SIAB,NonWoody,Forb,Perennial,NATIVE,,Forb
SIAL2,Sisymbrium altissimum,SIAL2,NonWoody,Forb,Annual,EXOTIC,INVASIVE,Forb
SIAN2,Silene antirrhina,SIAN2,NonWoody,Forb,Annual,NATIVE,,Forb
SIBE4,Silene bernardina,SIBE4,NonWoody,Forb,Perennial,NATIVE,,Forb
SIDAL,Sidalcea,SIDAL,NonWoody,Forb,Perennial,NATIVE,,Forb
SIDO,Silene douglasii,SIDO,NonWoody,Forb,Perennial,NATIVE,,Forb
SIDR,Silene drummondii,SIDR,NonWoody,Forb,Perennial,NATIVE,,Forb
SIGL2,Sidalcea glaucescens,SIGL2,NonWoody,Forb,Perennial,NATIVE,,Forb
SIHA2,Sisyrinchium halophilum,SIHA2,NonWoody,Forb,Perennial,NATIVE,,Forb
SIID,Sisyrinchium idahoense,SIID,NonWoody,Forb,Perennial,NATIVE,,Forb
SIIR,Sisymbrium irio,SIIR,NonWoody,Forb,Annual,EXOTIC,INVASIVE,Forb
SILA21,Silene latifolia,SILA21,NonWoody,Forb,Annual,EXOTIC,INVASIVE,Forb
SILAA3,Silene latifolia subsp. alba,SILAA3,NonWoody,Forb,Annual,EXOTIC,INVASIVE,Forb
SILEN,Silene,SILEN,NonWoody,Forb,Perennial,NATIVE,,Forb
SILO3,Sisymbrium loeselii,SILO3,NonWoody,Forb,Annual,EXOTIC,INVASIVE,Forb
SIMA2,Sidalcea malviflora,SIMA2,NonWoody,Forb,Perennial,NATIVE,,Forb
SIME,Silene menziesii,SIME,NonWoody,Forb,Perennial,NATIVE,,Forb
SIMU,Sidalcea multifida,SIMU,NonWoody,Forb,Perennial,NATIVE,,Forb
SIOR,Sidalcea oregana,SIOR,NonWoody,Forb,Perennial,NATIVE,,Forb
SIOR3,Silene oregana,SIOR3,NonWoody,Forb,Perennial,NATIVE,,Forb
SISC,Silene scaposa,SISC,NonWoody,Forb,Perennial,NATIVE,,Forb
SISC7,Silene scouleri,SISC7,NonWoody,Forb,Perennial,NATIVE,,Forb
SISYM,Sisymbrium,SISYM,NonWoody,Forb,Annual,NATIVE,,Forb
SISYR,Sisyrinchium,SISYR,NonWoody,Forb,Perennial,NATIVE,,Forb
SMCAA,Smelowskia calycina var. americana,SMCAA,NonWoody,Forb,Perennial,NATIVE,,Forb
SOCA6,Solidago canadensis,SOCA6,NonWoody,Forb,Perennial,NATIVE,,Forb
SOCAS,Solidago canadensis var. salebrosa,SOCAS,NonWoody,Forb,Perennial,NATIVE,,Forb
SOEL,Solanum elaeagnifolium,SOEL,NonWoody,Forb,Perennial,NATIVE,,Forb
SOGI,Solidago gigantea,SOGI,NonWoody,Forb,Perennial,NATIVE,,Forb
SOJA,Solanum jamesii,SOJA,NonWoody,Forb,Perennial,NATIVE,,Forb
SOLAN,Solanum,SOLAN,NonWoody,Forb,Perennial,NATIVE,,Forb
SOLID,Solidago,SOLID,NonWoody,Forb,Perennial,NATIVE,,Forb
SOMI2,Solidago missouriensis,SOMI2,NonWoody,Forb,Perennial,NATIVE,,Forb
SOMO,Solidago mollis,SOMO,NonWoody,Forb,Perennial,NATIVE,,Forb
SOMU,Solidago multiradiata,SOMU,NonWoody,Forb,Perennial,NATIVE,,Forb
SONA,Solidago nana,SONA,NonWoody,Forb,Perennial,NATIVE,,Forb
SONE,Solidago nemoralis,SONE,NonWoody,Forb,Perennial,NATIVE,,Forb
SOSC2,Sorbus scopulina,SOSC2,Woody,Shrub,Perennial,NATIVE,,Shrub
SOTR,Solanum triflorum,SOTR,NonWoody,Forb,Annual,NATIVE,,Forb
SOVE6,Solidago velutina,SOVE6,NonWoody,Forb,Perennial,NATIVE,,Forb
SPAI,Sporobolus airoides,SPAI,NonWoody,Graminoid,Perennial,NATIVE,,Graminoid
SPAM2,Sphaeralcea ambigua,SPAM2,NonWoody,Forb,Perennial,NATIVE,,Forb
SPAN3,Sphaeralcea angustifolia,SPAN3,NonWoody,Forb,Perennial,NATIVE,,Forb
SPBE2,Spiraea betulifolia,SPBE2,Woody,Shrub,Perennial,NATIVE,,Shrub
SPCO,Sphaeralcea coccinea,SPCO,NonWoody,Forb,Perennial,NATIVE,,Forb
SPCO2,Sphaeralcea coulteri,SPCO2,NonWoody,Forb,Annual,NATIVE,,Forb
SPCO4,Sporobolus contractus,SPCO4,NonWoody,Graminoid,Perennial,NATIVE,,Graminoid
SPCRS,Sporobolus cryptandrus var. strictus,SPCO4,NonWoody,Graminoid,Perennial,NATIVE,,Graminoid
SPCOC,Sphaeralcea coccinea subsp. coccinea,SPCOC,NonWoody,Forb,Perennial,NATIVE,,Forb
SPCR,Sporobolus cryptandrus,SPCR,NonWoody,Graminoid,Perennial,NATIVE,,Graminoid
SPDI3,Sphaeralcea digitata,SPDI3,NonWoody,Forb,Perennial,NATIVE,,Forb
SPELAT,Spermolepis lateriflora,SPERM2,NonWoody,Forb,Annual,NATIVE,,Forb
SPFE,Sphaeralcea fendleri,SPFE,NonWoody,Forb,Perennial,NATIVE,,Forb
SPFL2,Sporobolus flexuosus,SPFL2,NonWoody,Graminoid,Perennial,NATIVE,,Graminoid
SPGI,Sporobolus giganteus,SPGI,NonWoody,Graminoid,Perennial,NATIVE,,Graminoid
SPGR,Spartina gracilis,SPGR,NonWoody,Graminoid,Perennial,NATIVE,,Graminoid
SPGR2,Sphaeralcea grossulariifolia,SPGR2,NonWoody,Forb,Perennial,NATIVE,,Forb
SPGRG,Sphaeralcea grossulariifolia subsp. grossulariifolia,SPGRG,NonWoody,Forb,Perennial,NATIVE,,Forb
SPHA,Sphaeralcea hastulata,SPHA,NonWoody,Forb,Perennial,NATIVE,,Forb
SPHPUM,Sphaeralcea pumila,SPHA,NonWoody,Forb,Perennial,NATIVE,,Forb
SPHAE,Sphaeralcea,SPHAE,NonWoody,Forb,Perennial,NATIVE,,Forb
SPHE,Sporobolus heterolepis,SPHE,NonWoody,Graminoid,Perennial,NATIVE,,Graminoid
SPIN2,Sphaeralcea incana,SPIN2,NonWoody,Forb,Perennial,NATIVE,,Forb
SPLE,Sphaeralcea leptophylla,SPLE,NonWoody,Forb,Perennial,NATIVE,,Forb
SPMU2,Sphaeralcea munroana,SPMU2,NonWoody,Forb,Perennial,NATIVE,,Forb
SPNE,Sporobolus nealleyi,SPNE,NonWoody,Graminoid,Perennial,NATIVE,,Graminoid
SPOCFCRY,Sporobolus cf. cryptandrus,SPORO,NonWoody,Graminoid,Perennial,NATIVE,,Graminoid
SPORO,Sporobolus,SPORO,NonWoody,Graminoid,Perennial,NATIVE,,Graminoid
SPPA2,Sphaeralcea parvifolia,SPPA2,NonWoody,Forb,Perennial,NATIVE,,Forb
SPPE,Spartina pectinata,SPPE,NonWoody,Graminoid,Perennial,NATIVE,,Graminoid
SPPY2,Sporobolus pyramidatus,SPPY2,NonWoody,Graminoid,Annual,NATIVE,,Graminoid
SPRU2,Sphaeralcea rusbyi,SPRU2,NonWoody,Forb,Perennial,NATIVE,,Forb
SPSA5,Spergularia salina,SPSA5,NonWoody,Forb,Annual,NATIVE,,Forb
SPWR2,Sporobolus wrightii,SPWR2,NonWoody,Graminoid,Perennial,NATIVE,,Graminoid
STAC,Stenotus acaulis,STAC,NonWoody,Forb,Perennial,NATIVE,,Forb
STAM2,Streptopus amplexifolius,STAM2,NonWoody,Forb,Perennial,NATIVE,,Forb
STANL,Stanleya,STANL,NonWoody,Forb,Perennial,NATIVE,,Forb
STAR10,Stenotus armerioides,STAR10,NonWoody,Forb,Perennial,NATIVE,,Forb
STARA,Stenotus armerioides var. armerioides,STARA,NonWoody,Forb,Perennial,NATIVE,,Forb
STCA,Stellaria calycantha,STCA,NonWoody,Forb,Perennial,NATIVE,,Forb
STCA5,Streptanthus carinatus,STCA5,NonWoody,Forb,Annual,NATIVE,,Forb
STCO6,Streptanthus cordatus,STCO6,NonWoody,Forb,Perennial,NATIVE,,Forb
STDI2,Streptanthus diversifolius,STDI2,NonWoody,Forb,Annual,NATIVE,,Forb
STEL,Stanleya elata,STEL,NonWoody,Forb,Perennial,NATIVE,,Forb
STELL,Stellaria,STELL,NonWoody,Forb,Perennial,NATIVE,,Forb
STENO7,Stenotus,STENO7,NonWoody,Forb,Perennial,NATIVE,,Forb
STEPH,Stephanomeria,STEPH,NonWoody,Forb,Perennial,NATIVE,,Forb
STEX,Stephanomeria exigua,STEX,NonWoody,Forb,Annual,NATIVE,,Forb
STIPA,Stipa,STIPA,NonWoody,Graminoid,Perennial,NATIVE,,Graminoid
STLA7,Stenotus lanuginosus,STLA7,NonWoody,Forb,Perennial,NATIVE,,Forb
STLO,Stellaria longifolia,STLO,NonWoody,Forb,Perennial,NATIVE,,Forb
STLO2,Stellaria longipes,STLO2,NonWoody,Forb,Perennial,NATIVE,,Forb
STLO4,Streptanthella longirostris,STLO4,NonWoody,Forb,Annual,NATIVE,,Forb
STME,Stachys mexicana,STME,NonWoody,Forb,Perennial,NATIVE,,Forb
STME2,Stellaria media,STME2,NonWoody,Forb,Annual,EXOTIC,INVASIVE,Forb
STMI13,Stephanomeria minor,STMI13,NonWoody,Forb,Perennial,NATIVE,,Forb
STMIM,Stephanomeria minor var. minor,STMIM,NonWoody,Forb,Perennial,NATIVE,,Forb
STNI,Stellaria nitens,STNI,NonWoody,Forb,Annual,NATIVE,,Forb
STPA2,Stephanomeria paniculata,STPA2,NonWoody,Forb,Annual,NATIVE,,Forb
STPA4,Stephanomeria pauciflora,STPA4,NonWoody,Forb,Perennial,NATIVE,,Forb
STPI,Stanleya pinnata,STPI,NonWoody,Forb,Perennial,NATIVE,,Forb
STPIP,Stanleya pinnata var. pinnata,STPIP,NonWoody,Forb,Perennial,NATIVE,,Forb
STREP2,Streptanthus,STREP2,NonWoody,Forb,Annual,NATIVE,,Forb
STRU3,Stephanomeria runcinata,STRU3,NonWoody,Forb,Perennial,NATIVE,,Forb
STSA3,Stenogonum salsuginosum,STSA3,NonWoody,Forb,Annual,NATIVE,,Forb
SUAED,Suaeda,SUAED,Woody,SubShrub,Perennial,NATIVE,,Shrub
SUCA2,Suaeda calceoliformis,SUCA2,NonWoody,Forb,Annual,NATIVE,,Forb
SUMO,Suaeda moquinii,SUMO,Woody,SubShrub,Perennial,NATIVE,,Shrub
SWPE,Swertia perennis,SWPE,NonWoody,Forb,Perennial,NATIVE,,Forb
SYAC,Symphoricarpos acutus,SYAC,Woody,Shrub,Perennial,,,Shrub
SYAL,Symphoricarpos albus,SYAL,Woody,Shrub,Perennial,NATIVE,,Shrub
SYALL,Symphoricarpos albus var. laevigatus,SYALL,Woody,Shrub,Perennial,NATIVE,,Shrub
SYAM3,Symphyotrichum amethystinum,SYAM3,NonWoody,Forb,Perennial,NATIVE,,Forb
SYAS3,Symphyotrichum ascendens,SYAS3,NonWoody,Forb,Perennial,NATIVE,,Forb
SYCA3,Symphyotrichum campestre,SYCA3,NonWoody,Forb,Perennial,NATIVE,,Forb
SYCHC,Symphyotrichum chilense var. chilense,SYCHC,NonWoody,Forb,Perennial,NATIVE,,Forb
SYCI2,Symphyotrichum ciliatum,SYCI2,NonWoody,Forb,Annual,NATIVE,,Forb
SYER,Symphyotrichum ericoides,SYER,NonWoody,Forb,Perennial,NATIVE,,Forb
SYFA,Symphyotrichum falcatum,SYFA,NonWoody,Forb,Perennial,NATIVE,,Forb
SYFE,Symphyotrichum fendleri,SYFE,NonWoody,Forb,Perennial,NATIVE,,Forb
SYFO2,Symphyotrichum foliaceum,SYFO2,NonWoody,Forb,Perennial,NATIVE,,Forb
SYLA3,Symphyotrichum laeve,SYLA3,NonWoody,Forb,Perennial,NATIVE,,Forb
SYLO,Symphoricarpos longiflorus,SYLO,Woody,Shrub,Perennial,NATIVE,,Shrub
SYMPH,Symphoricarpos,SYMPH,Woody,Shrub,Perennial,NATIVE,,Shrub
SYMPH4,Symphyotrichum,SYMPH4,NonWoody,Forb,Perennial,NATIVE,,Forb
SYOC,Symphoricarpos occidentalis,SYOC,Woody,Shrub,Perennial,NATIVE,,Shrub
SYOR,Symphoricarpos orbiculatus,SYOR,Woody,Shrub,Perennial,NATIVE,,Shrub
SYOR2,Symphoricarpos oreophilus,SYOR2,Woody,Shrub,Perennial,NATIVE,,Shrub
SYORU,Symphoricarpos oreophilus var. utahensis,SYORU,Woody,Shrub,Perennial,NATIVE,,Shrub
SYPRP,Symphyotrichum praealtum var. praealtum,SYPRP,NonWoody,Forb,Perennial,NATIVE,,Forb
SYRO,Symphoricarpos rotundifolius,SYRO,Woody,Shrub,Perennial,NATIVE,,Shrub
SYSP,Symphyotrichum spathulatum,SYSP,NonWoody,Forb,Perennial,NATIVE,,Forb
SYSPS,Symphyotrichum spathulatum var. spathulatum,SYSPS,NonWoody,Forb,Perennial,NATIVE,,Forb
SYSU4,Symphyotrichum subspicatum,SYSU4,NonWoody,Forb,Perennial,NATIVE,,Forb
TACA2,Tanacetum camphoratum,TACA2,NonWoody,Forb,Perennial,NATIVE,,Forb
TACA8,Taeniatherum caput-medusae,TACA8,NonWoody,Graminoid,Annual,EXOTIC,INVASIVE,Graminoid
TACH2,Tamarix chinensis,TACH2,Woody,Shrub,Perennial,EXOTIC,INVASIVE,Shrub
TALA2,Taraxacum laevigatum,TALA2,NonWoody,Forb,Perennial,EXOTIC,INVASIVE,Forb
TALIN2,Talinum,TALIN2,NonWoody,Forb,Perennial,NATIVE,,Forb
TAOF,Taraxacum officinale,TAOF,NonWoody,Forb,Perennial,EXOTIC,INVASIVE,Forb
TAPA4,Tamarix parviflora,TAPA4,Woody,Shrub,Perennial,EXOTIC,INVASIVE,Shrub
TARA,Tamarix ramosissima,TARA,Woody,Shrub,Perennial,EXOTIC,INVASIVE,Shrub
TARAX,Taraxacum,TARAX,NonWoody,Forb,Perennial,NATIVE,,Forb
TAVU,Tanacetum vulgare,TAVU,NonWoody,Forb,Perennial,EXOTIC,INVASIVE,Forb
HYAC4,Hymenoxys acaulis,TEAC,NonWoody,Forb,Perennial,NATIVE,,Forb
TEAC,Tetraneuris acaulis,TEAC,NonWoody,Forb,Perennial,NATIVE,,Forb
TEACA,Tetraneuris acaulis var. arizonica,TEACA,NonWoody,Forb,Perennial,NATIVE,,Forb
TEACA2,Tetraneuris acaulis var. acaulis,TEACA2,NonWoody,Forb,Perennial,NATIVE,,Forb
TEAR4,Tetraneuris argentea,TEAR4,NonWoody,Forb,Perennial,NATIVE,,Forb
TEAX,Tetradymia axillaris,TEAX,Woody,Shrub,Perennial,NATIVE,,Shrub
TECA2,Tetradymia canescens,TECA2,Woody,Shrub,Perennial,NATIVE,,Shrub
TECA3,Teucrium canadense,TECA3,NonWoody,Forb,Perennial,NATIVE,,Forb
TECO,Tetraclea coulteri,TECO,NonWoody,Forb,Perennial,NATIVE,,Forb
TEGL,Tetradymia glabrata,TEGL,Woody,Shrub,Perennial,NATIVE,,Shrub
TEGR3,Tetraneuris grandiflora,TEGR3,NonWoody,Forb,Perennial,NATIVE,,Forb
TEIV,Tetraneuris ivesiana,TEIV,NonWoody,Forb,Perennial,NATIVE,,Forb
TELA,Teucrium laciniatum,TELA,NonWoody,Forb,Perennial,NATIVE,,Forb
TENU2,Tetradymia nuttallii,TENU2,Woody,Shrub,Perennial,NATIVE,,Shrub
TEPHR3,Tephroseris,TEPHR3,NonWoody,Forb,Perennial,NATIVE,,Forb
TESC2,Tetraneuris scaposa,TESC2,NonWoody,Forb,Perennial,NATIVE,,Forb
TESP,Tephrosia spicata,TESP,NonWoody,Forb,Perennial,NATIVE,,Forb
TESP2,Tetradymia spinosa,TESP2,Woody,Shrub,Perennial,NATIVE,,Shrub
TETO,Tetraneuris torreyana,TETO,NonWoody,Forb,Perennial,NATIVE,,Forb
TETRA3,Tetradymia,TETRA3,Woody,Shrub,Perennial,NATIVE,,Shrub
THAC,Thymophylla acerosa,THAC,Woody,SubShrub,Perennial,NATIVE,,Shrub
THAL2,Thlaspi alliaceum,THAL2,NonWoody,Forb,Annual,EXOTIC,,Forb
THALI2,Thalictrum,THALI2,NonWoody,Forb,Perennial,NATIVE,,Forb
THAR5,Thlaspi arvense,THAR5,NonWoody,Forb,Annual,EXOTIC,INVASIVE,Forb
THCU,Thysanocarpus curvipes,THCU,NonWoody,Forb,Annual,NATIVE,,Forb
THELY3,Thelypodiopsis,THELY3,NonWoody,Forb,Annual,NATIVE,,Forb
THERM,Thermopsis,THERM,NonWoody,Forb,Perennial,NATIVE,,Forb
THFE,Thalictrum fendleri,THFE,NonWoody,Forb,Perennial,NATIVE,,Forb
THFL3,Thelypodium flexuosum,THFL3,NonWoody,Forb,Perennial,NATIVE,,Forb
THIN,Thelypodium integrifolium,THIN,NonWoody,Forb,Annual,NATIVE,,Forb
AGIN2,Agropyron intermedium,THIN6,NonWoody,Graminoid,Perennial,EXOTIC,,Graminoid
ELHI6,Elymus hispidus,THIN6,NonWoody,Graminoid,Perennial,EXOTIC,,Graminoid
THIN6,Thinopyrum intermedium,THIN6,NonWoody,Graminoid,Perennial,EXOTIC,,Graminoid
THINB,Thinopyrum intermedium subsp. barbulatum,THIN6,NonWoody,Graminoid,Perennial,EXOTIC,,Graminoid
THING2,Thelypodium integrifolium subsp. gracilipes,THING2,NonWoody,Forb,Annual,NATIVE,,Forb
THLA4,Thelypodium laxiflorum,THLA4,NonWoody,Forb,Perennial,NATIVE,,Forb
THLAS,Thlaspi,THLAS,NonWoody,Forb,Annual,EXOTIC,,Forb
THLO,Thelesperma longipes,THLO,NonWoody,Forb,Perennial,NATIVE,,Forb
THME,Thelesperma megapotamicum,THME,NonWoody,Forb,Perennial,NATIVE,,Forb
THMO,Thamnosma montana,THMO,Woody,Shrub,Perennial,NATIVE,,Shrub
THMO6,Thermopsis montana,THMO6,NonWoody,Forb,Perennial,NATIVE,,Forb
THOC,Thalictrum occidentale,THOC,NonWoody,Forb,Perennial,NATIVE,,Forb
THPE4,Thymophylla pentachaeta,THPE4,NonWoody,Forb,Perennial,NATIVE,,Forb
THPO7,Thinopyrum ponticum,THPO7,NonWoody,Graminoid,Perennial,EXOTIC,,Graminoid
THRH,Thermopsis rhombifolia,THRH,NonWoody,Forb,Perennial,NATIVE,,Forb
THSA2,Thelypodium sagittatum,THSA2,NonWoody,Forb,Perennial,NATIVE,,Forb
THSAS,Thelypodium sagittatum subsp. sagittatum,THSAS,NonWoody,Forb,Perennial,NATIVE,,Forb
THSP,Thalictrum sparsiflorum,THSP,NonWoody,Forb,Perennial,NATIVE,,Forb
THSU,Thelesperma subnudum,THSU,NonWoody,Forb,Perennial,NATIVE,,Forb
THTE2,Thamnosma texana,THTE2,NonWoody,Forb,Perennial,NATIVE,,Forb
TICA3,Tiquilia canescens,TICA3,Woody,SubShrub,Perennial,NATIVE,,Shrub
TIGR,Tiquilia greggii,TIGR,Woody,Shrub,Perennial,NATIVE,,Shrub
TIHI,Tiquilia hispidissima,TIHI,Woody,SubShrub,Perennial,NATIVE,,Shrub
TILA2,Tidestromia lanuginosa,TILA2,NonWoody,Forb,Annual,NATIVE,,Forb
TINU2,Tiquilia nuttallii,TINU2,NonWoody,Forb,Annual,NATIVE,,Forb
TIQUI,Tiquilia,TIQUI,Woody,SubShrub,Perennial,NATIVE,,Shrub
TISU,Tidestromia suffruticosa,TISU,Woody,SubShrub,Perennial,NATIVE,,Shrub
TOAB,Tonestus aberrans,TOAB,NonWoody,Forb,Perennial,NATIVE,,Forb
TOALA,Townsendia alpigena var. alpigena,TOALA,NonWoody,Forb,Perennial,NATIVE,,Forb
TOAN,Townsendia annua,TOAN,NonWoody,Forb,Annual,NATIVE,,Forb
TOEX2,Townsendia exscapa,TOEX2,NonWoody,Forb,Perennial,NATIVE,,Forb
TOFL5,Townsendia florifer,TOFL5,NonWoody,Forb,Annual,NATIVE,,Forb
TOHO,Townsendia hookeri,TOHO,NonWoody,Forb,Perennial,NATIVE,,Forb
TOIN,Townsendia incana,TOIN,NonWoody,Forb,Perennial,NATIVE,,Forb
TORY,Toxicodendron rydbergii,TORY,Woody,Shrub,Perennial,NATIVE,,Shrub
TOWNS,Townsendia,TOWNS,NonWoody,Forb,Perennial,NATIVE,,Forb
TRADE,Tradescantia,TRADE,NonWoody,Forb,Perennial,NATIVE,,Forb
TRAGI,Tragia,TRAGI,Woody,SubShrub,Perennial,NATIVE,,Shrub
TRAGO,Tragopogon,TRAGO,NonWoody,Forb,Annual,EXOTIC,,Forb
TRAL2,Tridens albescens,TRAL2,NonWoody,Graminoid,Perennial,NATIVE,,Graminoid
TRAN,Trifolium andersonii,TRAN,NonWoody,Forb,Perennial,NATIVE,,Forb
TRAR4,Trifolium arvense,TRAR4,NonWoody,Forb,Annual,EXOTIC,INVASIVE,Forb
TRBE,Tragus berteronianus,TRBE,NonWoody,Graminoid,Annual,EXOTIC,,Graminoid
TRCA21,Trisetum canescens,TRCA21,NonWoody,Graminoid,Perennial,NATIVE,,Graminoid
TRCA5,Trifolium campestre,TRCA5,NonWoody,Forb,Annual,EXOTIC,INVASIVE,Forb
TRCR9,Trichloris crinita,TRCR9,NonWoody,Graminoid,Perennial,NATIVE,,Graminoid
TRCY,Trifolium cyathiferum,TRCY,NonWoody,Forb,Annual,NATIVE,,Forb
TRDU,Tragopogon dubius,TRDU,NonWoody,Forb,Annual,EXOTIC,INVASIVE,Forb
TRDU2,Trifolium dubium,TRDU2,NonWoody,Forb,Annual,EXOTIC,INVASIVE,Forb
TRFR2,Trifolium fragiferum,TRFR2,NonWoody,Forb,Perennial,EXOTIC,,Forb
TRGR7,Triteleia grandiflora,TRGR7,NonWoody,Forb,Perennial,NATIVE,,Forb
TRGRG2,Triteleia grandiflora var. grandiflora,TRGRG2,NonWoody,Forb,Perennial,NATIVE,,Forb
TRGY,Trifolium gymnocarpon,TRGY,NonWoody,Forb,Perennial,NATIVE,,Forb
TRGYG,Trifolium gymnocarpon subsp. gymnocarpon,TRGYG,NonWoody,Forb,Perennial,NATIVE,,Forb
TRGYP2,Trifolium gymnocarpon subsp. plummerae,TRGYP2,NonWoody,Forb,Perennial,NATIVE,,Forb
TRHY,Trifolium hybridum,TRHY,NonWoody,Forb,Perennial,EXOTIC,INVASIVE,Forb
TRHY3,Triteleia hyacinthina,TRHY3,NonWoody,Forb,Perennial,NATIVE,,Forb
TRICH9,Trichostema,TRICH9,NonWoody,Forb,Annual,NATIVE,,Forb
TRIDE,Tridens,TRIDE,NonWoody,Graminoid,Perennial,NATIVE,,Graminoid
TRIFO,Trifolium,TRIFO,NonWoody,Forb,Perennial,NATIVE,,Forb
TRLE3,Triodanis leptocarpa,TRLE3,NonWoody,Forb,Annual,NATIVE,,Forb
TRLO,Trifolium longipes,TRLO,NonWoody,Forb,Perennial,NATIVE,,Forb
TRMA3,Trifolium macrocephalum,TRMA3,NonWoody,Forb,Perennial,NATIVE,,Forb
TRMI4,Trifolium microcephalum,TRMI4,NonWoody,Forb,Annual,NATIVE,,Forb
TRMI7,Tragopogon mirus,TRMI7,NonWoody,Forb,Annual,NATIVE,,Forb
TRMU,Tridens muticus,TRMU,NonWoody,Graminoid,Perennial,NATIVE,,Graminoid
TRNE,Tragia nepetifolia,TRNE,Woody,SubShrub,Perennial,NATIVE,,Shrub
TROC,Tradescantia occidentalis,TROC,NonWoody,Forb,Perennial,NATIVE,,Forb
TROL,Trifolium oliganthum,TROL,NonWoody,Forb,Annual,NATIVE,,Forb
TRPA5,Trifolium parryi,TRPA5,NonWoody,Forb,Perennial,NATIVE,,Forb
TRPO,Tragopogon porrifolius,TRPO,NonWoody,Forb,Annual,EXOTIC,INVASIVE,Forb
TRPO2,Trianthema portulacastrum,TRPO2,NonWoody,Forb,Annual,NATIVE,,Forb
TRPR,Tragopogon pratensis,TRPR,NonWoody,Forb,Annual,EXOTIC,,Forb
TRPR2,Trifolium pratense,TRPR2,NonWoody,Forb,Perennial,EXOTIC,INVASIVE,Forb
TRPR4,Trifolium productum,TRPR4,NonWoody,Forb,Perennial,NATIVE,,Forb
TRRA5,Tragia ramosa,TRRA5,Woody,SubShrub,Perennial,NATIVE,,Shrub
TRRE3,Trifolium repens,TRRE3,NonWoody,Forb,Perennial,EXOTIC,INVASIVE,Forb
TRSP2,Trisetum spicatum,TRSP2,NonWoody,Graminoid,Perennial,NATIVE,,Graminoid
TRTE,Tribulus terrestris,TRTE,NonWoody,Forb,Annual,EXOTIC,INVASIVE,Forb
TRVA,Trifolium variegatum,TRVA,NonWoody,Forb,Annual,NATIVE,,Forb
TRVE6,Triphysaria versicolor,TRVE6,NonWoody,Forb,Annual,NATIVE,,Forb
TYLA,Typha latifolia,TYLA,NonWoody,Forb,Perennial,NATIVE,,Forb
URAR,Urochloa arizonica,URAR,NonWoody,Graminoid,Annual,NATIVE,,Graminoid
URDI,Urtica dioica,URDI,NonWoody,Forb,Perennial,EXOTIC,,Forb
URTIC,Urtica,URTIC,NonWoody,Forb,Perennial,NATIVE,,Forb
VACE,Vaccinium cespitosum,VACE,Woody,Shrub,Perennial,NATIVE,,Shrub
VACO9,Vachellia constricta,VACO9,Woody,Shrub,Perennial,NATIVE,,Shrub
VAED,Valeriana edulis,VAED,NonWoody,Forb,Perennial,NATIVE,,Forb
VAOC2,Valeriana occidentalis,VAOC2,NonWoody,Forb,Perennial,NATIVE,,Forb
VASC,Vaccinium scoparium,VASC,Woody,Shrub,Perennial,NATIVE,,Shrub
VASC2,Valeriana scouleri,VASC2,NonWoody,Forb,Perennial,NATIVE,,Forb
VAST3,Vanclevea stylosa,VAST3,Woody,Shrub,Perennial,NATIVE,,Shrub
VAVE,Vachellia vernicosa,VAVE,Woody,Shrub,Perennial,NATIVE,,Shrub
VEAR,Veronica arvensis,VEAR,NonWoody,Forb,Annual,EXOTIC,INVASIVE,Forb
VEBI2,Veronica biloba,VEBI2,NonWoody,Forb,Annual,EXOTIC,INVASIVE,Forb
VEBL,Verbascum blattaria,VEBL,NonWoody,Forb,Annual,EXOTIC,INVASIVE,Forb
VEBR,Verbena bracteata,VEBR,NonWoody,Forb,Annual,NATIVE,,Forb
VEDU,Ventenata dubia,VEDU,NonWoody,Graminoid,Annual,EXOTIC,INVASIVE,Graminoid
VEEN,Verbesina encelioides,VEEN,NonWoody,Forb,Annual,NATIVE,,Forb
VEFA2,Vernonia fasciculata,VEFA2,NonWoody,Forb,Perennial,NATIVE,,Forb
VENTE,Ventenata,VENTE,NonWoody,Graminoid,Annual,EXOTIC,INVASIVE,Graminoid
VEPE2,Veronica peregrina,VEPE2,NonWoody,Forb,Annual,NATIVE,,Forb
VEPL,Verbena plicata,VEPL,NonWoody,Forb,Perennial,NATIVE,,Forb
VERBA,Verbascum,VERBA,NonWoody,Forb,Annual,NATIVE,,Forb
VERBE,Verbena,VERBE,NonWoody,Forb,Perennial,NATIVE,,Forb
VERON,Veronica,VERON,NonWoody,Forb,Perennial,NATIVE,,Forb
VETH,Verbascum thapsus,VETH,NonWoody,Forb,Annual,EXOTIC,INVASIVE,Forb
VIAD,Viola adunca,VIAD,NonWoody,Forb,Perennial,NATIVE,,Forb
VIAM,Vicia americana,VIAM,NonWoody,Forb,Perennial,NATIVE,,Forb
VIAMA3,Vicia americana subsp. americana,VIAMA3,NonWoody,Forb,Perennial,NATIVE,,Forb
VIBE2,Viola beckwithii,VIBE2,NonWoody,Forb,Perennial,NATIVE,,Forb
VICA4,Viola canadensis,VICA4,NonWoody,Forb,Perennial,NATIVE,,Forb
VICIA,Vicia,VICIA,NonWoody,Forb,Perennial,NATIVE,,Forb
VIDE3,Viguiera dentata,VIDE3,NonWoody,Forb,Perennial,NATIVE,,Forb
VIGI2,Vitis girdiana,VIGI2,Woody,Shrub,Perennial,NATIVE,,Shrub
VIGL,Viola glabella,VIGL,NonWoody,Forb,Perennial,NATIVE,,Forb
VILU,Vicia ludoviciana,VILU,NonWoody,Forb,Annual,NATIVE,,Forb
VINE,Viola nephrophylla,VINE,NonWoody,Forb,Perennial,NATIVE,,Forb
VINU2,Viola nuttallii,VINU2,NonWoody,Forb,Perennial,NATIVE,,Forb
VIOLA,Viola,VIOLA,NonWoody,Forb,Perennial,NATIVE,,Forb
VIPA14,Viguiera parishii,VIPA14,Woody,Shrub,Perennial,NATIVE,,Shrub
VIPA4,Viola palustris,VIPA4,NonWoody,Forb,Perennial,NATIVE,,Forb
VIPR3,Viola praemorsa,VIPR3,NonWoody,Forb,Perennial,NATIVE,,Forb
VIPU4,Viola purpurea,VIPU4,NonWoody,Forb,Perennial,NATIVE,,Forb
SIDTEN,Sidneya tenuifolia,VIST,Woody,Shrub,Perennial,NATIVE,,Shrub
VITR3,Viola trinervata,VITR3,NonWoody,Forb,Perennial,NATIVE,,Forb
VIUT,Viola utahensis,VIUT,NonWoody,Forb,Perennial,NATIVE,,Forb
VIVA,Viola vallicola,VIVA,NonWoody,Forb,Perennial,NATIVE,,Forb
VIVI,Vicia villosa,VIVI,NonWoody,Forb,Annual,EXOTIC,INVASIVE,Forb
VUBR,Vulpia bromoides,VUBR,NonWoody,Graminoid,Annual,EXOTIC,INVASIVE,Graminoid
VULPI,Vulpia,VULPI,NonWoody,Graminoid,Annual,NATIVE,,Graminoid
VUMI,Vulpia microstachys,VUMI,NonWoody,Graminoid,Annual,NATIVE,,Graminoid
VUMY,Vulpia myuros,VUMY,NonWoody,Graminoid,Annual,EXOTIC,INVASIVE,Graminoid
FEOC3,Festuca octoflora,VUOC,NonWoody,Graminoid,Annual,NATIVE,,Graminoid
VUOC,Vulpia octoflora,VUOC,NonWoody,Graminoid,Annual,NATIVE,,Graminoid
VUOCH,Vulpia octoflora var. hirtella,VUOCH,NonWoody,Graminoid,Annual,NATIVE,,Graminoid
WOOR,Woodsia oregana,WOOR,NonWoody,Forb,Perennial,NATIVE,,Forb
WYAM,Wyethia amplexicaulis,WYAM,NonWoody,Forb,Perennial,NATIVE,,Forb
WYAR,Wyethia arizonica,WYAR,NonWoody,Forb,Perennial,NATIVE,,Forb
WYETH,Wyethia,WYETH,NonWoody,Forb,Perennial,NATIVE,,Forb
WYHE,Wyethia helenioides,WYHE,NonWoody,Forb,Perennial,NATIVE,,Forb
WYHE2,Wyethia helianthoides,WYHE2,NonWoody,Forb,Perennial,NATIVE,,Forb
WYMO,Wyethia mollis,WYMO,NonWoody,Forb,Perennial,NATIVE,,Forb
XANTH2,Xanthium,XANTH2,NonWoody,Forb,Annual,NATIVE,,Forb
XAST,Xanthium strumarium,XAST,NonWoody,Forb,Annual,NATIVE,,Forb
XYCR2,Xylorhiza cronquistii,XYCR2,Woody,SubShrub,Perennial,NATIVE,,Shrub
XYGL,Xylorhiza glabriuscula,XYGL,Woody,SubShrub,Perennial,NATIVE,,Shrub
XYLOR,Xylorhiza,XYLOR,Woody,SubShrub,Perennial,NATIVE,,Shrub
XYTO2,Xylorhiza tortifolia,XYTO2,Woody,SubShrub,Perennial,NATIVE,,Shrub
XYTOT,Xylorhiza tortifolia var. tortifolia,XYTOT,Woody,SubShrub,Perennial,NATIVE,,Shrub
ASVE11,Aster venustus,XYVE,NonWoody,Forb,Perennial,NATIVE,,Forb
XYVE,Xylorhiza venusta,XYVE,NonWoody,Forb,Perennial,NATIVE,,Forb
YUAN2,Yucca angustissima,YUAN2,Woody,Succulent,Perennial,NATIVE,,Shrub
YUANA2,Yucca angustissima var. angustissima,YUANA2,Woody,Succulent,Perennial,NATIVE,,Shrub
YUBA,Yucca baccata,YUBA,Woody,Succulent,Perennial,NATIVE,,Shrub
YUBA2,Yucca baileyi,YUBA2,Woody,Succulent,Perennial,NATIVE,,Shrub
YUCA,Yucca campestris,YUCA,Woody,Succulent,Perennial,NATIVE,,Shrub
YUCCA,Yucca,YUCCA,Woody,Succulent,Perennial,NATIVE,,Shrub
YUEL,Yucca elata,YUEL,Woody,Succulent,Perennial,NATIVE,,Shrub
YUELE,Yucca elata var. elata,YUEL,Woody,Succulent,Perennial,NATIVE,,Shrub
YUGL,Yucca glauca,YUGL,Woody,Succulent,Perennial,NATIVE,,Shrub
YUGLG2,Yucca glauca var. glauca,YUGLG2,Woody,Succulent,Perennial,NATIVE,,Shrub
YUHA,Yucca harrimaniae,YUHA,Woody,Succulent,Perennial,NATIVE,,Shrub
YUSC2,Yucca schidigera,YUSC2,Woody,Succulent,Perennial,NATIVE,,Shrub
ZELO,Zephyranthes longifolia,ZELO,NonWoody,Forb,Perennial,NATIVE,,Forb
ZIAC,Zinnia acerosa,ZIAC,Woody,SubShrub,Perennial,NATIVE,,Shrub
ZIEL2,Zigadenus elegans,ZIEL2,NonWoody,Forb,Perennial,NATIVE,,Forb
ZIGAD,Zigadenus,ZIGAD,,,,NATIVE,,
ZIGR,Zinnia grandiflora,ZIGR,NonWoody,Forb,Perennial,NATIVE,,Forb
ZINNI,Zinnia,ZINNI,Woody,SubShrub,Perennial,NATIVE,,Shrub
ZIOB,Ziziphus obtusifolia,ZIOB,Woody,Shrub,Perennial,NATIVE,,Shrub
TOPA5,Toxicoscordion paniculatum,ZIPA2,NonWoody,Forb,Perennial,NATIVE,,Forb
ZIPA2,Zigadenus paniculatus,ZIPA2,NonWoody,Forb,Perennial,NATIVE,,Forb
ZIVE,Zigadenus venenosus,ZIVE,NonWoody,Forb,Perennial,NATIVE,,Forb
ZIVI,Zigadenus virescens,ZIVI,NonWoody,Forb,Perennial,NATIVE,,Forb
POA*,Poa (perennial grass),POA*,NonWoody,Graminoid,Perennial,NATIVE,,Graminoid
AGOSEPF,Agoseris (perennial forb),AGOSEPF,NonWoody,Forb,Perennial,NATIVE,,Forb
AMELASH,Amelanchier (shrub),AMELASH,Woody,Shrub,Perennial,NATIVE,,Shrub
AMSINAF,Amsinckia (annual forb),AMSINAF,NonWoody,Forb,Annual,NATIVE,,Forb
ANTENPF,Antennaria (perennial forb),ANTENPF,NonWoody,Forb,Perennial,NATIVE,,Forb
ARABI2A,Arabis (annual forb),ARABI2A,NonWoody,Forb,Annual,NATIVE,,Forb
ARABI2AF,Arabis (annual forb),ARABI2AF,NonWoody,Forb,Annual,NATIVE,,Forb
ARABI2PF,Arabis (perennial forb),ARABI2PF,NonWoody,Forb,Perennial,NATIVE,,Forb
ARENAPF,Arenaria (perennial forb),ARENAPF,NonWoody,Forb,Perennial,NATIVE,,Forb
ASTRAA,Astragalus (annual forb),ASTRAA,NonWoody,Forb,Annual,NATIVE,,Forb
ASTRAAF,Astragalus (annual forb),ASTRAAF,NonWoody,Forb,Annual,NATIVE,,Forb
ASTRAG,Astragalus (perennial forb),ASTRAG,NonWoody,Forb,Perennial,NATIVE,,Forb
ASTRAP,Astragalus (perennial forb),ASTRAP,NonWoody,Forb,Perennial,NATIVE,,Forb
ASTRAPF,Astragalus (perennial forb),ASTRAPF,NonWoody,Forb,Perennial,NATIVE,,Forb
BOERHAF,Boerhavia (annual forb),BOERHAF,NonWoody,Forb,Annual,NATIVE,,Forb
BRASS2PF,Brassica (perennial forb),BRASS2PF,NonWoody,Forb,Perennial,EXOTIC,,Forb
CAREXPG,Carex (perennial sedge),CAREXPG,NonWoody,Graminoid,Perennial,NATIVE,,Graminoid
CASTI2P,Castilleja (perennial forb),CASTI2P,NonWoody,Forb,Perennial,NATIVE,,Forb
CASTI2PF,Castilleja (perennial forb),CASTI2PF,NonWoody,Forb,Perennial,NATIVE,,Forb
CHAMA15AF,Chamaesyce (annual forb),CHAMA15AF,NonWoody,Forb,Annual,NATIVE,,Forb
CIRSIAF,Cirsium (annual forb),CIRSIAF,NonWoody,Forb,Annual,NATIVE,,Forb
CIRSIPF,Cirsium (perennial forb),CIRSIPF,NonWoody,Forb,Perennial,NATIVE,,Forb
COLLO#2,Collomia (annual forb),COLLO#2,NonWoody,Forb,Annual,NATIVE,,Forb
CREPIAF,Crepis (annual forb),CREPIAF,NonWoody,Forb,Annual,NATIVE,,Forb
CREPIP,Crepis (perennial forb),CREPIP,NonWoody,Forb,Perennial,NATIVE,,Forb
CREPIPF,Crepis (perennial forb),CREPIPF,NonWoody,Forb,Perennial,NATIVE,,Forb
CREPIS SP,Crepis (perennial forb),CREPIS SP,NonWoody,Forb,Perennial,NATIVE,,Forb
CRYPTA,Cryptantha (annual forb),CRYPTA,NonWoody,Forb,Annual,NATIVE,,Forb
CRYPTAF,Cryptantha (annual forb),CRYPTAF,NonWoody,Forb,Annual,NATIVE,,Forb
CRYPTPF,Cryptantha (perennial forb),CRYPTPF,NonWoody,Forb,Perennial,NATIVE,,Forb
CYMOP2PF,Cymopterus (perennial forb),CYMOP2PF,NonWoody,Forb,Perennial,NATIVE,,Forb
DELPHPF,Delphinium (perennial forb),DELPHPF,NonWoody,Forb,Perennial,NATIVE,,Forb
EPILOA,Epilobium (annual forb),EPILOA,NonWoody,Forb,Annual,NATIVE,,Forb
EPILOAF,Epilobium (annual forb),EPILOAF,NonWoody,Forb,Annual,NATIVE,,Forb
ERIGE2A,Erigeron (annual forb),ERIGE2A,NonWoody,Forb,Annual,NATIVE,,Forb
ERIGE2P,Erigeron (perennial forb),ERIGE2P,NonWoody,Forb,Perennial,NATIVE,,Forb
ERIGE2PF,Erigeron (perennial forb),ERIGE2PF,NonWoody,Forb,Perennial,NATIVE,,Forb
ERIOGAF,Eriogonum (annual forb),ERIOGAF,NonWoody,Forb,Annual,NATIVE,,Forb
ERIOGP,Eriogonum (perennial forb),ERIOGP,NonWoody,Forb,Perennial,NATIVE,,Forb
ERIOGPF,Eriogonum (perennial forb),ERIOGPF,NonWoody,Forb,Perennial,NATIVE,,Forb
ERIOGSH,Eriogonum (shrub),ERIOGSH,Woody,Shrub,Perennial,NATIVE,,Shrub
EUPHORAF,Euphorbia (annual forb),EUPHORAF,NonWoody,Forb,Annual,NATIVE,,Forb
GALIUA,Galium (annual forb),GALIUA,NonWoody,Forb,Annual,NATIVE,,Forb
GILIAAF,Gilia (annual forb),GILIAAF,NonWoody,Forb,Annual,NATIVE,,Forb
JUNCUA,Juncus (annual graminoid),JUNCUA,NonWoody,Graminoid,Annual,NATIVE,,Graminoid
JUNCUP,Juncus (perennial graminoid),JUNCUP,NonWoody,Graminoid,Perennial,NATIVE,,Graminoid
LINUMPF,Linum (perennial forb),LINUMPF,NonWoody,Forb,Perennial,NATIVE,,Forb
LOMATA,Lomatium (annual forb),LOMATA,NonWoody,Forb,Perennial,NATIVE,,Forb
LOMATAF,Lomatium (annual forb),LOMATAF,NonWoody,Forb,Perennial,NATIVE,,Forb
LOMATP,Lomatium (perennial forb),LOMATP,NonWoody,Forb,Perennial,NATIVE,,Forb
LOMATPF,Lomatium (perennial forb),LOMATPF,NonWoody,Forb,Perennial,NATIVE,,Forb
LOTUSAF,Lotus (annual forb),LOTUSAF,NonWoody,Forb,Annual,NATIVE,,Forb
LUPINAF,Lupinus (annual forb),LUPINAF,NonWoody,Forb,Annual,NATIVE,,Forb
LUPINP,Lupinus (perennial forb),LUPINP,NonWoody,Forb,Perennial,NATIVE,,Forb
LUPINPF,Lupinus (perennial forb),LUPINPF,NonWoody,Forb,Perennial,NATIVE,,Forb
MELICPG,Melica (perennial grass),MELICPG,NonWoody,Graminoid,Perennial,NATIVE,,Graminoid
MERTEPF,Mertensia (perennial forb),MERTEPF,NonWoody,Forb,Perennial,NATIVE,,Forb
MONTIAF,Montia (annual forb),MONTIAF,NonWoody,Forb,Annual,NATIVE,,Forb
MYOSOAF,Myosotis (annual forb),MYOSOAF,NonWoody,Forb,Annual,NATIVE,,Forb
OENOTA,Oenothera (annual forb),OENOTA,NonWoody,Forb,Annual,NATIVE,,Forb
OENOTP,Oenothera (perennial forb),OENOTP,NonWoody,Forb,Perennial,NATIVE,,Forb
ORTHOPF,Orthocarpus (perennial forb),ORTHOPF,NonWoody,Forb,Perennial,NATIVE,,Forb
PENSTP,Penstemon (perennial forb),PENSTP,NonWoody,Forb,Perennial,NATIVE,,Forb
PENSTPF,Penstemon (perennial forb),PENSTPF,NonWoody,Forb,Perennial,NATIVE,,Forb
PHACEAF,Phacelia (annual forb),PHACEAF,NonWoody,Forb,Annual,NATIVE,,Forb
PHACEPF,Phacelia (perennial forb),PHACEPF,NonWoody,Forb,Perennial,NATIVE,,Forb
PHLOXAF,Phlox (annual forb),PHLOXAF,NonWoody,Forb,Annual,NATIVE,,Forb
PHLOXPF,Phlox (perennial forb),PHLOXPF,NonWoody,Forb,Perennial,NATIVE,,Forb
POAPG,Poa (perennial grass),POAPG,NonWoody,Graminoid,Perennial,NATIVE,,Graminoid
PRUNUSH,Prunus (shrub),PRUNUSH,Woody,Shrub,Perennial,NATIVE,,Shrub
RIBESSH,Ribes (shrub),RIBESSH,Woody,Shrub,Perennial,NATIVE,,Shrub
ROSA5SH,Rosa (shrub),ROSA5SH,Woody,Shrub,Perennial,NATIVE,,Shrub
SENECPF,Senecio (perennial forb),SENECPF,NonWoody,Forb,Perennial,NATIVE,,Forb
SYMPHSH,Symphoricarpos (shrub),SYMPHSH,Woody,Shrub,Perennial,NATIVE,,Shrub
TIQHISS,Tiquilia hispidissima (Southern),TIQHISS,Woody,SubShrub,Perennial,NATIVE,,Shrub
TRIFOA,Trifolium (annual forb),TRIFOA,NonWoody,Forb,Annual,NATIVE,,Forb
VULPIAG,Vulpia (annual grass),VULPIAG,NonWoody,Graminoid,Annual,NATIVE,,Graminoid
ACHNAPG,Achnatherum (perennial grass),ACHNAPG,NonWoody,Graminoid,Perennial,NATIVE,,Graminoid
ALLIUM,Allium (perennial forb),ALLIUM,NonWoody,Forb,Perennial,NATIVE,,Forb
ALLIUPF,Allium (perennial forb),ALLIUPF,NonWoody,Forb,Perennial,NATIVE,,Forb
ERITRA,Erigeron tracyi,ERCO28,NonWoody,Forb,Annual,NATIVE,,Forb
LEPCFMON,Lepidium cf. montanum,LEPCFMON,NonWoody,Forb,Perennial,NATIVE,,Forb
POAG,Poa agassizensis,POPRP2,NonWoody,Graminoid,Perennial,EXOTIC,INVASIVE,Graminoid
2FA1,Forb annual 1,2FA1,NonWoody,Forb,,,,Forb
2FA2,Forb annual 2,2FA2,NonWoody,Forb,,,,Forb
2FA3,Forb annual 3,2FA3,NonWoody,Forb,,,,Forb
2FERN1,Fern 1,2FERN1,NonWoody,Forb,,,,Forb
2FP1,Forb perennial 1,2FP1,NonWoody,Forb,,,,Forb
2FP2,Forb perennial 2,2FP2,NonWoody,Forb,,,,Forb
2FP3,Forb perennial 3,2FP3,NonWoody,Forb,,,,Forb
2GA1,Graminoid annual 1,2GA1,NonWoody,Graminoid,,,,Graminoid
2GP1,Graminoid perennial 1,2GP1,NonWoody,Graminoid,,,,Graminoid
2GP2,Graminoid perennial 2,2GP2,NonWoody,Graminoid,,,,Graminoid
2SHRUB1,Shrub 1,2SHRUB1,Woody,Shrub,Perennial,,,Shrub
2SUBS1,Subshrub 1,2SUBS1,Woody,Shrub,Perennial,,,Shrub
32,,Drop,,,,,,
AAFF,Annual forb (?),AAFF,NonWoody,Forb,,,,Forb
AAFF1,Annual forb (?),AAFF1,NonWoody,Forb,,,,Forb
AAFF2,Annual forb (?),AAFF2,NonWoody,Forb,,,,Forb
AAFF3,Annual forb (?),AAFF3,NonWoody,Forb,,,,Forb
AAFF4,Annual forb (?),AAFF4,NonWoody,Forb,,,,Forb
AAFF5,Annual forb (?),AAFF5,NonWoody,Forb,,,,Forb
AAFF6,Annual forb (?),AAFF6,NonWoody,Forb,,,,Forb
AAGG,Annual graminoid (?),AAGG,NonWoody,Graminoid,,,,Graminoid
ACAG,Achillea ageratifolia,ACAG,NonWoody,Forb,Perennial,,,Forb
ACCO2,Acacia constricta,VACO9,Woody,Shrub,Perennial,NATIVE,,Shrub
ACSP11,Acroscyphus sphaerophoroides (lichen),Drop,,,,,,
ADFA,Adenostoma fasciculatum,ADFA,Woody,Shrub,Perennial,NATIVE,,Shrub
AF-013,Annual forb 013,AF-013,NonWoody,Forb,Annual,,,Forb
AF-014,Annual forb 014,AF-014,NonWoody,Forb,Annual,,,Forb
AF-015,Annual forb 015,AF-015,NonWoody,Forb,Annual,,,Forb
AF-060,Annual forb 060,AF-060,NonWoody,Forb,Annual,,,Forb
AF00,Annual forb 00,AF00,NonWoody,Forb,Annual,,,Forb
AF000,Annual forb 000,AF000,NonWoody,Forb,Annual,,,Forb
AF00000,Annual forb 00000,AF00000,NonWoody,Forb,Annual,,,Forb
AF002,Annual forb 002,AF002,NonWoody,Forb,Annual,,,Forb
AF01,Annual forb 01,AF01,NonWoody,Forb,Annual,,,Forb
AF010,Annual forb 010,AF010,NonWoody,Forb,Annual,,,Forb
AF01000,Annual forb 01000,AF01000,NonWoody,Forb,Annual,,,Forb
AF01001,Annual forb 01001,AF01001,NonWoody,Forb,Annual,,,Forb
AF01002,Annual forb 01002,AF01002,NonWoody,Forb,Annual,,,Forb
AF01006,Annual forb 01006,AF01006,NonWoody,Forb,Annual,,,Forb
AF01010,Annual forb 01010,AF01010,NonWoody,Forb,Annual,,,Forb
AF01013,Annual forb 01013,AF01013,NonWoody,Forb,Annual,,,Forb
AF01015,Annual forb 01015,AF01015,NonWoody,Forb,Annual,,,Forb
AF01027,Annual forb 01027,AF01027,NonWoody,Forb,Annual,,,Forb
AF01035,Annual forb 01035,AF01035,NonWoody,Forb,Annual,,,Forb
AF01110,Annual forb 01110,AF01110,NonWoody,Forb,Annual,,,Forb
AF02,Annual forb 02,AF02,NonWoody,Forb,Annual,,,Forb
AF02000,Annual forb 02000,AF02000,NonWoody,Forb,Annual,,,Forb
AF02002,Annual forb 02002,AF02002,NonWoody,Forb,Annual,,,Forb
AF02004,Annual forb 02004,AF02004,NonWoody,Forb,Annual,,,Forb
AF02011,Annual forb 02011,AF02011,NonWoody,Forb,Annual,,,Forb
AF02013,Annual forb 02013,AF02013,NonWoody,Forb,Annual,,,Forb
AF02015,Annual forb 02015,AF02015,NonWoody,Forb,Annual,,,Forb
AF02020,Annual forb 02020,AF02020,NonWoody,Forb,Annual,,,Forb
AF02028,Annual forb 02028,AF02028,NonWoody,Forb,Annual,,,Forb
AF02033,Annual forb 02033,AF02033,NonWoody,Forb,Annual,,,Forb
AF02044,Annual forb 02044,AF02044,NonWoody,Forb,Annual,,,Forb
AF02061,Annual forb 02061,AF02061,NonWoody,Forb,Annual,,,Forb
AF02114,Annual forb 02114,AF02114,NonWoody,Forb,Annual,,,Forb
AF02136,Annual forb 02136,AF02136,NonWoody,Forb,Annual,,,Forb
AF02146,Annual forb 02146,AF02146,NonWoody,Forb,Annual,,,Forb
AF02202,Annual forb 02202,AF02202,NonWoody,Forb,Annual,,,Forb
AF02522,Annual forb 02522,AF02522,NonWoody,Forb,Annual,,,Forb
AF02803,Annual forb 02803,AF02803,NonWoody,Forb,Annual,,,Forb
AF03,Annual forb 03,AF03,NonWoody,Forb,Annual,,,Forb
AF03000,Annual forb 03000,AF03000,NonWoody,Forb,Annual,,,Forb
AF03001,Annual forb 03001,AF03001,NonWoody,Forb,Annual,,,Forb
AF03002,Annual forb 03002,AF03002,NonWoody,Forb,Annual,,,Forb
AF03005,Annual forb 03005,AF03005,NonWoody,Forb,Annual,,,Forb
AF03006,Annual forb 03006,AF03006,NonWoody,Forb,Annual,,,Forb
AF03007,Annual forb 03007,AF03007,NonWoody,Forb,Annual,,,Forb
AF03033,Annual forb 03033,AF03033,NonWoody,Forb,Annual,,,Forb
AF03034,Annual forb 03034,AF03034,NonWoody,Forb,Annual,,,Forb
AF03075,Annual forb 03075,AF03075,NonWoody,Forb,Annual,,,Forb
AF04,Annual forb 04,AF04,NonWoody,Forb,Annual,,,Forb
AF04000,Annual forb 04000,AF04000,NonWoody,Forb,Annual,,,Forb
AF04001,Annual forb 04001,AF04001,NonWoody,Forb,Annual,,,Forb
AF04004,Annual forb 04004,AF04004,NonWoody,Forb,Annual,,,Forb
AF04005,Annual forb 04005,AF04005,NonWoody,Forb,Annual,,,Forb
AF04006,Annual forb 04006,AF04006,NonWoody,Forb,Annual,,,Forb
AF04008,Annual forb 04008,AF04008,NonWoody,Forb,Annual,,,Forb
AF04010,Annual forb 04010,AF04010,NonWoody,Forb,Annual,,,Forb
AF04012,Annual forb 04012,AF04012,NonWoody,Forb,Annual,,,Forb
AF04048,Annual forb 04048,AF04048,NonWoody,Forb,Annual,,,Forb
AF04053,Annual forb 04053,AF04053,NonWoody,Forb,Annual,,,Forb
AF04057,Annual forb 04057,AF04057,NonWoody,Forb,Annual,,,Forb
AF04061,Annual forb 04061,AF04061,NonWoody,Forb,Annual,,,Forb
AF04254,Annual forb 04254,AF04254,NonWoody,Forb,Annual,,,Forb
AF04442,Annual forb 04442,AF04442,NonWoody,Forb,Annual,,,Forb
AF05,Annual forb 05,AF05,NonWoody,Forb,Annual,,,Forb
AF05000,Annual forb 05000,AF05000,NonWoody,Forb,Annual,,,Forb
AF05006,Annual forb 05006,AF05006,NonWoody,Forb,Annual,,,Forb
AF05007,Annual forb 05007,AF05007,NonWoody,Forb,Annual,,,Forb
AF05009,Annual forb 05009,AF05009,NonWoody,Forb,Annual,,,Forb
AF05011,Annual forb 05011,AF05011,NonWoody,Forb,Annual,,,Forb
AF05016,Annual forb 05016,AF05016,NonWoody,Forb,Annual,,,Forb
AF05017,Annual forb 05017,AF05017,NonWoody,Forb,Annual,,,Forb
AF05019,Annual forb 05019,AF05019,NonWoody,Forb,Annual,,,Forb
AF05020,Annual forb 05020,AF05020,NonWoody,Forb,Annual,,,Forb
AF05021,Annual forb 05021,AF05021,NonWoody,Forb,Annual,,,Forb
AF05023,Annual forb 05023,AF05023,NonWoody,Forb,Annual,,,Forb
AF05026,Annual forb 05026,AF05026,NonWoody,Forb,Annual,,,Forb
AF05027,Annual forb 05027,AF05027,NonWoody,Forb,Annual,,,Forb
AF05029,Annual forb 05029,AF05029,NonWoody,Forb,Annual,,,Forb
AF05034,Annual forb 05034,AF05034,NonWoody,Forb,Annual,,,Forb
AF05036,Annual forb 05036,AF05036,NonWoody,Forb,Annual,,,Forb
AF05037,Annual forb 05037,AF05037,NonWoody,Forb,Annual,,,Forb
AF05044,Annual forb 05044,AF05044,NonWoody,Forb,Annual,,,Forb
AF05048,Annual forb 05048,AF05048,NonWoody,Forb,Annual,,,Forb
AF05077,Annual forb 05077,AF05077,NonWoody,Forb,Annual,,,Forb
AF05079,Annual forb 05079,AF05079,NonWoody,Forb,Annual,,,Forb
AF05105,Annual forb 05105,AF05105,NonWoody,Forb,Annual,,,Forb
AF05108,Annual forb 05108,AF05108,NonWoody,Forb,Annual,,,Forb
AF05113,Annual forb 05113,AF05113,NonWoody,Forb,Annual,,,Forb
AF05125,Annual forb 05125,AF05125,NonWoody,Forb,Annual,,,Forb
AF05134,Annual forb 05134,AF05134,NonWoody,Forb,Annual,,,Forb
AF05138,Annual forb 05138,AF05138,NonWoody,Forb,Annual,,,Forb
AF06,Annual forb 06,AF06,NonWoody,Forb,Annual,,,Forb
AF06000,Annual forb 06000,AF06000,NonWoody,Forb,Annual,,,Forb
AF06001,Annual forb 06001,AF06001,NonWoody,Forb,Annual,,,Forb
AF06004,Annual forb 06004,AF06004,NonWoody,Forb,Annual,,,Forb
AF06007,Annual forb 06007,AF06007,NonWoody,Forb,Annual,,,Forb
AF06009,Annual forb 06009,AF06009,NonWoody,Forb,Annual,,,Forb
AF06011,Annual forb 06011,AF06011,NonWoody,Forb,Annual,,,Forb
AF06012,Annual forb 06012,AF06012,NonWoody,Forb,Annual,,,Forb
AF07,Annual forb 07,AF07,NonWoody,Forb,Annual,,,Forb
AF07000,Annual forb 07000,AF07000,NonWoody,Forb,Annual,,,Forb
AF07001,Annual forb 07001,AF07001,NonWoody,Forb,Annual,,,Forb
AF07003,Annual forb 07003,AF07003,NonWoody,Forb,Annual,,,Forb
AF07005,Annual forb 07005,AF07005,NonWoody,Forb,Annual,,,Forb
AF07006,Annual forb 07006,AF07006,NonWoody,Forb,Annual,,,Forb
AF07008,Annual forb 07008,AF07008,NonWoody,Forb,Annual,,,Forb
AF07009,Annual forb 07009,AF07009,NonWoody,Forb,Annual,,,Forb
AF07010,Annual forb 07010,AF07010,NonWoody,Forb,Annual,,,Forb
AF07023,Annual forb 07023,AF07023,NonWoody,Forb,Annual,,,Forb
AF07025,Annual forb 07025,AF07025,NonWoody,Forb,Annual,,,Forb
AF07131,Annual forb 07131,AF07131,NonWoody,Forb,Annual,,,Forb
AF08,Annual forb 08,AF08,NonWoody,Forb,Annual,,,Forb
AF08000,Annual forb 08000,AF08000,NonWoody,Forb,Annual,,,Forb
AF08011,Annual forb 08011,AF08011,NonWoody,Forb,Annual,,,Forb
AF08015,Annual forb 08015,AF08015,NonWoody,Forb,Annual,,,Forb
AF08023,Annual forb 08023,AF08023,NonWoody,Forb,Annual,,,Forb
AF08033,Annual forb 08033,AF08033,NonWoody,Forb,Annual,,,Forb
AF08036,Annual forb 08036,AF08036,NonWoody,Forb,Annual,,,Forb
AF08044,Annual forb 08044,AF08044,NonWoody,Forb,Annual,,,Forb
AF08045,Annual forb 08045,AF08045,NonWoody,Forb,Annual,,,Forb
AF08052,Annual forb 08052,AF08052,NonWoody,Forb,Annual,,,Forb
AF08053,Annual forb 08053,AF08053,NonWoody,Forb,Annual,,,Forb
AF08254,Annual forb 08254,AF08254,NonWoody,Forb,Annual,,,Forb
AF09,Annual forb 09,AF09,NonWoody,Forb,Annual,,,Forb
AF09000,Annual forb 09000,AF09000,NonWoody,Forb,Annual,,,Forb
AF09001,Annual forb 09001,AF09001,NonWoody,Forb,Annual,,,Forb
AF09002,Annual forb 09002,AF09002,NonWoody,Forb,Annual,,,Forb
AF09003,Annual forb 09003,AF09003,NonWoody,Forb,Annual,,,Forb
AF09004,Annual forb 09004,AF09004,NonWoody,Forb,Annual,,,Forb
AF09006,Annual forb 09006,AF09006,NonWoody,Forb,Annual,,,Forb
AF09007,Annual forb 09007,AF09007,NonWoody,Forb,Annual,,,Forb
AF09009,Annual forb 09009,AF09009,NonWoody,Forb,Annual,,,Forb
AF09012,Annual forb 09012,AF09012,NonWoody,Forb,Annual,,,Forb
AF09015,Annual forb 09015,AF09015,NonWoody,Forb,Annual,,,Forb
AF09016,Annual forb 09016,AF09016,NonWoody,Forb,Annual,,,Forb
AF09020,Annual forb 09020,AF09020,NonWoody,Forb,Annual,,,Forb
AF09022,Annual forb 09022,AF09022,NonWoody,Forb,Annual,,,Forb
AF09023,Annual forb 09023,AF09023,NonWoody,Forb,Annual,,,Forb
AF09025,Annual forb 09025,AF09025,NonWoody,Forb,Annual,,,Forb
AF09028,Annual forb 09028,AF09028,NonWoody,Forb,Annual,,,Forb
AF09038,Annual forb 09038,AF09038,NonWoody,Forb,Annual,,,Forb
AF09056,Annual forb 09056,AF09056,NonWoody,Forb,Annual,,,Forb
AF09057,Annual forb 09057,AF09057,NonWoody,Forb,Annual,,,Forb
AF09089,Annual forb 09089,AF09089,NonWoody,Forb,Annual,,,Forb
AF09096,Annual forb 09096,AF09096,NonWoody,Forb,Annual,,,Forb
AF09104,Annual forb 09104,AF09104,NonWoody,Forb,Annual,,,Forb
AF09112,Annual forb 09112,AF09112,NonWoody,Forb,Annual,,,Forb
AF09113,Annual forb 09113,AF09113,NonWoody,Forb,Annual,,,Forb
AF09114,Annual forb 09114,AF09114,NonWoody,Forb,Annual,,,Forb
AF10,Annual forb 10,AF10,NonWoody,Forb,Annual,,,Forb
AF10000,Annual forb 10000,AF10000,NonWoody,Forb,Annual,,,Forb
AF10001,Annual forb 10001,AF10001,NonWoody,Forb,Annual,,,Forb
AF10002,Annual forb 10002,AF10002,NonWoody,Forb,Annual,,,Forb
AF10003,Annual forb 10003,AF10003,NonWoody,Forb,Annual,,,Forb
AF10004,Annual forb 10004,AF10004,NonWoody,Forb,Annual,,,Forb
AF10005,Annual forb 10005,AF10005,NonWoody,Forb,Annual,,,Forb
AF10006,Annual forb 10006,AF10006,NonWoody,Forb,Annual,,,Forb
AF10012,Annual forb 10012,AF10012,NonWoody,Forb,Annual,,,Forb
AF10013,Annual forb 10013,AF10013,NonWoody,Forb,Annual,,,Forb
AF1002,Annual forb 1002,AF1002,NonWoody,Forb,Annual,,,Forb
AF10020,Annual forb 10020,AF10020,NonWoody,Forb,Annual,,,Forb
AF1006,Annual forb 1006,AF1006,NonWoody,Forb,Annual,,,Forb
AF1008,Annual forb 1008,AF1008,NonWoody,Forb,Annual,,,Forb
AF101,Annual forb 101,AF101,NonWoody,Forb,Annual,,,Forb
AF1012,Annual forb 1012,AF1012,NonWoody,Forb,Annual,,,Forb
AF1019,Annual forb 1019,AF1019,NonWoody,Forb,Annual,,,Forb
AF102,Annual forb 102,AF102,NonWoody,Forb,Annual,,,Forb
AF10337,Annual forb 10337,AF10337,NonWoody,Forb,Annual,,,Forb
AF10341,Annual forb 10341,AF10341,NonWoody,Forb,Annual,,,Forb
AF105,Annual forb 105,AF105,NonWoody,Forb,Annual,,,Forb
AF106,Annual forb 106,AF106,NonWoody,Forb,Annual,,,Forb
AF107,Annual forb 107,AF107,NonWoody,Forb,Annual,,,Forb
AF10888,Annual forb 10888,AF10888,NonWoody,Forb,Annual,,,Forb
AF10889,Annual forb 10889,AF10889,NonWoody,Forb,Annual,,,Forb
AF10893,Annual forb 10893,AF10893,NonWoody,Forb,Annual,,,Forb
AF11,Annual forb 11,AF11,NonWoody,Forb,Annual,,,Forb
AF110,Annual forb 110,AF110,NonWoody,Forb,Annual,,,Forb
AF11000,Annual forb 11000,AF11000,NonWoody,Forb,Annual,,,Forb
AF11013,Annual forb 11013,AF11013,NonWoody,Forb,Annual,,,Forb
AF11015,Annual forb 11015,AF11015,NonWoody,Forb,Annual,,,Forb
AF11016,Annual forb 11016,AF11016,NonWoody,Forb,Annual,,,Forb
AF11023,Annual forb 11023,AF11023,NonWoody,Forb,Annual,,,Forb
AF11027,Annual forb 11027,AF11027,NonWoody,Forb,Annual,,,Forb
AF11037,Annual forb 11037,AF11037,NonWoody,Forb,Annual,,,Forb
AF11082,Annual forb 11082,AF11082,NonWoody,Forb,Annual,,,Forb
AF1119,Annual forb 1119,AF1119,NonWoody,Forb,Annual,,,Forb
AF113,Annual forb 113,AF113,NonWoody,Forb,Annual,,,Forb
AF114,Annual forb 114,AF114,NonWoody,Forb,Annual,,,Forb
AF115,Annual forb 115,AF115,NonWoody,Forb,Annual,,,Forb
AF116,Annual forb 116,AF116,NonWoody,Forb,Annual,,,Forb
AF117,Annual forb 117,AF117,NonWoody,Forb,Annual,,,Forb
AF118,Annual forb 118,AF118,NonWoody,Forb,Annual,,,Forb
AF12,Annual forb 12,AF12,NonWoody,Forb,Annual,,,Forb
AF12000,Annual forb 12000,AF12000,NonWoody,Forb,Annual,,,Forb
AF12001,Annual forb 12001,AF12001,NonWoody,Forb,Annual,,,Forb
AF12002,Annual forb 12002,AF12002,NonWoody,Forb,Annual,,,Forb
AF12004,Annual forb 12004,AF12004,NonWoody,Forb,Annual,,,Forb
AF12008,Annual forb 12008,AF12008,NonWoody,Forb,Annual,,,Forb
AF12010,Annual forb 12010,AF12010,NonWoody,Forb,Annual,,,Forb
AF122,Annual forb 122,AF122,NonWoody,Forb,Annual,,,Forb
AF124,Annual forb 124,AF124,NonWoody,Forb,Annual,,,Forb
AF129,Annual forb 129,AF129,NonWoody,Forb,Annual,,,Forb
AF13,Annual forb 13,AF13,NonWoody,Forb,Annual,,,Forb
AF13000,Annual forb 13000,AF13000,NonWoody,Forb,Annual,,,Forb
AF13005,Annual forb 13005,AF13005,NonWoody,Forb,Annual,,,Forb
AF13007,Annual forb 13007,AF13007,NonWoody,Forb,Annual,,,Forb
AF14001,Annual forb 14001,AF14001,NonWoody,Forb,Annual,,,Forb
AF14010,Annual forb 14010,AF14010,NonWoody,Forb,Annual,,,Forb
AF14011,Annual forb 14011,AF14011,NonWoody,Forb,Annual,,,Forb
AF15,Annual forb 15,AF15,NonWoody,Forb,Annual,,,Forb
AF15000,Annual forb 15000,AF15000,NonWoody,Forb,Annual,,,Forb
AF15001,Annual forb 15001,AF15001,NonWoody,Forb,Annual,,,Forb
AF15011,Annual forb 15011,AF15011,NonWoody,Forb,Annual,,,Forb
AF16,Annual forb 16,AF16,NonWoody,Forb,Annual,,,Forb
AF16000,Annual forb 16000,AF16000,NonWoody,Forb,Annual,,,Forb
AF1615,Annual forb 1615,AF1615,NonWoody,Forb,Annual,,,Forb
AF1624,Annual forb 1624,AF1624,NonWoody,Forb,Annual,,,Forb
AF17000,Annual forb 17000,AF17000,NonWoody,Forb,Annual,,,Forb
AF17003,Annual forb 17003,AF17003,NonWoody,Forb,Annual,,,Forb
AF17007,Annual forb 17007,AF17007,NonWoody,Forb,Annual,,,Forb
AF17026,Annual forb 17026,AF17026,NonWoody,Forb,Annual,,,Forb
AF18,Annual forb 18,AF18,NonWoody,Forb,Annual,,,Forb
AF180,Annual forb 180,AF180,NonWoody,Forb,Annual,,,Forb
AF18000,Annual forb 18000,AF18000,NonWoody,Forb,Annual,,,Forb
AF18003,Annual forb 18003,AF18003,NonWoody,Forb,Annual,,,Forb
AF18005,Annual forb 18005,AF18005,NonWoody,Forb,Annual,,,Forb
AF18006,Annual forb 18006,AF18006,NonWoody,Forb,Annual,,,Forb
AF18008,Annual forb 18008,AF18008,NonWoody,Forb,Annual,,,Forb
AF182,Annual forb 182,AF182,NonWoody,Forb,Annual,,,Forb
AF1845,Annual forb 1845,AF1845,NonWoody,Forb,Annual,,,Forb
AF1846,Annual forb 1846,AF1846,NonWoody,Forb,Annual,,,Forb
AF1847,Annual forb 1847,AF1847,NonWoody,Forb,Annual,,,Forb
AF1864,Annual forb 1864,AF1864,NonWoody,Forb,Annual,,,Forb
AF1865,Annual forb 1865,AF1865,NonWoody,Forb,Annual,,,Forb
AF1866,Annual forb 1866,AF1866,NonWoody,Forb,Annual,,,Forb
AF19,Annual forb 19,AF19,NonWoody,Forb,Annual,,,Forb
AF20,Annual forb 20,AF20,NonWoody,Forb,Annual,,,Forb
AF20000,Annual forb 20000,AF20000,NonWoody,Forb,Annual,,,Forb
AF2001,Annual forb 2001,AF2001,NonWoody,Forb,Annual,,,Forb
AF2005,Annual forb 2005,AF2005,NonWoody,Forb,Annual,,,Forb
AF2008,Annual forb 2008,AF2008,NonWoody,Forb,Annual,,,Forb
AF2009,Annual forb 2009,AF2009,NonWoody,Forb,Annual,,,Forb
AF2010,Annual forb 2010,AF2010,NonWoody,Forb,Annual,,,Forb
AF2016,Annual forb 2016,AF2016,NonWoody,Forb,Annual,,,Forb
AF2019,Annual forb 2019,AF2019,NonWoody,Forb,Annual,,,Forb
AF2022,Annual forb 2022,AF2022,NonWoody,Forb,Annual,,,Forb
AF204,Annual forb 204,AF204,NonWoody,Forb,Annual,,,Forb
AF205,Annual forb 205,AF205,NonWoody,Forb,Annual,,,Forb
AF207,Annual forb 207,AF207,NonWoody,Forb,Annual,,,Forb
AF21000,Annual forb 21000,AF21000,NonWoody,Forb,Annual,,,Forb
AF21025,Annual forb 21025,AF21025,NonWoody,Forb,Annual,,,Forb
AF22,Annual forb 22,AF22,NonWoody,Forb,Annual,,,Forb
AF22000,Annual forb 22000,AF22000,NonWoody,Forb,Annual,,,Forb
AF2209,Annual forb 2209,AF2209,NonWoody,Forb,Annual,,,Forb
AF2210,Annual forb 2210,AF2210,NonWoody,Forb,Annual,,,Forb
AF2212,Annual forb 2212,AF2212,NonWoody,Forb,Annual,,,Forb
AF2214,Annual forb 2214,AF2214,NonWoody,Forb,Annual,,,Forb
AF223,Annual forb 223,AF223,NonWoody,Forb,Annual,,,Forb
AF23,Annual forb 23,AF23,NonWoody,Forb,Annual,,,Forb
AF237,Annual forb 237,AF237,NonWoody,Forb,Annual,,,Forb
AF24,Annual forb 24,AF24,NonWoody,Forb,Annual,,,Forb
AF245,Annual forb 245,AF245,NonWoody,Forb,Annual,,,Forb
AF26,Annual forb 26,AF26,NonWoody,Forb,Annual,,,Forb
AF265,Annual forb 265,AF265,NonWoody,Forb,Annual,,,Forb
AF28,Annual forb 28,AF28,NonWoody,Forb,Annual,,,Forb
AF29,Annual forb 29,AF29,NonWoody,Forb,Annual,,,Forb
AF30000,Annual forb 30000,AF30000,NonWoody,Forb,Annual,,,Forb
AF3008,Annual forb 3008,AF3008,NonWoody,Forb,Annual,,,Forb
AF3011,Annual forb 3011,AF3011,NonWoody,Forb,Annual,,,Forb
AF3014,Annual forb 3014,AF3014,NonWoody,Forb,Annual,,,Forb
AF306,Annual forb 306,AF306,NonWoody,Forb,Annual,,,Forb
AF31,Annual forb 31,AF31,NonWoody,Forb,Annual,,,Forb
AF3105,Annual forb 3105,AF3105,NonWoody,Forb,Annual,,,Forb
AF3109,Annual forb 3109,AF3109,NonWoody,Forb,Annual,,,Forb
AF313,Annual forb 313,AF313,NonWoody,Forb,Annual,,,Forb
AF32,Annual forb 32,AF32,NonWoody,Forb,Annual,,,Forb
AF36,Annual forb 36,AF36,NonWoody,Forb,Annual,,,Forb
AF37,Annual forb 37,AF37,NonWoody,Forb,Annual,,,Forb
AF384,Annual forb 384,AF384,NonWoody,Forb,Annual,,,Forb
AF40,Annual forb 40,AF40,NonWoody,Forb,Annual,,,Forb
AF40001,Annual forb 40001,AF40001,NonWoody,Forb,Annual,,,Forb
AF40004,Annual forb 40004,AF40004,NonWoody,Forb,Annual,,,Forb
AF402,Annual forb 402,AF402,NonWoody,Forb,Annual,,,Forb
AF403,Annual forb 403,AF403,NonWoody,Forb,Annual,,,Forb
AF406,Annual forb 406,AF406,NonWoody,Forb,Annual,,,Forb
AF41,Annual forb 41,AF41,NonWoody,Forb,Annual,,,Forb
AF412,Annual forb 412,AF412,NonWoody,Forb,Annual,,,Forb
AF417,Annual forb 417,AF417,NonWoody,Forb,Annual,,,Forb
AF43001,Annual forb 43001,AF43001,NonWoody,Forb,Annual,,,Forb
AF45,Annual forb 45,AF45,NonWoody,Forb,Annual,,,Forb
AF46,Annual forb 46,AF46,NonWoody,Forb,Annual,,,Forb
AF47,Annual forb 47,AF47,NonWoody,Forb,Annual,,,Forb
AF50000,Annual forb 50000,AF50000,NonWoody,Forb,Annual,,,Forb
AF50017,Annual forb 50017,AF50017,NonWoody,Forb,Annual,,,Forb
AF50018,Annual forb 50018,AF50018,NonWoody,Forb,Annual,,,Forb
AF5009,Annual forb 5009,AF5009,NonWoody,Forb,Annual,,,Forb
AF501,Annual forb 501,AF501,NonWoody,Forb,Annual,,,Forb
AF502,Annual forb 502,AF502,NonWoody,Forb,Annual,,,Forb
AF504,Annual forb 504,AF504,NonWoody,Forb,Annual,,,Forb
AF505,Annual forb 505,AF505,NonWoody,Forb,Annual,,,Forb
AF506,Annual forb 506,AF506,NonWoody,Forb,Annual,,,Forb
AF51,Annual forb 51,AF51,NonWoody,Forb,Annual,,,Forb
AF511,Annual forb 511,AF511,NonWoody,Forb,Annual,,,Forb
AF53,Annual forb 53,AF53,NonWoody,Forb,Annual,,,Forb
AF54005,Annual forb 54005,AF54005,NonWoody,Forb,Annual,,,Forb
AF56,Annual forb 56,AF56,NonWoody,Forb,Annual,,,Forb
AF58,Annual forb 58,AF58,NonWoody,Forb,Annual,,,Forb
AF604,Annual forb 604,AF604,NonWoody,Forb,Annual,,,Forb
AF6101,Annual forb 6101,AF6101,NonWoody,Forb,Annual,,,Forb
AF612,Annual forb 612,AF612,NonWoody,Forb,Annual,,,Forb
AF62,Annual forb 62,AF62,NonWoody,Forb,Annual,,,Forb
AF628,Annual forb 628,AF628,NonWoody,Forb,Annual,,,Forb
AF666,Annual forb 666,AF666,NonWoody,Forb,Annual,,,Forb
AF67000,Annual forb 67000,AF67000,NonWoody,Forb,Annual,,,Forb
AF67007,Annual forb 67007,AF67007,NonWoody,Forb,Annual,,,Forb
AF67010,Annual forb 67010,AF67010,NonWoody,Forb,Annual,,,Forb
AF70000,Annual forb 70000,AF70000,NonWoody,Forb,Annual,,,Forb
AF702,Annual forb 702,AF702,NonWoody,Forb,Annual,,,Forb
AF7099,Annual forb 7099,AF7099,NonWoody,Forb,Annual,,,Forb
AF79,Annual forb 79,AF79,NonWoody,Forb,Annual,,,Forb
AF80000,Annual forb 80000,AF80000,NonWoody,Forb,Annual,,,Forb
AF81,Annual forb 81,AF81,NonWoody,Forb,Annual,,,Forb
AF82,Annual forb 82,AF82,NonWoody,Forb,Annual,,,Forb
AF85,Annual forb 85,AF85,NonWoody,Forb,Annual,,,Forb
AF88,Annual forb 88,AF88,NonWoody,Forb,Annual,,,Forb
AF90,Annual forb 90,AF90,NonWoody,Forb,Annual,,,Forb
AF90007,Annual forb 90007,AF90007,NonWoody,Forb,Annual,,,Forb
AF91,Annual forb 91,AF91,NonWoody,Forb,Annual,,,Forb
AF91000,Annual forb 91000,AF91000,NonWoody,Forb,Annual,,,Forb
AF91001,Annual forb 91001,AF91001,NonWoody,Forb,Annual,,,Forb
AF92020,Annual forb 92020,AF92020,NonWoody,Forb,Annual,,,Forb
AFO1,Annual forb,AFO1,NonWoody,Forb,Annual,,,Forb
AG,Annual grass,AG,NonWoody,Graminoid,Annual,,,Graminoid
AG00,Annual grass 00,AG00,NonWoody,Graminoid,Annual,,,Graminoid
AG00000,Annual grass 00000,AG00000,NonWoody,Graminoid,Annual,,,Graminoid
AG001,Annual grass 001,AG001,NonWoody,Graminoid,Annual,,,Graminoid
AG01,Annual grass 01,AG01,NonWoody,Graminoid,Annual,,,Graminoid
AG01001,Annual grass 01001,AG01001,NonWoody,Graminoid,Annual,,,Graminoid
AG01002,Annual grass 01002,AG01002,NonWoody,Graminoid,Annual,,,Graminoid
AG01003,Annual grass 01003,AG01003,NonWoody,Graminoid,Annual,,,Graminoid
AG01004,Annual grass 01004,AG01004,NonWoody,Graminoid,Annual,,,Graminoid
AG02,Annual grass 02,AG02,NonWoody,Graminoid,Annual,,,Graminoid
AG02001,Annual grass 02001,AG02001,NonWoody,Graminoid,Annual,,,Graminoid
AG02002,Annual grass 02002,AG02002,NonWoody,Graminoid,Annual,,,Graminoid
AG02006,Annual grass 02006,AG02006,NonWoody,Graminoid,Annual,,,Graminoid
AG02008,Annual grass 02008,AG02008,NonWoody,Graminoid,Annual,,,Graminoid
AG02018,Annual grass 02018,AG02018,NonWoody,Graminoid,Annual,,,Graminoid
AG03,Annual grass 03,AG03,NonWoody,Graminoid,Annual,,,Graminoid
AG03000,Annual grass 03000,AG03000,NonWoody,Graminoid,Annual,,,Graminoid
AG03001,Annual grass 03001,AG03001,NonWoody,Graminoid,Annual,,,Graminoid
AG03145,Annual grass 03145,AG03145,NonWoody,Graminoid,Annual,,,Graminoid
AG04,Annual grass 04,AG04,NonWoody,Graminoid,Annual,,,Graminoid
AG04001,Annual grass 04001,AG04001,NonWoody,Graminoid,Annual,,,Graminoid
AG04002,Annual grass 04002,AG04002,NonWoody,Graminoid,Annual,,,Graminoid
AG05000,Annual grass 05000,AG05000,NonWoody,Graminoid,Annual,,,Graminoid
AG05003,Annual grass 05003,AG05003,NonWoody,Graminoid,Annual,,,Graminoid
AG05079,Annual grass 05079,AG05079,NonWoody,Graminoid,Annual,,,Graminoid
AG06,Annual grass 06,AG06,NonWoody,Graminoid,Annual,,,Graminoid
AG06027,Annual grass 06027,AG06027,NonWoody,Graminoid,Annual,,,Graminoid
AG07,Annual grass 07,AG07,NonWoody,Graminoid,Annual,,,Graminoid
AG07000,Annual grass 07000,AG07000,NonWoody,Graminoid,Annual,,,Graminoid
AG07138,Annual grass 07138,AG07138,NonWoody,Graminoid,Annual,,,Graminoid
AG08000,Annual grass 08000,AG08000,NonWoody,Graminoid,Annual,,,Graminoid
AG08002,Annual grass 08002,AG08002,NonWoody,Graminoid,Annual,,,Graminoid
AG08004,Annual grass 08004,AG08004,NonWoody,Graminoid,Annual,,,Graminoid
AG08008,Annual grass 08008,AG08008,NonWoody,Graminoid,Annual,,,Graminoid
AG08200,Annual grass 08200,AG08200,NonWoody,Graminoid,Annual,,,Graminoid
AG09000,Annual grass 09000,AG09000,NonWoody,Graminoid,Annual,,,Graminoid
AG1,Annual grass 1,AG1,NonWoody,Graminoid,Annual,,,Graminoid
AG10001,Annual grass 10001,AG10001,NonWoody,Graminoid,Annual,,,Graminoid
AG109,Annual grass 109,AG109,NonWoody,Graminoid,Annual,,,Graminoid
AG11008,Annual grass 11008,AG11008,NonWoody,Graminoid,Annual,,,Graminoid
AG11018,Annual grass 11018,AG11018,NonWoody,Graminoid,Annual,,,Graminoid
AG11019,Annual grass 11019,AG11019,NonWoody,Graminoid,Annual,,,Graminoid
AG11020,Annual grass 11020,AG11020,NonWoody,Graminoid,Annual,,,Graminoid
AG11023,Annual grass 11023,AG11023,NonWoody,Graminoid,Annual,,,Graminoid
AG11030,Annual grass 11030,AG11030,NonWoody,Graminoid,Annual,,,Graminoid
AG11062,Annual grass 11062,AG11062,NonWoody,Graminoid,Annual,,,Graminoid
AG14,Annual grass 14,AG14,NonWoody,Graminoid,Annual,,,Graminoid
AG152,Annual grass 152,AG152,NonWoody,Graminoid,Annual,,,Graminoid
AG16000,Annual grass 16000,AG16000,NonWoody,Graminoid,Annual,,,Graminoid
AG1802,Annual grass 1802,AG1802,NonWoody,Graminoid,Annual,,,Graminoid
AG1806,Annual grass 1806,AG1806,NonWoody,Graminoid,Annual,,,Graminoid
AG1807,Annual grass 1807,AG1807,NonWoody,Graminoid,Annual,,,Graminoid
AG1810,Annual grass 1810,AG1810,NonWoody,Graminoid,Annual,,,Graminoid
AG1812,Annual grass 1812,AG1812,NonWoody,Graminoid,Annual,,,Graminoid
AG2003,Annual grass 2003,AG2003,NonWoody,Graminoid,Annual,,,Graminoid
AG21001,Annual grass 21001,AG21001,NonWoody,Graminoid,Annual,,,Graminoid
AG303,Annual grass 303,AG303,NonWoody,Graminoid,Annual,,,Graminoid
AG306,Annual grass 306,AG306,NonWoody,Graminoid,Annual,,,Graminoid
AG3102,Annual grass 3102,AG3102,NonWoody,Graminoid,Annual,,,Graminoid
AG402,Annual grass 402,AG402,NonWoody,Graminoid,Annual,,,Graminoid
AG605,Annual grass 605,AG605,NonWoody,Graminoid,Annual,,,Graminoid
AG606,Annual grass 606,AG606,NonWoody,Graminoid,Annual,,,Graminoid
AG666,Annual grass 666,AG666,NonWoody,Graminoid,Annual,,,Graminoid
AG67000,Annual grass 67000,AG67000,NonWoody,Graminoid,Annual,,,Graminoid
AG93003,Annual grass 93003,AG93003,NonWoody,Graminoid,Annual,,,Graminoid
AGCR2,Agrostis cryptandra,SPCR,NonWoody,Graminoid,Perennial,NATIVE,,Graminoid
AGCR4,Agathosma crenulata,AGCR4,Woody,Shrub,Perennial,,,Shrub
AGLOP,Agave lophantha var. poselgeri,AGLE,Woody,Succulent,Perennial,NATIVE,,Shrub
AL,,Drop,,,,,,
ALAS2,Allium ascalonicum,ALAS2,,,,,,
ALST2,Alyssum strigosum,ALST2,NonWoody,Forb,Annual,EXOTIC,INVASIVE,Forb
AM,,Drop,,,,,,
ARFO5,Arabis formosa,ARPUP,NonWoody,Forb,Perennial,NATIVE,,Forb
ARPU16,Arenaria pungens,MINUN2,NonWoody,Forb,Perennial,NATIVE,,Forb
ARTRP2,Artemisia tridentata ssp. Parishii,ARTRP2,Woody,Shrub,Perennial,NATIVE,,Shrub
ARTRP4,Artemisia tridentata ssp. Vaseyana,ARTRV,Woody,Shrub,Perennial,NATIVE,,Shrub
ASAR4,Astragalus argophyllus,ASAR4,NonWoody,Forb,Perennial,NATIVE,,Forb
ASSC7,Astragalus scopulorum,ASSC7,NonWoody,Forb,Perennial,NATIVE,,Forb
ASTERAAF,Aster annual forb,ASTERAAF,NonWoody,Forb,Annual,,,Forb
BAHI2,Balsamorhiza hispidula,BAHOH2,NonWoody,Forb,Perennial,NATIVE,,Forb
BAPE,Bahia pedata,BAPE,NonWoody,Forb,Annual,NATIVE,,Forb
BOEGLA7,Boechera or Boerhavia species (?),BOEGLA7,NonWoody,Forb,,,,Forb
BR,Bedrock,Drop,,,,,,
BRASS3,Brassavola,BRASS3,NonWoody,Forb,Perennial,,,Forb
BRASSIAF,Brassica (annual forb),BRASSIAF,NonWoody,Forb,Annual,EXOTIC,,Forb
BRCA3,Brickellia californica,BRCA3,Woody,Shrub,Perennial,NATIVE,,Shrub
BRCR4,Brassica cretica,BRCR4,NonWoody,Forb,,EXOTIC,,Forb
BRMAR,Bromus madritensis ssp. Rubens,BRRU2,NonWoody,Graminoid,Annual,EXOTIC,INVASIVE,Graminoid
BRTE2,Bromus texensis,BRTE2,NonWoody,Graminoid,Annual,NATIVE,,Graminoid
BUOC,Buellia ocellata (lichen),Drop,,,,,,
BY,Boulder,Drop,,,,,,
CB,Cobble,Drop,,,,,,
CEMA19,Centaurium maryannum,CEMA19,NonWoody,Forb,Annual,NATIVE,,Forb
CHRYS16,Chrysothemis,CHRYS16,NonWoody,Forb,Perennial,,,Forb
CHVI10,Chrysopsis villosa,HEVIV,NonWoody,Forb,Perennial,NATIVE,,Forb
CM,,Drop,,,,,,
CRFL2,Crataegus flava,CRFL2,Woody,Shrub,Perennial,NATIVE,,Shrub
CULLE,Cullen,CULLE,NonWoody,Forb,,EXOTIC,INVASIVE,Forb
CY,Cyanobacteria,Drop,,,,,,
CYFI,Cyperus filicinus,CYFI,NonWoody,Graminoid,,NATIVE,,Graminoid
CYLIN2,Cylindropuntia,CYLIN2,Woody,Shrub,Perennial,NATIVE,,Shrub
D,Duff,Drop,,,,,,
DEAD SHRUB,Dead shrub,Drop,,,,,,
DICO6,Digitaria cognata,DICO6,NonWoody,Graminoid,Perennial,NATIVE,,Graminoid
DN,,Drop,,,,,,
DS,,Drop,,,,,,
EL,Embeded litter,Drop,,,,,,
ELEL2,Eleocharis elongata,ELEL2,NonWoody,Graminoid,Perennial,NATIVE,,Graminoid
ELELLA,,ELELLA,,,,,,
ELJU,Elymus junceus,PSJU3,NonWoody,Graminoid,Perennial,EXOTIC,,Graminoid
ELLA,Eleocharis lanceolata,ELLA,NonWoody,Graminoid,Annual,NATIVE,,Graminoid
ELTR3,Elymus triticoides,LETR5,NonWoody,Graminoid,Perennial,NATIVE,,Graminoid
ERAL17,Erigeron alpiniformis,ERAL17,NonWoody,Forb,Perennial,NATIVE,,Forb
ERCO7,Eriocaulon compressum,ERCO7,NonWoody,Forb,Perennial,NATIVE,,Forb
ERCOC14,Ericameria cooperi var. cooperi,ERCO23,Woody,Shrub,Perennial,NATIVE,,Shrub
EREM2,,EREM2,,,,,,
ERKIU,Eremogone kingii ssp. uintahensis,ARKIU2,NonWoody,Forb,Perennial,NATIVE,,Forb
ERNAO,Ericameria nauseosa ssp. consimilis var. oreophila,ERNAO,Woody,Shrub,Perennial,NATIVE,,Shrub
ERPU,Erigeron pulchellus,ERPU,NonWoody,Forb,Perennial,NATIVE,,Forb
FG,,Drop,,,,,,
GIPI,Gilia pinnatifida,ALPI2,NonWoody,Forb,Annual,NATIVE,,Forb
GLSPM,Glossopetalon spinescens var. meionandrum,GLSPM,Woody,Shrub,Perennial,NATIVE,,Shrub
GR,Graminoid,GR,NonWoody,Graminoid,,,,Graminoid
GR005,Gramoid 005,GR005,NonWoody,Graminoid,,,,Graminoid
GR09,Gramoid 09,GR09,NonWoody,Graminoid,,,,Graminoid
HAAC,Haplopappus acaulis,STAC,NonWoody,Forb,Perennial,NATIVE,,Forb
HAAR2,Haplopappus armerioides,STARA,NonWoody,Forb,Perennial,NATIVE,,Forb
HEDYS,Hedysarum,HEDYS,NonWoody,Forb,Perennial,NATIVE,,Forb
HL,Herbaceous litter,Drop,,,,,,
HT,,Drop,,,,,,
IOAL2,Ionaspis alba (lichen),Drop,,,,,,
IPAGA2,Ipomopsis aggregata ssp. Attenuata,IPAGA2,NonWoody,Forb,Perennial,NATIVE,,Forb
JUBE2,Justicia betonica,JUBE2,NonWoody,Forb,Perennial,,,Forb
JUHA2,Juncus haenkei,JUHA2,NonWoody,Graminoid,Perennial,NATIVE,,Graminoid
KOCR,Koeleria cristata,KOMA,NonWoody,Graminoid,Perennial,NATIVE,,Graminoid
L,,Drop,,,,,,
LC,Lichen,Drop,,,,,,
LECI2,Lesquerella cinerea,LECI2,NonWoody,Forb,Perennial,NATIVE,,Forb
LEDEB2,Lepidium densiflorum var. bourgeauanum,LERAB2,NonWoody,Forb,Perennial,NATIVE,,Forb
LEGO,Lesquerella gordonii,LEGO,NonWoody,Forb,Annual,NATIVE,,Forb
LEPA48,Lesquerella palmeri,LEPA48,,Forb,,,,Forb
LEPI2,Lepidium pinnatisectum,LEPI2,NonWoody,Forb,Annual,NATIVE,,Forb
LEPcfMON,,LEPcfMON,,,,,,
LEWA,Leptodactylon watsonii,LIWA4,NonWoody,Forb,Perennial,NATIVE,,Forb
LIPR,Linum pratense,LIPR,NonWoody,Forb,Annual,NATIVE,,Forb
LM,,Drop,,,,,,
LOAM2,Lomariopsis amydrophlebia,LOAM2,NonWoody,Forb,Perennial,NATIVE,,Forb
LUCAA,Lupinus caudatus ssp. argophyllus,LUCAA,NonWoody,Forb,Perennial,NATIVE,,Forb
M,Moss,Drop,,,,,,
MACAA2,Machaeranthera canescens ssp. glabra var. aristata,MACAA2,NonWoody,Forb,Annual,NATIVE,,Forb
MASU,Madia subspicata,MASU,NonWoody,Forb,Annual,NATIVE,,Forb
MEAR4,Mentha arvensis,MEAR4,NonWoody,Forb,Perennial,NATIVE,,Forb
MELIL,Melilotus,MELIL,NonWoody,Forb,,EXOTIC,INVASIVE,Forb
MINAN,Mimulus nanus ssp. nanus,MINAN2,NonWoody,Forb,Annual,NATIVE,,Forb
MYOD,Myrrhis odorata,MYOD,NonWoody,Forb,Perennial,EXOTIC,INVASIVE,Forb
NAPR,Navarretia prolifera,NAPR,NonWoody,Forb,Annual,NATIVE,,Forb
NIQU,Nicotiana quadrivalvis,NIQU,NonWoody,Forb,Annual,NATIVE,,Forb
NL,,Drop,,,,,,
NT,,Drop,,,,,,
None,,Drop,,,,,,
OM,,Drop,,,,,,
OPIM,Opuntia imbricata,CYIMI,Woody,Shrub,Perennial,NATIVE,,Shrub
OPLE,Opuntia leptocaulis,CYLE8,Woody,Succulent,Perennial,NATIVE,,Shrub
OPPU2,Opuntia pusilla,OPPU2,Woody,Succulent,Perennial,NATIVE,,Shrub
ORHY,Oryzopsis hymenoides,ACHY,NonWoody,Graminoid,Perennial,NATIVE,,Graminoid
OTHER,,OTHER,,,,,,
PC,,Drop,,,,,,
PETRA,Petradoria,PETRA,NonWoody,Forb,Perennial,NATIVE,,Forb
PF00,Perennial forb 00,PF00,NonWoody,Forb,Perennial,,,Forb
PF000,Perennial forb 000,PF000,NonWoody,Forb,Perennial,,,Forb
PF00000,Perennial forb 00000,PF00000,NonWoody,Forb,Perennial,,,Forb
PF01,Perennial forb 01,PF01,NonWoody,Forb,Perennial,,,Forb
PF01000,Perennial forb 01000,PF01000,NonWoody,Forb,Perennial,,,Forb
PF01001,Perennial forb 01001,PF01001,NonWoody,Forb,Perennial,,,Forb
PF01003,Perennial forb 01003,PF01003,NonWoody,Forb,Perennial,,,Forb
PF01006,Perennial forb 01006,PF01006,NonWoody,Forb,Perennial,,,Forb
PF01009,Perennial forb 01009,PF01009,NonWoody,Forb,Perennial,,,Forb
PF01011,Perennial forb 01011,PF01011,NonWoody,Forb,Perennial,,,Forb
PF01023,Perennial forb 01023,PF01023,NonWoody,Forb,Perennial,,,Forb
PF01030,Perennial forb 01030,PF01030,NonWoody,Forb,Perennial,,,Forb
PF01036,Perennial forb 01036,PF01036,NonWoody,Forb,Perennial,,,Forb
PF01050,Perennial forb 01050,PF01050,NonWoody,Forb,Perennial,,,Forb
PF01064,Perennial forb 01064,PF01064,NonWoody,Forb,Perennial,,,Forb
PF01074,Perennial forb 01074,PF01074,NonWoody,Forb,Perennial,,,Forb
PF01075,Perennial forb 01075,PF01075,NonWoody,Forb,Perennial,,,Forb
PF01077,Perennial forb 01077,PF01077,NonWoody,Forb,Perennial,,,Forb
PF01083,Perennial forb 01083,PF01083,NonWoody,Forb,Perennial,,,Forb
PF01086,Perennial forb 01086,PF01086,NonWoody,Forb,Perennial,,,Forb
PF01090,Perennial forb 01090,PF01090,NonWoody,Forb,Perennial,,,Forb
PF01091,Perennial forb 01091,PF01091,NonWoody,Forb,Perennial,,,Forb
PF01096,Perennial forb 01096,PF01096,NonWoody,Forb,Perennial,,,Forb
PF01103,Perennial forb 01103,PF01103,NonWoody,Forb,Perennial,,,Forb
PF01127,Perennial forb 01127,PF01127,NonWoody,Forb,Perennial,,,Forb
PF02,Perennial forb 02,PF02,NonWoody,Forb,Perennial,,,Forb
PF02000,Perennial forb 02000,PF02000,NonWoody,Forb,Perennial,,,Forb
PF02001,Perennial forb 02001,PF02001,NonWoody,Forb,Perennial,,,Forb
PF02002,Perennial forb 02002,PF02002,NonWoody,Forb,Perennial,,,Forb
PF02004,Perennial forb 02004,PF02004,NonWoody,Forb,Perennial,,,Forb
PF02005,Perennial forb 02005,PF02005,NonWoody,Forb,Perennial,,,Forb
PF02007,Perennial forb 02007,PF02007,NonWoody,Forb,Perennial,,,Forb
PF02011,Perennial forb 02011,PF02011,NonWoody,Forb,Perennial,,,Forb
PF02018,Perennial forb 02018,PF02018,NonWoody,Forb,Perennial,,,Forb
PF02019,Perennial forb 02019,PF02019,NonWoody,Forb,Perennial,,,Forb
PF02023,Perennial forb 02023,PF02023,NonWoody,Forb,Perennial,,,Forb
PF02026,Perennial forb 02026,PF02026,NonWoody,Forb,Perennial,,,Forb
PF02036,Perennial forb 02036,PF02036,NonWoody,Forb,Perennial,,,Forb
PF02047,Perennial forb 02047,PF02047,NonWoody,Forb,Perennial,,,Forb
PF02068,Perennial forb 02068,PF02068,NonWoody,Forb,Perennial,,,Forb
PF02069,Perennial forb 02069,PF02069,NonWoody,Forb,Perennial,,,Forb
PF02077,Perennial forb 02077,PF02077,NonWoody,Forb,Perennial,,,Forb
PF02084,Perennial forb 02084,PF02084,NonWoody,Forb,Perennial,,,Forb
PF02163,Perennial forb 02163,PF02163,NonWoody,Forb,Perennial,,,Forb
PF02532,Perennial forb 02532,PF02532,NonWoody,Forb,Perennial,,,Forb
PF02609,Perennial forb 02609,PF02609,NonWoody,Forb,Perennial,,,Forb
PF02610,Perennial forb 02610,PF02610,NonWoody,Forb,Perennial,,,Forb
PF02804,Perennial forb 02804,PF02804,NonWoody,Forb,Perennial,,,Forb
PF02805,Perennial forb 02805,PF02805,NonWoody,Forb,Perennial,,,Forb
PF02806,Perennial forb 02806,PF02806,NonWoody,Forb,Perennial,,,Forb
PF02807,Perennial forb 02807,PF02807,NonWoody,Forb,Perennial,,,Forb
PF03,Perennial forb 03,PF03,NonWoody,Forb,Perennial,,,Forb
PF03000,Perennial forb 03000,PF03000,NonWoody,Forb,Perennial,,,Forb
PF03004,Perennial forb 03004,PF03004,NonWoody,Forb,Perennial,,,Forb
PF03006,Perennial forb 03006,PF03006,NonWoody,Forb,Perennial,,,Forb
PF03009,Perennial forb 03009,PF03009,NonWoody,Forb,Perennial,,,Forb
PF03011,Perennial forb 03011,PF03011,NonWoody,Forb,Perennial,,,Forb
PF03013,Perennial forb 03013,PF03013,NonWoody,Forb,Perennial,,,Forb
PF03028,Perennial forb 03028,PF03028,NonWoody,Forb,Perennial,,,Forb
PF03064,Perennial forb 03064,PF03064,NonWoody,Forb,Perennial,,,Forb
PF03071,Perennial forb 03071,PF03071,NonWoody,Forb,Perennial,,,Forb
PF03079,Perennial forb 03079,PF03079,NonWoody,Forb,Perennial,,,Forb
PF03117,Perennial forb 03117,PF03117,NonWoody,Forb,Perennial,,,Forb
PF03118,Perennial forb 03118,PF03118,NonWoody,Forb,Perennial,,,Forb
PF03201,Perennial forb 03201,PF03201,NonWoody,Forb,Perennial,,,Forb
PF04,Perennial forb 04,PF04,NonWoody,Forb,Perennial,,,Forb
PF04000,Perennial forb 04000,PF04000,NonWoody,Forb,Perennial,,,Forb
PF04001,Perennial forb 04001,PF04001,NonWoody,Forb,Perennial,,,Forb
PF04004,Perennial forb 04004,PF04004,NonWoody,Forb,Perennial,,,Forb
PF04008,Perennial forb 04008,PF04008,NonWoody,Forb,Perennial,,,Forb
PF04015,Perennial forb 04015,PF04015,NonWoody,Forb,Perennial,,,Forb
PF04016,Perennial forb 04016,PF04016,NonWoody,Forb,Perennial,,,Forb
PF04020,Perennial forb 04020,PF04020,NonWoody,Forb,Perennial,,,Forb
PF04022,Perennial forb 04022,PF04022,NonWoody,Forb,Perennial,,,Forb
PF04023,Perennial forb 04023,PF04023,NonWoody,Forb,Perennial,,,Forb
PF04024,Perennial forb 04024,PF04024,NonWoody,Forb,Perennial,,,Forb
PF04025,Perennial forb 04025,PF04025,NonWoody,Forb,Perennial,,,Forb
PF04033,Perennial forb 04033,PF04033,NonWoody,Forb,Perennial,,,Forb
PF04045,Perennial forb 04045,PF04045,NonWoody,Forb,Perennial,,,Forb
PF04047,Perennial forb 04047,PF04047,NonWoody,Forb,Perennial,,,Forb
PF04072,Perennial forb 04072,PF04072,NonWoody,Forb,Perennial,,,Forb
PF04079,Perennial forb 04079,PF04079,NonWoody,Forb,Perennial,,,Forb
PF04080,Perennial forb 04080,PF04080,NonWoody,Forb,Perennial,,,Forb
PF04085,Perennial forb 04085,PF04085,NonWoody,Forb,Perennial,,,Forb
PF04086,Perennial forb 04086,PF04086,NonWoody,Forb,Perennial,,,Forb
PF04096,Perennial forb 04096,PF04096,NonWoody,Forb,Perennial,,,Forb
PF04098,Perennial forb 04098,PF04098,NonWoody,Forb,Perennial,,,Forb
PF04102,Perennial forb 04102,PF04102,NonWoody,Forb,Perennial,,,Forb
PF04104,Perennial forb 04104,PF04104,NonWoody,Forb,Perennial,,,Forb
PF04105,Perennial forb 04105,PF04105,NonWoody,Forb,Perennial,,,Forb
PF04110,Perennial forb 04110,PF04110,NonWoody,Forb,Perennial,,,Forb
PF04276,Perennial forb 04276,PF04276,NonWoody,Forb,Perennial,,,Forb
PF04300,Perennial forb 04300,PF04300,NonWoody,Forb,Perennial,,,Forb
PF04301,Perennial forb 04301,PF04301,NonWoody,Forb,Perennial,,,Forb
PF04302,Perennial forb 04302,PF04302,NonWoody,Forb,Perennial,,,Forb
PF05,Perennial forb 05,PF05,NonWoody,Forb,Perennial,,,Forb
PF05000,Perennial forb 05000,PF05000,NonWoody,Forb,Perennial,,,Forb
PF05001,Perennial forb 05001,PF05001,NonWoody,Forb,Perennial,,,Forb
PF05003,Perennial forb 05003,PF05003,NonWoody,Forb,Perennial,,,Forb
PF05005,Perennial forb 05005,PF05005,NonWoody,Forb,Perennial,,,Forb
PF05007,Perennial forb 05007,PF05007,NonWoody,Forb,Perennial,,,Forb
PF05010,Perennial forb 05010,PF05010,NonWoody,Forb,Perennial,,,Forb
PF05011,Perennial forb 05011,PF05011,NonWoody,Forb,Perennial,,,Forb
PF05013,Perennial forb 05013,PF05013,NonWoody,Forb,Perennial,,,Forb
PF05018,Perennial forb 05018,PF05018,NonWoody,Forb,Perennial,,,Forb
PF05025,Perennial forb 05025,PF05025,NonWoody,Forb,Perennial,,,Forb
PF05027,Perennial forb 05027,PF05027,NonWoody,Forb,Perennial,,,Forb
PF05030,Perennial forb 05030,PF05030,NonWoody,Forb,Perennial,,,Forb
PF05031,Perennial forb 05031,PF05031,NonWoody,Forb,Perennial,,,Forb
PF05036,Perennial forb 05036,PF05036,NonWoody,Forb,Perennial,,,Forb
PF05037,Perennial forb 05037,PF05037,NonWoody,Forb,Perennial,,,Forb
PF05038,Perennial forb 05038,PF05038,NonWoody,Forb,Perennial,,,Forb
PF05039,Perennial forb 05039,PF05039,NonWoody,Forb,Perennial,,,Forb
PF05041,Perennial forb 05041,PF05041,NonWoody,Forb,Perennial,,,Forb
PF05043,Perennial forb 05043,PF05043,NonWoody,Forb,Perennial,,,Forb
PF05045,Perennial forb 05045,PF05045,NonWoody,Forb,Perennial,,,Forb
PF05054,Perennial forb 05054,PF05054,NonWoody,Forb,Perennial,,,Forb
PF05055,Perennial forb 05055,PF05055,NonWoody,Forb,Perennial,,,Forb
PF05057,Perennial forb 05057,PF05057,NonWoody,Forb,Perennial,,,Forb
PF05058,Perennial forb 05058,PF05058,NonWoody,Forb,Perennial,,,Forb
PF05069,Perennial forb 05069,PF05069,NonWoody,Forb,Perennial,,,Forb
PF05070,Perennial forb 05070,PF05070,NonWoody,Forb,Perennial,,,Forb
PF05074,Perennial forb 05074,PF05074,NonWoody,Forb,Perennial,,,Forb
PF05078,Perennial forb 05078,PF05078,NonWoody,Forb,Perennial,,,Forb
PF05082,Perennial forb 05082,PF05082,NonWoody,Forb,Perennial,,,Forb
PF05083,Perennial forb 05083,PF05083,NonWoody,Forb,Perennial,,,Forb
PF05089,Perennial forb 05089,PF05089,NonWoody,Forb,Perennial,,,Forb
PF06,Perennial forb 06,PF06,NonWoody,Forb,Perennial,,,Forb
PF06000,Perennial forb 06000,PF06000,NonWoody,Forb,Perennial,,,Forb
PF06001,Perennial forb 06001,PF06001,NonWoody,Forb,Perennial,,,Forb
PF06002,Perennial forb 06002,PF06002,NonWoody,Forb,Perennial,,,Forb
PF06003,Perennial forb 06003,PF06003,NonWoody,Forb,Perennial,,,Forb
PF06005,Perennial forb 06005,PF06005,NonWoody,Forb,Perennial,,,Forb
PF06007,Perennial forb 06007,PF06007,NonWoody,Forb,Perennial,,,Forb
PF06008,Perennial forb 06008,PF06008,NonWoody,Forb,Perennial,,,Forb
PF06061,Perennial forb 06061,PF06061,NonWoody,Forb,Perennial,,,Forb
PF06062,Perennial forb 06062,PF06062,NonWoody,Forb,Perennial,,,Forb
PF06102,Perennial forb 06102,PF06102,NonWoody,Forb,Perennial,,,Forb
PF06103,Perennial forb 06103,PF06103,NonWoody,Forb,Perennial,,,Forb
PF06425,Perennial forb 06425,PF06425,NonWoody,Forb,Perennial,,,Forb
PF069,Perennial forb 069,PF069,NonWoody,Forb,Perennial,,,Forb
PF07,Perennial forb 07,PF07,NonWoody,Forb,Perennial,,,Forb
PF07000,Perennial forb 07000,PF07000,NonWoody,Forb,Perennial,,,Forb
PF07001,Perennial forb 07001,PF07001,NonWoody,Forb,Perennial,,,Forb
PF07003,Perennial forb 07003,PF07003,NonWoody,Forb,Perennial,,,Forb
PF07005,Perennial forb 07005,PF07005,NonWoody,Forb,Perennial,,,Forb
PF07008,Perennial forb 07008,PF07008,NonWoody,Forb,Perennial,,,Forb
PF07009,Perennial forb 07009,PF07009,NonWoody,Forb,Perennial,,,Forb
PF07010,Perennial forb 07010,PF07010,NonWoody,Forb,Perennial,,,Forb
PF07018,Perennial forb 07018,PF07018,NonWoody,Forb,Perennial,,,Forb
PF07019,Perennial forb 07019,PF07019,NonWoody,Forb,Perennial,,,Forb
PF07020,Perennial forb 07020,PF07020,NonWoody,Forb,Perennial,,,Forb
PF07023,Perennial forb 07023,PF07023,NonWoody,Forb,Perennial,,,Forb
PF07025,Perennial forb 07025,PF07025,NonWoody,Forb,Perennial,,,Forb
PF07026,Perennial forb 07026,PF07026,NonWoody,Forb,Perennial,,,Forb
PF07028,Perennial forb 07028,PF07028,NonWoody,Forb,Perennial,,,Forb
PF07035,Perennial forb 07035,PF07035,NonWoody,Forb,Perennial,,,Forb
PF07036,Perennial forb 07036,PF07036,NonWoody,Forb,Perennial,,,Forb
PF07064,Perennial forb 07064,PF07064,NonWoody,Forb,Perennial,,,Forb
PF07139,Perennial forb 07139,PF07139,NonWoody,Forb,Perennial,,,Forb
PF07140,Perennial forb 07140,PF07140,NonWoody,Forb,Perennial,,,Forb
PF07141,Perennial forb 07141,PF07141,NonWoody,Forb,Perennial,,,Forb
PF07142,Perennial forb 07142,PF07142,NonWoody,Forb,Perennial,,,Forb
PF07159,Perennial forb 07159,PF07159,NonWoody,Forb,Perennial,,,Forb
PF07178,Perennial forb 07178,PF07178,NonWoody,Forb,Perennial,,,Forb
PF08,Perennial forb 08,PF08,NonWoody,Forb,Perennial,,,Forb
PF08000,Perennial forb 08000,PF08000,NonWoody,Forb,Perennial,,,Forb
PF08001,Perennial forb 08001,PF08001,NonWoody,Forb,Perennial,,,Forb
PF08002,Perennial forb 08002,PF08002,NonWoody,Forb,Perennial,,,Forb
PF08004,Perennial forb 08004,PF08004,NonWoody,Forb,Perennial,,,Forb
PF08007,Perennial forb 08007,PF08007,NonWoody,Forb,Perennial,,,Forb
PF08008,Perennial forb 08008,PF08008,NonWoody,Forb,Perennial,,,Forb
PF08033,Perennial forb 08033,PF08033,NonWoody,Forb,Perennial,,,Forb
PF08041,Perennial forb 08041,PF08041,NonWoody,Forb,Perennial,,,Forb
PF08080,Perennial forb 08080,PF08080,NonWoody,Forb,Perennial,,,Forb
PF08100,Perennial forb 08100,PF08100,NonWoody,Forb,Perennial,,,Forb
PF09,Perennial forb 09,PF09,NonWoody,Forb,Perennial,,,Forb
PF09000,Perennial forb 09000,PF09000,NonWoody,Forb,Perennial,,,Forb
PF09001,Perennial forb 09001,PF09001,NonWoody,Forb,Perennial,,,Forb
PF09003,Perennial forb 09003,PF09003,NonWoody,Forb,Perennial,,,Forb
PF09004,Perennial forb 09004,PF09004,NonWoody,Forb,Perennial,,,Forb
PF09005,Perennial forb 09005,PF09005,NonWoody,Forb,Perennial,,,Forb
PF09006,Perennial forb 09006,PF09006,NonWoody,Forb,Perennial,,,Forb
PF09010,Perennial forb 09010,PF09010,NonWoody,Forb,Perennial,,,Forb
PF09014,Perennial forb 09014,PF09014,NonWoody,Forb,Perennial,,,Forb
PF09020,Perennial forb 09020,PF09020,NonWoody,Forb,Perennial,,,Forb
PF09021,Perennial forb 09021,PF09021,NonWoody,Forb,Perennial,,,Forb
PF09023,Perennial forb 09023,PF09023,NonWoody,Forb,Perennial,,,Forb
PF09034,Perennial forb 09034,PF09034,NonWoody,Forb,Perennial,,,Forb
PF09038,Perennial forb 09038,PF09038,NonWoody,Forb,Perennial,,,Forb
PF09049,Perennial forb 09049,PF09049,NonWoody,Forb,Perennial,,,Forb
PF09085,Perennial forb 09085,PF09085,NonWoody,Forb,Perennial,,,Forb
PF09086,Perennial forb 09086,PF09086,NonWoody,Forb,Perennial,,,Forb
PF09087,Perennial forb 09087,PF09087,NonWoody,Forb,Perennial,,,Forb
PF09096,Perennial forb 09096,PF09096,NonWoody,Forb,Perennial,,,Forb
PF09103,Perennial forb 09103,PF09103,NonWoody,Forb,Perennial,,,Forb
PF09104,Perennial forb 09104,PF09104,NonWoody,Forb,Perennial,,,Forb
PF09117,Perennial forb 09117,PF09117,NonWoody,Forb,Perennial,,,Forb
PF09119,Perennial forb 09119,PF09119,NonWoody,Forb,Perennial,,,Forb
PF09142,Perennial forb 09142,PF09142,NonWoody,Forb,Perennial,,,Forb
PF09160,Perennial forb 09160,PF09160,NonWoody,Forb,Perennial,,,Forb
PF10,Perennial forb 10,PF10,NonWoody,Forb,Perennial,,,Forb
PF10000,Perennial forb 10000,PF10000,NonWoody,Forb,Perennial,,,Forb
PF10003,Perennial forb 10003,PF10003,NonWoody,Forb,Perennial,,,Forb
PF10004,Perennial forb 10004,PF10004,NonWoody,Forb,Perennial,,,Forb
PF10008,Perennial forb 10008,PF10008,NonWoody,Forb,Perennial,,,Forb
PF10009,Perennial forb 10009,PF10009,NonWoody,Forb,Perennial,,,Forb
PF1001,Perennial forb 1001,PF1001,NonWoody,Forb,Perennial,,,Forb
PF1006,Perennial forb 1006,PF1006,NonWoody,Forb,Perennial,,,Forb
PF10096,Perennial forb 10096,PF10096,NonWoody,Forb,Perennial,,,Forb
PF1012,Perennial forb 1012,PF1012,NonWoody,Forb,Perennial,,,Forb
PF1015,Perennial forb 1015,PF1015,NonWoody,Forb,Perennial,,,Forb
PF102,Perennial forb 102,PF102,NonWoody,Forb,Perennial,,,Forb
PF1029,Perennial forb 1029,PF1029,NonWoody,Forb,Perennial,,,Forb
PF103,Perennial forb 103,PF103,NonWoody,Forb,Perennial,,,Forb
PF1044,Perennial forb 1044,PF1044,NonWoody,Forb,Perennial,,,Forb
PF10444,Perennial forb 10444,PF10444,NonWoody,Forb,Perennial,,,Forb
PF105,Perennial forb 105,PF105,NonWoody,Forb,Perennial,,,Forb
PF1054,Perennial forb 1054,PF1054,NonWoody,Forb,Perennial,,,Forb
PF108,Perennial forb 108,PF108,NonWoody,Forb,Perennial,,,Forb
PF11,Perennial forb 11,PF11,NonWoody,Forb,Perennial,,,Forb
PF11000,Perennial forb 11000,PF11000,NonWoody,Forb,Perennial,,,Forb
PF11014,Perennial forb 11014,PF11014,NonWoody,Forb,Perennial,,,Forb
PF11055,Perennial forb 11055,PF11055,NonWoody,Forb,Perennial,,,Forb
PF11062,Perennial forb 11062,PF11062,NonWoody,Forb,Perennial,,,Forb
PF11088,Perennial forb 11088,PF11088,NonWoody,Forb,Perennial,,,Forb
PF11108,Perennial forb 11108,PF11108,NonWoody,Forb,Perennial,,,Forb
PF11139,Perennial forb 11139,PF11139,NonWoody,Forb,Perennial,,,Forb
PF11140,Perennial forb 11140,PF11140,NonWoody,Forb,Perennial,,,Forb
PF112,Perennial forb 112,PF112,NonWoody,Forb,Perennial,,,Forb
PF113,Perennial forb 113,PF113,NonWoody,Forb,Perennial,,,Forb
PF114,Perennial forb 114,PF114,NonWoody,Forb,Perennial,,,Forb
PF12,Perennial forb 12,PF12,NonWoody,Forb,Perennial,,,Forb
PF12000,Perennial forb 12000,PF12000,NonWoody,Forb,Perennial,,,Forb
PF12005,Perennial forb 12005,PF12005,NonWoody,Forb,Perennial,,,Forb
PF12006,Perennial forb 12006,PF12006,NonWoody,Forb,Perennial,,,Forb
PF12010,Perennial forb 12010,PF12010,NonWoody,Forb,Perennial,,,Forb
PF12012,Perennial forb 12012,PF12012,NonWoody,Forb,Perennial,,,Forb
PF12013,Perennial forb 12013,PF12013,NonWoody,Forb,Perennial,,,Forb
PF12020,Perennial forb 12020,PF12020,NonWoody,Forb,Perennial,,,Forb
PF12021,Perennial forb 12021,PF12021,NonWoody,Forb,Perennial,,,Forb
PF12022,Perennial forb 12022,PF12022,NonWoody,Forb,Perennial,,,Forb
PF12024,Perennial forb 12024,PF12024,NonWoody,Forb,Perennial,,,Forb
PF12026,Perennial forb 12026,PF12026,NonWoody,Forb,Perennial,,,Forb
PF12027,Perennial forb 12027,PF12027,NonWoody,Forb,Perennial,,,Forb
PF12029,Perennial forb 12029,PF12029,NonWoody,Forb,Perennial,,,Forb
PF12030,Perennial forb 12030,PF12030,NonWoody,Forb,Perennial,,,Forb
PF12031,Perennial forb 12031,PF12031,NonWoody,Forb,Perennial,,,Forb
PF12032,Perennial forb 12032,PF12032,NonWoody,Forb,Perennial,,,Forb
PF12035,Perennial forb 12035,PF12035,NonWoody,Forb,Perennial,,,Forb
PF12036,Perennial forb 12036,PF12036,NonWoody,Forb,Perennial,,,Forb
PF12101,Perennial forb 12101,PF12101,NonWoody,Forb,Perennial,,,Forb
PF125,Perennial forb 125,PF125,NonWoody,Forb,Perennial,,,Forb
PF13,Perennial forb 13,PF13,NonWoody,Forb,Perennial,,,Forb
PF13000,Perennial forb 13000,PF13000,NonWoody,Forb,Perennial,,,Forb
PF13002,Perennial forb 13002,PF13002,NonWoody,Forb,Perennial,,,Forb
PF13006,Perennial forb 13006,PF13006,NonWoody,Forb,Perennial,,,Forb
PF13011,Perennial forb 13011,PF13011,NonWoody,Forb,Perennial,,,Forb
PF140,Perennial forb 140,PF140,NonWoody,Forb,Perennial,,,Forb
PF14000,Perennial forb 14000,PF14000,NonWoody,Forb,Perennial,,,Forb
PF14002,Perennial forb 14002,PF14002,NonWoody,Forb,Perennial,,,Forb
PF14003,Perennial forb 14003,PF14003,NonWoody,Forb,Perennial,,,Forb
PF14004,Perennial forb 14004,PF14004,NonWoody,Forb,Perennial,,,Forb
PF14028,Perennial forb 14028,PF14028,NonWoody,Forb,Perennial,,,Forb
PF14030,Perennial forb 14030,PF14030,NonWoody,Forb,Perennial,,,Forb
PF14036,Perennial forb 14036,PF14036,NonWoody,Forb,Perennial,,,Forb
PF14071,Perennial forb 14071,PF14071,NonWoody,Forb,Perennial,,,Forb
PF1416,Perennial forb 1416,PF1416,NonWoody,Forb,Perennial,,,Forb
PF144,Perennial forb 144,PF144,NonWoody,Forb,Perennial,,,Forb
PF145,Perennial forb 145,PF145,NonWoody,Forb,Perennial,,,Forb
PF149,Perennial forb 149,PF149,NonWoody,Forb,Perennial,,,Forb
PF15,Perennial forb 15,PF15,NonWoody,Forb,Perennial,,,Forb
PF15000,Perennial forb 15000,PF15000,NonWoody,Forb,Perennial,,,Forb
PF15005,Perennial forb 15005,PF15005,NonWoody,Forb,Perennial,,,Forb
PF15017,Perennial forb 15017,PF15017,NonWoody,Forb,Perennial,,,Forb
PF15018,Perennial forb 15018,PF15018,NonWoody,Forb,Perennial,,,Forb
PF15025,Perennial forb 15025,PF15025,NonWoody,Forb,Perennial,,,Forb
PF16,Perennial forb 16,PF16,NonWoody,Forb,Perennial,,,Forb
PF160,Perennial forb 160,PF160,NonWoody,Forb,Perennial,,,Forb
PF16000,Perennial forb 16000,PF16000,NonWoody,Forb,Perennial,,,Forb
PF1615,Perennial forb 1615,PF1615,NonWoody,Forb,Perennial,,,Forb
PF17,Perennial forb 17,PF17,NonWoody,Forb,Perennial,,,Forb
PF17070,Perennial forb 17070,PF17070,NonWoody,Forb,Perennial,,,Forb
PF18,Perennial forb 18,PF18,NonWoody,Forb,Perennial,,,Forb
PF18000,Perennial forb 18000,PF18000,NonWoody,Forb,Perennial,,,Forb
PF18013,Perennial forb 18013,PF18013,NonWoody,Forb,Perennial,,,Forb
PF1806,Perennial forb 1806,PF1806,NonWoody,Forb,Perennial,,,Forb
PF1818,Perennial forb 1818,PF1818,NonWoody,Forb,Perennial,,,Forb
PF182,Perennial forb 182,PF182,NonWoody,Forb,Perennial,,,Forb
PF1820,Perennial forb 1820,PF1820,NonWoody,Forb,Perennial,,,Forb
PF1821,Perennial forb 1821,PF1821,NonWoody,Forb,Perennial,,,Forb
PF1828,Perennial forb 1828,PF1828,NonWoody,Forb,Perennial,,,Forb
PF1842,Perennial forb 1842,PF1842,NonWoody,Forb,Perennial,,,Forb
PF188,Perennial forb 188,PF188,NonWoody,Forb,Perennial,,,Forb
PF191,Perennial forb 191,PF191,NonWoody,Forb,Perennial,,,Forb
PF192,Perennial forb 192,PF192,NonWoody,Forb,Perennial,,,Forb
PF20,Perennial forb 20,PF20,NonWoody,Forb,Perennial,,,Forb
PF200,Perennial forb 200,PF200,NonWoody,Forb,Perennial,,,Forb
PF2001,Perennial forb 2001,PF2001,NonWoody,Forb,Perennial,,,Forb
PF2003,Perennial forb 2003,PF2003,NonWoody,Forb,Perennial,,,Forb
PF2005,Perennial forb 2005,PF2005,NonWoody,Forb,Perennial,,,Forb
PF2023,Perennial forb 2023,PF2023,NonWoody,Forb,Perennial,,,Forb
PF2024,Perennial forb 2024,PF2024,NonWoody,Forb,Perennial,,,Forb
PF2038,Perennial forb 2038,PF2038,NonWoody,Forb,Perennial,,,Forb
PF206,Perennial forb 206,PF206,NonWoody,Forb,Perennial,,,Forb
PF21,Perennial forb 21,PF21,NonWoody,Forb,Perennial,,,Forb
PF210,Perennial forb 210,PF210,NonWoody,Forb,Perennial,,,Forb
PF21019,Perennial forb 21019,PF21019,NonWoody,Forb,Perennial,,,Forb
PF21046,Perennial forb 21046,PF21046,NonWoody,Forb,Perennial,,,Forb
PF211,Perennial forb 211,PF211,NonWoody,Forb,Perennial,,,Forb
PF212,Perennial forb 212,PF212,NonWoody,Forb,Perennial,,,Forb
PF218,Perennial forb 218,PF218,NonWoody,Forb,Perennial,,,Forb
PF22,Perennial forb 22,PF22,NonWoody,Forb,Perennial,,,Forb
PF227,Perennial forb 227,PF227,NonWoody,Forb,Perennial,,,Forb
PF23,Perennial forb 23,PF23,NonWoody,Forb,Perennial,,,Forb
PF23025,Perennial forb 23025,PF23025,NonWoody,Forb,Perennial,,,Forb
PF23027,Perennial forb 23027,PF23027,NonWoody,Forb,Perennial,,,Forb
PF23035,Perennial forb 23035,PF23035,NonWoody,Forb,Perennial,,,Forb
PF23053,Perennial forb 23053,PF23053,NonWoody,Forb,Perennial,,,Forb
PF23057,Perennial forb 23057,PF23057,NonWoody,Forb,Perennial,,,Forb
PF239,Perennial forb 239,PF239,NonWoody,Forb,Perennial,,,Forb
PF24,Perennial forb 24,PF24,NonWoody,Forb,Perennial,,,Forb
PF248,Perennial forb 248,PF248,NonWoody,Forb,Perennial,,,Forb
PF25,Perennial forb 25,PF25,NonWoody,Forb,Perennial,,,Forb
PF250,Perennial forb 250,PF250,NonWoody,Forb,Perennial,,,Forb
PF251,Perennial forb 251,PF251,NonWoody,Forb,Perennial,,,Forb
PF26,Perennial forb 26,PF26,NonWoody,Forb,Perennial,,,Forb
PF269,Perennial forb 269,PF269,NonWoody,Forb,Perennial,,,Forb
PF27,Perennial forb 27,PF27,NonWoody,Forb,Perennial,,,Forb
PF270,Perennial forb 270,PF270,NonWoody,Forb,Perennial,,,Forb
PF28,Perennial forb 28,PF28,NonWoody,Forb,Perennial,,,Forb
PF29,Perennial forb 29,PF29,NonWoody,Forb,Perennial,,,Forb
PF30,Perennial forb 30,PF30,NonWoody,Forb,Perennial,,,Forb
PF30000,Perennial forb 30000,PF30000,NonWoody,Forb,Perennial,,,Forb
PF3030,Perennial forb 3030,PF3030,NonWoody,Forb,Perennial,,,Forb
PF31,Perennial forb 31,PF31,NonWoody,Forb,Perennial,,,Forb
PF313,Perennial forb 313,PF313,NonWoody,Forb,Perennial,,,Forb
PF319,Perennial forb 319,PF319,NonWoody,Forb,Perennial,,,Forb
PF32,Perennial forb 32,PF32,NonWoody,Forb,Perennial,,,Forb
PF320,Perennial forb 320,PF320,NonWoody,Forb,Perennial,,,Forb
PF328,Perennial forb 328,PF328,NonWoody,Forb,Perennial,,,Forb
PF33,Perennial forb 33,PF33,NonWoody,Forb,Perennial,,,Forb
PF34,Perennial forb 34,PF34,NonWoody,Forb,Perennial,,,Forb
PF35,Perennial forb 35,PF35,NonWoody,Forb,Perennial,,,Forb
PF350,Perennial forb 350,PF350,NonWoody,Forb,Perennial,,,Forb
PF36,Perennial forb 36,PF36,NonWoody,Forb,Perennial,,,Forb
PF37,Perennial forb 37,PF37,NonWoody,Forb,Perennial,,,Forb
PF38,Perennial forb 38,PF38,NonWoody,Forb,Perennial,,,Forb
PF40021,Perennial forb 40021,PF40021,NonWoody,Forb,Perennial,,,Forb
PF40022,Perennial forb 40022,PF40022,NonWoody,Forb,Perennial,,,Forb
PF406,Perennial forb 406,PF406,NonWoody,Forb,Perennial,,,Forb
PF408,Perennial forb 408,PF408,NonWoody,Forb,Perennial,,,Forb
PF409,Perennial forb 409,PF409,NonWoody,Forb,Perennial,,,Forb
PF416,Perennial forb 416,PF416,NonWoody,Forb,Perennial,,,Forb
PF418,Perennial forb 418,PF418,NonWoody,Forb,Perennial,,,Forb
PF42,Perennial forb 42,PF42,NonWoody,Forb,Perennial,,,Forb
PF426,Perennial forb 426,PF426,NonWoody,Forb,Perennial,,,Forb
PF429,Perennial forb 429,PF429,NonWoody,Forb,Perennial,,,Forb
PF43,Perennial forb 43,PF43,NonWoody,Forb,Perennial,,,Forb
PF44,Perennial forb 44,PF44,NonWoody,Forb,Perennial,,,Forb
PF45,Perennial forb 45,PF45,NonWoody,Forb,Perennial,,,Forb
PF474,Perennial forb 474,PF474,NonWoody,Forb,Perennial,,,Forb
PF48,Perennial forb 48,PF48,NonWoody,Forb,Perennial,,,Forb
PF50,Perennial forb 50,PF50,NonWoody,Forb,Perennial,,,Forb
PF50013,Perennial forb 50013,PF50013,NonWoody,Forb,Perennial,,,Forb
PF501,Perennial forb 501,PF501,NonWoody,Forb,Perennial,,,Forb
PF503,Perennial forb 503,PF503,NonWoody,Forb,Perennial,,,Forb
PF504,Perennial forb 504,PF504,NonWoody,Forb,Perennial,,,Forb
PF506,Perennial forb 506,PF506,NonWoody,Forb,Perennial,,,Forb
PF507,Perennial forb 507,PF507,NonWoody,Forb,Perennial,,,Forb
PF51,Perennial forb 51,PF51,NonWoody,Forb,Perennial,,,Forb
PF511,Perennial forb 511,PF511,NonWoody,Forb,Perennial,,,Forb
PF512,Perennial forb 512,PF512,NonWoody,Forb,Perennial,,,Forb
PF513,Perennial forb 513,PF513,NonWoody,Forb,Perennial,,,Forb
PF515,Perennial forb 515,PF515,NonWoody,Forb,Perennial,,,Forb
PF52,Perennial forb 52,PF52,NonWoody,Forb,Perennial,,,Forb
PF523,Perennial forb 523,PF523,NonWoody,Forb,Perennial,,,Forb
PF531,Perennial forb 531,PF531,NonWoody,Forb,Perennial,,,Forb
PF533,Perennial forb 533,PF533,NonWoody,Forb,Perennial,,,Forb
PF54001,Perennial forb 54001,PF54001,NonWoody,Forb,Perennial,,,Forb
PF54003,Perennial forb 54003,PF54003,NonWoody,Forb,Perennial,,,Forb
PF54023,Perennial forb 54023,PF54023,NonWoody,Forb,Perennial,,,Forb
PF56,Perennial forb 56,PF56,NonWoody,Forb,Perennial,,,Forb
PF61,Perennial forb 61,PF61,NonWoody,Forb,Perennial,,,Forb
PF62,Perennial forb 62,PF62,NonWoody,Forb,Perennial,,,Forb
PF642,Perennial forb 642,PF642,NonWoody,Forb,Perennial,,,Forb
PF644,Perennial forb 644,PF644,NonWoody,Forb,Perennial,,,Forb
PF65,Perennial forb 65,PF65,NonWoody,Forb,Perennial,,,Forb
PF660,Perennial forb 660,PF660,NonWoody,Forb,Perennial,,,Forb
PF666,Perennial forb 666,PF666,NonWoody,Forb,Perennial,,,Forb
PF67019,Perennial forb 67019,PF67019,NonWoody,Forb,Perennial,,,Forb
PF68,Perennial forb 68,PF68,NonWoody,Forb,Perennial,,,Forb
PF68000,Perennial forb 68000,PF68000,NonWoody,Forb,Perennial,,,Forb
PF68019,Perennial forb 68019,PF68019,NonWoody,Forb,Perennial,,,Forb
PF701,Perennial forb 701,PF701,NonWoody,Forb,Perennial,,,Forb
PF702,Perennial forb 702,PF702,NonWoody,Forb,Perennial,,,Forb
PF71,Perennial forb 71,PF71,NonWoody,Forb,Perennial,,,Forb
PF72,Perennial forb 72,PF72,NonWoody,Forb,Perennial,,,Forb
PF73999,Perennial forb 73999,PF73999,NonWoody,Forb,Perennial,,,Forb
PF75031,Perennial forb 75031,PF75031,NonWoody,Forb,Perennial,,,Forb
PF77,Perennial forb 77,PF77,NonWoody,Forb,Perennial,,,Forb
PF80000,Perennial forb 80000,PF80000,NonWoody,Forb,Perennial,,,Forb
PF804,Perennial forb 804,PF804,NonWoody,Forb,Perennial,,,Forb
PF826,Perennial forb 826,PF826,NonWoody,Forb,Perennial,,,Forb
PF828,Perennial forb 828,PF828,NonWoody,Forb,Perennial,,,Forb
PF833,Perennial forb 833,PF833,NonWoody,Forb,Perennial,,,Forb
PF87,Perennial forb 87,PF87,NonWoody,Forb,Perennial,,,Forb
PF90007,Perennial forb 90007,PF90007,NonWoody,Forb,Perennial,,,Forb
PF90071,Perennial forb 90071,PF90071,NonWoody,Forb,Perennial,,,Forb
PF90074,Perennial forb 90074,PF90074,NonWoody,Forb,Perennial,,,Forb
PF90075,Perennial forb 90075,PF90075,NonWoody,Forb,Perennial,,,Forb
PF90076,Perennial forb 90076,PF90076,NonWoody,Forb,Perennial,,,Forb
PF91,Perennial forb 91,PF91,NonWoody,Forb,Perennial,,,Forb
PF91074,Perennial forb 91074,PF91074,NonWoody,Forb,Perennial,,,Forb
PF91076,Perennial forb 91076,PF91076,NonWoody,Forb,Perennial,,,Forb
PF91080,Perennial forb 91080,PF91080,NonWoody,Forb,Perennial,,,Forb
PF92013,Perennial forb 92013,PF92013,NonWoody,Forb,Perennial,,,Forb
PF94169,Perennial forb 94169,PF94169,NonWoody,Forb,Perennial,,,Forb
PF95045,Perennial forb 95045,PF95045,NonWoody,Forb,Perennial,,,Forb
PF95047,Perennial forb 95047,PF95047,NonWoody,Forb,Perennial,,,Forb
PF95048,Perennial forb 95048,PF95048,NonWoody,Forb,Perennial,,,Forb
PF95051,Perennial forb 95051,PF95051,NonWoody,Forb,Perennial,,,Forb
PF95077,Perennial forb 95077,PF95077,NonWoody,Forb,Perennial,,,Forb
PF97000,Perennial forb 97000,PF97000,NonWoody,Forb,Perennial,,,Forb
PFO2,Perennial forb,PFO2,NonWoody,Forb,Perennial,,,Forb
PFPF,Perennial forb,PFPF,NonWoody,Forb,Perennial,,,Forb
PG-050,Perennial grass 050,PG-050,NonWoody,Graminoid,Perennial,,,Graminoid
PG00,Perennial grass 00,PG00,NonWoody,Graminoid,Perennial,,,Graminoid
PG000,Perennial grass 000,PG000,NonWoody,Graminoid,Perennial,,,Graminoid
PG00000,Perennial grass 00000,PG00000,NonWoody,Graminoid,Perennial,,,Graminoid
PG01,Perennial grass 01,PG01,NonWoody,Graminoid,Perennial,,,Graminoid
PG01000,Perennial grass 01000,PG01000,NonWoody,Graminoid,Perennial,,,Graminoid
PG01003,Perennial grass 01003,PG01003,NonWoody,Graminoid,Perennial,,,Graminoid
PG01004,Perennial grass 01004,PG01004,NonWoody,Graminoid,Perennial,,,Graminoid
PG01005,Perennial grass 01005,PG01005,NonWoody,Graminoid,Perennial,,,Graminoid
PG01007,Perennial grass 01007,PG01007,NonWoody,Graminoid,Perennial,,,Graminoid
PG01011,Perennial grass 01011,PG01011,NonWoody,Graminoid,Perennial,,,Graminoid
PG01015,Perennial grass 01015,PG01015,NonWoody,Graminoid,Perennial,,,Graminoid
PG01016,Perennial grass 01016,PG01016,NonWoody,Graminoid,Perennial,,,Graminoid
PG01022,Perennial grass 01022,PG01022,NonWoody,Graminoid,Perennial,,,Graminoid
PG01050,Perennial grass 01050,PG01050,NonWoody,Graminoid,Perennial,,,Graminoid
PG02,Perennial grass 02,PG02,NonWoody,Graminoid,Perennial,,,Graminoid
PG02000,Perennial grass 02000,PG02000,NonWoody,Graminoid,Perennial,,,Graminoid
PG02001,Perennial grass 02001,PG02001,NonWoody,Graminoid,Perennial,,,Graminoid
PG02002,Perennial grass 02002,PG02002,NonWoody,Graminoid,Perennial,,,Graminoid
PG02003,Perennial grass 02003,PG02003,NonWoody,Graminoid,Perennial,,,Graminoid
PG02004,Perennial grass 02004,PG02004,NonWoody,Graminoid,Perennial,,,Graminoid
PG02005,Perennial grass 02005,PG02005,NonWoody,Graminoid,Perennial,,,Graminoid
PG02007,Perennial grass 02007,PG02007,NonWoody,Graminoid,Perennial,,,Graminoid
PG02010,Perennial grass 02010,PG02010,NonWoody,Graminoid,Perennial,,,Graminoid
PG02012,Perennial grass 02012,PG02012,NonWoody,Graminoid,Perennial,,,Graminoid
PG02015,Perennial grass 02015,PG02015,NonWoody,Graminoid,Perennial,,,Graminoid
PG02018,Perennial grass 02018,PG02018,NonWoody,Graminoid,Perennial,,,Graminoid
PG02105,Perennial grass 02105,PG02105,NonWoody,Graminoid,Perennial,,,Graminoid
PG03,Perennial grass 03,PG03,NonWoody,Graminoid,Perennial,,,Graminoid
PG03000,Perennial grass 03000,PG03000,NonWoody,Graminoid,Perennial,,,Graminoid
PG03001,Perennial grass 03001,PG03001,NonWoody,Graminoid,Perennial,,,Graminoid
PG03007,Perennial grass 03007,PG03007,NonWoody,Graminoid,Perennial,,,Graminoid
PG03100,Perennial grass 03100,PG03100,NonWoody,Graminoid,Perennial,,,Graminoid
PG04,Perennial grass 04,PG04,NonWoody,Graminoid,Perennial,,,Graminoid
PG04001,Perennial grass 04001,PG04001,NonWoody,Graminoid,Perennial,,,Graminoid
PG04003,Perennial grass 04003,PG04003,NonWoody,Graminoid,Perennial,,,Graminoid
PG04004,Perennial grass 04004,PG04004,NonWoody,Graminoid,Perennial,,,Graminoid
PG04006,Perennial grass 04006,PG04006,NonWoody,Graminoid,Perennial,,,Graminoid
PG04014,Perennial grass 04014,PG04014,NonWoody,Graminoid,Perennial,,,Graminoid
PG04015,Perennial grass 04015,PG04015,NonWoody,Graminoid,Perennial,,,Graminoid
PG04016,Perennial grass 04016,PG04016,NonWoody,Graminoid,Perennial,,,Graminoid
PG04017,Perennial grass 04017,PG04017,NonWoody,Graminoid,Perennial,,,Graminoid
PG04018,Perennial grass 04018,PG04018,NonWoody,Graminoid,Perennial,,,Graminoid
PG04029,Perennial grass 04029,PG04029,NonWoody,Graminoid,Perennial,,,Graminoid
PG04253,Perennial grass 04253,PG04253,NonWoody,Graminoid,Perennial,,,Graminoid
PG05,Perennial grass 05,PG05,NonWoody,Graminoid,Perennial,,,Graminoid
PG05000,Perennial grass 05000,PG05000,NonWoody,Graminoid,Perennial,,,Graminoid
PG05002,Perennial grass 05002,PG05002,NonWoody,Graminoid,Perennial,,,Graminoid
PG05003,Perennial grass 05003,PG05003,NonWoody,Graminoid,Perennial,,,Graminoid
PG05004,Perennial grass 05004,PG05004,NonWoody,Graminoid,Perennial,,,Graminoid
PG05005,Perennial grass 05005,PG05005,NonWoody,Graminoid,Perennial,,,Graminoid
PG05006,Perennial grass 05006,PG05006,NonWoody,Graminoid,Perennial,,,Graminoid
PG05008,Perennial grass 05008,PG05008,NonWoody,Graminoid,Perennial,,,Graminoid
PG05010,Perennial grass 05010,PG05010,NonWoody,Graminoid,Perennial,,,Graminoid
PG05045,Perennial grass 05045,PG05045,NonWoody,Graminoid,Perennial,,,Graminoid
PG05999,Perennial grass 05999,PG05999,NonWoody,Graminoid,Perennial,,,Graminoid
PG06,Perennial grass 06,PG06,NonWoody,Graminoid,Perennial,,,Graminoid
PG06000,Perennial grass 06000,PG06000,NonWoody,Graminoid,Perennial,,,Graminoid
PG06001,Perennial grass 06001,PG06001,NonWoody,Graminoid,Perennial,,,Graminoid
PG06002,Perennial grass 06002,PG06002,NonWoody,Graminoid,Perennial,,,Graminoid
PG06004,Perennial grass 06004,PG06004,NonWoody,Graminoid,Perennial,,,Graminoid
PG06005,Perennial grass 06005,PG06005,NonWoody,Graminoid,Perennial,,,Graminoid
PG06011,Perennial grass 06011,PG06011,NonWoody,Graminoid,Perennial,,,Graminoid
PG06100,Perennial grass 06100,PG06100,NonWoody,Graminoid,Perennial,,,Graminoid
PG06152,Perennial grass 06152,PG06152,NonWoody,Graminoid,Perennial,,,Graminoid
PG06158,Perennial grass 06158,PG06158,NonWoody,Graminoid,Perennial,,,Graminoid
PG07,Perennial grass 07,PG07,NonWoody,Graminoid,Perennial,,,Graminoid
PG07000,Perennial grass 07000,PG07000,NonWoody,Graminoid,Perennial,,,Graminoid
PG07002,Perennial grass 07002,PG07002,NonWoody,Graminoid,Perennial,,,Graminoid
PG07003,Perennial grass 07003,PG07003,NonWoody,Graminoid,Perennial,,,Graminoid
PG07004,Perennial grass 07004,PG07004,NonWoody,Graminoid,Perennial,,,Graminoid
PG07006,Perennial grass 07006,PG07006,NonWoody,Graminoid,Perennial,,,Graminoid
PG07007,Perennial grass 07007,PG07007,NonWoody,Graminoid,Perennial,,,Graminoid
PG07008,Perennial grass 07008,PG07008,NonWoody,Graminoid,Perennial,,,Graminoid
PG07009,Perennial grass 07009,PG07009,NonWoody,Graminoid,Perennial,,,Graminoid
PG07032,Perennial grass 07032,PG07032,NonWoody,Graminoid,Perennial,,,Graminoid
PG07101,Perennial grass 07101,PG07101,NonWoody,Graminoid,Perennial,,,Graminoid
PG08,Perennial grass 08,PG08,NonWoody,Graminoid,Perennial,,,Graminoid
PG08000,Perennial grass 08000,PG08000,NonWoody,Graminoid,Perennial,,,Graminoid
PG08006,Perennial grass 08006,PG08006,NonWoody,Graminoid,Perennial,,,Graminoid
PG09,Perennial grass 09,PG09,NonWoody,Graminoid,Perennial,,,Graminoid
PG09000,Perennial grass 09000,PG09000,NonWoody,Graminoid,Perennial,,,Graminoid
PG09002,Perennial grass 09002,PG09002,NonWoody,Graminoid,Perennial,,,Graminoid
PG09004,Perennial grass 09004,PG09004,NonWoody,Graminoid,Perennial,,,Graminoid
PG09005,Perennial grass 09005,PG09005,NonWoody,Graminoid,Perennial,,,Graminoid
PG09006,Perennial grass 09006,PG09006,NonWoody,Graminoid,Perennial,,,Graminoid
PG09010,Perennial grass 09010,PG09010,NonWoody,Graminoid,Perennial,,,Graminoid
PG09011,Perennial grass 09011,PG09011,NonWoody,Graminoid,Perennial,,,Graminoid
PG09013,Perennial grass 09013,PG09013,NonWoody,Graminoid,Perennial,,,Graminoid
PG09014,Perennial grass 09014,PG09014,NonWoody,Graminoid,Perennial,,,Graminoid
PG09015,Perennial grass 09015,PG09015,NonWoody,Graminoid,Perennial,,,Graminoid
PG09016,Perennial grass 09016,PG09016,NonWoody,Graminoid,Perennial,,,Graminoid
PG09019,Perennial grass 09019,PG09019,NonWoody,Graminoid,Perennial,,,Graminoid
PG09027,Perennial grass 09027,PG09027,NonWoody,Graminoid,Perennial,,,Graminoid
PG09030,Perennial grass 09030,PG09030,NonWoody,Graminoid,Perennial,,,Graminoid
PG09036,Perennial grass 09036,PG09036,NonWoody,Graminoid,Perennial,,,Graminoid
PG09048,Perennial grass 09048,PG09048,NonWoody,Graminoid,Perennial,,,Graminoid
PG09948,Perennial grass 09948,PG09948,NonWoody,Graminoid,Perennial,,,Graminoid
PG09990,Perennial grass 09990,PG09990,NonWoody,Graminoid,Perennial,,,Graminoid
PG10,Perennial grass 10,PG10,NonWoody,Graminoid,Perennial,,,Graminoid
PG10000,Perennial grass 10000,PG10000,NonWoody,Graminoid,Perennial,,,Graminoid
PG10001,Perennial grass 10001,PG10001,NonWoody,Graminoid,Perennial,,,Graminoid
PG10002,Perennial grass 10002,PG10002,NonWoody,Graminoid,Perennial,,,Graminoid
PG10003,Perennial grass 10003,PG10003,NonWoody,Graminoid,Perennial,,,Graminoid
PG10004,Perennial grass 10004,PG10004,NonWoody,Graminoid,Perennial,,,Graminoid
PG1001,Perennial grass 1001,PG1001,NonWoody,Graminoid,Perennial,,,Graminoid
PG10016,Perennial grass 10016,PG10016,NonWoody,Graminoid,Perennial,,,Graminoid
PG1002,Perennial grass 1002,PG1002,NonWoody,Graminoid,Perennial,,,Graminoid
PG1006,Perennial grass 1006,PG1006,NonWoody,Graminoid,Perennial,,,Graminoid
PG11,Perennial grass 11,PG11,NonWoody,Graminoid,Perennial,,,Graminoid
PG11000,Perennial grass 11000,PG11000,NonWoody,Graminoid,Perennial,,,Graminoid
PG11001,Perennial grass 11001,PG11001,NonWoody,Graminoid,Perennial,,,Graminoid
PG11002,Perennial grass 11002,PG11002,NonWoody,Graminoid,Perennial,,,Graminoid
PG11004,Perennial grass 11004,PG11004,NonWoody,Graminoid,Perennial,,,Graminoid
PG11005,Perennial grass 11005,PG11005,NonWoody,Graminoid,Perennial,,,Graminoid
PG11006,Perennial grass 11006,PG11006,NonWoody,Graminoid,Perennial,,,Graminoid
PG11007,Perennial grass 11007,PG11007,NonWoody,Graminoid,Perennial,,,Graminoid
PG11008,Perennial grass 11008,PG11008,NonWoody,Graminoid,Perennial,,,Graminoid
PG11009,Perennial grass 11009,PG11009,NonWoody,Graminoid,Perennial,,,Graminoid
PG11024,Perennial grass 11024,PG11024,NonWoody,Graminoid,Perennial,,,Graminoid
PG11026,Perennial grass 11026,PG11026,NonWoody,Graminoid,Perennial,,,Graminoid
PG11036,Perennial grass 11036,PG11036,NonWoody,Graminoid,Perennial,,,Graminoid
PG12,Perennial grass 12,PG12,NonWoody,Graminoid,Perennial,,,Graminoid
PG12000,Perennial grass 12000,PG12000,NonWoody,Graminoid,Perennial,,,Graminoid
PG12001,Perennial grass 12001,PG12001,NonWoody,Graminoid,Perennial,,,Graminoid
PG12002,Perennial grass 12002,PG12002,NonWoody,Graminoid,Perennial,,,Graminoid
PG12003,Perennial grass 12003,PG12003,NonWoody,Graminoid,Perennial,,,Graminoid
PG12006,Perennial grass 12006,PG12006,NonWoody,Graminoid,Perennial,,,Graminoid
PG12007,Perennial grass 12007,PG12007,NonWoody,Graminoid,Perennial,,,Graminoid
PG12012,Perennial grass 12012,PG12012,NonWoody,Graminoid,Perennial,,,Graminoid
PG12020,Perennial grass 12020,PG12020,NonWoody,Graminoid,Perennial,,,Graminoid
PG122,Perennial grass 122,PG122,NonWoody,Graminoid,Perennial,,,Graminoid
PG13,Perennial grass 13,PG13,NonWoody,Graminoid,Perennial,,,Graminoid
PG13000,Perennial grass 13000,PG13000,NonWoody,Graminoid,Perennial,,,Graminoid
PG13003,Perennial grass 13003,PG13003,NonWoody,Graminoid,Perennial,,,Graminoid
PG13005,Perennial grass 13005,PG13005,NonWoody,Graminoid,Perennial,,,Graminoid
PG13006,Perennial grass 13006,PG13006,NonWoody,Graminoid,Perennial,,,Graminoid
PG13007,Perennial grass 13007,PG13007,NonWoody,Graminoid,Perennial,,,Graminoid
PG13008,Perennial grass 13008,PG13008,NonWoody,Graminoid,Perennial,,,Graminoid
PG14,Perennial grass 14,PG14,NonWoody,Graminoid,Perennial,,,Graminoid
PG14001,Perennial grass 14001,PG14001,NonWoody,Graminoid,Perennial,,,Graminoid
PG14033,Perennial grass 14033,PG14033,NonWoody,Graminoid,Perennial,,,Graminoid
PG15,Perennial grass 15,PG15,NonWoody,Graminoid,Perennial,,,Graminoid
PG15000,Perennial grass 15000,PG15000,NonWoody,Graminoid,Perennial,,,Graminoid
PG15001,Perennial grass 15001,PG15001,NonWoody,Graminoid,Perennial,,,Graminoid
PG15002,Perennial grass 15002,PG15002,NonWoody,Graminoid,Perennial,,,Graminoid
PG156,Perennial grass 156,PG156,NonWoody,Graminoid,Perennial,,,Graminoid
PG160,Perennial grass 160,PG160,NonWoody,Graminoid,Perennial,,,Graminoid
PG16000,Perennial grass 16000,PG16000,NonWoody,Graminoid,Perennial,,,Graminoid
PG161,Perennial grass 161,PG161,NonWoody,Graminoid,Perennial,,,Graminoid
PG162,Perennial grass 162,PG162,NonWoody,Graminoid,Perennial,,,Graminoid
PG163,Perennial grass 163,PG163,NonWoody,Graminoid,Perennial,,,Graminoid
PG164,Perennial grass 164,PG164,NonWoody,Graminoid,Perennial,,,Graminoid
PG18001,Perennial grass 18001,PG18001,NonWoody,Graminoid,Perennial,,,Graminoid
PG18004,Perennial grass 18004,PG18004,NonWoody,Graminoid,Perennial,,,Graminoid
PG18100,Perennial grass 18100,PG18100,NonWoody,Graminoid,Perennial,,,Graminoid
PG18101,Perennial grass 18101,PG18101,NonWoody,Graminoid,Perennial,,,Graminoid
PG20,Perennial grass 20,PG20,NonWoody,Graminoid,Perennial,,,Graminoid
PG2001,Perennial grass 2001,PG2001,NonWoody,Graminoid,Perennial,,,Graminoid
PG2004,Perennial grass 2004,PG2004,NonWoody,Graminoid,Perennial,,,Graminoid
PG202,Perennial grass 202,PG202,NonWoody,Graminoid,Perennial,,,Graminoid
PG21,Perennial grass 21,PG21,NonWoody,Graminoid,Perennial,,,Graminoid
PG21004,Perennial grass 21004,PG21004,NonWoody,Graminoid,Perennial,,,Graminoid
PG2104,Perennial grass 2104,PG2104,NonWoody,Graminoid,Perennial,,,Graminoid
PG2105,Perennial grass 2105,PG2105,NonWoody,Graminoid,Perennial,,,Graminoid
PG212,Perennial grass 212,PG212,NonWoody,Graminoid,Perennial,,,Graminoid
PG22,Perennial grass 22,PG22,NonWoody,Graminoid,Perennial,,,Graminoid
PG220,Perennial grass 220,PG220,NonWoody,Graminoid,Perennial,,,Graminoid
PG2206,Perennial grass 2206,PG2206,NonWoody,Graminoid,Perennial,,,Graminoid
PG2211,Perennial grass 2211,PG2211,NonWoody,Graminoid,Perennial,,,Graminoid
PG23,Perennial grass 23,PG23,NonWoody,Graminoid,Perennial,,,Graminoid
PG255,Perennial grass 255,PG255,NonWoody,Graminoid,Perennial,,,Graminoid
PG256,Perennial grass 256,PG256,NonWoody,Graminoid,Perennial,,,Graminoid
PG29,Perennial grass 29,PG29,NonWoody,Graminoid,Perennial,,,Graminoid
PG301,Perennial grass 301,PG301,NonWoody,Graminoid,Perennial,,,Graminoid
PG31,Perennial grass 31,PG31,NonWoody,Graminoid,Perennial,,,Graminoid
PG3104,Perennial grass 3104,PG3104,NonWoody,Graminoid,Perennial,,,Graminoid
PG40001,Perennial grass 40001,PG40001,NonWoody,Graminoid,Perennial,,,Graminoid
PG40008,Perennial grass 40008,PG40008,NonWoody,Graminoid,Perennial,,,Graminoid
PG40009,Perennial grass 40009,PG40009,NonWoody,Graminoid,Perennial,,,Graminoid
PG407,Perennial grass 407,PG407,NonWoody,Graminoid,Perennial,,,Graminoid
PG50000,Perennial grass 50000,PG50000,NonWoody,Graminoid,Perennial,,,Graminoid
PG501,Perennial grass 501,PG501,NonWoody,Graminoid,Perennial,,,Graminoid
PG502,Perennial grass 502,PG502,NonWoody,Graminoid,Perennial,,,Graminoid
PG503,Perennial grass 503,PG503,NonWoody,Graminoid,Perennial,,,Graminoid
PG504,Perennial grass 504,PG504,NonWoody,Graminoid,Perennial,,,Graminoid
PG505,Perennial grass 505,PG505,NonWoody,Graminoid,Perennial,,,Graminoid
PG508,Perennial grass 508,PG508,NonWoody,Graminoid,Perennial,,,Graminoid
PG509,Perennial grass 509,PG509,NonWoody,Graminoid,Perennial,,,Graminoid
PG5105,Perennial grass 5105,PG5105,NonWoody,Graminoid,Perennial,,,Graminoid
PG610,Perennial grass 610,PG610,NonWoody,Graminoid,Perennial,,,Graminoid
PG615,Perennial grass 615,PG615,NonWoody,Graminoid,Perennial,,,Graminoid
PG63000,Perennial grass 63000,PG63000,NonWoody,Graminoid,Perennial,,,Graminoid
PG666,Perennial grass 666,PG666,NonWoody,Graminoid,Perennial,,,Graminoid
PG67000,Perennial grass 67000,PG67000,NonWoody,Graminoid,Perennial,,,Graminoid
PG67001,Perennial grass 67001,PG67001,NonWoody,Graminoid,Perennial,,,Graminoid
PG68000,Perennial grass 68000,PG68000,NonWoody,Graminoid,Perennial,,,Graminoid
PG7123,Perennial grass 7123,PG7123,NonWoody,Graminoid,Perennial,,,Graminoid
PG73999,Perennial grass 73999,PG73999,NonWoody,Graminoid,Perennial,,,Graminoid
PG76,Perennial grass 76,PG76,NonWoody,Graminoid,Perennial,,,Graminoid
PG78,Perennial grass 78,PG78,NonWoody,Graminoid,Perennial,,,Graminoid
PG801,Perennial grass 801,PG801,NonWoody,Graminoid,Perennial,,,Graminoid
PG802,Perennial grass 802,PG802,NonWoody,Graminoid,Perennial,,,Graminoid
PG8117,Perennial grass 8117,PG8117,NonWoody,Graminoid,Perennial,,,Graminoid
PG850,Perennial grass 850,PG850,NonWoody,Graminoid,Perennial,,,Graminoid
PG9004,Perennial grass 9004,PG9004,NonWoody,Graminoid,Perennial,,,Graminoid
PG91001,Perennial grass 91001,PG91001,NonWoody,Graminoid,Perennial,,,Graminoid
PG92008,Perennial grass 92008,PG92008,NonWoody,Graminoid,Perennial,,,Graminoid
PG95013,Perennial grass 95013,PG95013,NonWoody,Graminoid,Perennial,,,Graminoid
PG95014,Perennial grass 95014,PG95014,NonWoody,Graminoid,Perennial,,,Graminoid
PG95015,Perennial grass 95015,PG95015,NonWoody,Graminoid,Perennial,,,Graminoid
PG95022,Perennial grass 95022,PG95022,NonWoody,Graminoid,Perennial,,,Graminoid
PG95035,Perennial grass 95035,PG95035,NonWoody,Graminoid,Perennial,,,Graminoid
PG95036,Perennial grass 95036,PG95036,NonWoody,Graminoid,Perennial,,,Graminoid
PG96002,Perennial grass 96002,PG96002,NonWoody,Graminoid,Perennial,,,Graminoid
PG96003,Perennial grass 96003,PG96003,NonWoody,Graminoid,Perennial,,,Graminoid
PG99,Perennial grass 99,PG99,NonWoody,Graminoid,Perennial,,,Graminoid
PGPG,Perennial grass,PGPG,,,,,,
PGXX,Perennial grass XX,PGXX,,,,,,
PHYS,,PHYS,,,,,,
PIGL2,Pinus glabra,PIGL2,Woody,Tree,Perennial,NATIVE,,Shrub
PLPA3,Plectranthus parviflorus,PLPA3,NonWoody,Forb,Perennial,EXOTIC,INVASIVE,Forb
POACEAPG,Poacea perennial grass,POACEAPG,NonWoody,Graminoid,Perennial,,,Graminoid
PPFF,Perennial forb,PPFF,NonWoody,Forb,Perennial,,,Forb
PPFF1,Perennial forb,PPFF1,NonWoody,Forb,Perennial,,,Forb
PPGG,Perennial graminoid,PPGG,NonWoody,Graminoid,Perennial,,,Graminoid
PPGG1,Perennial graminoid,PPGG1,NonWoody,Graminoid,Perennial,,,Graminoid
PPSH,Perennial shrub,PPSH,Woody,Shrub,Perennial,,,Shrub
PPSS1,Perennial shrub,PPSS1,Woody,Shrub,Perennial,,,Shrub
PPSU,Perennial shrub,PPSU,Woody,Shrub,Perennial,,,Shrub
PRJU3,Prosopis juliflora,PRJU3,Woody,Shrub,Perennial,,,Shrub
PS001,Perennial shrub 001,PS001,Woody,Shrub,Perennial,,,Shrub
PS10004,Perennial shrub 10004,PS10004,Woody,Shrub,Perennial,,,Shrub
PS91006,Perennial shrub 91006,PS91006,Woody,Shrub,Perennial,,,Shrub
PTERI2,Pteris,PTERI2,NonWoody,Forb,Perennial,,,Forb
R,Rock,Drop,,,,,,
RF,,Drop,,,,,,
S,Soil,Drop,,,,,,
SELA3,Selinocarpus lanceolatus,SELA3,Woody,SubShrub,Perennial,NATIVE,,Shrub
SH-015,Shrub 015,SH-015,Woody,Shrub,Perennial,,,Shrub
SH-018,Shrub 018,SH-018,Woody,Shrub,Perennial,,,Shrub
SH00,Shrub 00,SH00,Woody,Shrub,Perennial,,,Shrub
SH000,Shrub 000,SH000,Woody,Shrub,Perennial,,,Shrub
SH00000,Shrub 00000,SH00000,Woody,Shrub,Perennial,,,Shrub
SH01,Shrub 01,SH01,Woody,Shrub,Perennial,,,Shrub
SH01000,Shrub 01000,SH01000,Woody,Shrub,Perennial,,,Shrub
SH01001,Shrub 01001,SH01001,Woody,Shrub,Perennial,,,Shrub
SH01012,Shrub 01012,SH01012,Woody,Shrub,Perennial,,,Shrub
SH01023,Shrub 01023,SH01023,Woody,Shrub,Perennial,,,Shrub
SH01090,Shrub 01090,SH01090,Woody,Shrub,Perennial,,,Shrub
SH01092,Shrub 01092,SH01092,Woody,Shrub,Perennial,,,Shrub
SH02,Shrub 02,SH02,Woody,Shrub,Perennial,,,Shrub
SH02000,Shrub 02000,SH02000,Woody,Shrub,Perennial,,,Shrub
SH02001,Shrub 02001,SH02001,Woody,Shrub,Perennial,,,Shrub
SH02002,Shrub 02002,SH02002,Woody,Shrub,Perennial,,,Shrub
SH02015,Shrub 02015,SH02015,Woody,Shrub,Perennial,,,Shrub
SH03,Shrub 03,SH03,Woody,Shrub,Perennial,,,Shrub
SH03000,Shrub 03000,SH03000,Woody,Shrub,Perennial,,,Shrub
SH03002,Shrub 03002,SH03002,Woody,Shrub,Perennial,,,Shrub
SH04,Shrub 04,SH04,Woody,Shrub,Perennial,,,Shrub
SH04000,Shrub 04000,SH04000,Woody,Shrub,Perennial,,,Shrub
SH04001,Shrub 04001,SH04001,Woody,Shrub,Perennial,,,Shrub
SH04003,Shrub 04003,SH04003,Woody,Shrub,Perennial,,,Shrub
SH04008,Shrub 04008,SH04008,Woody,Shrub,Perennial,,,Shrub
SH04106,Shrub 04106,SH04106,Woody,Shrub,Perennial,,,Shrub
SH05,Shrub 05,SH05,Woody,Shrub,Perennial,,,Shrub
SH05000,Shrub 05000,SH05000,Woody,Shrub,Perennial,,,Shrub
SH05002,Shrub 05002,SH05002,Woody,Shrub,Perennial,,,Shrub
SH05003,Shrub 05003,SH05003,Woody,Shrub,Perennial,,,Shrub
SH05005,Shrub 05005,SH05005,Woody,Shrub,Perennial,,,Shrub
SH05007,Shrub 05007,SH05007,Woody,Shrub,Perennial,,,Shrub
SH06000,Shrub 06000,SH06000,Woody,Shrub,Perennial,,,Shrub
SH06001,Shrub 06001,SH06001,Woody,Shrub,Perennial,,,Shrub
SH06002,Shrub 06002,SH06002,Woody,Shrub,Perennial,,,Shrub
SH07,Shrub 07,SH07,Woody,Shrub,Perennial,,,Shrub
SH07000,Shrub 07000,SH07000,Woody,Shrub,Perennial,,,Shrub
SH07002,Shrub 07002,SH07002,Woody,Shrub,Perennial,,,Shrub
SH07005,Shrub 07005,SH07005,Woody,Shrub,Perennial,,,Shrub
SH08000,Shrub 08000,SH08000,Woody,Shrub,Perennial,,,Shrub
SH08004,Shrub 08004,SH08004,Woody,Shrub,Perennial,,,Shrub
SH09000,Shrub 09000,SH09000,Woody,Shrub,Perennial,,,Shrub
SH09005,Shrub 09005,SH09005,Woody,Shrub,Perennial,,,Shrub
SH09006,Shrub 09006,SH09006,Woody,Shrub,Perennial,,,Shrub
SH09007,Shrub 09007,SH09007,Woody,Shrub,Perennial,,,Shrub
SH09088,Shrub 09088,SH09088,Woody,Shrub,Perennial,,,Shrub
SH10,Shrub 10,SH10,Woody,Shrub,Perennial,,,Shrub
SH10000,Shrub 10000,SH10000,Woody,Shrub,Perennial,,,Shrub
SH10001,Shrub 10001,SH10001,Woody,Shrub,Perennial,,,Shrub
SH10003,Shrub 10003,SH10003,Woody,Shrub,Perennial,,,Shrub
SH10004,Shrub 10004,SH10004,Woody,Shrub,Perennial,,,Shrub
SH10007,Shrub 10007,SH10007,Woody,Shrub,Perennial,,,Shrub
SH1025,Shrub 1025,SH1025,Woody,Shrub,Perennial,,,Shrub
SH1026,Shrub 1026,SH1026,Woody,Shrub,Perennial,,,Shrub
SH11000,Shrub 11000,SH11000,Woody,Shrub,Perennial,,,Shrub
SH11001,Shrub 11001,SH11001,Woody,Shrub,Perennial,,,Shrub
SH11010,Shrub 11010,SH11010,Woody,Shrub,Perennial,,,Shrub
SH11014,Shrub 11014,SH11014,Woody,Shrub,Perennial,,,Shrub
SH11023,Shrub 11023,SH11023,Woody,Shrub,Perennial,,,Shrub
SH11025,Shrub 11025,SH11025,Woody,Shrub,Perennial,,,Shrub
SH11026,Shrub 11026,SH11026,Woody,Shrub,Perennial,,,Shrub
SH11028,Shrub 11028,SH11028,Woody,Shrub,Perennial,,,Shrub
SH11029,Shrub 11029,SH11029,Woody,Shrub,Perennial,,,Shrub
SH12000,Shrub 12000,SH12000,Woody,Shrub,Perennial,,,Shrub
SH12009,Shrub 12009,SH12009,Woody,Shrub,Perennial,,,Shrub
SH13000,Shrub 13000,SH13000,Woody,Shrub,Perennial,,,Shrub
SH14001,Shrub 14001,SH14001,Woody,Shrub,Perennial,,,Shrub
SH14002,Shrub 14002,SH14002,Woody,Shrub,Perennial,,,Shrub
SH15000,Shrub 15000,SH15000,Woody,Shrub,Perennial,,,Shrub
SH158,Shrub 158,SH158,Woody,Shrub,Perennial,,,Shrub
SH159,Shrub 159,SH159,Woody,Shrub,Perennial,,,Shrub
SH16000,Shrub 16000,SH16000,Woody,Shrub,Perennial,,,Shrub
SH164,Shrub 164,SH164,Woody,Shrub,Perennial,,,Shrub
SH1816,Shrub 1816,SH1816,Woody,Shrub,Perennial,,,Shrub
SH20,Shrub 20,SH20,Woody,Shrub,Perennial,,,Shrub
SH20000,Shrub 20000,SH20000,Woody,Shrub,Perennial,,,Shrub
SH2001,Shrub 2001,SH2001,Woody,Shrub,Perennial,,,Shrub
SH204,Shrub 204,SH204,Woody,Shrub,Perennial,,,Shrub
SH21000,Shrub 21000,SH21000,Woody,Shrub,Perennial,,,Shrub
SH212,Shrub 212,SH212,Woody,Shrub,Perennial,,,Shrub
SH22000,Shrub 22000,SH22000,Woody,Shrub,Perennial,,,Shrub
SH24,Shrub 24,SH24,Woody,Shrub,Perennial,,,Shrub
SH30000,Shrub 30000,SH30000,Woody,Shrub,Perennial,,,Shrub
SH40000,Shrub 40000,SH40000,Woody,Shrub,Perennial,,,Shrub
SH40001,Shrub 40001,SH40001,Woody,Shrub,Perennial,,,Shrub
SH50000,Shrub 50000,SH50000,Woody,Shrub,Perennial,,,Shrub
SH501,Shrub 501,SH501,Woody,Shrub,Perennial,,,Shrub
SH502,Shrub 502,SH502,Woody,Shrub,Perennial,,,Shrub
SH552,Shrub 552,SH552,Woody,Shrub,Perennial,,,Shrub
SH575,Shrub 575,SH575,Woody,Shrub,Perennial,,,Shrub
SH60000,Shrub 60000,SH60000,Woody,Shrub,Perennial,,,Shrub
SH614,Shrub 614,SH614,Woody,Shrub,Perennial,,,Shrub
SH615,Shrub 615,SH615,Woody,Shrub,Perennial,,,Shrub
SH666,Shrub 666,SH666,Woody,Shrub,Perennial,,,Shrub
SH67000,Shrub 67000,SH67000,Woody,Shrub,Perennial,,,Shrub
SH68000,Shrub 68000,SH68000,Woody,Shrub,Perennial,,,Shrub
SH80000,Shrub 80000,SH80000,Woody,Shrub,Perennial,,,Shrub
SH80001,Shrub 80001,SH80001,Woody,Shrub,Perennial,,,Shrub
SH91000,Shrub 91000,SH91000,Woody,Shrub,Perennial,,,Shrub
SH91012,Shrub 91012,SH91012,Woody,Shrub,Perennial,,,Shrub
SH91013,Shrub 91013,SH91013,Woody,Shrub,Perennial,,,Shrub
SH93001,Shrub 93001,SH93001,Woody,Shrub,Perennial,,,Shrub
SIAL,Silphium albiflorum,SIAL,NonWoody,Forb,Perennial,NATIVE,,Forb
SILI7,Sisymbrium linearifolium,SCLI12,NonWoody,Forb,Perennial,NATIVE,,Forb
SPAM,Sparganium americanum,SPAM,NonWoody,Forb,Perennial,NATIVE,,Forb
SPMA2,Spergularia marina,SPSA5,NonWoody,Forb,Annual,NATIVE,,Forb
ST,Stone,Drop,,,,,,
STENO,Stenogyne,STENO,NonWoody,Forb,Perennial,NATIVE,,Forb
SU00,Shrub unknown 00,SU00,Woody,Shrub,Perennial,,,Shrub
SU06003,Shrub unknown 6003,SU06003,Woody,Shrub,Perennial,,,Shrub
SU108,Shrub unknown 108,SU108,Woody,Shrub,Perennial,,,Shrub
SUNI,Suaeda nigra,SUMO,Woody,SubShrub,Perennial,NATIVE,,Shrub
THEL,Thelypodiopsis elegans,THEL,NonWoody,Forb,Annual,NATIVE,,Forb
THJU3,Thinopyrum junceiforme,THJU3,NonWoody,Graminoid,Perennial,NATIVE,,Graminoid
TIQHISs,,TIQHISs,,,,,,
TR00,Tree 00,TR00,Woody,Tree,Perennial,,,Shrub
TR00000,Tree 00000,TR00000,Woody,Tree,Perennial,,,Shrub
TR01,Tree 01,TR01,Woody,Tree,Perennial,,,Shrub
TR02,Tree 02,TR02,Woody,Tree,Perennial,,,Shrub
TR02000,Tree 02000,TR02000,Woody,Tree,Perennial,,,Shrub
TR03,Tree 03,TR03,Woody,Tree,Perennial,,,Shrub
TR03038,Tree 03038,TR03038,Woody,Tree,Perennial,,,Shrub
TR04000,Tree 04000,TR04000,Woody,Tree,Perennial,,,Shrub
TR04001,Tree 04001,TR04001,Woody,Tree,Perennial,,,Shrub
TR05000,Tree 05000,TR05000,Woody,Tree,Perennial,,,Shrub
TR08000,Tree 08000,TR08000,Woody,Tree,Perennial,,,Shrub
TR09000,Tree 09000,TR09000,Woody,Tree,Perennial,,,Shrub
TR10000,Tree 10000,TR10000,Woody,Tree,Perennial,,,Shrub
TR11000,Tree 11000,TR11000,Woody,Tree,Perennial,,,Shrub
TR16000,Tree 16000,TR16000,Woody,Tree,Perennial,,,Shrub
TR666,Tree 666,TR666,Woody,Tree,Perennial,,,Shrub
TRMA20,Triglochin maritima,TRMA20,NonWoody,Graminoid,Perennial,,,Graminoid
UN04003,Unknown 04003,UN04003,,,,,,
UN05002,Unknown 05002,UN05002,,,,,,
UN05003,Unknown 05003,UN05003,,,,,,
UN05004,Unknown 05004,UN05004,,,,,,
UN05005,Unknown 05005,UN05005,,,,,,
UN05006,Unknown 05006,UN05006,,,,,,
UN05008,Unknown 05008,UN05008,,,,,,
UN06002,Unknown 06002,UN06002,,,,,,
UN09000,Unknown 09000,UN09000,,,,,,
UN12000,Unknown 12000,UN12000,,,,,,
UN12099,Unknown 12099,UN12099,,,,,,
UN23024,Unknown 23024,UN23024,,,,,,
UN23070,Unknown 23070,UN23070,,,,,,
UN25037,Unknown 25037,UN25037,,,,,,
UNK,Unknown,UNK,,,,,,
UNKNOWN,Unknown,UNKNOWN,,,,,,
UNKNOWN3,Unknown 3,UNKNOWN3,,,,,,
UNKNOWN4,Unknown 4,UNKNOWN4,,,,,,
UNK_ASTER_01,Unknown aster 01,UNK_ASTER_01,NonWoody,Forb,,,,Forb
UNK_PG_06,Unknown perennial grass 06,UNK_PG_06,NonWoody,Graminoid,Perennial,,,Graminoid
Unk,Unknown,Unk,,,,,,
VIST,Viguiera stenoloba,VIST,Woody,Shrub,Perennial,NATIVE,,Shrub
VL,Vagrant lichen,Drop,,,,,,
W,Water,Drop,,,,,,
WA,,Drop,,,,,,
WL,Woody litter,Drop,,,,,,
YUUT2,Yucca utahensis,YUEL,Woody,Succulent,Perennial,NATIVE,,Shrub
aggl,Agoseris glauca,AGGL,NonWoody,Forb,Perennial,NATIVE,,Forb
artrt,Artemisia tridentata ssp. tridentata,ARTRT,Woody,Shrub,Perennial,NATIVE,,Shrub
cb,Cobble,Drop,,,,,,
crac2,Crepis acuminata,CRAC2,NonWoody,Forb,Perennial,NATIVE,,Forb
l,,Drop,,,,,,
lodi,Lomatium dissectum,LODI,NonWoody,Forb,Perennial,NATIVE,,Forb
luPINp,Perennial lupin,luPINp,NonWoody,Forb,Perennial,,,Forb
pf06,Perennial forb 06,pf06,NonWoody,Forb,Perennial,,,Forb
teca2,Tetradymia canescens,TECA2,Woody,Shrub,Perennial,NATIVE,,Shrub
