Model,Ecoregion,Treatment,Trt_ID,Prj_ID,Plan_Imp,Success,Dates_Confirmed,Init_Date,Comp_Date,Units,Num_Units,Trt_Type_Major,Trt_Type_Sub,Treatment_Type,Treatment_Seeded,Seed_List,Seed_Mix_Name,Seeds_or_Seedlings,Seed_List_Confirmed,Control_Areas,Seed_Application_Rate,Seed_Notes,Objectives,Planned_Implementation,Actual_Implementation,Treatment_Effect_and_Results,Trt_Feature_Type,Feature_Status,How_Feature_Created,Feature_Creation_Date,Total_Acres,BLM_Acres,GIS_Notes,Initiated_By,Trt_Concerns,Trt_Concerns_Desc,Problems_Apply_Trt,Problems_Apply_Trt_Desc,Conditions_At_Trt,Conditions_At_Trt_Desc,Trt_Notes,User_Updated
Model 21,Nothern Basin and Range,Post-burn herbicide,1258,468,Implemented,None,2,6/00/1972,6/00/1972,Acres,4760,Herbicide/Weeds/Chemical,Herbicide,Herbicide Application: Brush/Tree Control,0,,,,,,,,The benefits to be realized from this project are: \r\nA) increase the percent of vegetative cover and improve water quality and watershed condition\r\nB) increase forage production to enable a transfer of excess livestock demand to be from a low potential allotment into this area of use.,,,,Polygon,Confirmed,"Digitized by BLM field office personnel, method unknown",,6766.157059,6766.157083,,Contractor,"Watershed degradation, Provide forage for wildlife",The purpose of this job is to more readily facilitate the intensive management system employed on this area for use in keeping with the Vale Project Schedule.,None,,None,,,56:06:00
Model 21,Nothern Basin and Range,Post-burn herbicide,1424,539,Implemented,None,2,00/00/1969,00/00/1969,Acres,2883,Herbicide/Weeds/Chemical,Herbicide,Herbicide Application: Brush/Tree Control,0,,,,,,,,"Application of herbicide to the Barlow area will greatly increase ground cover, forage, and promote soil stability. The increase in production and grazing capacity of Barlow Brush Control will facilitate the management system of East Cow Creek Allotment.",,"The job was done by Richardson Aviation in the spring of 1969, at a cost of 5967.14. Two pound of 2,4-D per acre was applied for a very successful 90-95% kill on 2883 acres of sagebrush.",,Polygon,Confirmed,"Digitized by BLM field office personnel, method unknown",,2617.861139,2617.861137,,Contractor,"Watershed degradation, Provide forage for livestock, Erosion","Application of herbicide to the Barlow area will greatly increase ground cover, forage, and promote soil stability. The increase in production and grazing capacity of Barlow Brush Control will facilitate the management system of East Cow Creek Allotment.",None,,None,,,50:26:00
Model 21,Nothern Basin and Range,Post-burn herbicide,3553,1260,Implemented,None,2,5/2/1966,5/6/1966,Acres,4350,Herbicide/Weeds/Chemical,Herbicide,Herbicide Application: Brush/Tree Control,0,,,,,,,,,,"This project was sprayed with a low volatile ester of 2,4-D at a rate of two pound acid in a four gallon water spray formulation per acre. the project was sprayed under the formal contract no. 14-11-001-3215 by Calicopters, Stockton, California. They furnished and applied the spray formulation at a cost of $1.95 per acre. they used a T.B.M. to apply the spray formulation and flew at heights of 50 to feet.",,Polygon,Confirmed,"Digitized by BLM field office personnel, method unknown",,5582.38614,5545.905297,,Contractor,Unknown,,None,,None,,,10:15:00
Model 21,Nothern Basin and Range,Post-burn herbicide,7193,2603,Implemented,None,2,9/8/1963,10/13/1963,Acres,7555,Herbicide/Weeds/Chemical,Herbicide,Noxious Weeds: Weed Control - Herbicide Application,0,,,,,,,,,,,,Polygon,Confirmed,Digitized by LTDL data entry personnel using a map of unknown origin,5/27/2010,6973.707999,6870.635108,,Contractor,None,,None,,None,,,15:35:00
Model 21,Nothern Basin and Range,Post-burn herbicide,8118,2919,Implemented,Partially Successful,2,8/16/2007,8/16/2007,None,,Herbicide/Weeds/Chemical,Herbicide,Noxious Weeds: Weed Control - Herbicide Application,0,,,,,,,,The burned area was inventoried by the Harney County Strategic Weeds Attack Team (SWAT). The team inventories and spot treats weeds under a cooperative agreement with the BLM and Harney County.,,Early identification and treatment of weeds helped to limit the establishment and spread of noxious weeds within the fire perimeter. The utilization of the Harney County SWAT proved to be an effective use of funds and resources.,A small patch of knapweed was discovered on the site and treated in 2007. The initial treatment was effective at eliminating the knapweed. The fire boarders the Malheur National Wildlife Refuge and the BLM will continue to work with refuge staff to control noxious weeds along the BLM and refuge boundary.,Polygon,Confirmed,"Digitized by BLM field office personnel, method unknown",,16924.35155,16525.22582,,Contractor,Noxious Weeds,"Weed infestations consist of bull thistle, Canada thistle, Scotch thistle, diffuse knapweed, Russian knapweed, spotted knapweed, white top, medusahead rye, perennial pepperweed, puncture vine, dalmation toadflax, field bindweed, St. Johnswort, halogeton, Mediterranean sage, and cheatgrass.",None,,None,,,02:49:00
Model 21,Nothern Basin and Range,Post-burn herbicide,8386,3008,Implemented,See Comments,2,10/10/2007,6/30/2010,Acres,39473,Herbicide/Weeds/Chemical,Herbicide,Noxious Weeds: Weed Control - Herbicide Application,0,,,,,,,,Inventory noxious weeds and control infestations for the management of the public lands in accordance with Idaho State Regulations.,"BLM weed technicians will inventory the burned area in FY2008, starting\r\nwith known and reported weed infestations and working towards previously uninfested areas.\r\nWeed infestations would be inventoried for species and size of infestation in order to determine\r\nrate of spread and effectiveness of control methods. Noxious weeds will be treated as they are\r\nfound using ATVs, 4-wheel drive trucks with slip-in tanks, and backpack sprayers","10/2007-7/2008: \r\nBLM weed specialists surveyed the area on foot and by UTV to identify noxious weeds for control. Inventory was concentrated around roads and major drainages. Whitetop was identified and treated with a Telar/2,4-D herbicide mixture in several locations including Bull Basin Camp, Castlehead springs and Star Ranch spring.  There were no other noxious weed species identified during the inventory. Additional monitoring and inventory will continue in 2009 and 2010 under the BAR. Cost: 33,000\r\n5/16/2009:\r\nBLM weed specialists monitored and surveyed the area by truck, on foot and by UTV to identify noxious weeds for control. Inventory was concentrated around roads and major drainages. A single yellow starthistle plant was mechanically treated in 2008 (after 2008 reports submitted). This site was monitored in 2009 and yellow starthistle was not found. The 2008 whitetop treatments were moderately successful with reductions from 50-90%. The sites were chemically retreated with a Telar/2,4-D herbicide mixture. Separate infestations of scotch thistle and Canada thistle were detected and chemically treated with a Tordon herbicide mixture. There were no other noxious weed species identified during the inventory. Additional monitoring and inventory will continue in 2010. Cost 32,000\r\n6/2010:\r\nBLM weed specialists monitored and surveyed the area by truck, on foot and by UTV to identify noxious weeds for control. Inventory was concentrated around roads and major drainages. A single yellow starthistle plant was mechanically treated in 2008 (after 2008 reports submitted). This site was monitored in 2009, 2010 and yellow starthistle was not found. The 2008, 2009 whitetop treatments were moderately successful with reductions from 50-90%. The sites were chemically retreated with a Tordon/Telar/2,4-D herbicide mixture in 2010. A new infestation of whitetop was found en route to castlehead springs and chemically treated on 6/29/10. Continual inventory, monitoring and treatment is recommended. Cost 32,000","BLM weed specialists monitored and surveyed the area by truck, on foot and by UTV to identify noxious weeds for control. Inventory was concentrated around roads and major drainages. A single yellow starthistle plant was mechanically treated in 2008 (after 2008 reports submitted).  This site was monitored in 2009 and yellow starthistle was not found.   The 2008 whitetop treatments were moderately successful with reductions from 50-90%.  The sites were chemically retreated with a Telar/2,4-D herbicide mixture.  Separate infestations of scotch thistle and Canada thistle were detected and chemically treated with a Tordon herbicide mixture.  There were no other noxious weed species identified during the inventory. Additional monitoring and inventory will continue in 2010  under the BAR.  With the likelihood of a lingering seed bank of noxious weed seeds and the robust perennial root system of whitetop, additional inventory and chemical treatments are recommended.  A long term commitment (5+ years) to chemical treatment is required to control many whitetop infestations.  The yellow starthistle occurrence was a single plant in the middle of the road near Crutcher Crossing and it is speculated a seed was dropped from a motor vehicle.   Continued inventory for additional sites is highly recommended.  Continue inventory, monitoring and treatment of identified noxious weed infestations, for the management of the public lands in accordance with Idaho State Regulations.  Additional funds for the monitoring and treatment of noxious weeds will be requested in 2010 under the BAR.\r\n\r\nResults: The noxious weed inventories conducted, starting in 2008, have resulted in the detection of four noxious weed species within the fire perimeter; yellow starthistle, whitetop, scotch thistle, and Canada thistle. Chemical treatments were implemented on whitetop in 2008, 2009, and 2010. There were reductions in density each year at each of the sites. The scotch thistle and Canada thistle were chemically treated and control is expected to be very effective. The yellow starthistle was mechanically treated prior to seed production in 2009 and no new plants were observed in 2010.\r\nRecommendations: With the likelihood of a lingering seed bank of noxious weed seeds and the robust perennial root system of whitetop, additional inventory and chemical treatments are recommended. A long term commitment (5+ years) to chemical treatment is required to control many whitetop infestations. The yellow starthistle occurrence was a single plant in the middle of the road near Crutcher Crossing, and it is speculated a seed was dropped from a motor vehicle. Continued inventory for additional sites is highly recommended. Continue inventory, monitoring and treatment of identified noxious weed infestations, for management of public lands in accordance with Idaho State Regulations.",Polygon,Confirmed,"Digitized by BLM field office personnel, method unknown",,39655.00359,39478.97644,,BLM and Cooperators,"Invasion by Cheatgrass, Invasion by non-native annuals, Loss of vegetation, Noxious Weeds, Overgrazing","The noxious weed inventory completed in 2008 and 2009 resulted in the detection of four noxious weed species in the fire perimeter&* yellow starthistle, whitetop, scotch thistle and Canada thistle.  Following the fire a livestock closure was implemented to foster natural recovery and vegetation data was collected to assess progress.",,,,,,55:56:00
Model 21,Nothern Basin and Range,Post-burn herbicide,8684,3108,Implemented,None,2,6/2/1962,6/10/1962,Acres,6270,Herbicide/Weeds/Chemical,Herbicide,Noxious Weeds: Weed Control - Herbicide Application,0,,,,,,,,aerial spray sagebrush to ensure there will be grazing on halogeton infestations and preven spread,,,,Polygon,Confirmed,Not Determined,,12344.47173,12323.17154,The polygon provided is about double the acres of the reported acreage on the completion report,,None,,None,,None,,,40:56:00
Model 21,Nothern Basin and Range,Post-burn herbicide,21337,7810,Implemented,None,2,00/00/1956,00/00/1958,Acres,3000,Herbicide/Weeds/Chemical,Herbicide,Herbicide Application: Brush/Tree Control,0,,,,,,,,,,,,Polygon,Confirmed,"Digitized by BLM field office personnel, method unknown",,3461.980062,3451.691846,,BLM,Unknown,,None,,None,,"Use of 2,4-D estimated, since it was the only aerial herbicide used at the time.",16:38:00
Model 21,Nothern Basin and Range,Post-burn herbicide,25971,9562,Implemented,See Comments,2,8/8/2015,9/4/2017,Acres,65453,Herbicide/Weeds/Chemical,Herbicide,Noxious Weeds: Weed Control - Herbicide Application,0,,,,,,,,"Weed treatments to prevent the spread of invasive and noxious weed species, including invasive\r\nannual grasses (medusahead rye and cheatgrass)","The SW AT crew will make site visits, prioritizing sites with high potential for noxious weed establishment, and treat any small establishing populations with the appropriate approved herbicides. Application of all herbicides will follow given products directions for appropriate application rates (specific to species being targeted). All located populations of noxious\r\nweeds will be recorded (GPS'd and logged into a database) to track effectiveness (see below).","During the FY2015 field season, 65,453 acres of the Riley Field fire\r\nwere sprayed with an aerial application of Imazapic at 6oz/acre in\r\norder to suppress the infestation of medusahead rye, which was,\r\nand is, abundant within the fire perimeter as well as outside. A\r\nbuffer was used to treat areas outside the fire perimeter in order\r\nto prevent reinfestation of the burned area after treatment.\r\nUnfortunately, the initial treatment was only moderately\r\nsuccessful due to weather variables requiring a second treatment\r\nduring the FY16 field season. Between 2016 and 2017, an\r\nadditional 60,000 were treated with imazapic to attempt to\r\nsuppress the medusahead rye.","This fire was originally on the former three-year plan format. Because policy at that time\r\nprohibited weed treatments for ES treatment of invasive annual grasses, this plan was not fully\r\nsuccessful. Having to postpone weed treatments due to on-the-ground conditions of heavy\r\nmedusahead infestations negated most drill seeding opportunities and any success we may\r\nhave had in combating the infestation and establishing desirable vegetation. Due to this, we\r\nopted to proceed under the established three-year plan rather than extend to five years under\r\nthe current plan structure.\r\nWe were able to utilize other funds outside of ESR to do our initial weed treatments necessary\r\nthe first fall after the fire (2015); however, those treatments were not as successful as hoped\r\nand were reapplied in 2016 in the areas deemed most likely to recover naturally due to\r\nremnant native and desirable perennial bunchgrasses and forbs.\r\nThe Environmental Assessment for the Riley Field ESR Plan was included with the combined\r\nBuzzard Complex EA. This EA was completed jointly between the Burns and Vale Districts which\r\nleft both Districts vulnerable to appeal and litigation on a larger scale. Additionally, because of\r\ndiffering resource priorities, the EA, with signed FONSI and DR, was more confusing than most\r\nESR EAs. I would recommend NOT doing joint ESR EAs or ESR Plans for this reason.\r\nAs stated above, in 2014 weed treatments for invasive annual grasses were not an Emergency\r\nStabilization priority and considered a pre-existing condition, which lead to less funding for the\r\ntreatments in, BAR. The Riley Field fire occurred in one of the most heavily infested\r\nmedusahead areas on the Burns District. The best time to treat this invasive annual grass, based\r\non research by the Burns USDA-ARS (research plots which were actually burned in the fire), is\r\nimmediately following fire, before the soil seed bank has a chance to germinate in the fall.\r\nUnfortunately, we were unable to conduct these treatments in a timely fashion we determined\r\nthat we\u2019d missed the windows for both aerial and drill seeding within most of designated\r\ntreatment areas.\r\nField season 2016 left us with no extra staff to conduct monitoring; however, in one year, and a\r\ndrought year, there were no significant changes in vegetation from 2015.",Polygon,Confirmed,"Digitized by BLM field office personnel, method unknown",,49502.08,47255.37,,Contractor,"Invasion by cheatgrass, Invasion by non-native annuals, Invasive species","Prevent the spread of invasive and noxious weed species, including invasive\r\nannual grasses (medusahead rye and cheatgrass).",None,,None,,,58:47:00
Model 21,Nothern Basin and Range,Post-burn herbicide,27026,9947,Implemented,Unknown,2,10/24/2014,10/8/2015,Acres,127700,Herbicide/Weeds/Chemical,Herbicide,Noxious Weeds: Weed Control - Herbicide Application,0,No seed list,,,,,,,"The fire caused mortality of desirable perennial plants which created new open habitats for noxious weeds to expand into. Noxious weed infestations provide unstable and poor quality habitat for sagebrush steppe obligate plant and wildlife species. The objectives of noxious weed treatment and inventory is to continue treating previously known infestation sites and identify the spread of noxious and invasive weeds in the burned area. There are identified weeds present in the burned area and if not treated, are expected to increase due to the removal of existing vegetation by the Saddle Draw Fire. Past treatments in the area have been relatively successful, by continuing to inventory and treat infestation known and new\r\nsites the frequency of noxious weeds is expected to be reduced.\r\nIn the 2012 Long Draw fire, for example, Scotch thistle rosettes were still green two weeks after the ignition date of the fire and dead looking stalks were sprouting new limbs with all buds and rush skeletonweed had resprouted and was blooming within eight weeks of being burned over by fire. Disturbances caused by fireline construction and other control\r\nactions create niches where weeds can readily establish and dominate.","Weed treatments will be focused on known sites and limiting establishment of new sites in the fire area. Scotch thistle, bull thistle, Canada thistle, Russian knapweed, spotted knapweed, diffuse knapweed, perennial pepperweed, whitetop species, and halogeton are located within the burn area. Dalmatian toadflax has been identified and treated in the Hwy.\r\n78 corridor at the west edge of the fire. Rush skeletonweed (Chondrilla juncea) was reported, but not confirmed, during fire control activities. Small populations of invasive and/or noxious annual grasses have been identified within native, perennial plant communities. These existing small populations can out-compete fire-stressed natives and become the dominant vegetation following wildfires.\r\nNoxious weeds and invasive plants are most abundant along roads in the fire area. Thus, weed treatments will be focused along roads. Disturbances along roads are natural conduits for noxious and invasive weeds and grasses. They are easily spread along existing roads and especially dozer and grader lines, eventually making their way into the interior rangeland.\r\nNoxious weed inventory and treatment would help to control existing populations, help discover new populations, and reduce the risk of further establishment of noxious weeds. Every Standard Operating Procedure that are part of our H-9011, 9015, 9220 manuals and in Appendix A of OR Veg EIS ROD, as well as safety and range manuals, that pertain to weed treatment and management will be adhered to. The Weed Program is directed to consider every one for every site, except maybe the aerial ones if we are doing ground treatments and vice versa.\r\nAerial invasive grass treatments with imazapic, chlorsulfuron or clopyralid along existing roads as well as identified blocks within the burned area would be done in the first proper biological window, preferably fall of 2014, to curtail its expansion. Ground treatment on the known sites of noxious weeds would occur within first proper biological/environmental\r\nwindows, following the fire (FY15). In years two (FY 2016) and three (FY 2017), the noxious and invasive weeds/grasses inventory, monitoring, and treatment would be included as a rehabilitation treatment. The Vale District is currently working on the NEPA to authorize the use of imazapic, chlorsulfuron or clopyralid.\r\nThere are currently only four herbicides that the BLM is authorized to use in Oregon. Of those, picloram, 2,4-D and dicamba or a combination of the three will be used on the broad leaved species on upland sites. In riparian areas, there can be no picloram used, so that leaves 2,4-D and dicamba according to label; near water, we have to resort to glyphosate.\r\nRates of application from OR Veg EIS ROD, Table 1, pg 11, maximum: 2,4-D 1.9 lbs/ac; dicamba 3 lbs/ac; glyphosate 7 lbs/ac; picloram 1 lb/ac. Chemical treatments would be applied following Best Management Practices (BMPs) and Standard Operating Procedures (SOPs) as outlined in the Record of Decision (ROD) for Vegetation Treatments Using Herbicides on BLM Lands in Oregon (2010). Selected herbicide, rates, timing, etc., will vary for each site and each treated species and will be\r\napplied according to individual label instructions. Imazapic, chlorsulfuron or clopyralid would be applied using the best science available, utilizing Agricultural Research Service (ARS) knowledge, research and documentation; working with chemical representatives familiar with local treatments; and, according to label.\r\nChemical treatment of invasive grasses and noxious weed populations, closing the area to livestock and seeding competitive perennial grasses would reduce the likelihood of their spread to new unoccupied areas and help to re-establish higher quality vegetation. Noxious weeds also threaten adjacent private range and agricultural lands. Furthermore, noxious\r\nweed infestations have little to no value to wildlife, wild horses or livestock and are considered one of the greatest threats to loss of sage grouse habitat.",The fire area was inventoried in the fall of 2014 and throughout the\r\nsummer of 2015. Noxious weeds were treated with Imazapic along\r\nboth sides of Crowley-Riverside road and several other areas of\r\nhigh infestation,None,Polygon,Confirmed,"Digitized by BLM field office personnel, method unknown",5/10/2021,23193.13,22336.19,GIS is inconsistent with planned acreages.,BLM and Cooperators,Noxious weeds,Noxious weeds.,None,,None,,There is a discrepancy between the acres reported treated in the Summary Report and the treatment acres of the GIS obtained from the BLM.,12:22:00
Model 21,Nothern Basin and Range,Post-burn herbicide,27197,10009,Implemented,None,2,6/3/1960,6/13/1961,Acres,5700,Herbicide/Weeds/Chemical,Herbicide,Herbicide Application: Brush/Tree Control,0,,,,,,,,,,"This project was completed in two parts .\r\n1500 acres were sprayed in June of 1960 and 4200 acres were sprayed in June of 1961 .\r\nThe area will be fenced to control livestock. Both high and low volatile 2,4-D was\r\nused. application was at the rate of 2 pounds acid equivalent per acre in water\r\napplied aerially from Stearman Aircraft.",,Polygon,Confirmed,Digitized by LTDL data entry personnel using a confirmed map,6/11/2013,5193.85324,5193.875045,,Contractor,Provide forage for livestock,The purpose of this spray job is to destroy sage brush and liberate the native grass in the area.,None,,None,,,49:49:00
Model 21,Nothern Basin and Range,Post-burn herbicide,30416,11228,Implemented,None,2,00/00/1969,00/00/1969,Acres,3000,Herbicide/Weeds/Chemical,Herbicide,Herbicide Application: Brush/Tree Control,0,,,,,,,,,"This project consists of an aerial application of 2-4,D herbicide over approximately\r\n3000 acres of Federal grazing land in the Stockade Unit. The herbicide Hill be\r\napplied at a concentration of three pounds of acid equivalent per acre.",,,Polygon,Confirmed,"Digitized by BLM field office personnel, method unknown",,2713.988976,2635.872494,,Contractor,"Provide forage for livestock, Provide forage for wildlife, Watershed degradation","The purpose of the project is to release desirable grasses from competing undesirable\r\nshrubs, thereby increasing ground cover. The treatment Hill increase available\r\nforage for livestock and wildlife and improve Watershed protection. This brush control\r\nwill not be fenced because the entire pasture will be rested.",None,,None,,,15:11:00
Model 21,Nothern Basin and Range,Post-burn herbicide,31382,11573,Implemented,None,2,5/17/1966,5/19/1966,Acres,1800,Herbicide/Weeds/Chemical,Herbicide,Herbicide Application,0,,,,,,,,,,"The rate of application on this project was 5 gallons total mix with 2 lb. isocytl ester 2,4-D in 4 2/3 gallons of water. Work was done by Calicopters Inc. Of Stockton, California @ 1.95 acre. A T.B.M. was used to do the spraying. The area was covered by Big Sagebrush with an understory of Sitanion, Poa and some wheatgrass. Part of the spray is a crested wheatgrass seeding which was being invaded by Big Sagebrush.",,Polygon,Confirmed,Digitized by LTDL data entry personnel using a confirmed map,6/19/2013,2215.964184,2215.788738,,BLM,Unknown,,None,,None,,,24:43:00
Model 21,Nothern Basin and Range,Post-burn herbicide,42984,16750,Implemented,Unknown,2,10/22/2016,10/22/2016,Acres,21497,Herbicide/Weeds/Chemical,Herbicide,Noxious Weeds: Weed Control - Herbicide Application,0,No seed list,,,,,,,For the purposes of biotic integrity decrease noxious species by 85-90 percent cover in the fire areas\r\nwithin 1 years.\r\nFor the purposes of biotic integrity decrease invasive annual grass by 90 percent cover in the fire area within 1\r\nyears.,Unknown,Map showing treatment area - Treated w/Imazapic.\r\n\r\nSpray over black resulted in 95+% removal of invasive grasses;\r\nunburned islands were estimated to have at least 85% reduction in\r\ninvasive grasses. Area is prepped for seeding.,Spray over black resulted in 95+% removal of invasive\r\ngrasses; unburned islands were estimated to have at least\r\n85% reduction in invasive grasses. Area is prepped for\r\nseeding.,Polygon,Confirmed,"Digitized by BLM field office personnel, method unknown",,21562.25,21222.95,,Contractor,"Invasion by non-native annuals, Invasive species, Noxious weeds, Seedbed preparation",Noxious species and invasive annual grass.,Unknown,Unknown,Unknown,Unknown,,29:09:00
Model 21,Nothern Basin and Range,Post-burn herbicide,43077,16758,Implemented,See Comments,2,10/5/2016,10/12/2016,Acres,32365,Herbicide/Weeds/Chemical,Herbicide,Herbicide Application,0,No seed list,,,,,,,Aerial Herbicide Application Fall 2016 (FYI 7) Boise BLM,Additional areas will be evaluated for future imazapic treatments.,"Based on adaptive management field assessments (See Part 6, S 13) and confirmed by\r\npreliminary data obtained during USGS monitoring, the following modifications were made\r\nregarding aerial Imazapic applications\r\n3,800 acres of Succor Creek allotment pastures 2, 3 and 4, and Pasture 1 of the Jackson Creek\r\nallotment were retreated because first herbicide application did not meet objectives and it was\r\ndetermined a second treatment was needed prior to the drill seeding. (See maps Appendix D, S5\r\nFY16).\r\n\u2022 8,060 acres of the areas drill seeded in fall of 2015 were treated in the Strodes Basin,\r\nSands Basin, Rockville, Blackstock Springs, Juniper Spring, Stateline, Jackson Creek,\r\nJoint, and Reynolds Creek allotments.\r\n\u2022 Approximately 8,900 acres drill seeded in 2015 were not treated with aerial herbicide in\r\n2016; either drill seedings were progressing adequately without herbicide such that the\r\ntreatment was not deemed necessary (Rockville 1, portions of Blackstock Springs 1,\r\nJuniper Spring 2, 3 and portions of 4, Stateline 1, Shares Basin 2, 6), or the annual grass\r\ncover was deemed too high for aerial herbicide to be successful (Juniper Spring 1 and\r\nSands Basin 4).\r\n\u2022 10,580 acres of the areas aerially seeded with grasses in winter of2016 were treated in\r\nthe Blackstock Springs, Bush Ranch FFR, Jackson Creek, Juniper Spring, Reynolds\r\nCreek, Rockville, Stanford FFR, Stateline, and Succor Creek allotments.\r\n\u2022 10,540 acres on steeper hillsides were treated to reduce annual invasive, release existing\r\nperennials, and open up areas to seed sagebrush. Alkali-Wildcat, Strodes Basin, Sands\r\nBasin, Shares Basin Juniper Spring, Blackstock Spring, Jackson Creek and Succor Creek\r\nallotments.","In 2020 the foliar cover objective for the Spring 2016 Herbicide Treatment was met; mean foliar cover of annual invasive grasses for across all allotments and pastures was 16.2% (Table 8-51). Pastures with greater than 20% annual invasive grass foliar cover had less than 10% large-statured perennial grass foliar cover. In pastures with higher annual invasive grasses, Sandberg bluegrass cover was also below 10%. The one plot within the Wilson pasture of Reynolds Creek Allotment had the highest annual invasive grass foliar cover with 92. 8%, this pasture also had no deep-rooted perennial grasses or Sandberg bluegrass. Within all plots in 2020 in the Spring 2016 Herbicide Treatment area, perennial bunchgrass cover was 17.6%, Sandberg bluegrass foliar cover was 8.6%, perennial forb cover was 2.1%, and shrub cover was 2.0%.\r\nIn 2020 the foliar cover objective for the Fall 2016 Herbicide Treatment was met; mean foliar cover of annual invasive grasses for across all allotments and pastures was 17.2% (Table 8-52). Similar to the Spring 2016 Herbicide Treatment, pastures with higher annual invasive grass cover tended to have lower deep rooter perennial grass and Sandberg bluegrass foliar cover, though the effect was not as pronounced as for the spring treatment. Within all plots in 2020 in the Fall 2016 Herbicide Treatment area, perennial bunchgrass foliar cover was 21.0%, Sandberg bluegrass foliar cover was 12.2%, perennial forb cover was 3.6%, and shrub cover was 2.1%.\r\n///\r\nMonitoring Report 2019: 1. Foliar cover of invasive annual grasses is an average of less than or equal to 20%.\r\nThis treatment objective was met in 2019; mean foliar cover of annual grasses for areas treated with herbicide in spring of 2016 across all allotments and pastures was 12.54, varying from 3.04 to 16.25% (Table 8-45). Pastures treated in the fall of 2016 had a mean foliar cover of annual grasses of 12.93% varying from 0 to 32.66% in 2018 (Table 8-46).\r\nIn 2018 this treatment objective was met; mean foliar cover of annual grasses for areas treated with herbicide in spring of 2016 across all allotments and pastures was 8.06, varying from 0.51 to 14.02% (Table 8-45). Pastures treated in the fall of 2016 had a mean foliar cover of annual grasses of 12.70% varying from 0 to 35.13% in 2018 (Table 8-46). Pastures that in 2017 had high invasive annual grass cover were not monitored in 2018 as the objectives were not met in these areas and were not likely to meet.\r\nIn 2017 the highest annual grass foliar cover was found in Pasture 3 (37%) of Elephant Butte, Pasture 2 (77%) and Pasture 3 (61%) of Hardtrigger, and Pasture 1 (65%) of Reynolds Creek. The herbicide treatment areas within these pastures were along proposed fuel breaks at elevations below 2,600 ft; areas dominated by annual grasses before the fire. These areas also experienced large amounts of annual grass germination prior to the herbicide treatment. This likely resulted in the low amount of annual grass control that was observed in 2016. The remaining areas treated with herbicide were above 3,200 ft elevation. Annual grass foliar cover in these pastures ranged from 0.51% in Pasture 4 of Hardtrigger, which is above 4,200 ft elevation, to 28% in Pasture 2 of Succor Creek, an area that is above 4,500 feet elevation but had high cheatgrass and medusahead cover before the Soda fire.\r\nBased on adaptive management field assessments (Appendix B) that were confirmed by preliminary data obtained from this monitoring, portions of Pastures 2, 3 and 4 of the Succor Creek allotment, and Pasture 1 of the Jackson Creek allotment were retreated with herbicide to control annual grasses during the early fall of 2016 (8-46). These areas were chosen for re-treatment, because the spring herbicide treatment appeared to be ineffective, and they also had adequate densities of perennials on site to compete with annuals or they were scheduled for drill seeding to establish adequate densities of perennials. Areas dominated by invasive annual grasses, such as those mentioned along the proposed fuel break routes, were not considered for re-treatment with aerial herbicide.\r\nWhen herbicide treatment areas were re-visited in 2017 it was observed that some of the areas that appeared to be failures were now showing clear signs of annual grass suppression. The most apparent example was along the fuel breaks within Pastures 2 and 3 of the Hardtrigger allotment. Treated areas had shown no signs of cheatgrass suppression in 2016, but suppression was very apparent in 2017. It is likely that the cheatgrass that had germinated prior to the herbicide application in spring 2016 was too developed to be suppressed by imazapic. However, the imazapic remained active in the soil and was clearly suppressing germination in 2017. It is possible that Jackson Creek Pasture 1 would have exhibit the \u201cdelayed control\u201d however, it was re-treated with imazapic in fall 2016 to ensure a clean seedbed prior to drill seeding in fall 2017.\r\n////\r\nThere were several important findings during inventory the first year post-fire:\r\nSeveral new small infestations ( <0.1 acre) of leafy spurge were found within a 250 acre area near\r\nCow Creek. These sites were immediately treated and will continue to be monitored. No other\r\nlocations of leafy spurge are known to occur. No new invaders (new to the area noxious weed\r\nspecies) were detected in the first year. Inventory provided a baseline of data for post-fire\r\npotential spread of noxious weeds.\r\nThe majority of the rush skeletonweed chemical treatments occurred west of Highway 95 toward\r\nthe state line. Isolated plants were scattered south of Highway 78. Scotch thistle patches were\r\nassociated with ponds and springs. Perennial pepperweed was noted in Dry and Sage Creek\r\ndrainages. Whitetop was found east of Highway 95 from mile marker 3-7 and in the Reynolds\r\nCreek area. Leafy spurge was noted east of Highway 95 near Succor Creek. Diffuse knapweed\r\nwas found at the old gravel pit near Highway 95 at mile marker 7 and Russian knapweed was\r\nfound at the bottom of the Poison Creek grade.\r\nRe-inventory and monitoring completed throughout 2017 showed chemical treatments completed\r\nin 2015 and 2016 were effective in most locations especially on small, new infestations.\r\nHerbicide efficacy is a function of timing and environmental conditions. Many treatments were\r\nvery effective at controlling that year's growth however the large amount of moisture during the\r\nfall, winter and spring led to ideal growing conditions for some species, especially plants that\r\ngerminated in the fall or the spring from an established ""seed bank"" like diffuse knapweed and\r\nscotch thistle. This led to a significant increase in the number of plants especially in areas\r\nwhere relatively few plants had been observed before. These ideal growing conditions were also\r\nvery favorable for deep rooted perennial species such as whitetop, perennial pepperweed and\r\nRussian knapweed. Overall, chemical treatment has been very effective however many\r\ninfestations still persist and will need continued treatment to maintain control.\r\n\r\nFollowing the all 2016 herbicide application the medusahead was controlled resulting in areas of bare ground.",Polygon,Confirmed,"Digitized by BLM field office personnel, method unknown",,32297.75,31447.78,,Contractor,"Invasion by cheatgrass, Invasion by non-native annuals, Invasive species, Noxious weeds","S5/R5 Inventory and Chemical Treatment-Noxious and Invasive Weeds.\r\nNoxious weeds are present in the burned area. Noxious weeds are now recognized worldwide as posing threats to\r\nbiological diversity, second only to direct habitat loss and fragmentation. Noxious weeds are known to alter\r\necosystem functions such as nutrient cycles, hydrology, and wildfire frequency; out-compete and exclude native\r\nplants and animals; and to hybridize with native species. The presence and abundance of noxious weeds in an\r\necosystem is highly dynamic subject to changes in the local environment (Whitson, T.D., et al. 1992, Cal-Ipc,\r\n2007). All natural communities are susceptible to invasion by noxious weeds.",,,,,"Boise District Office\r\nImazapic: 6 oz./ac\r\nMethylated seed oil: 24 oz./ac\r\nWater: minimum 2 gallons per acre vol, but not to exceed label\r\nMaximums",01:37:00
Model 21,Nothern Basin and Range,Post-burn herbicide,43099,16758,Implemented,See Comments,1,9/1/2016,9/30/2016,Acres,19969,Herbicide/Weeds/Chemical,Herbicide,Herbicide Application,0,No seed list,,,,,,,"The objective of the weed treatments is to prevent the increase of existing weed populations\r\nand the establishment of additional noxious weed species within the burn area until\r\ndesirable vegetation can re-establish. Initial treatment should kill and/or control from\r\n80-90% of targeted weed populations, depending upon the type of weed and/or density of\r\nthe infestation. Retreatment by spot spraying on remaining weeds will also be completed\r\nunderR5.",Unknown,"During the following September, in 2016, an additional 19,969 acres were aerially treated with\r\nImazapic in the ongoing effort to reduce invasive annual grasses and other noxious weeds. The application rate for both\r\napplications was 6 oz. per acre. Because both herbicide applications were applied with FY16 funds, the applications will\r\nbe described by calendar year.","1. In 2017, mean foliar cover of invasive annual grasses for areas treated with herbicide in the fall of 2015 was\r\n12.52% (Table 8-5). The McBride Creek pasture in the Rockville allotment had the highest invasive annual\r\ngrass cover (24.54%). Nearly all of the fall 2015 herbicide application was drill seeded in the fall of 2016. Prefire\r\nthese areas likely had relatively high invasive grass annual cover. It appears that the herbicide treatment is\r\ncontinued to affect annual grass germination into 2017, and the invasive grass cover has remained below 20% in\r\na majority of the treated area.\r\n\r\nIn 2017, mean foliar cover of invasive annual grasses for areas treated with herbicide in fall of 2016 was\r\n20.30% (Table 8-6). The Antelope pasture in the Board Corrals allotment had the greatest annual grass cover\r\n(28.31 % ) of all the pastures treated in the fall of 2016. Pre-fire invasive grass cover was likely variable with\r\ncover varying with elevation, aspect, topography and historic land use. Invasive annual grasses in the areas\r\ntreated with herbicide in the fall of 2016, had a growing season (plus a fall season) to germinate after the fire\r\nand prior to the first treatment. As per common BLM foliar cover sampling methods, standing dead vegetation\r\nis included in the total foliar cover. For this reason, the foliar cover in 2017 may include some standing dead\r\nvegetation from spring 2016 germination. Although the treatment total for the fall 2016 herbicide treatment\r\nexceeds the maximum stated in the objective, there may still be an opportunity for cover to decrease through\r\ncontinued suppression of germination and detachment of invasive annual grass stems.",Polygon,Confirmed,"Digitized by BLM field office personnel, method unknown",1/1/1900 0:00,19986.75336,19903.49254,,BLM and Cooperators,"Invasion by non-native annuals, Noxious weeds",Noxious weeds or invasive annual grass.,,,,,Vale District Office,52:53:00
Model 21,Nothern Basin and Range,Post-burn herbicide,43100,16758,Implemented,See Comments,2,10/1/2017,10/9/2017,Acres,10400,Herbicide/Weeds/Chemical,Herbicide,Herbicide Application,0,No seed list,,,,,,,"The objective of the weed treatments is to prevent the increase of existing weed populations\r\nand the establishment of additional noxious weed species within the burn area until\r\ndesirable vegetation can re-establish. Initial treatment should kill and/or control from\r\n80-90% of targeted weed populations, depending upon the type of weed and/or density of\r\nthe infestation. Retreatment by spot spraying on remaining weeds will also be completed\r\nunder R5.",Unknown,"Treated a total of 10,400 with combination of FY16 acres","1. In 2017, mean foliar cover of invasive annual grasses for areas treated with herbicide in the fall of 2015 was\r\n12.52% (Table 8-5). The McBride Creek pasture in the Rockville allotment had the highest invasive annual\r\ngrass cover (24.54%). Nearly all of the fall 2015 herbicide application was drill seeded in the fall of 2016. Prefire\r\nthese areas likely had relatively high invasive grass annual cover. It appears that the herbicide treatment is\r\ncontinued to affect annual grass germination into 2017, and the invasive grass cover has remained below 20% in\r\na majority of the treated area.\r\n\r\nIn 2017, mean foliar cover of invasive annual grasses for areas treated with herbicide in fall of 2016 was\r\n20.30% (Table 8-6). The Antelope pasture in the Board Corrals allotment had the greatest annual grass cover\r\n(28.31 % ) of all the pastures treated in the fall of 2016. Pre-fire invasive grass cover was likely variable with\r\ncover varying with elevation, aspect, topography and historic land use. Invasive annual grasses in the areas\r\ntreated with herbicide in the fall of 2016, had a growing season (plus a fall season) to germinate after the fire\r\nand prior to the first treatment. As per common BLM foliar cover sampling methods, standing dead vegetation\r\nis included in the total foliar cover. For this reason, the foliar cover in 2017 may include some standing dead\r\nvegetation from spring 2016 germination. Although the treatment total for the fall 2016 herbicide treatment\r\nexceeds the maximum stated in the objective, there may still be an opportunity for cover to decrease through\r\ncontinued suppression of germination and detachment of invasive annual grass stems.",Polygon,Confirmed,"Digitized by BLM field office personnel, method unknown",1/1/1900 0:00,10398.8898,10398.45586,,Contractor,"Invasion by non-native annuals, Noxious weeds",Noxious weeds or invasive annual grass.,Unknown,Unknown,Unknown,Unknown,Vale District Office,05:50:00
Model 21,Nothern Basin and Range,Post-burn herbicide,50868,20533,Implemented,Unknown,2,10/8/2017,10/8/2017,Acres,3486.37,Herbicide/Weeds/Chemical,Herbicide,Noxious Weeds: Weed Control - Herbicide Application,0,No seed list,,,,,,,"The objective of the weed treatments is to prevent the increase of existing weed populations and the\r\nestablishment of additional noxious weed species within the burn area until desirable vegetation can re-establish.\r\nInitial treatment should kill and/or control from 80-90% of targeted weed populations, depending upon the type of\r\nweed and/or density of the infestation.","Aerial Herbicide Treatment (see Herbicide Treatment Map). One aerial application of imazapic herbicide to reduce the threat of invasive annual grasses pose to priority greater sage-grouse habitat. The aerial herbicide application would be applied on the entire 1,432 acres of the burned area. Imazapic would be applied at a six ounce per acre rate and include appropriate adjuvants.","Aerial Herbicide Application completed in October 08, 2017\r\n(FY18).","ESR Monitoring report FY22\r\nAerial Herbicide (Treatment S5)\r\nIn FY 2018 monitoring the aerial herbicide site, there was 0.4% invasive annual grasses, 9.1% deep-rooted perennial grasses and 16.7% Sandberg bluegrass (Table 7-2). The plots had a density of 1.73 plants per m2 and median basal diameter of 1.97 (Table7-1). Though the plots lacked the objective percentage of DRPGs, there is an established percentage of shallow-rooted bunchgrasses that provide forage for grazing. Further monitoring of these sites is required to determine the effectiveness of the treatment.\r\nIn FY 2019 monitoring the aerial herbicide site, there was 2.2% invasive annual grasses, 21.1% deep-rooted perennial grasses and 20.2% Sandberg bluegrass (Table 7-2). The plots had a density of 2.38 plants per m2 and median basal diameter of 1.57 (Table7-1). The plots meet the objective percentage of DRPGs for successful natural recovery but fail to meet objectives for density and median basal diameter.\r\nIn FY 2022 monitoring the aerial herbicide site, there was 7.1% invasive annual grass cover, 10.2% deep-rooted perennial grass cover, and 12.2% Sandberg bluegrass (Table 7-2). The plots had a density of 3.6 plants per m2 including seedlings and median basal diameter of approximately 0.5 - 2 inches (Table7-1). Since monitoring in 2019, DRPG cover fell to roughly half the 2019 value, no longer meeting the 20% cover objective. DRPG density has exceeded the original objective of three plants per square-meter, but basal diameter has not noticeably increased since 2019. Reduction of DRPG cover may have been due to the increase of invasive annual grasses. 2021 was a drier than normal year, impacting the establishing DRPG population.\r\nInvasive annual grass cover has increased by 5% in 2022 and medusahead was detected for the first time in the Hawk fire boundary. Shallow-rooted bunchgrass cover has consistent since 2019. 2022 monitoring found that roughly half of this cover is made up of bulbous bluegrass (Poa bulbosa), a nonnative perennial grass with low forage value following early spring. Increases in bulbous bluegrass may be responsible for the loss of Sandberg bluegrass.",Polygon,Confirmed,"Digitized by BLM field office personnel, method unknown",None,3486.37,3481.04,,Contractor,"Establishment of seeded species, Loss of native vegetation, Loss of perennials, Invasive species, Noxious weeds",Prevent the increase of existing weed populations and the\r\nestablishment of additional noxious weed species within the burn area until desirable vegetation can re-establish.,Unknown,No documentation.,Unknown,No documentation.,"Only 1,432 treatment acres were reported as completed under the ESR for this fire at a funded cost of $39,585 but the Layer exported from the BLM public access treatment layer shows the entire fire area and the areas outside of the perimeter being treated.",55:32:00
Model 21,Nothern Basin and Range,Post-burn herbicide,50870,20534,Implemented,See Comments,1,10/00/2017,10/00/2017,Acres,6152,Herbicide/Weeds/Chemical,Herbicide,Noxious Weeds: Weed Control - Herbicide Application,0,No seed list,,,,,,,"The objective of the weed treatments is to prevent the increase of existing weed populations and the\r\nestablishment of additional noxious weed species within the burn area until desirable vegetation can re-establish.\r\nInitial treatment should kill and/or control from 80-90% of targeted weed populations, depending upon the type of\r\nweed and/or density of the infestation. Retreatment by spot spraying on remaining weeds will also be completed\r\nunder R5.","Ground survey and treatments will occur in spring and summer of\r\n2018 (FY18).\r\nAerial monitoring of the imazapic treatments/survey. Photos and\r\nvideo looked successful. ESR team conducted a site visit and came\r\nto the same conclusions.\r\nUnfunded by ESR\r\n\r\nAerial Herbicide Treatment (see Herbicide Treatment Map). One aerial application of imazapic herbicide to reduce the threat of invasive annual grasses pose to priority greater sage-grouse habitat. The aerial herbicide application would be applied on the entire 6,152 acres of the burned area. Imazapic would be applied at a six ounce per acre rate and include appropriate adjuvants.",Aerial Herbicide Application completed in October 2017 (FY18)\r\nwith FY17 funds.,"Aerial monitoring of the imazapic treatments/survey. Photos and video looked successful. ESR team conducted a site visit and came to the same conclusions. \r\nESR Monitoring Report FY22\r\nAerial Herbicide:\r\nIn FY 2018 monitoring the aerial herbicide site, there was 1.8% invasive annual grasses, 2.2% deep-rooted perennial grasses and 17.3% shallow-rooted bunchgrasses (Table 7-2). The plots showed a median basal diameter 3 inches and a density of 1.44 plants per m2 (Table 7-1). Though the site lacked a high percentage of DRPGs, there is an established percentage of shallow-rooted bunchgrasses, such as Sandberg bluegrass, that provide forage for grazing. Further monitoring of these sites is required to determine the effectiveness of the treatment.\r\nIn FY 2019 monitoring the aerial herbicide site, there was 19.2% invasive annual grasses, 7% deep-rooted perennial grasses and 21.8% shallow-rooted bunchgrasses (Table 7-2). The plots showed a median basal diameter of 3 inches and a density of 1.3 plants per m2 (Table 7-1). Though the site lacked a high percentage of DRPGs, there is an established percentage of shallow-rooted bunchgrasses that provide forage for grazing.\r\nIn FY 2022 monitoring the aerial herbicide site, there was 25.8% invasive annual grasses, 8.4% deep-rooted perennial grasses and 7.8% shallow-rooted bunchgrasses (Table 7-2). The plots showed a median basal diameter of 2.5 - 4 inches and a density of 2.2 plants per m2 (Table 7-1). Though the site lacked a high percentage of DRPGs, there is an established percentage of shallow-rooted bunchgrasses that provide forage for grazing.\r\nThe subsequent years following the fire showed an increase of invasive annual grasses from 1.8% to 25.8% cover. There was a decrease of shallow-rooted bunchgrasses by 9.5%. The monitoring in FY 2022 showed deep-rooted perennial grasses increased by 6.4%. The median basal diameter between the subsequent years remained constant, while the density of plants per m2 increased by 0.66 plants to a total of 2.2 plants/m2. Since monitoring in 2018, five species of non-native forbs were detected including: yellow salsify (Tragopogon dubius), clasping pepperweed (Lepidium perfoliatum), Russian thistle (Salsola tragus), spring draba (Draba verna), and tall tumble mustard (Sisymbrium altissimum).",Polygon,Confirmed,"Digitized by BLM field office personnel, method unknown",None,6094.2,6094.2,,Contractor,"Invasive species, Noxious weeds, Brush control, Habitat productivity, Habitat quality, Hazardous fuels accumulation, Hazardous fuels reduction",To prevent the increase of existing weed populations and the\r\nestablishment of additional noxious weed species within the burn area until desirable vegetation can re-establish.,Unknown,No documentation.,Unknown,No documentation.,,52:02:00
Model 21,Nothern Basin and Range,Post-burn herbicide,52495,16811,Implemented,Unknown,2,9/13/2017,9/29/2017,Acres,26512,Herbicide/Weeds/Chemical,Herbicide,Herbicide Application,0,No seed list,,,,,,,For the purposes of biotic integrity decrease noxious species by 85-90 percent cover in the fire areas within 1 years.\r\nFor the purposes of biotic integrity decrease invasive annual grass by 90 percent cover in the fire area within 1 years.,"Aerial Herbicide Treatment. Apply one aerial application of imazapic herbicide to reduce the threat of invasive annual grasses pose to greater sage-grouse habitat. The aerial herbicide application would be applied in the Fall of 2017 on 30,619 acres of the burned area. Imazapic would be applied at an eight ounce per acre rate and include appropriate adjuvants.","Aerial application of imazapic was completed fall 2017.\r\n\r\nTreatment completed with 2017 funds, although planned for 2018 money was\r\nprovided 4th quarter of FY17 and obligated to a herbicide IDIQ late FY17. Treatment\r\neffectiveness will be monitored in FY18.","Weather following after the treatment: There was an aerial\r\nherbicide application done in the fall of 2017, towards the end of the month of September. The fall of 2017 was\r\naverage in regard to precipitation and any impact to the herbicide treatment would be negligible.",Polygon,Confirmed,"Digitized by BLM field office personnel, method unknown",3/15/2021,30701.49,30534.23,,Contractor,"Habitat quality, Habitat productivity, Loss of desirable species, Noxious weeds, Invasion by non-native annuals, Invasive species",Biotic integrity.,,,,,,48:50:00
Model 21,Nothern Basin and Range,Post-burn herbicide,52894,20964,Implemented,See Comments,2,10/9/2018,10/15/2018,Acres,7067,Herbicide/Weeds/Chemical,Herbicide,Herbicide Application,0,,,,,,,,To inventory and treat infestations of new noxious weeds for the management of the public lands.,"The BLM ELFO has identified approximately 7,100 ac within the fire perimeter to treat with herbicide to control establishment and spreading of cheatgrass (Bromus tectorum) and medusahead (Taeniatherum caput-medusae). If untreated, these annual weeds result in land degradation because they outcompete native grasses, deteriorate soil structure, and increase fuel load for greater fire frequency. Due to the remote location of the Parsnip fire, the BLM ELFO plans to accomplish this treatment through an aerial herbicide application, and specifically the use of lmazapic, which is approved for application on SLM-administered public lands outside of California.","BLM weed specialists ground surveyed the area to identify\r\nnoxious weeds for control. Primary areas that were surveyed\r\nincluded: roads, springs, dozer lines, and drainages.\r\n\r\nThe one acre Scotch thistle was treated by ELFO weeds crew.\r\n\r\n7,067 acres were treated under contract by Macy\u2019s flying service\r\n10/9/2018 through 10/15/2018.","2018 - Weeds and Seedling Monitoring Narrative:\r\nFrom October of 2017 to June of 2018, 6 days and 120 labor hours were devoted to noxious\r\nweed inventory in the 2017 Parsnip Fire area in preparation for the Parsnip aerial herbicide\r\ncontract (Map 2). 7,067 acres were identified within the Parsnip fire boundary (NV lands) that\r\nhad a high risk of recovering with the majority of the vegetation being invasive annual grasses.\r\nThe aerial herbicide contract started 10/09/2018 and was completed 10/16/2018 by Macy\u2019s\r\nFlying Service.",Polygon,Confirmed,Digitized by LTDL data entry personnel using a confirmed map,2/20/2020,7059.01,7054.91,,BLM and Cooperators,"Invasion by cheatgrass, Invasion by non-native annuals, Invasive species, Noxious weeds",Cheat grass was found to be the most invasive and abundant\r\nspecies. A one acre Scotch thistle infestation which is an \u201cA\u201d\r\nrated noxious weeds was found. (see map),,,,,,21:52:00
Model 21,Nothern Basin and Range,Post-burn herbicide,52969,20977,Implemented,Unknown,2,6/27/2019,6/27/2019,Acres,3103,Herbicide/Weeds/Chemical,Herbicide,Noxious Weeds: Weed Control - Herbicide Application,0,,,,,,,,"The objective for the first growing season is to conduct an inventory of the burn area and treat any noxious weeds discovered on the burn area. The objective for the second and third years is to decrease the acreage needing treatment as determined by the first year inventory.\r\nDiffuse knapweed, scotch thistle, and rush skeleton weed are the primary weeds of concern in the burn area. It is expected that these weeds would expand their range as a result of the fire.  Since these weed species are not uniformly distributed across the burn area a quantifiable objective cannot be determined until the first year inventory occurs.",Spot herbicide spraying is be proposed under rehabilitation to suppress the expansion of these weeds.,"This project consisted of spraying noxious weeds in the Berger Butte project area.  The main noxious weeds found throughout the area consisted of scotch thistle.  The scotch thistle found were found along a fence line on the north end of the project area.  The spots were treated with proper chemical and the necessary action was taken to slow down the spread of these plants. Do to the fact that we found mostly rosettes we are expecting to find more plants in the 2020 project site.\r\nThe individuals involved in the treatment of this 4,000 acre area consisted of Jim Shockey, and Jeff Miller.  These individuals used UTV\u2019s with chemical spraying equipment attached to the back of each machine and backpack sprayers and a pickup truck with a spray tank. The chemicals used for control included Milestone, Picloram, 2-4D, Telar XP and the surfactant Spreader 90. The weeds organization used global positioning satellites to track their findings.  The Berger Butte project weed treatment was completed on June 27, 2019.",Unknown,Polygon,Confirmed,"Digitized by LTDL data entry personnel, merged map from various sources",3/2/2020,3104.9,3104.89,,BLM,"Noxious weeds, Establishment of seeded species, Erosion, Forage for livestock, Loss of perennials, Loss of native species, Loss of native vegetation, Loss of vegetation","Diffuse knapweed, scotch thistle, and rush skeleton weed are the primary weeds of concern in the burn area. It is expected that these weeds would expand their range as a result of the fire.  Since these weed species are not uniformly distributed across the burn area a quantifiable objective cannot be determined until the first year inventory occurs. \r\nThe objective for the first growing season is to conduct an inventory of the burn area and treat any noxious weeds discovered on the burn area. The objective for the second and third years is to decrease the acreage needing treatment as determined by the first year inventory.",Unknown,,Unknown,,Treatment code S5/R5,08:36:00
Model 21,Nothern Basin and Range,Post-burn herbicide,52981,20978,Implemented,Unknown,2,7/9/2019,7/11/2019,Acres,11064,Herbicide/Weeds/Chemical,Herbicide,Noxious Weeds: Weed Control - Herbicide Application,0,,,,,,,,"Diffuse knapweed, scotch thistle, and rush skeleton weed are the primary weeds of concern in the burn area. It is expected that these weeds would expand their range as a result of the fire.  Since these weed species are not uniformly distributed across the burn area a quantifiable objective cannot be determined until the first year inventory occurs.  \r\nThe objective for the first growing season is to conduct an inventory of the burn area and treat any noxious weeds discovered on the burn area. The objective for the second and third years is to decrease the acreage needing treatment as determined by the first year inventory.",This project consisted of spraying noxious weeds in the Conner Fire project area.  The main noxious weeds found throughout the area consisted of scotch thistle and sow thistle. The scotch thistle and sow thistle were found along the along the roads running through the fire.,"The spots were treated with proper chemical and the necessary action was taken to slow down the spread of these plants. The individuals involved in the treatment of this 11,057 acre area consisted of Jim Shockey, and Jeff Miller.  These individuals used UTV\u2019s with chemical spraying equipment attached to the back of each machine and backpack sprayers. The chemicals used for control included Milestone, Picloram, 2-4D, Telar XP and the surfactant Spreader 90. The weeds organization used global positioning satellites to track their findings.  The Conner Fire   project weed treatment was completed on July 11, 2019.",Unknown,Polygon,Confirmed,"Digitized by LTDL data entry personnel, merged map from various sources",3/3/2020,13625.04,11073.63,,BLM,Noxious weeds,This project consisted of spraying noxious weeds in the Conner Fire project area.,Unknown,,Unknown,,,09:41:00
Model 21,Nothern Basin and Range,Post-burn herbicide,53226,20479,Implemented,Unknown,2,9/14/2018,9/16/2018,Acres,7592,Herbicide/Weeds/Chemical,Herbicide,Noxious Weeds: Weed Control - Herbicide Application,0,No seed list,,,,,,,Unknown,Unknown,"The application on this project consisted of aerial spraying imazapic on a block of 7,592 acres. The imazapic was applied at a rate of 8 ounces per acre. The treatment was done with 3.0 gallons of water per acre on all areas, along with a surfactant. The surfactant was added at a rate of 32 ounces for every 100 gallons of water. The project was started on 09/14/2018 and completed on 9/16/2018.\r\nThe Contractor was Crop Jet Aviation, LLC of Gooding, Idaho and the contractor representative was George Parker. The contractor used 3 fixed wing planes to apply the herbicide. The contract cost for the application was $9.58 per acre. All chemicals and surfactant was purchased and supplied by the Contractor.",Unknown,Polygon,Confirmed,"Digitized by BLM field office personnel, method unknown",None,7416,7416,,Contractor,"Invasive species, Livestock in treated area, Loss of desirable species, Loss of perennials, Loss of sagebrush, Noxious weeds, Vegetal cover",Unknown,Unknown,,Unknown,,This treatment is not included in the BAR or in the monitoring summaries,42:16:00
Model 21,Nothern Basin and Range,Post-burn herbicide,53237,20480,Implemented,Unknown,2,9/14/2018,9/17/2018,Acres,7740,Herbicide/Weeds/Chemical,Herbicide,Noxious Weeds: Weed Control - Herbicide Application,0,,,,,,,,Treat areas containing noxious weeds and invasive plants,Application will be at a rate of 8 ounces/acre of\r\nimazapic. Diluent (water) will be at the three (3) gallon rate.\r\nAdjuvant will need to be added at a rate of 32 ounces for every 100 gallons of diluent\r\n(water).\r\nCoverage - The entire surface within the designated boundaries of the project area shall\r\nreceive uniform coverage with the herbicide except for areas excluded by the\r\nGovernment.,"The application on this project consisted of aerial spraying imazapic on a block of 7,740 acres.\r\nThe imazapic was applied at a rate of 8 ounces per acre. The treatment was done with 3.0\r\ngallons of water per acre on all areas, along with a surfactant. The surfactant was added at a rate\r\nof 32 ounces for every 100 gallons of water. The project was started on 09/14/2018 and\r\ncompleted on 9/17/2018.\r\nThe Contractor was Crop Jet Aviation, LLC of Gooding, Idaho and the contractor representative\r\nwas George Parker. The contractor used 3 fixed wing planes to apply the herbicide. The\r\ncontract cost for the application was $9.58 per acre. All chemicals and surfactant were\r\npurchased and supplied by the contractor.\r\nApplication Cost: $29,334.60\r\nChemical Cost: $44,824.28 (imazapic & surfactant)\r\nTotal Contract Cost: $74,158.88",Unknown,Polygon,Confirmed,"Digitized by BLM field office personnel, method unknown",None,7650.65,7650.65,,Contractor,"Habitat productivity, Habitat quality, Invasive species, Livestock in treated area, Loss of perennials, Loss of sagebrush, Loss of native species, Noxious weeds, Vegetal cover","Without a larger-scale cheatgrass and noxious weed control effort, cheatgrass and noxious weeds\r\n(rush skeletonweed and diffuse knapweed) will significantly increase and expand, negatively\r\naffecting sage-grouse and big game habitat and livestock forage capabilities. If a larger-scale\r\nemergency treatment is not implemented the economic impact to natural resources and the local\r\neconomy will be significant. The costs to suppress noxious weeds increases exponentially after a\r\nsignificant expansion has occurred.",Unknown,,Unknown,,This fall treatment is not listed in the Monitoring plan,09:53:00
Model 21,Nothern Basin and Range,Post-burn herbicide,54009,21213,Implemented,See Comments,1,9/21/2018,12/21/2018,Acres,9904,Herbicide/Weeds/Chemical,Herbicide,Herbicide Application,0,,,,,,,,"The objective of this treatment is to aerially apply Imazapic (an herbicide) on\r\napproximately 9,904 acres to target cheatgrass populations.","Spray imazapic (commonly known as 'Plateau') on approximately 9,904 acres in the fall of 2018 and approximately 20,705 acres in the fall of 2019. Although the majority of the burned area for Martin Fire East had low densities of cheatgrass, it was present in the surrounding vegetation (primarily previously burned areas) and a major component in the eastern edge of the fire. If fall cheatgrass germination occurs prior to imazapic treatment it may be necessary to include glyphosate in this treatment. This would ensure that annual grasses are controlled, even after germination.\r\n\r\nFall 2018: Fourmile & Chimney Creek Pastures\r\nApproximately 5,174 acres of the burned area in the Fourmile and Chimney Creek pastures would be\r\ntreated with imazapic in the fall of 2018.\r\n\r\nFall 2018: Imazapic Treatment for New/Existing Fuel Breaks\r\nApproximately 4,730 acres of the burned area in the Dry Creek, Fourmile, and Chimney Creek\r\npastures would be treated with imazapic in the fall of 2018. This treatment would target existing\r\nfuelbreaks and areas in the Chimney Creek Pasture along existing roads where cheatgrass is more\r\nlikely to invade.",Imazapic was applied to these plots in the Fall of 2018.,"2019: Native recovery of perennial grasses on\r\nthe sites is evident and frequently consisted of Sandberg\u2019s bluegrass (Poa secunda).\r\n\r\nCover: Average foliar canopy cover was moderately high (33.1%). The species with the highest\r\ncover was Sandberg\u2019s bluegrass (Poa secunda) at 20.9%. Wyoming big sagebrush (Artemisia\r\ntridentata ssp wyomingensis) and thickspike wheatgrass (Elymus lanceolatus) had the second\r\nand third highest cover (3.3% and 2.7% respectively). Perennial grasses exceed all functional\r\ngroups in cover. Annual grass (cheatgrass) cover was exceptionally low at 2.4% indicating the\r\nsuccess of the application of Imazapic to these plots.\r\nGaps and Erosion:\r\nMartin Plots EM 12 and EM18 are located in a Rangeland Loamy 8-10\u201d P.Z. ecosite\r\n(R025XY019NV) in a former / Artemisia tridentata ssp. wyomingensis / Achnatherum thurberianum \u2013\r\nAchnatherum hymenoides ( / Wyoming big sagebrush / Thurber\u2019s needlegrass \u2013 Indian ricegrass) vegetation\r\ncommunity. Gaps on the plots were mostly greater than 200 cm long and represented 79.8% of\r\nthe average 50m transects. Canopy cover represents 20.2% of the average 50m transects. This\r\nlarge amount of gaps on the sites make them susceptible to wind and water erosion.\r\nMartin Plot 18 is located in a Rangeland Dry Floodplain ecosite (R024XY006NV) in a former /\r\nArtemisia tridentate ssp tridentata / Leymus cinereus (/ basin big sagebrush / basin wildrye)\r\nvegetation community. Gaps on the plot were mostly between 51 and 100 cm long and\r\nrepresented 54.6% of the average 50m transects. Canopy cover represents 45.4% of the average\r\n50m transects. This large amount of gaps on the site makes it susceptible to wind and water\r\nerosion.\r\nSpecies Richness: An average of twenty-one (21) different plant species were observed within\r\nthe 2,827.4 square meter monitoring plots.\r\n\r\n2019 Recommendations\r\nThe Imazapic treatment appears to be highly effective as far as maintaining cheatgrass, on\r\naverage, at low levels within the treated plots (2.4% cover versus 9.8% cover on non-Imazapic\r\ntreated plots). It is noteworthy that native recovery is occurring on the plots. There was an\r\nallotment closure issued for the Owyhee allotment. The allotment closure objective of three\r\nperennial grasses per square meter has been met. However, it is advised that the area remains\r\nclosed so that seeded species may further establish and that the sites may further recover,\r\nespecially as these plots had high bare ground.\r\n\r\nCover:\r\n2020: Average foliar canopy cover was still moderate and less than 2019 observations. Highest covered was derived from Sandberg bluegrass (13.7%), followed by squirreltail (3.7%), forage kochia (3.0%), and smooth brome (2.3%). Perennial species collectively had much higher cover than annual species. No cheatgrass observations were made within LPI measurements on the plot, indicating the success of the application of Imazapic to these plots.\r\nGaps and Erosion 2020: No record of erosion indicators was available at time of reporting. The majority of gaps were between 101 and 200 cm long, Canopy cover represented 28.2% of the average 50m transects. This is an improvement in gap size since 2019 observations and potentially helpful for reducing wind and water erosion at the sites.\r\nSpecies Richness 2020: An average of twenty-one (21) different plant species were observed within the 2,827.4 square meter monitoring plots.\r\n\r\n2020 Recommendations The Imazapic treatment appears to be highly effective as far as maintaining cheatgrass, on average, at low levels within the treated plots. It is noteworthy that native recovery is occurring on the plots. There was an allotment closure issued for the Owyhee allotment. The allotment closure objective of three perennial grasses per square meter has been met. However, it is advised that the area remains closed so that seeded species may further establish and that the sites may further recover, especially as these plots had high bare ground.",Polygon,Confirmed,Digitized by LTDL data entry personnel using a confirmed map,5/28/2020,10289.64,10266.34,,Unknown,"Invasive species, Invasion by cheatgrass, Invasion by non-native annuals",Target cheatgrass populations.,,,,,Martin Fire East - DOI-BLM-NV-E020-2018-0028-DNA,47:02:00
Model 21,Nothern Basin and Range,Post-burn herbicide,54666,21333,Implemented,Unknown,2,00/00/2005,00/00/2005,Acres,5885.29,Herbicide/Weeds/Chemical,Herbicide,Herbicide Application,0,,,,,,,,,,Pesticide application,Unknown,Polygon,Confirmed,"Digitized by BLM field office personnel, method unknown",None,5885.29,2811.66,,Unknown,"Fire hazard, Habitat quality, Hazardous fuels reduction, Invasive species, Loss of desirable species",Fuels project,,,,,,44:04:00
Model 21,Nothern Basin and Range,Post-burn herbicide,55573,21492,Implemented,See Comments,2,10/11/2018,10/17/2018,Acres,8431,Herbicide/Weeds/Chemical,Herbicide,Herbicide Application,0,,,,,,,,Reduce invasive annual grasses to allow for recovery of native vegetation.,"Approximately 8,418 acres of greater sage-grouse priority habitat would be treated with an aerial application of imazapic (pre-emergent herbicide) in the fall of 2018.","Imazapic was applied aerially with an airplane at 6 oz per acre, 16 oz per acre Grounded adjuvant, with a minimum of 4 gallons water per acre. Contract costs came in significantly under estimate. The cost for chemical was $72,850 and the cost for application was $67,448 for a total cost of $140,338.47.","2019 - Annual grass cover was observed to be less than 10% during a site visit on September 23, 2019. Only one small herbicide skip area on the far west side of the fire was noted and is pictured below to show the contract between herbicide treated area and no treatment (Photo 8.1 & 8.2).\r\nPhoto 8-1. Herbicide skip in left middle of photo shows efficacy of herbicide on reducing annual grasses.\r\n\r\n2019 PART 9 - RECOMMENDATIONS\r\nEstablishment of core indicator monitoring plots is recommended in 2020 to quantitatively assess herbicide efficacy against annual grass emergence, continued recovery of perennial grasses, and establishment of aerially seeded Wyoming big sagebrush.\r\nAlthough the most likely areas for invasion of noxious weeds have been inventoried, continued monitoring of treatment sites and the burned area is recommended. Noxious weed infestations identified and treated would be monitored and treatment would continue as necessary.\r\n\r\nAnnual grass cover was observed to be less than 10% during a site visit on September 23, 2019 and, subsequently, on May 27, 2020. Only one small herbicide skip area on the far west side of the fire was noted and is pictured below to show the contrast between herbicide treated area and no treatment\r\n\r\n2021: Annual grass cover was observed to be less than 10% during a site visit on September 23, 2019 and, subsequently, on May 27, 2020. Trace amounts (< 2% abundance) of cheatgrass were only found at Photo Point 1 in 2021. This may be attributed both to lingering efficacy of the herbicide treatment and the drought conditions in spring 2021. One small herbicide skip area on the far west side of the fire was noted and is pictured below to show the contrast between herbicide treated area and no treatment (Photo 8.1 & 8.2). This herbicide skip was not visible in 2021 due to natural recovery of vegetation and drought conditions.\r\n\r\n2023: The herbicide treatment of imazapic was successful in reducing invasive annual grasses to less than 10% foliar cover. This was particularly evident in the contrast between treated areas and an herbicide skip on the west side of the fire in 2020. Chemical control of invasive annual grasses has also resulted in the recovery of a robust forb community though this was less evident in 2021 due to timing of and lack of precipitation. Aerially seeded sagebrush germinated well in the hot burned former shrub pockets which likely also benefited from the lack of competition with invasive annual grasses.",Polygon,Confirmed,"Digitized by BLM field office personnel, method unknown",None,8403.61,8403.61,,Contractor,"Invasion by non-native annuals, Invasive species",Invasive annual grasses.,,,,,"The cost for chemical was $72,850 and the cost for application was $67,448 for a total cost of $140,338.47.",17:44:00
Model 21,Nothern Basin and Range,Post-burn herbicide,55686,21508,Implemented,Unknown,2,10/1/2018,10/5/2018,Acres,5313,Herbicide/Weeds/Chemical,Herbicide,Herbicide Application,0,No seed list,,,,,,,"The objective of the weed treatments is to prevent the increase of existing weed populations and the establishment of additional noxious weed species within the burn area until desirable vegetation can re-establish. Initial treatment should kill and/or control from 80-90% of targeted weed populations, depending upon the type of weed and/or density of the infestation. Retreatment by spot spraying on remaining weeds will also be completed under R2.","Aerial Herbicide Treatment (Herbicide Treatment Map). One aerial application of imazapic herbicide to reduce the threat of invasive annual grasses pose to priority Greater Sage-grouse habitat. The aerial herbicide application would be applied on the entire 5,313 acres of the burned area. Imazapic would be applied at a six ounce per acre rate and include appropriate adjuvants.","Aerial Herbicide Application of 5,313 acres completed in October 2018 (FY19). Aerial invasive annual grass/weed treatments within the burned area should occur the first year (FY19) if funding can be secured in time to treat within proper biological/environmental windows. The proposed seeding areas are the focus of the aerial herbicide treatment of imazapic to prepare the seed bed for drill and aerial.\r\n\r\nAn aerial herbicide was completed where they spread 6 ounces of Imazapic on a plateau.",None,Polygon,Confirmed,"Digitized by BLM field office personnel, method unknown",11/9/2020,5311.9,5311.9,,Contractor,"Brush control, Habitat productivity, Habitat quality, Rangeland health, Invasion by cheatgrass, Invasive species, Noxious weeds, Seedbed preparation","Habitats for sagebrush obligate species were adversely modified by the fire. Pre-fire vegetation communities within the fire boundary vary due to the 2012 Long Draw fire that also burned the entire area. Natural recovery of native bunchgrasses was successful following the Long Draw fire however, the Resource Advisor noted that cheatgrass is present throughout the burned area but there is a portion where it was the dominant species. Drill seeding native grasses, forbs, and sagebrush would help prevent the increase of cheatgrass and help rehabilitate the burned area so it would be more resilient to future wildfires. Planting Wyoming big sagebrush seedlings throughout burned areas of the PAC would speed the recovery of the native plant community and provide habitat for sagebrush obligate wildlife species.",Unknown,No documentation.,Unknown,No documentation.,,34:51:00
Model 21,Nothern Basin and Range,Post-burn herbicide,55720,21513,Implemented,See Comments,2,9/23/2018,9/25/2018,Acres,4621.12,Herbicide/Weeds/Chemical,Herbicide,Noxious Weeds: Weed Control - Herbicide Application,0,No seed list,,,,,,,For the purposes of biotic integrity decrease noxious species by 85-90 percent cover in the fire areas within 5 years.,"Identified noxious weed sites would be treated for two consecutive years. Target species would include such weeds as Russian knapweed, Scotch thistle, and whitetop.",A herbicide treatment was completed where picloram was spread targeting CHJU and ONAC during the dormant stage of development. The chemical brand was Tordon22K.,Noxious weeds early detection monitoring and surveying has been conducted within the fire area to track the herbicide treatments effectiveness for the Jackies Butte fire. Noxious weeds populations have decreased within the fire perimeter due to the continuous treatments during the five years of ESR treatments.,Polygon,Confirmed,"Digitized by BLM field office personnel, method unknown",11/12/2020,4621.12,4621.12,,Contractor,"Brush control, Habitat productivity, Habitat quality, Competition for resources, Encroaching vegetation, Noxious weeds, Invasive species","Resource concerns within the burned area include maintenance of native perennial and desirable nonnative species and expansion of existing weeds, especially cheatgrass. Proposed emergency stabilization and rehabilitation (ESR) treatments and actions include herbicide treatment, aerial seeding, and monitoring.",Unknown,No documentation.,Unknown,No documentation.,"Treatment from VTRT, matches date and treated weeds from monitoring report but does not match acreage.",42:53:00
Model 21,Nothern Basin and Range,Post-burn herbicide,55901,16758,Implemented,See Comments,2,2/16/2016,3/3/2016,Acres,21798,Herbicide/Weeds/Chemical,Herbicide,Herbicide Application,0,,,,,,,,"Aerial Herbicide Application Fall 2015, Winter 2016 (FY16) Boise BLM.\r\n1. Foliar cover of invasive annual grasses is an average of less than or equal to 20%.","Aerially apply approximately 22,305 acres of the herbicide imazapic at a rate of 6 ounces per acre in the\r\nfall of 2015 on areas suitable for drill seeding. Imazapic is a pre-emergent herbicide that is partially\r\nselective to annual grass species and will be used as a seedbed preparation for subsequent drill seeding\r\ntreatments. Imazapic has been shown to negatively impact some established perennial grasses and forbs, as\r\nwell as sagebrush germination. Allowing sites to remain fallow for a year following the herbicide\r\ntreatment will be necessary to allow for the establishment of desired seeded species. These areas will be\r\ndrill seeded in the fall of 2016.","The aerial herbicide application contract was modified and the period of performance shifted to\r\nspring 2016. Spring application was to coincide with the early emergence of cheatgrass and\r\nmedusahead rye and during the dormant season of existing perennial vegetation.\r\nThe remaining 21,798 acres were treated in the spring of 2016 as soon as conditions allowed.\r\nWork on the contract re-commenced February 16, 2016. Temperatures during herbicide\r\napplication ranged from 35\xb0 to 65\xb0 F, clear visibility, with variable wind. The contract was\r\ncompleted March 3, 2016.","Monitoring Report 2020: In 2020 the foliar cover objective for the Spring 2016 Herbicide Treatment was met; mean foliar cover of annual invasive grasses for across all allotments and pastures was 16.2% (Table 8-51). Pastures with greater than 20% annual invasive grass foliar cover had less than 10% large-statured perennial grass foliar cover. In pastures with higher annual invasive grasses, Sandberg bluegrass cover was also below 10%. The one plot within the Wilson pasture of Reynolds Creek Allotment had the highest annual invasive grass foliar cover with 92. 8%, this pasture also had no deep-rooted perennial grasses or Sandberg bluegrass. Within all plots in 2020 in the Spring 2016 Herbicide Treatment area, perennial bunchgrass cover was 17.6%, Sandberg bluegrass foliar cover was 8.6%, perennial forb cover was 2.1%, and shrub cover was 2.0%.\r\n\r\nMonitoring Report 2019: 1. Foliar cover of invasive annual grasses is an average of less than or equal to 20%.\r\nThis treatment objective was met in 2019; mean foliar cover of annual grasses for areas treated with herbicide in spring of 2016 across all allotments and pastures was 12.54, varying from 3.04 to 16.25% (Table 8-45). Pastures treated in the fall of 2016 had a mean foliar cover of annual grasses of 12.93% varying from 0 to 32.66% in 2018 (Table 8-46).\r\nIn 2018 this treatment objective was met; mean foliar cover of annual grasses for areas treated with herbicide in spring of 2016 across all allotments and pastures was 8.06, varying from 0.51 to 14.02% (Table 8-45). Pastures treated in the fall of 2016 had a mean foliar cover of annual grasses of 12.70% varying from 0 to 35.13% in 2018 (Table 8-46). Pastures that in 2017 had high invasive annual grass cover were not monitored in 2018 as the objectives were not met in these areas and were not likely to meet.\r\nIn 2017 the highest annual grass foliar cover was found in Pasture 3 (37%) of Elephant Butte, Pasture 2 (77%) and Pasture 3 (61%) of Hardtrigger, and Pasture 1 (65%) of Reynolds Creek. The herbicide treatment areas within these pastures were along proposed fuel breaks at elevations below 2,600 ft; areas dominated by annual grasses before the fire. These areas also experienced large amounts of annual grass germination prior to the herbicide treatment. This likely resulted in the low amount of annual grass control that was observed in 2016. The remaining areas treated with herbicide were above 3,200 ft elevation. Annual grass foliar cover in these pastures ranged from 0.51% in Pasture 4 of Hardtrigger, which is above 4,200 ft elevation, to 28% in Pasture 2 of Succor Creek, an area that is above 4,500 feet elevation but had high cheatgrass and medusahead cover before the Soda fire.\r\nBased on adaptive management field assessments (Appendix B) that were confirmed by preliminary data obtained from this monitoring, portions of Pastures 2, 3 and 4 of the Succor Creek allotment, and Pasture 1 of the Jackson Creek allotment were retreated with herbicide to control annual grasses during the early fall of 2016 (8-46). These areas were chosen for re-treatment, because the spring herbicide treatment appeared to be ineffective, and they also had adequate densities of perennials on site to compete with annuals or they were scheduled for drill seeding to establish adequate densities of perennials. Areas dominated by invasive annual grasses, such as those mentioned along the proposed fuel break routes, were not considered for re-treatment with aerial herbicide.\r\nWhen herbicide treatment areas were re-visited in 2017 it was observed that some of the areas that appeared to be failures were now showing clear signs of annual grass suppression. The most apparent example was along the fuel breaks within Pastures 2 and 3 of the Hardtrigger allotment. Treated areas had shown no signs of cheatgrass suppression in 2016, but suppression was very apparent in 2017. It is likely that the cheatgrass that had germinated prior to the herbicide application in spring 2016 was too developed to be suppressed by imazapic. However, the imazapic remained active in the soil and was clearly suppressing germination in 2017. It is possible that Jackson Creek Pasture 1 would have exhibit the \u201cdelayed control\u201d however, it was re-treated with imazapic in fall 2016 to ensure a clean seedbed prior to drill seeding in fall 2017.\r\n///\r\n1. There were several important findings during inventory the first year post-fire:\r\nSeveral new small infestations ( <0.1 acre) of leafy spurge were found within a 250 acre area near\r\nCow Creek. These sites were immediately treated and will continue to be monitored. No other\r\nlocations of leafy spurge are known to occur. No new invaders (new to the area noxious weed\r\nspecies) were detected in the first year. Inventory provided a baseline of data for post-fire\r\npotential spread of noxious weeds.\r\nThe majority of the rush skeletonweed chemical treatments occurred west of Highway 95 toward\r\nthe state line. Isolated plants were scattered south of Highway 78. Scotch thistle patches were\r\nassociated with ponds and springs. Perennial pepperweed was noted in Dry and Sage Creek\r\ndrainages. Whitetop was found east of Highway 95 from mile marker 3-7 and in the Reynolds\r\nCreek area. Leafy spurge was noted east of Highway 95 near Succor Creek. Diffuse knapweed\r\nwas found at the old gravel pit near Highway 95 at mile marker 7 and Russian knapweed was\r\nfound at the bottom of the Poison Creek grade.\r\nRe-inventory and monitoring completed throughout 2017 showed chemical treatments completed\r\nin 2015 and 2016 were effective in most locations especially on small, new infestations.\r\nHerbicide efficacy is a function of timing and environmental conditions. Many treatments were\r\nvery effective at controlling that year's growth however the large amount of moisture during the\r\nfall, winter and spring led to ideal growing conditions for some species, especially plants that\r\ngerminated in the fall or the spring from an established ""seed bank"" like diffuse knapweed and\r\nscotch thistle. This led to a significant increase in the number of plants especially in areas\r\nwhere relatively few plants had been observed before. These ideal growing conditions were also\r\nvery favorable for deep rooted perennial species such as whitetop, perennial pepperweed and\r\nRussian knapweed. Overall, chemical treatment has been very effective however many\r\ninfestations still persist and will need continued treatment to maintain control.",Polygon,Confirmed,"Digitized by BLM field office personnel, method unknown",None,21815.6,19984.08,,Contractor,"Invasion by cheatgrass, Invasive species, Invasion by non-native annuals, Noxious weeds",S5/R5 Inventory and Chemical Treatment-Noxious and Invasive Weeds,,,,,"BDO Herbicide Winter 2016\r\nImazapic 6 oz/ac, MSO 24 oz/ac, Water 2 gal/ac",21:03:00
Model 21,Nothern Basin and Range,Post-burn herbicide,55974,20518,Implemented,Unknown,2,9/9/2016,9/15/2016,Acres,5007,Herbicide/Weeds/Chemical,Herbicide,Noxious Weeds: Weed Control - Herbicide Application,0,,,,,,,,Invasives Control,,Data obtained from this treatment's GIS Attribute Table,,Polygon,Confirmed,"Digitized by BLM field office personnel, method unknown",None,5007.87,4964.11,,Contractor,,TACA8,,,,,BNS_BONE CREEK\r\n\r\nChemical EPA no. 241-365,18:01:00
Model 21,Nothern Basin and Range,Post-burn herbicide,56116,21574,Implemented,Unknown,2,6/14/2018,9/30/2020,Acres,388,Herbicide/Weeds/Chemical,Herbicide,Herbicide Application,0,,,,,,,,Invasives Control,"On-the-ground inspections of perennial grass mortality indicate that desirable\r\nperennial bunchgrasses in units 4 and 7 were lost, and planting non-native desirable\r\nbunchgrasses is a reasonable treatment to keep invasive species from filling the\r\nvacuum. The objective of seeding Drill Seeding Units 4 and 7 early post fire is to\r\ngive the seedings the opportunity to take advantage of the nutrient release post fire,\r\nand maximize the establishment of the seedings. If the seeding is established, the\r\nneed for herbicide application should be reduced because there will be an\r\nestablished stand of perennial bunchgrasses to resist invasion by annual\r\ngrasses. Further complicating the sequence event is the inability to apply herbicide\r\nin the fall of 2017 due to contracting and contractor limitations. An alternate\r\nsequence of herbicide application was considered, which was to wait to apply\r\nherbicide in the fall of 2018. There is concern, due the severity of the fire in Units 4\r\nand 7, that waiting to spray in fall of 2018 and seeding in 2020 leaves the\r\nsites vulnerable for an extended period of time and could create a more difficult\r\nsituation to get desirable vegetation established within the BAR funding\r\nwindow. That is the rationale for seeding first, monitoring establishment of seeded\r\nspecies, and then applying herbicide if invasive species threaten treatment success.\r\nHowever, if the drill seeding in Units 4 and 7 does not establish, based on\r\nmonitoring results, the fall back use of herbicide to suppress invasive grasses will\r\nbe implemented. Current protocol is to use a contractor to treat 100 percent of\r\nthe 6,038 acres that are ground seeded with imazapic at a rate of 6 ounces per acre\r\nif survey and monitoring information demonstrate the need. If there are areas that\r\ndo not need treatment, (based on monitoring and Early Detection Rapid Response\r\n(EDRR) Crew work) they will be removed from the treatment plan and treated\r\nacres will be reduced. This potential initial herbicide application, which will be\r\ndone by fixed wing aircraft, will target newly germinating plants in order to\r\nsuppress the spread of cheatgrass while not impacting the seeded species and\r\nexisting, naturally recovering native vegetation (mostly forbs ).\r\nIn the following years 3-5 (2020-2022), if monitoring indicates that large areas\r\noutside of the seed units are becoming dominated by cheatgrass, they will be\r\ntreated by a broadcast application of the most appropriate approved herbicide. For\r\nplanning purposes, it is estimated that these treatments could be needed on up\r\nto approximately 50 percent of the acres within the fire perimeter in year 3, on 25\r\npercent in year 4, and on 15 percent in year 5. These treatments, if monitoring\r\nshows they are necessary, will occur by fixed wing aircraft because there is little\r\ntopographic variation. The Bums District has had success using aerial applications\r\nin the past on both fire rehabilitation and other landscape scale projects. See the\r\nIntegrated Invasive Plant Management for the Bums District Revised\r\nEnvironmental Assessment (EA) (DOI-BLM-B000-2011-0041-EA) in Appendix B\r\nfor the potential herbicides and application rates for specific weed species.\r\nIn the first 3 years following the fire, an increased presence with the Strategic\r\nWeed Attack Team (SWAT) will be necessary to ensure no new weed sources\r\noccur due to suppression efforts; this early detection will allow us to ensure any\r\nweed sites that occur throughout the area of the fire will remain small and not\r\nbecome established. Additionally, EDRR will continue to be used to survey and\r\ntreat any new weed sites to prevent their establishment and expansion within the\r\nfire perimeter. EDRR will include survey and treatment of small sites or patches of\r\nnoxious and/or invasive weeds and will, in addition, document any large\r\ninfestations to be treated at a later date by either ground or aerial contractors. All\r\nsites will be entered into the National Invasive Species Information Management\r\nSystem (NISIMS).",Data obtained from this treatment's GIS Attribute Table - BNS_CINDER BUTTE_FFR,Unknown,Polygon,Confirmed,"Digitized by BLM field office personnel, method unknown",None,387.64,387.64,,Unknown,Invasive species,Invasives Control - Whitetop,,,,,This treatment was found in the BLM's GIS layer and assumed to be a part of this ESR project.\r\n\r\nThe monitoring summary report states this is planned for 2020 but GIS was found in the BLM's GIS stating it was completed in 2018. It is not clear if this is error in reporting dates or if it was treated in 2018 and will be treated again in 2020. A separate approx. point treatment was created to represent the planned 2020 treatment as well.,14:27:00
Model 21,Nothern Basin and Range,Post-burn herbicide,56159,9562,Implemented,Unknown,2,4/16/2015,8/24/2015,Acres,76,Herbicide/Weeds/Chemical,Herbicide,Noxious Weeds: Weed Control - Herbicide Application,0,,,,,,,,Conduct weed treatments to limit the expansion of invasive species by treating\r\nmedusahead with a fall treatment of imazapic and conducting weed surveys to detect new weed\r\nsites and prevent old sites from expanding.,"Currently, medusahead is known to occur in the area burned by the Riley Field Fire. Large amounts\r\nof vegetation within the fire perimeter burned with moderate intensity, leaving areas of bare\r\nground, increasing the probability that noxious and invasive weeds, primarily medusahead, will\r\nspread into previously unoccupied areas. These species will need to be aggressively treated to\r\neliminate the spread and prevent new infestations as the vegetation recovers. Although it is\r\nunknown how suppression efforts or stabilization will affect the spread of invasive weeds, based\r\non observations following recent wildfires adjacent to the burn, invasive annual grasses establish\r\nquickly and aggressively. Chemical treatment of noxious weeds will be completed under the ESR\r\nPlan using separate NEPA that is in conformance with Vegetation Treatments Using Herbicides on\r\nBLM Lands in Oregon EIS, ROD 2010. It is estimated that these noxious weed areas will require\r\nthree years (the first year under emergency stabilization activities) of treatment to detect and\r\ncontrol these species. There are areas (Map 6) where annual grass infestation will reduce seedling\r\nestablishment for both pre-existing native vegetation and seeding treatments due to invasive\r\nannual weed competition. Sources that could spread weeds in the burned area are hunters or other\r\nrecreational users, wind, water, wildlife, and livestock.","Additionally, the SWAT crew treated an additional 1000 acres of\r\nspot treatments within the fire perimeter.",,Polygon,Confirmed,"Digitized by BLM field office personnel, method unknown",None,81965.36,72099.96,,Unknown,"Invasion by cheatgrass, Invasion by non-native annuals, Invasive species, Noxious weeds",Invasives Control,,,,,Data obtained from this treatment's GIS Attribute Table,43:05:00
Model 21,Nothern Basin and Range,Post-burn herbicide,56160,9562,Implemented,Unknown,2,6/13/2017,8/21/2017,Acres,16,Herbicide/Weeds/Chemical,Herbicide,Noxious Weeds: Weed Control - Herbicide Application,0,,,,,,,,Conduct weed treatments to limit the expansion of invasive species by treating\r\nmedusahead with a fall treatment of imazapic and conducting weed surveys to detect new weed\r\nsites and prevent old sites from expanding.,"Currently, medusahead is known to occur in the area burned by the Riley Field Fire. Large amounts\r\nof vegetation within the fire perimeter burned with moderate intensity, leaving areas of bare\r\nground, increasing the probability that noxious and invasive weeds, primarily medusahead, will\r\nspread into previously unoccupied areas. These species will need to be aggressively treated to\r\neliminate the spread and prevent new infestations as the vegetation recovers. Although it is\r\nunknown how suppression efforts or stabilization will affect the spread of invasive weeds, based\r\non observations following recent wildfires adjacent to the burn, invasive annual grasses establish\r\nquickly and aggressively. Chemical treatment of noxious weeds will be completed under the ESR\r\nPlan using separate NEPA that is in conformance with Vegetation Treatments Using Herbicides on\r\nBLM Lands in Oregon EIS, ROD 2010. It is estimated that these noxious weed areas will require\r\nthree years (the first year under emergency stabilization activities) of treatment to detect and\r\ncontrol these species. There are areas (Map 6) where annual grass infestation will reduce seedling\r\nestablishment for both pre-existing native vegetation and seeding treatments due to invasive\r\nannual weed competition. Sources that could spread weeds in the burned area are hunters or other\r\nrecreational users, wind, water, wildlife, and livestock.","Additionally, the SWAT crew treated an additional 1000 acres of\r\nspot treatments within the fire perimeter.",,Polygon,Confirmed,"Digitized by BLM field office personnel, method unknown",None,18206.66,16950.99,,Unknown,"Invasion by cheatgrass, Invasion by non-native annuals, Invasive species, Noxious weeds",Invasives Control,,,,,Data obtained from this treatment's GIS Attribute Table,03:06:00
Model 21,Nothern Basin and Range,Post-burn herbicide,56569,1310,Implemented,Unknown,2,10/1/2015,9/20/2016,Acres,1174.21,Herbicide/Weeds/Chemical,Herbicide,Noxious Weeds: Weed Control - Herbicide Application,0,,,,,,,,"The objective of this treatment is to identify and control the expected known infestation of noxious weeds as well as new infestations using spot herbicide spraying and biological control. Weed control would be conducted the first year under ES, and BAR for years 2 and 3.","Leafy spurge has been identified by the district noxious weed program as present within the fire perimeter. Biological control agents, flea beetle (Apthona spp.), for leafy spurge were released in the area in 2002 and were generally well established prior to the fire, however the fire is likely to have severely damaged populations. BLM noxious weed personnel will inventory the fire for leafy spurge infestations, as well as other noxious weeds. Weed infestations will be inventoried, GPS\u2019ed, treated (chemical or biological as appropriate), monitored and retreated as necessary. Biological control populations will be augmented with both new releases and redistribution of existing nearby populations. Treated infestations will be monitored over a three year period documenting treatment effectiveness and expansion. Noxious weeds populations still persisting within the burned fire perimeter after the three year period will be transitioned to the District Noxious weed program for future inventorying and treatments. All actions would be in accordance with the Boise District Noxious Weed EA, Environmental Assessment #ID100-2005-EA-265.",Noxious weed inventories were completed in 2016 by BLM personnel. Survey focused on\r\nupland areas adjacent to North Boulder Creek where leafy spurge was found in prior surveys.\r\nLeafy spurge flea beetles have established throughout North Boulder Creek and have effectively\r\nreduced the density and distribution of leafy spurge in the riparian corridor.\r\n\r\nVTRT indicates herbicide application occurred.,Unknown,Polygon,Confirmed,"Digitized by BLM field office personnel, method unknown",None,1174.21,851.33,,Unknown,"Invasion by non-native annuals, Noxious weeds, Rangeland health, Invasive species","Several populations of the noxious weed leafy spurge (Euphorbia esula) are documented in and adjacent to the burned area. Other noxious weeds in the vicinity are; whitetop (Cardaria draba), spotted knapweed (Centaurea stoebe), scotch thistle (Onopordum acanthium), Russian knapweed (Acroptilon repens), and diffuse knapweed (Centaurea diffusa).",,,,,"R5 $9K, S1 $15K ($5K each WO/ISO/FO) for total of $24K Bonjour full funded",50:07:00
Model 21,Nothern Basin and Range,Post-burn herbicide,56688,21666,Implemented,Unknown,2,4/27/2015,4/30/2015,Acres,4715.71,Herbicide/Weeds/Chemical,Herbicide,Noxious Weeds: Weed Control - Herbicide Application,0,,,,,,,,,,"Weeds with the following phenologies were chemically treated: bolt, rosette, and flower",Unknown,Polygon,Confirmed,"Digitized by BLM field office personnel, method unknown",None,4715.71,4715.71,,BLM,"Habitat quality, Invasive species, Noxious weeds, Rangeland health",,,,,,,57:41:00
Model 21,Nothern Basin and Range,Post-burn herbicide,56690,21666,Implemented,Unknown,2,6/2/2015,6/23/2015,Acres,5695.84,Herbicide/Weeds/Chemical,Herbicide,Noxious Weeds: Weed Control - Herbicide Application,0,,,,,,,,,,"Weeds with the following phenologies were chemically treated: bud, bolt, flower, rosette",Unknown,Polygon,Confirmed,"Digitized by BLM field office personnel, method unknown",None,5695.84,5695.84,,BLM,"Habitat quality, Invasive species, Noxious weeds, Rangeland health",,,,,,,02:00:00
Model 21,Nothern Basin and Range,Post-burn herbicide,57353,9862,Implemented,Unknown,2,7/15/2007,7/15/2007,Acres,1320,Herbicide/Weeds/Chemical,Herbicide,Herbicide Application,0,,,,,,,,Invasives Control,Unknown,Data obtained from this treatment's GIS Attribute Table - Herbicide completed.,Unknown,Polygon,Confirmed,"Digitized by BLM field office personnel, method unknown",None,1903.26,1898.31,,Unknown,"Invasive species, Noxious weeds","ONAC, CIVU and CIAR4",,,,,Treatments were found in the BLM's GIS and are assumed to be a part of this project. No documents were found at the time of data entry.,44:42:00
Model 21,Nothern Basin and Range,Post-burn herbicide,57404,21964,Implemented,Unknown,2,1/1/1963,1/1/1964,Acres,23770.31,Herbicide/Weeds/Chemical,Herbicide,Herbicide Application,0,No seed list,,,,,,,To conduct a herbicide.,No documentation.,A herbicide was completed.,None,Polygon,Confirmed,"Digitized by BLM field office personnel, method unknown",3/29/2021,23770.31,23770.3,,Unknown,"Brush control, Fire hazard, Habitat productivity, Habitat quality, Hazardous fuels reduction, Rangeland health",Habitat improvement.,Unknown,No documentation.,Unknown,No documentation.,,36:42:00
Model 21,Nothern Basin and Range,Post-burn herbicide,57500,22000,Implemented,Unknown,2,7/20/2010,6/15/2016,Acres,1606.49,Herbicide/Weeds/Chemical,Herbicide,Herbicide Application,0,No seed list,,,,,,,To spread herbicide.,No documentation.,A herbicide was spread.,None,Polygon,Confirmed,"Digitized by BLM field office personnel, method unknown",5/5/2021,9718,8178.37,,Unknown,"Brush control, Habitat productivity, Habitat quality, Rangeland health",Invasive control.,Unknown,No documentation.,Unknown,No documentation.,Herbicide was spread at different frequencies at different locations.,18:11:00
Model 21,Nothern Basin and Range,Post-burn herbicide,57566,22010,Implemented,Unknown,2,9/21/2015,9/27/2017,Acres,28835.35,Herbicide/Weeds/Chemical,Herbicide,Herbicide Application,0,No seed list,,,,,,,To conduct a herbicide.,No documentation.,A herbicide was completed.,None,Polygon,Confirmed,"Digitized by BLM field office personnel, method unknown",5/5/2021,55535.87,54916.28,,Unknown,"Brush control, Habitat productivity, Habitat quality, Rangeland health",None,Unknown,No documentation.,Unknown,No documentation.,,23:30:00
Model 21,Nothern Basin and Range,Post-burn herbicide,57571,22010,Implemented,Unknown,2,7/28/2010,11/13/2016,Acres,26522.31,Herbicide/Weeds/Chemical,Herbicide,Herbicide Application,0,No seed list,,,,,,,To conduct a herbicide.,No documentation.,A herbicide was completed.,None,Polygon,Confirmed,"Digitized by BLM field office personnel, method unknown",5/5/2021,28110.88,27184.58,,Unknown,"Brush control, Habitat productivity, Habitat quality, Rangeland health",None,Unknown,No documentation.,Unknown,No documentation.,,57:08:00
Model 21,Nothern Basin and Range,Post-burn herbicide,57577,22015,Implemented,Unknown,2,8/22/2011,11/12/2015,Acres,78961.76,Herbicide/Weeds/Chemical,Herbicide,Herbicide Application,0,No seed list,,,,,,,To conduct a herbicide.,No documentation.,A herbicide was completed.,None,Polygon,Confirmed,"Digitized by BLM field office personnel, method unknown",4/7/2021,78961.76,62273.71,,Unknown,"Brush control, Habitat productivity, Habitat quality, Rangeland health",Habitat improvement.,Unknown,No documentation.,Unknown,No documentation.,Multiple locations and rates.,39:03:00
Model 21,Nothern Basin and Range,Post-burn herbicide,57580,22015,Implemented,Unknown,2,5/4/2011,8/19/2016,Acres,25199.2,Herbicide/Weeds/Chemical,Herbicide,Herbicide Application,0,No seed list,,,,,,,To conduct a herbicide.,No documentation.,A herbicide was completed.,None,Polygon,Confirmed,"Digitized by BLM field office personnel, method unknown",4/7/2021,25199.2,22929.05,,Unknown,"Brush control, Habitat productivity, Habitat quality, Rangeland health",Habitat improvement.,Unknown,No documentation.,Unknown,No documentation.,Multiple locations and rates.,45:48:00
Model 21,Nothern Basin and Range,Post-burn herbicide,58079,22113,Implemented,Unknown,2,11/21/2009,4/18/2015,Acres,4470.29,Herbicide/Weeds/Chemical,Herbicide,Herbicide Application,0,No seed list,,,,,,,To conduct a herbicide.,No documentation.,A herbicide was completed.,None,Polygon,Confirmed,"Digitized by BLM field office personnel, method unknown",4/28/2021,4470.29,4350.42,,Unknown,"Brush control, Habitat quality, Habitat productivity, Rangeland health",Habitat improvement.,Unknown,No documentation.,Unknown,No documentation.,,05:51:00
Model 21,Nothern Basin and Range,Post-burn herbicide,58088,22116,Implemented,Unknown,2,6/20/2009,6/20/2009,Acres,3136.58,Herbicide/Weeds/Chemical,Herbicide,Herbicide Application,0,No seed list,,,,,,,To conduct a herbicide.,No documentation.,A herbicide was completed.,None,Polygon,Confirmed,"Digitized by BLM field office personnel, method unknown",4/28/2021,3136.58,2450.49,,Unknown,"Brush control, Habitat productivity, Habitat quality, Rangeland health",Habitat improvement.,Unknown,No documentation.,Unknown,No documentation.,,35:20:00
Model 21,Nothern Basin and Range,Post-burn herbicide,58089,22116,Implemented,Unknown,2,6/15/2010,10/6/2014,Acres,30266.61,Herbicide/Weeds/Chemical,Herbicide,Herbicide Application,0,No seed list,,,,,,,To conduct a herbicide.,No documentation.,A herbicide was completed.,None,Polygon,Confirmed,"Digitized by BLM field office personnel, method unknown",4/28/2021,30266.61,29782.76,,Unknown,"Brush control, Habitat productivity, Habitat quality, Rangeland health",Habitat improvement.,Unknown,No documentation.,Unknown,No documentation.,Herbicide applied at different frequencies at different locations.,46:19:00
Model 21,Nothern Basin and Range,Post-burn herbicide,58090,22116,Implemented,Unknown,2,6/9/2010,10/4/2014,Acres,57121.76,Herbicide/Weeds/Chemical,Herbicide,Herbicide Application,0,No seed list,,,,,,,To conduct a herbicide.,No documentation.,A herbicide was completed.,None,Polygon,Confirmed,"Digitized by BLM field office personnel, method unknown",4/28/2021,57121.76,56717.86,,Unknown,"Brush control, Habitat productivity, Habitat quality, Rangeland health",Habitat improvement.,Unknown,No documentation.,Unknown,No documentation.,Herbicide applied at different frequencies at different locations.,48:24:00
Model 21,Nothern Basin and Range,Post-burn herbicide,58113,22120,Implemented,Unknown,2,11/18/2009,6/21/2016,Acres,13723.05,Herbicide/Weeds/Chemical,Herbicide,Herbicide Application,0,No seed list,,,,,,,To conduct a herbicide.,No documentation.,A herbicide was completed.,None,Polygon,Confirmed,"Digitized by BLM field office personnel, method unknown",4/29/2021,13723.05,11824.31,,Unknown,"Brush control, Habitat productivity, Habitat quality, Rangeland health",Habitat improvement.,Unknown,No documentation.,Unknown,No documentation.,Herbicide applied at different frequencies at different locations.,35:00:00
Model 21,Nothern Basin and Range,Post-burn herbicide,58129,22124,Implemented,Unknown,2,6/19/2010,10/1/2014,Acres,11285.68,Herbicide/Weeds/Chemical,Herbicide,Herbicide Application,0,No seed list,,,,,,,To conduct a herbicide.,No documentation.,A herbicide was completed.,None,Polygon,Confirmed,"Digitized by BLM field office personnel, method unknown",4/30/2021,11285.68,11245.83,,Unknown,"Brush control, Habitat productivity, Habitat quality, Rangeland health",Habitat improvement.,Unknown,No documentation.,Unknown,No documentation.,Herbicide applied at different frequencies at different locations.,47:18:00
Model 21,Nothern Basin and Range,Post-burn herbicide,58189,22139,Implemented,Unknown,2,5/23/2013,7/14/2015,Acres,2300.04,Herbicide/Weeds/Chemical,Herbicide,Herbicide Application,0,No seed list,,,,,,,To conduct a herbicide.,No documentation.,A herbicide was completed.,None,Polygon,Confirmed,"Digitized by BLM field office personnel, method unknown",5/4/2021,2300.04,2300.04,,Unknown,"Brush control, Habitat productivity, Habitat quality, Rangeland health",Habitat improvement.,Unknown,No documentation.,Unknown,No documentation.,,30:33:00
Model 21,Nothern Basin and Range,Post-burn herbicide,58198,22143,Implemented,Unknown,2,7/23/2011,7/23/2011,Acres,17910.81,Herbicide/Weeds/Chemical,Herbicide,Herbicide Application,0,No seed list,,,,,,,To conduct a herbicide.,No documentation.,A herbicide was completed.,None,Polygon,Confirmed,"Digitized by BLM field office personnel, method unknown",5/4/2021,17910.81,17910.8,,Unknown,"Brush control, Habitat productivity, Habitat quality, Rangeland health",Habitat improvement.,Unknown,No documentation.,Unknown,No documentation.,,34:28:00
Model 21,Nothern Basin and Range,Post-burn herbicide,58242,22000,Implemented,Unknown,2,10/10/2016,10/22/2016,Acres,21459,Herbicide/Weeds/Chemical,Herbicide,Herbicide Application,0,No seed list,,,,,,,To spread herbicide.,No documentation.,A herbicide was spread.,None,Polygon,Confirmed,"Digitized by BLM field office personnel, method unknown",5/5/2021,21459,21120.03,,Unknown,"Brush control, Habitat productivity, Habitat quality, Rangeland health",Invasive control.,Unknown,No documentation.,Unknown,No documentation.,Herbicide was spread at different frequencies at different locations.,44:19:00
Model 21,Nothern Basin and Range,Post-burn herbicide,58276,22148,Implemented,Unknown,2,10/2/2018,10/5/2018,Acres,5311.9,Herbicide/Weeds/Chemical,Herbicide,Herbicide Application,0,No seed list,,,,,,,To conduct a herbicide.,No documentation.,A herbicide was completed.,None,Polygon,Confirmed,"Digitized by BLM field office personnel, method unknown",5/6/2021,5311.9,5311.9,,Unknown,"Habitat productivity, Habitat quality, Rangeland health, Brush control",Habitat Improvement.,Unknown,No documentation.,Unknown,No documentation.,Herbicide was applied at different frequencies at different locations.,47:18:00
Model 21,Nothern Basin and Range,Post-burn herbicide,58435,22043,Implemented,Unknown,2,10/6/2015,10/7/2018,Acres,58027.37,Herbicide/Weeds/Chemical,Herbicide,Herbicide Application,0,No seed list,,,,,,,To conduct a herbicide.,No documentation.,A herbicide was completed.,None,Polygon,Confirmed,"Digitized by BLM field office personnel, method unknown",5/14/2021,58027.37,57817.62,,Unknown,"Brush control, Habitat productivity, Habitat quality, Rangeland health",Habitat improvement,Unknown,No documentation.,Unknown,No documentation.,Herbicide applied at different frequencies at different locations.,19:58:00
Model 21,Nothern Basin and Range,Post-burn herbicide,59847,22405,Implemented,Unknown,2,7/15/2015,7/15/2015,Acres,2018.67,Herbicide/Weeds/Chemical,Herbicide,Herbicide Application,0,No seed list,,,,,,,To conduct a herbicide.,"2.\tThe BLM would inventory and treat weeds within the burned area for three years after the burn.  Where herbicide application is determined to be the most appropriate treatment for noxious weeds, use of herbicides would be in conformance with the label instructions.  Only treatments allowable on Oregon BLM lands in conformance with Burns BLM authorized procedures would be used.  The BLM would apply herbicides using ground-based sprayers.",A herbicide was completed.,None,Polygon,Confirmed,"Digitized by BLM field office personnel, method unknown",8/5/2021,2018.67,2018.67,,Unknown,"Brush control, Establishment of seeded species, Habitat productivity, Habitat quality, Forest health, Rangeland health","\r\nThe Burns District Bureau of Land Management is proposing to implement the Emergency Stabilization and Burned Area Rehabilitation (ES & R) Plan for the Desert Meadows Fire. The Desert Meadows Fire burned 2,100 acres within the No Livestock Grazing Area of the Steens Mountain Wilderness (see map ). The fire started on a slight slope and then burned up a steep mountain side between Little Blitzen River and Dry Creek. The fire burned in such a manner as to leave a mosaic pattern of live and unburned vegetation within the burn perimeter. Directly under some juniper trees, the fire burned at high intensity resulting in black and white ash covering the soil surface. The fire killed some western juniper and removed above ground portions of sagebrush. Perennial grasses and forbs were also burned to the soil surface. The Desert Meadows Fire was contained and controlled on September 15, 2011. The fire burned near the mouth of the Little Blitzen Canyon. The fire did not burn in the Little Blitzon River riparian area. The closest the fire came to the river was 200 yards. Medusahead rye, Canada thistle and bull thistle noxious weed species are present and expanding throughout the Steens Mountain Wilderness. It is likely that these noxious weeds will establish in the burned area and outcompete the native perianal vegetation. \r\n\r\nPurpose and Need\r\n\r\nThe disturbance from the Desert Meadows Fire could provide opportunities for the expansion of weed species including Medusahead rye, Canada thistle and bull thistle within the burn area. Hand seeding and spraying herbicide will help reduce the likelihood of noxious weeds establishing as well as the following: \r\n\r\na.\tStabilize soils after the first growing season and reduce the potential for accelerated soil erosion associated with invasive annual grass communities.\r\nb.\tReduce the likelihood of these areas experiencing a reduced fire return interval associated with invasive annual grass communities.\r\nc.\tPromote reestablishment of other native vegetation not seeded such as Wyoming big sagebrush.",Unknown,No documentation.,Unknown,No documentation.,,33:46:00
Model 21,Nothern Basin and Range,Post-burn herbicide,60480,22488,Implemented,Unknown,2,11/14/2008,10/20/2011,Acres,97.87,Herbicide/Weeds/Chemical,Herbicide,Herbicide Application,0,No seed list,,,,,,,To conduct a herbicide application.,No documentation.,A herbicide application was completed.,Unknown,Polygon,Confirmed,"Digitized by BLM field office personnel, method unknown",9/22/2021,97.87,97.87,,Unknown,"Brush control, Forest health, Fire hazard, Habitat productivity, Habitat quality, Hazardous fuels accumulation, Hazardous fuels reduction, Rangeland health",Emergency Stabilization and Rehabilitation.,Unknown,No documentation.,Unknown,No documentation.,,13:32:00
Model 21,Nothern Basin and Range,Post-burn herbicide,61026,22591,Implemented,Unknown,2,9/18/2006,9/18/2006,Acres,3881.56,Herbicide/Weeds/Chemical,Herbicide,Herbicide Application,0,No seed list,,,,,,,To conduct a herbicide.,Pesticide application. Total amount: 2 gallons. 24 gallon ATV sprayer.,A herbicide was completed.,Unknown,Polygon,Confirmed,"Digitized by BLM field office personnel, method unknown",12/15/2021,3881.56,3304.61,,Unknown,"Brush control, Forest health, Habitat productivity, Habitat quality, Rangeland health",Habitat Improvement.,Unknown,No documentation.,Unknown,No documentation.,,21:29:00
Model 21,Nothern Basin and Range,Post-burn herbicide,61228,22636,Implemented,Unknown,2,6/28/2012,6/23/2016,Acres,7950.5,Herbicide/Weeds/Chemical,Herbicide,Herbicide Application,0,No seed list,,,,,,,To conduct a herbicide.,No documentation.,A herbicide was completed.,Unknown,Polygon,Confirmed,"Digitized by BLM field office personnel, method unknown",1/25/2022,7950.5,7631.16,,Unknown,"Brush control, Forest health, Habitat productivity, Habitat quality, Rangeland health",Habitat improvement.,Unknown,No documentation.,Unknown,No documentation.,,13:21:00
Model 21,Nothern Basin and Range,Post-burn herbicide,61241,22637,Implemented,Unknown,2,6/2/2000,9/20/2018,Acres,76134.89,Herbicide/Weeds/Chemical,Herbicide,Herbicide Application,0,No seed list,,,,,,,To conduct a herbicide.,No documentation.,A herbicide was completed.,Unknown,Polygon,Confirmed,"Digitized by BLM field office personnel, method unknown",1/26/2022,76134.89,69854.36,,Unknown,"Brush control, Forest health, Habitat productivity, Habitat quality, Rangeland health",Habitat improvement.,Unknown,No documentation.,Unknown,No documentation.,,23:01:00
Model 21,Nothern Basin and Range,Post-burn herbicide,61244,22637,Implemented,Unknown,2,7/25/2004,8/28/2008,Acres,76074.34,Herbicide/Weeds/Chemical,Herbicide,Herbicide Application,0,No seed list,,,,,,,To conduct a herbicide.,No documentation.,A herbicide was completed.,Unknown,Polygon,Confirmed,"Digitized by BLM field office personnel, method unknown",1/26/2022,76074.34,69814.62,,Unknown,"Brush control, Forest health, Habitat productivity, Habitat quality, Rangeland health",Habitat improvement.,Unknown,No documentation.,Unknown,No documentation.,,31:06:00
Model 21,Nothern Basin and Range,Post-burn herbicide,61246,22637,Implemented,Unknown,2,00/00/2004,9/11/2013,Acres,29128.27,Herbicide/Weeds/Chemical,Herbicide,Herbicide Application,0,No seed list,,,,,,,To conduct a herbicide.,No documentation.,A herbicide was completed. Not applicable/monitor.,Unknown,Polygon,Confirmed,"Digitized by BLM field office personnel, method unknown",1/26/2022,29128.27,27079.1,,Unknown,"Brush control, Forest health, Habitat productivity, Habitat quality, Rangeland health",Habitat improvement.,Unknown,No documentation.,Unknown,No documentation.,,34:15:00
Model 21,Nothern Basin and Range,Post-burn herbicide,61278,22641,Implemented,Unknown,2,7/12/2012,6/9/2015,Acres,9617.29,Herbicide/Weeds/Chemical,Herbicide,Herbicide Application,0,No seed list,,,,,,,To conduct a herbicide.,No documentation.,A herbicide was completed.,Unknown,Polygon,Confirmed,"Digitized by BLM field office personnel, method unknown",1/28/2022,9617.29,9125.75,,Unknown,"Brush control, Habitat productivity, Habitat quality, Rangeland health, Forest health",Habitat improvement.,Unknown,No documentation.,Unknown,No documentation.,,03:44:00
Model 21,Nothern Basin and Range,Post-burn herbicide,61321,22650,Implemented,Unknown,2,7/30/2013,7/13/2015,Acres,55753.81,Herbicide/Weeds/Chemical,Herbicide,Herbicide Application,0,No seed list,,,,,,,To conduct a herbicide.,No documentation.,A herbicide was completed.,Unknown,Polygon,Confirmed,"Digitized by BLM field office personnel, method unknown",2/1/2022,55753.81,52249.51,,Unknown,"Brush control, Forest health, Habitat productivity, Habitat quality, Rangeland health",Habitat improvement.,Unknown,No documentation.,Unknown,No documentation.,,45:50:00
Model 21,Nothern Basin and Range,Post-burn herbicide,61322,22650,Implemented,Unknown,2,7/5/2016,7/5/2016,Acres,3481.75,Herbicide/Weeds/Chemical,Herbicide,Herbicide Application,0,No seed list,,,,,,,To conduct a herbicide.,No documentation.,A herbicide was completed.,Unknown,Polygon,Confirmed,"Digitized by BLM field office personnel, method unknown",2/1/2022,3481.75,3148.5,,Unknown,"Brush control, Forest health, Habitat productivity, Habitat quality, Rangeland health",Habitat improvement.,Unknown,No documentation.,Unknown,No documentation.,,48:22:00
Model 21,Nothern Basin and Range,Post-burn herbicide,61348,22655,Implemented,Unknown,2,6/11/2014,7/14/2015,Acres,33935.27,Herbicide/Weeds/Chemical,Herbicide,Herbicide Application,0,No seed list,,,,,,,To conduct a herbicide.,No documentation.,A herbicide was completed.,Unknown,Polygon,Confirmed,"Digitized by BLM field office personnel, method unknown",2/3/2022,33935.27,32847.7,,Unknown,"Brush control, Forest health, Habitat productivity, Habitat quality, Rangeland health",Habitat improvement.,Unknown,No documentation.,Unknown,No documentation.,,51:53:00
Model 21,Nothern Basin and Range,Post-burn herbicide,61349,22655,Implemented,Unknown,2,6/24/2014,6/29/2017,Acres,33935.27,Herbicide/Weeds/Chemical,Herbicide,Herbicide Application,0,No seed list,,,,,,,To conduct a herbicide.,No documentation.,A herbicide was completed.,Unknown,Polygon,Confirmed,"Digitized by BLM field office personnel, method unknown",2/3/2022,33935.27,32847.7,,Unknown,"Brush control, Forest health, Habitat productivity, Habitat quality, Rangeland health",Habitat improvement.,Unknown,No documentation.,Unknown,No documentation.,,54:19:00
Model 21,Nothern Basin and Range,Post-burn herbicide,61351,22655,Implemented,Unknown,2,8/26/2013,8/26/2013,Acres,5496.54,Herbicide/Weeds/Chemical,Herbicide,Herbicide Application,0,No seed list,,,,,,,To conduct a herbicide.,No documentation.,A herbicide was completed. Not applicable/monitor.,Unknown,Polygon,Confirmed,"Digitized by BLM field office personnel, method unknown",2/3/2022,5496.54,5486.18,,Unknown,"Brush control, Forest health, Habitat productivity, Habitat quality, Rangeland health",Habitat improvement.,Unknown,No documentation.,Unknown,No documentation.,,59:57:00
Model 21,Nothern Basin and Range,Post-burn herbicide,61375,22663,Implemented,Unknown,2,6/9/2014,7/1/2015,Acres,28560.94,Herbicide/Weeds/Chemical,Herbicide,Herbicide Application,0,No seed list,,,,,,,To conduct a herbicide.,No documentation.,A herbicide was completed.,Unknown,Polygon,Confirmed,"Digitized by BLM field office personnel, method unknown",2/7/2022,28560.94,27940.45,,Unknown,"Brush control, Forest health, Habitat productivity, Habitat quality, Rangeland health",Habitat improvement.,Unknown,No documentation.,Unknown,No documentation.,,49:02:00
Model 21,Nothern Basin and Range,Post-burn herbicide,61376,22663,Implemented,Unknown,2,7/9/2015,6/21/2017,Acres,18610.05,Herbicide/Weeds/Chemical,Herbicide,Herbicide Application,0,No seed list,,,,,,,To conduct a herbicide.,No documentation.,A herbicide was completed.,Unknown,Polygon,Confirmed,"Digitized by BLM field office personnel, method unknown",2/7/2022,18610.05,17509.01,,Unknown,"Brush control, Forest health, Habitat productivity, Habitat quality, Rangeland health",Habitat improvement.,Unknown,No documentation.,Unknown,No documentation.,,13:23:00
Model 21,Nothern Basin and Range,Post-burn herbicide,61377,22663,Implemented,Unknown,2,7/6/2016,7/5/2018,Acres,28560.94,Herbicide/Weeds/Chemical,Herbicide,Herbicide Application,0,No seed list,,,,,,,To conduct a herbicide.,No documentation.,A herbicide was completed.,Unknown,Polygon,Confirmed,"Digitized by BLM field office personnel, method unknown",2/7/2022,28560.94,27940.45,,Unknown,"Brush control, Forest health, Habitat productivity, Habitat quality, Rangeland health",Habitat improvement.,Unknown,No documentation.,Unknown,No documentation.,,27:09:00
Model 21,Nothern Basin and Range,Post-burn herbicide,61380,22663,Implemented,Unknown,2,7/13/2011,7/30/2013,Acres,2605.11,Herbicide/Weeds/Chemical,Herbicide,Herbicide Application,0,No seed list,,,,,,,To conduct a herbicide.,No documentation.,A herbicide was completed. Not applicable/monitor.,Unknown,Polygon,Confirmed,"Digitized by BLM field office personnel, method unknown",2/7/2022,2605.11,2124.55,,Unknown,"Brush control, Forest health, Habitat productivity, Habitat quality, Rangeland health",Habitat improvement.,Unknown,No documentation.,Unknown,No documentation.,,12:46:00
Model 21,Nothern Basin and Range,Post-burn herbicide,61387,22665,Implemented,Unknown,2,8/21/2013,8/22/2013,Acres,51668.34,Herbicide/Weeds/Chemical,Herbicide,Herbicide Application,0,No seed list,,,,,,,To conduct a herbicide.,No documentation.,A herbicide was completed. Not applicable/monitor.,Unknown,Polygon,Confirmed,"Digitized by BLM field office personnel, method unknown",2/7/2022,51668.34,49433.2,,Unknown,"Brush control, Forest health, Habitat productivity, Habitat quality, Rangeland health",Habitat improvement.,Unknown,No documentation.,Unknown,No documentation.,,15:55:00
Model 21,Nothern Basin and Range,Post-burn herbicide,61391,22666,Implemented,Unknown,2,6/17/2016,6/17/2016,Acres,379.21,Herbicide/Weeds/Chemical,Herbicide,Herbicide Application,0,No seed list,,,,,,,To conduct a herbicide.,No documentation.,A herbicide was completed.,Unknown,Polygon,Confirmed,"Digitized by BLM field office personnel, method unknown",2/8/2022,379.21,366.19,,Unknown,"Brush control, Forest health, Habitat productivity, Habitat quality, Rangeland health",Habitat improvement.,Unknown,No documentation.,Unknown,No documentation.,,44:00:00
Model 21,Nothern Basin and Range,Post-burn herbicide,61405,22669,Implemented,Unknown,2,9/9/2015,9/9/2015,Acres,4473.78,Herbicide/Weeds/Chemical,Herbicide,Herbicide Application,0,No seed list,,,,,,,To conduct a herbicide.,No documentation.,A herbicide was completed. Unknown herbicide.,Unknown,Polygon,Confirmed,"Digitized by BLM field office personnel, method unknown",2/8/2022,4473.78,4193.76,,Unknown,"Brush control, Habitat productivity, Habitat quality, Forest health, Rangeland health",Habitat improvement.,Unknown,No documentation.,Unknown,No documentation.,,19:06:00
Model 21,Nothern Basin and Range,Post-burn herbicide,61407,22669,Implemented,Unknown,2,8/20/2014,9/8/2015,Acres,6025.3,Herbicide/Weeds/Chemical,Herbicide,Herbicide Application,0,No seed list,,,,,,,To conduct a herbicide.,No documentation.,A herbicide was completed.,Unknown,Polygon,Confirmed,"Digitized by BLM field office personnel, method unknown",2/8/2022,6025.3,5499.44,,Unknown,"Brush control, Habitat productivity, Habitat quality, Forest health, Rangeland health",Habitat improvement.,Unknown,No documentation.,Unknown,No documentation.,,22:55:00
Model 21,Nothern Basin and Range,Post-burn herbicide,61429,22676,Implemented,Unknown,2,8/26/2013,8/26/2013,Acres,678.62,Herbicide/Weeds/Chemical,Herbicide,Herbicide Application,0,No seed list,,,,,,,To conduct a herbicide.,No documentation.,A herbicide was completed. Herbicide not applicable.,Unknown,Polygon,Confirmed,"Digitized by BLM field office personnel, method unknown",2/9/2022,678.62,678.62,,Unknown,"Brush control, Habitat productivity, Habitat quality, Forest health, Rangeland health",Habitat improvement.,Unknown,No documentation.,Unknown,No documentation.,,16:20:00
Model 21,Nothern Basin and Range,Post-burn herbicide,61430,22676,Implemented,Unknown,2,9/17/2012,6/25/2014,Acres,1262.66,Herbicide/Weeds/Chemical,Herbicide,Herbicide Application,0,No seed list,,,,,,,To conduct a herbicide.,No documentation.,A herbicide was completed.,Unknown,Polygon,Confirmed,"Digitized by BLM field office personnel, method unknown",2/9/2022,1262.66,1042,,Unknown,"Brush control, Habitat productivity, Habitat quality, Forest health, Rangeland health",Habitat improvement.,Unknown,No documentation.,Unknown,No documentation.,,18:09:00
Model 21,Nothern Basin and Range,Post-burn herbicide,61452,22688,Implemented,Unknown,2,6/10/2014,6/29/2015,Acres,20866.82,Herbicide/Weeds/Chemical,Herbicide,Herbicide Application,0,No seed list,,,,,,,To conduct a herbicide.,No documentation.,A herbicide was completed.,Unknown,Polygon,Confirmed,"Digitized by BLM field office personnel, method unknown",2/10/2022,20866.82,19989.12,,Unknown,"Brush control, Forest health, Habitat productivity, Habitat quality, Rangeland health",Habitat improvement.,Unknown,No documentation.,Unknown,No documentation.,,07:42:00
Model 21,Nothern Basin and Range,Post-burn herbicide,61464,22692,Implemented,Unknown,2,9/3/2018,9/3/2018,Acres,10410.38,Herbicide/Weeds/Chemical,Herbicide,Herbicide Application,0,No seed list,,,,,,,To conduct a herbicide.,No documentation.,Herbicide application completed. GIS is implementation data.,Unknown,Polygon,Confirmed,"Digitized by BLM field office personnel, method unknown",2/11/2022,10410.38,10409.26,,Unknown,"Brush control, Forest health, Habitat productivity, Habitat quality, Rangeland health",Habitat improvement.,Unknown,No documentation.,Unknown,No documentation.,,20:45:00
Model 21,Nothern Basin and Range,Post-burn herbicide,61488,22705,Implemented,Unknown,2,7/15/2009,7/15/2009,Acres,12395.86,Herbicide/Weeds/Chemical,Herbicide,Herbicide Application,0,No seed list,,,,,,,To conduct a herbicide.,No documentation.,A herbicide was completed. Herbicide not applicable/monitor.,Unknown,Polygon,Confirmed,"Digitized by BLM field office personnel, method unknown",2/14/2022,12395.86,11729.76,,Unknown,"Brush control, Forest health, Habitat productivity, Habitat quality, Rangeland health",Habitat improvement.,Unknown,No documentation.,Unknown,No documentation.,,25:02:00
Model 21,Nothern Basin and Range,Post-burn herbicide,61502,22714,Implemented,Unknown,2,7/9/2009,7/9/2009,Acres,530.43,Herbicide/Weeds/Chemical,Herbicide,Herbicide Application,0,No seed list,,,,,,,To conduct a herbicide.,No documentation.,A herbicide was completed. Herbicide not applicable/monitor.,Unknown,Polygon,Confirmed,"Digitized by BLM field office personnel, method unknown",2/15/2022,530.43,530.42,,Unknown,"Brush control, Forest health, Habitat productivity, Habitat quality, Rangeland health",Habitat improvement,Unknown,No documentation.,Unknown,No documentation.,,10:00:00
Model 21,Nothern Basin and Range,Post-burn herbicide,61539,22722,Implemented,Unknown,2,7/13/2017,7/12/2018,Acres,11463.68,Herbicide/Weeds/Chemical,Herbicide,Herbicide Application,0,No seed list,,,,,,,To conduct a herbicide.,No documentation.,A herbicide was completed.,Unknown,Polygon,Confirmed,"Digitized by BLM field office personnel, method unknown",2/17/2022,11463.68,11363.06,,Unknown,"Brush control, Forest health, Habitat quality, Habitat productivity, Rangeland health",Habitat improvement.,Unknown,No documentation.,Unknown,No documentation.,,07:45:00
Model 21,Nothern Basin and Range,Post-burn herbicide,61544,22722,Implemented,Unknown,2,9/2/2008,8/3/2015,Acres,19281.78,Herbicide/Weeds/Chemical,Herbicide,Herbicide Application,0,No seed list,,,,,,,To conduct a herbicide.,No documentation.,A herbicide was completed.,Unknown,Polygon,Confirmed,"Digitized by BLM field office personnel, method unknown",2/17/2022,19281.78,18106.81,,Unknown,"Brush control, Forest health, Habitat quality, Habitat productivity, Rangeland health",Habitat improvement.,Unknown,No documentation.,Unknown,No documentation.,,17:46:00
Model 21,Nothern Basin and Range,Post-burn herbicide,61559,22725,Implemented,Unknown,2,9/3/2008,9/29/2010,Acres,13121.54,Herbicide/Weeds/Chemical,Herbicide,Herbicide Application,0,No seed list,,,,,,,To conduct a herbicide.,No documentation.,A herbicide was completed.,Unknown,Polygon,Confirmed,"Digitized by BLM field office personnel, method unknown",2/18/2022,13121.54,12911.69,,Unknown,"Brush control, Forest health, Habitat productivity, Habitat quality, Rangeland health",Habitat improvement.,Unknown,No documentation.,Unknown,No documentation.,,16:35:00
Model 21,Nothern Basin and Range,Post-burn herbicide,61583,22734,Implemented,Unknown,2,9/25/2014,9/14/2017,Acres,18797.06,Herbicide/Weeds/Chemical,Herbicide,Herbicide Application,0,No seed list,,,,,,,To conduct a herbicide.,No documentation.,A herbicide was completed.,Unknown,Polygon,Confirmed,"Digitized by BLM field office personnel, method unknown",2/22/2022,18797.06,18236.3,,Unknown,"Brush control, Forest health, Habitat productivity, Habitat quality, Rangeland health",Habitat improvement.,Unknown,No documentation.,Unknown,No documentation.,,39:08:00
Model 21,Nothern Basin and Range,Post-burn herbicide,61694,22779,Implemented,Unknown,2,7/3/2002,6/18/2014,Acres,24556.89,Herbicide/Weeds/Chemical,Herbicide,Herbicide Application,0,No seed list,,,,,,,To conduct a herbicide.,No documentation.,A herbicide was completed.,Unknown,Polygon,Confirmed,"Digitized by BLM field office personnel, method unknown",3/10/2022,24556.89,24369.96,,Unknown,"Brush control, Forest health, Habitat productivity, Habitat quality, Rangeland health",Habitat improvement.,Unknown,No documentation.,Unknown,No documentation.,,23:14:00
Model 21,Nothern Basin and Range,Post-burn herbicide,61697,22779,Implemented,Unknown,2,7/25/2000,7/25/2000,Acres,22912.78,Herbicide/Weeds/Chemical,Herbicide,Herbicide Application,0,No seed list,,,,,,,To conduct a herbicide.,No documentation.,A herbicide was completed.,Unknown,Polygon,Confirmed,"Digitized by BLM field office personnel, method unknown",3/10/2022,22912.78,22749.58,,Unknown,"Brush control, Forest health, Habitat productivity, Habitat quality, Rangeland health",Habitat improvement.,Unknown,No documentation.,Unknown,No documentation.,,39:49:00
Model 21,Nothern Basin and Range,Post-burn herbicide,61709,22783,Implemented,Unknown,2,7/2/2013,9/11/2013,Acres,43722.63,Herbicide/Weeds/Chemical,Herbicide,Herbicide Application,0,No seed list,,,,,,,To conduct a herbicide.,No documentation.,A herbicide was completed. Herbicide Not applicable/monitor.,Unknown,Polygon,Confirmed,"Digitized by BLM field office personnel, method unknown",3/10/2022,43722.63,35017.56,,Unknown,"Fire hazard, Brush control, Establishment of seeded species, Habitat productivity, Habitat quality, Forest health, Rangeland health",Habitat improvement.,Unknown,No documentation.,Unknown,No documentation.,,06:11:00
Model 21,Nothern Basin and Range,Post-burn herbicide,61715,22785,Implemented,Unknown,2,8/8/2007,9/14/2011,Acres,5390.69,Herbicide/Weeds/Chemical,Herbicide,Herbicide Application,0,No seed list,,,,,,,To conduct a herbicide.,No documentation.,A herbicide was completed.,Unknown,Polygon,Confirmed,"Digitized by BLM field office personnel, method unknown",3/10/2022,5390.69,4650.15,,Unknown,"Forest health, Brush control, Habitat productivity, Habitat quality, Rangeland health",Habitat improvement.,Unknown,No documentation.,Unknown,No documentation.,,34:34:00
Model 21,Nothern Basin and Range,Post-burn herbicide,61761,22796,Implemented,See Comments,2,9/23/2021,9/24/2021,Acres,2728,Herbicide/Weeds/Chemical,Herbicide,Noxious Weeds: Weed Control - Herbicide Application,0,,,,,,,,"Establish perennial dominated plant communities that will help stabilize soils, out-compete noxious weeds and invasive species.","2,175-acre aerial application of Imazapic targeting cheatgrass and medusahead could occur","8 ounces of Imazapic per acre with 5 gallons water per acre were applied 9/23/21 - 9/24/21 on 2,091 acres of BLM lands and 637 acres of IDL lands. Funding was obligated through cost savings of other FY21 ESR funds.","In 2023 invasive annual grasses and forbs were present throughout the fire as imazapic would no longer be present in enough quantity to suppress seed germination.\r\nPerennial bunchgrasses were Site assessments were conducted, and photos were re-taken at three monitoring plots in 2022. The herbicide application was effective though some striping, areas where herbicide was not as effective and medusahead plants and litter remain, are visible on hillslopes (photos below). Perennial grasses (bluebunch wheatgrass, bottlebrush squirreltail and Sandberg bluegrass) across the treated area were healthy and did not show impacts from the herbicide application.\r\n\r\nQuantitative and qualitative monitoring for cover and density of invasive annual grasses was conducted in the burned area in June 2021 in two monitoring plots. Density of invasive annual grasses was 681 plants per meter squared in the plots. Disbursement outside of plot areas was varied. Additionally, medusahead rye and cheatgrass surrounds most of the burn area so treatment with imazapic within the fire perimeter was warranted to prevent further infestation.",Polygon,Confirmed,Digitized by LTDL data entry personnel using a confirmed map,3/17/2022,2670.12,2022.51,Acreage includes herbicide treatment on IDL lands.,Contractor,"Habitat quality, Loss of perennials, Invasive species, Loss of desirable species, Noxious weeds","Establish perennial dominated plant communities that will help stabilize soils, out-compete noxious weeds and invasive species.",,,,,,33:54:00
Model 21,Nothern Basin and Range,Post-burn herbicide,61930,22827,Implemented,Unknown,2,10/19/2021,10/21/2021,Acres,2062,Herbicide/Weeds/Chemical,Herbicide,Noxious Weeds: Weed Control - Herbicide Application,0,,,,,,,,"To reduce invasive annual grasses, including cheatgrass, and as a seedbed preparation treatment",,"During fall 2021, approximately a 2,062-acre aerial application of imazapic was applied to reduce invasive annual grasses, including cheatgrass, and as a seedbed preparation treatment. \r\n\r\n*Contract cost was higher than requested due to calculation error. All planned acres were treated.",Unknown,Polygon,Confirmed,Digitized by LTDL data entry personnel using a confirmed map,4/11/2022,2055.94,2055.94,,Contractor,"Invasion by cheatgrass, Invasion by non-native annuals, Invasive species, Noxious weeds, Seedbed preparation",Applying aerial herbicide and seeding areas that previously had intact sagebrush would prevent those areas from conversion to invasive annual grasslands and being lost as important wildlife habitat.,"Delayed, Extreme cold forced cancellation of treatment","Aerial Herbicide was delayed during the fall 2020 due to receiving funding late and freezing conditions, making it impossible to implement the treatment.",Other (See Trt Notes),The Aerial Herbicide treatment was completed over thatch.,The cost of this treatment is lumped with treatment 61931,03:25:00
Model 21,Nothern Basin and Range,Post-burn herbicide,63854,23217,Implemented,Unknown,2,7/6/2013,7/26/2013,Acres,142,Herbicide/Weeds/Chemical,Herbicide,Noxious Weeds: Weed Control - Herbicide Application,0,,,,,,,,Invasives Control,,Herbicide application targeting ONAC and CIVU was completed. Phase adjuvant was used.\r\n\r\nGIS is the implementation data.,Unknown,Polygon,Confirmed,"Digitized by BLM field office personnel, method unknown",None,4473.27,4393.15,,Contractor,"Invasive species, Noxious weeds",Invasives Control,,,,,,51:06:00
Model 21,Nothern Basin and Range,Post-burn herbicide,63855,23217,Implemented,Unknown,2,7/16/2015,11/24/2015,Acres,44.25,Herbicide/Weeds/Chemical,Herbicide,Noxious Weeds: Weed Control - Herbicide Application,0,,,,,,,,Invasives Control,,"Herbicide application targeting ONAC was completed. MSO, Hi-light, and Phase adjuvants were used. \r\n\r\nGIS is the implementation data.",Unknown,Polygon,Confirmed,"Digitized by BLM field office personnel, method unknown",None,4473.27,4393.15,,Contractor,"Invasive species, Noxious weeds",Invasives Control,,,,,,59:26:00
Model 21,Nothern Basin and Range,Post-burn herbicide,63858,22783,Implemented,Unknown,2,9/20/2015,9/20/2015,Acres,6489,Herbicide/Weeds/Chemical,Herbicide,Noxious Weeds: Weed Control - Herbicide Application,0,,,,,,,,Invasives Control,,"Herbicide application completed targeting BRTE. Compadre, Infuse adjuvants were used.\r\n\r\nGIS is the implementation data.",Unknown,Polygon,Confirmed,"Digitized by BLM field office personnel, method unknown",None,6488.95,6442.61,,Contractor,"Invasive species, Noxious weeds",Invasives Control,,,,,,52:39:00
Model 21,Nothern Basin and Range,Post-burn herbicide,63931,23234,Implemented,Unknown,2,9/20/2012,9/20/2012,Acres,435,Herbicide/Weeds/Chemical,Herbicide,Noxious Weeds: Weed Control - Herbicide Application,0,,,,,,,,Invasives control,,Herbicide application was completed. GIS is the implementation data. TACA8 was targeted.,Unknown,Polygon,Confirmed,"Digitized by BLM field office personnel, method unknown",None,435.15,433.59,,Unknown,"Invasive species, Noxious weeds",Invasives control,,,,,,41:53:00
Model 21,Nothern Basin and Range,Post-burn herbicide,66397,23890,Implemented,See Comments,2,12/00/2020,1/00/2021,Acres,7639,Herbicide/Weeds/Chemical,Herbicide,Noxious Weeds: Weed Control - Herbicide Application,0,No seed list,,,,,,,Conduct noxious weed inventory on the BLM-administered public lands within the fire perimeter and treat noxious weed infestations found in and adjacent to the burned area.,"Conduct noxious weed inventory on the BLM-administered public lands within the fire perimeter and treat noxious weed infestations found in and adjacent to the burned area. It is anticipated that there would be an increase in the amount of noxious weeds resulting from the disturbance created by the fire and fire suppression activities. Treatments would consist of an integrated weed management approach utilizing mechanical and chemical methods. Chemical treatments would be done in accordance with all label requirements and conform to the BLM Chemical Pest Control Handbook H-9011-1. All herbicides, surfactants, and dyes shall be approved for use on BLM administered lands and applied following standard safety and operation procedures. Prior to seeding, 7,639 acres would be treated with Imazapic, in the fall of 2020, and allowed to fallow to combat invasive annual grasses.",FY 2021 Herbicide treatment in the non-WSA portions of the Poodle Fire and sections outside of the Poodle Fire to control TACA8.,,Polygon,Confirmed,Digitized by LTDL data entry personnel using a confirmed map,1/25/2023,7613.57,7603.06,,BLM and Cooperators,"Invasive species, Noxious weeds",To treat noxious weed infestations found in and adjacent to the burned area.,,,,,"FY 2021 NDOW purchased herbicide and oversaw aerial herbicide application. BLM purchased seed for the treated area.\r\nThe DNA states ""Prior to seeding, 7,639 acres would be treated with Imazapic, in the fall of 2020, and allowed to fallow to combat invasive annual grasses"". The herbicide used was not specified in the monitoring report but from the DNA it is inferred that imazapic was the herbicide used.",23:25:00
Model 21,Nothern Basin and Range,Post-burn herbicide,69496,21213,Implemented,Unknown,2,9/15/2019,10/14/2019,Acres,13278,Herbicide/Weeds/Chemical,Herbicide,Herbicide Application,0,No seed list,,,,,,,Establish/maintain fuel breaks along the boundary of the Martin fire as well as inhibit the spread of invasive annuals inside the fire perimeter.,Aerial application of herbicides over fuel breaks and area within the Martin fire perimeter. To be applied over a month from September to October.,"Aerial application of herbicide completed, verified by contract diary and pesticide application report.",Unknown.,Polygon,Confirmed,"Digitized by BLM field office personnel, using an aircraft GPS unit",11/12/2019,13567.2,13562.88,Treatment acres lower than feature acres,Contractor,"Invasion by non-native annuals, Fire hazard",Establish/Maintain fuel breaks and inhibit invasive annuals.,,,,,"Chemical Manufacturer BASF.\r\nIncludes application of adjuvant, ""Grounded"" manufactured by Helena, applied at 12 ounces per acre.",29:54:00
Model 21,Nothern Basin and Range,Post-burn herbicide,69505,21213,Implemented,Unknown,2,8/28/2020,10/4/2020,Acres,7316,Herbicide/Weeds/Chemical,Herbicide,Herbicide Application,0,No seed list,,,,,,,To maintain and expand the fuel break system.,"Aerial application of herbicide to control cheatgrass. Herbicide will be applied utilizing water asw a carrieer, with no less than 2 gallons/acre of tank mix applied. Wind velocities must be 6 mph of less.","Two aerial applications of herbicide completed, verified by GIS attribute table.",Unknown,Polygon,Confirmed,"Digitized by BLM field office personnel, using an aircraft GPS unit",4/6/2021,3721.53,3335.33,Treatment acres double that of feature because of two applications over the same area.,Contractor,,,,,,,,30:44:00
Model 21,Nothern Basin and Range,Post-burn herbicide,69801,24759,Implemented,Unknown,2,11/10/2014,11/20/2014,Acres,3100,Herbicide/Weeds/Chemical,Herbicide,Herbicide Application,0,No seed list,,,,,,,Apply herbicides in select locations for control of Medusahead Rye and Cheatgrass.,"The work consists of applying herbicides in select locations for control of Medusahead Rye and Cheatgrass on BLM administered lands. The work shall consist of\r\napplication of contractor-furnished herbicide using an aircraft within the potential project area as defined on attached maps. Application will occur within 7 to 20\r\nunits totaling 3,100 acres. Herbicide will be applied utilizing water as a carrier, with no less than an average of 10 gallons/acre of tank mix applied.","Herbicide application of approximately 3,100 acres in accordance with the Statement of Work.",Unknown,Polygon,Confirmed,"Digitized by BLM field office personnel, method unknown",None,2518.45,2518.45,"Discrepancy between the reported treated acres in the contract (3,100) and the GIS (2,518) acres.",Contractor,"Invasive species, Invasion by cheatgrass",To control of Medusahead Rye and Cheatgrass.,,,,,"Treatment dates verified using Contract Diary.\r\nTreatment map has hand note to delete a small portion of the Northern treatment polygon, but the shapefile from the BLM did not have it deleted.",21:08:00
Model 21,Nothern Basin and Range,Post-burn herbicide,70354,24943,Implemented,Unknown,1,9/23/2022,12/21/2022,Acres,12153.89,Herbicide/Weeds/Chemical,Herbicide,Herbicide Application,0,No seed list,,,,,,,Inhibit invasive annual grasses and improve habitat for native species.,Parts of treatment area to restrict grazing for approximately 1 year following herbicide.,"Aerial herbicide completed using helicopter. Chemical Imazapic (Plateau) used with surfactant Grounded to target invasive annual grasses TACA8, VEDU, and BRTE. Implementation verified by GIS attribute table.",Unknown,Polygon,Confirmed,"Digitized by BLM field office personnel, method unknown",None,12158.19,11795.94,,BLM,"Habitat quality, Habitat productivity, Forage quality, Competition for resources, Invasive species, Loss of desirable species",Inhibit invasive annual grasses,,,,,High Desert Partnership\r\nFall 2022\r\nFunding; SB762,55:47:00
Model 21,Nothern Basin and Range,Post-burn herbicide,70355,24943,Implemented,Unknown,1,3/20/2022,9/22/2022,Acres,31765.4,Herbicide/Weeds/Chemical,Herbicide,Herbicide Application,0,No seed list,,,,,,,Inhibit invasive annual grasses and improve habitat for native vegetation.,No grazing restrictions.,"Aerial herbicide application completed using a helicopter and fixed wing aircraft to spray. Chemicals Indaziflam (Rejuvra) and Imazapic (Plateau), with surfactants Grounded and Quest, were used to target invasive annual grasses TACA8, BRTE, and VEDU. Implementation verified by GIS attribute table.",Unknown,Polygon,Confirmed,"Digitized by BLM field office personnel, method unknown",None,31761.74,20246.05,,BLM and Cooperators,"Habitat quality, Habitat productivity, Forage quality, Competition for resources, Invasive species, Loss of desirable species",Inhibit invasive annual grasses,,,,,High Desert Partnership\r\nSpring and Summer 2022\r\nFunding: SB762,04:34:00
Model 21,Nothern Basin and Range,Post-burn herbicide,70366,24947,Implemented,Unknown,2,9/28/2017,9/28/2017,Acres,1005,Herbicide/Weeds/Chemical,Herbicide,Herbicide Application,0,No seed list,,,,,,,The project objective is to reduce the cheatgrass. The success of this project will reduce fuels\r\nthat currently threaten this ecosystem.,"The work consists of applying herbicides in select locations for control of cheatgrass\r\non BLM administered lands. The work shall consist of application of contractor furnished\r\nherbicide using an aircraft within the potential project area as defined\r\non attached maps. Application will occur within 1 unit totaling 1,000 acres.\r\n A total of 1,000 acres of BLM land will be sprayed with Plateau at 8\r\nounces/acre.",Aerial herbicide applied. Implementation verified by contract diary.,Unknown,Polygon,Confirmed,Digitized by LTDL data entry personnel using a confirmed map,None,1005.18,1005.18,,Contractor,"Hazardous fuels reduction, Invasion by cheatgrass, Rangeland health","The project objective is to reduce the cheatgrass within the 1999 Quinn Odell fire. The fire was seeded with\r\nband strips of perennials such as crested wheatgrass, bluebunch wheatgrass, sagebrush, etc. This project is in close\r\nvicinity of the large intact stand of Wyoming sagebrush in the Owyhee desert. The success of this project will reduce fuels\r\nthat currently threaten this ecosystem.",,,Dry,"Partly cloudy, Min temp 39 degrees and max temp 47 degrees.",Willow Creek unit,09:47:00
Model 21,Nothern Basin and Range,Post-burn herbicide,71273,24960,Implemented,Unknown,2,9/8/2021,9/12/2021,Acres,3256,Herbicide/Weeds/Chemical,Herbicide,Noxious Weeds: Weed Control - Herbicide Application,0,No seed list,,,,,,,Inhibit invasive annuals to reduce wildfire risk and improve habitat for various wildlife species.,Adaptive management techniques used on areas throughout the Tuscarora field office to include the use of imazapic to target cheatgrass and medusahead.,"Aerial herbicide application completed, verified by GIS attribute table.",Unknown.,Polygon,Confirmed,"Digitized by BLM field office personnel, method unknown",9/30/2021,3258.3,3237.22,Treatment acres based on GIS attribute table and are slightly lower than feature acres.,Unknown,"Habitat for wildlife, Invasion by cheatgrass, Invasion by non-native annuals","Improve habitat for various wildlife species, and reduce the potential for future wildfires through the reduction of fine fuels.",,,,,FIAT_Tuscarora PPA_Adaptive Management Herbicide for Black Point and Big Butte.,13:40:00
Model 21,Nothern Basin and Range,Post-burn herbicide,72422,20964,Implemented,Unknown,2,11/6/2020,11/10/2020,Acres,7067,Herbicide/Weeds/Chemical,Herbicide,Herbicide Application,0,No seed list,,,,,,,To inventory and treat infestations of new noxious weeds for the management of the public lands.,"The BLM ELFO has identified approximately 7,100 ac within the fire perimeter to treat with herbicide to control establishment and spreading of cheatgrass (Bromus tectorum) and medusahead (Taeniatherum caput-medusae). Due to the remote location of the Parsnip fire, the BLM ELFO plans to accomplish this treatment through an aerial herbicide application, and specifically the use of lmazapic, which is approved for application on SLM-administered public lands outside of California.","These same acres (7,067) were retreated by K2 Aerial Services through 11/06/20 - 11/10/20.",Unknown,Polygon,Confirmed,Digitized by LTDL data entry personnel using a confirmed map,3/13/2024,6833.45,6710.79,,Contractor,"Invasion by non-native annuals, Invasion by cheatgrass","If untreated, annual weeds result in land degradation because they outcompete native grasses, deteriorate soil structure, and increase fuel load for greater fire frequency.",,,,,,59:04:00
Model 21,Nothern Basin and Range,Post-burn herbicide,73220,25784,Implemented,Unknown,2,4/15/2018,6/20/2018,Acres,1575.44,Herbicide/Weeds/Chemical,Herbicide,Noxious Weeds: Weed Control - Herbicide Application,0,No seed list,,,,,,,Spraying of noxious weeds within SFA and Oneil PPA.,Unknown.,"Aerial herbicide applied, verified by GIS attribute table.",Unknown.,Polygon,Confirmed,"Digitized by BLM field office personnel, method unknown",6/20/2019,1094.12,908.06,"Treatment acres greater than feature acres due to overlapping treatments, taken from GIS attribute table.",Unknown,Noxious weeds,Weed Control,,,,,"Comprised of two GIS treatment entries, the first from 4/15 to 5/5 and the second from 6/5 to 6/20. The second application retreats much of the area from the first application.",47:41:00
