Model,Ecoregion,Treatment,Trt_ID,Prj_ID,Plan_Imp,Success,Dates_Confirmed,Init_Date,Comp_Date,Units,Num_Units,Trt_Type_Major,Trt_Type_Sub,Treatment_Type,Treatment_Seeded,Seed_List,Seed_Mix_Name,Seeds_or_Seedlings,Seed_List_Confirmed,Control_Areas,Seed_Application_Rate,Seed_Notes,Objectives,Planned_Implementation,Actual_Implementation,Treatment_Effect_and_Results,Trt_Feature_Type,Feature_Status,How_Feature_Created,Feature_Creation_Date,Total_Acres,BLM_Acres,GIS_Notes,Initiated_By,Trt_Concerns,Trt_Concerns_Desc,Problems_Apply_Trt,Problems_Apply_Trt_Desc,Conditions_At_Trt,Conditions_At_Trt_Desc,Trt_Notes,User_Updated
Model 18,Nothern Basin and Range,Post-burn aerial & drill seeding,471,164,Implemented,Partially Successful,2,1/00/2007,1/00/2007,Acres,6212.75,Seeding,Aerial Seeding,Aerial Seeding: Rotor Wing,-1,Confirmed seed list,Aerial Wildlife (low elevation),Seeds,Confirmed on Paper,Unknown,Unknown,,"The primary objective of the treatment is to aerially seed areas of the fire that are critical to wildlife, or most at risk for long-term irreversible damage due to the effects of the fire. Sagebrush was seeded, primarily over areas of previous drill seeding treatments to add vegetation structure and species richness to the treatment areas.",This treatment was done in January with a helicopter by a contract agreement. AgNav maps of the aerial seeding were completed for the project file. Aerial seeding was monitored to ensure that seed was being dispersed in the proper area and at the specified rate. A project inspector was present throughout the process to ensure the treatment met contract specifications.,"The data for this study is averaged from three study sites; AZWI-03, AZWI-02, AZWI-01. This treatment has had very high native release. According to data from the National Oceanic and Atmospheric Administration (NOAA), rainfall in the Elko region was just 53% of normal which likely had an effect on seeded and native species germination and vigor. It is likely to see improvement in subsequent years.\r\n\r\nWyoming Big Sage was observed at a frequency of .03 plants per square meter. Native Release on the monitoring sites was high, with species observed with the following frequency:\r\nSandburg\u2019s Bluegrass 19.54\r\nIdaho Fescue 1.06\r\nBlue Bunch Wheatgrass .51\r\nSquirreltail/bluebunch hybrid .32\r\nSquirreltail .35\r\nCrested Wheat .39.\r\nObserved total native release species per meter was 22.17\r\nTotal Perennial plants per meter squared: 22.2","BLM monitoring personnel assess the seeding areas yearly to evaluate treatment success.  Effectiveness is based on establishment of three seeded plants per square meter rooted firmly in the soil with consideration to site selection factors such as soils, topography, native release of desirable species, and the potential for seedling establishment. Monitoring data is shared with range staff to provide comparisons with unburned reference sites.",Polygon,Confirmed,"Digitized by BLM field office personnel, using an aircraft GPS unit",,6216.959911,6201.403146,,,"Erosion, Livestock in treated area, Noxious Weeds, Invasion by Cheatgrass, Migratory Birds, Provide forage for wildlife, Special Status Species, Watershed degradation, Provide cover for wildlife, Provide forage for livestock, Habitat for wildlife","The purpose of the proposed action described in the emergency stabilization and rehabilitation plans and this EA is to protect the burned area from livestock and wild horses grazing, seed the burned area to stabilize the soils and prevent the establishment of annual, invasive nonnative plant and noxious weed species, allow the undamaged plant species time to reestablish, and treat the invasive nonnative plant and noxious weed species to prevent spreading.  The need for the proposed action is to stabilize and prevent unacceptable degradation to natural and cultural resources, to minimize threats to life or property resulting from the effects of the fire, to construct physical improvements necessary to prevent degradation of land or resources, and to prescribe cost effective post-fire stabilization and rehabilitation measures necessary to protect human life, property, and critical cultural and natural resources.",None,,None,,,23:05:00
Model 18,Nothern Basin and Range,Post-burn aerial & drill seeding,628,229,Implemented,None,2,10/10/1996,11/4/1996,Acres,2800,Seeding,Drill Seeding,Ground Seeding: Drill,-1,Confirmed seed list,Seed Mix #1,Seeds,Confirmed on Paper,,,"All seed was pre-mixed. The fourwing saltbush seed was collected in 1996 along the Snake River near Marsing and Murphy, Idaho.","Drill seed (Seed mixture No. 1) 2,800 acres, no earlier than 10/01/96 and ending by 12/01/96 (seeding must be completed\r\nprior to the ground freezing). Drill seeding excludes a green strip.",The drill seeding was done by Contractor from 10/10/96 to 11/4/96 with six BLM rangeland drills.,,,Polygon,Confirmed,"Digitized by BLM field office personnel, method unknown",,2852.389141,2844.027601,,Contractor,"Erosion, Provide cover for wildlife, Invasion by non-native annuals",Rehabilitation Objectives:\r\n1. Stabilize soils\r\n2. Provide perennial vegetative cover\r\n3. Prevent annual grass invasion\r\n4. Maintain shrub seed source and stand on site,None,,Other (See Trt Notes),Ground conditions were fairly moist and the contractor did a good job.,,40:17:00
Model 18,Nothern Basin and Range,Post-burn aerial & drill seeding,629,229,Implemented,None,2,1/30/1997,1/30/1997,Acres,2800,Seeding,Aerial Seeding,Aerial Seeding: Rotor Wing,-1,Confirmed seed list,Seed Mix #2,Seeds,Confirmed on Paper,,,"All of the Wyoming big sagebrush was collected in 1996 from sites in Sanpete County, Utah at elevations from 5,400 to 6,600 feet. The alfalfa seed was inoculated.","Broadcast seed (Seed mixture No. 2) 2,800 acres, no earlier than 11/15/96 and ending by 02/15/97. Broadcast method: aerial application on snow covered ground","The aerial seeding was done on 1/30/97 by Thomas Helicopter of Gooding, Idaho. Seeding went very smoothly.",,,Polygon,Confirmed,"Digitized by BLM field office personnel, method unknown",,2872.219507,2863.887177,,Contractor,"Erosion, Provide cover for wildlife, Invasion by non-native annuals",Rehabilitation Objectives:\r\n1. Stabilize soils\r\n2. Provide perennial vegetative cover\r\n3. Prevent annual grass invasion\r\n4. Maintain shrub seed source and stand on site,None,,Snow on Ground,The seeding area was partially covered by 1 to 2 inches of snow.,,43:27:00
Model 18,Nothern Basin and Range,Post-burn aerial & drill seeding,1017,383,Implemented,Failure,2,2/18/2003,3/11/2003,Acres,30600,Seeding,Aerial Seeding,Aerial Seeding: Fixed Wing,-1,Planned seed list,,Seeds,Plan,Unknown,Unknown,"The seed mix did not indicate whether bulk or PLS rates were used, therefore, unknown has been listed and all seed mix information has been entered into the Bulk category.",The purpose was to insure a population of Wyoming sagebrush was in the area because of sagegrouse and mule deer habitat lost in the fire.,Bitterbrush seedlings and/or bitterbrush seed and sagebrush seed may be planted by hand or broadcast\r\naerially on areas which formerly supported stands of these species. All transport of plants off designated\r\nways to the reintroduction sites and all seedling planting would be via non-motorized modes.,"We used a fixed wing aircraft to fly on a mix of sagebrush in February, over no snow cover.","Sagebrush aerial seeding was a failure.\r\nWe had very poor results, where we only flew on the seed and need to ascertain why",Polygon,Confirmed,"Digitized by BLM field office personnel, using a GPS unit on the ground",00/00/0000,29236.70874,29200.55757,,Contractor,"Invasion by non-native annuals, Provide cover for wildlife, Threatened Species, Loss of cultural sites, Noxious Weeds, Provide forage for wildlife","Vegetation- Reestablishing perennial vegetation before invasive grass species such as cheatgrass and medusahead ryegrass invade and dominate newly disturbed range sites.\r\nLivestock- Implementing adequate rest from livestock grazing to allow vegetation to adequately establish and recover to levels which may sustain livestock grazing and provide site stability.\r\nWildlife- loss of prey species for raptors such as golden eagles and ferruginous hawks, loss of food and cover for mule deer, bighorn sheep and pronghorn, loss of nesting habitat for loggerhead shrike, sage sparrow, Brewer&$s sparrow, sage thrasher, western meadowlark, lark sparrow, mourning dove, mallard, ring-necked pheasant, chukar, and gray partridge, loss of cover for great basin rattlesnake, striped whipsnake, racer, gopher snake, long-nosed snake, western ground snake, common garter snake, and Mojave collared lizard, whiptail, leopard lizard, side-botched lizard, sagebrush lizard and fence swift and a loss of cover and feeding area for many migratory songbirds.\r\nSensitive Plant Species- Habitat for the numerous special status plant species that occur in the burned area could be compromised if invasive species dominate or if over-aggressive rehabilitation treatments are used.  Four special plants have been identified within or near the burn area:  grimy ivesia, Ertter&$s senecio, sterile milkvetch, and Owyhee clover.\r\nCultural Resources- Short and long term integrity of cultural sites and artifacts.\r\nWatershed and soils- The proper hydrologic function of upland watersheds to capture, store, and safely release rainfall and snowmelt and the ability of streams to meet State of Oregon water quality standards may be impaired, as a result of the wildfire.\r\nNoxious Weeds and Invasive Species- Reestablishing perennial vegetation before noxious weeds such as Scotch thistle, Russian knapweed, yellow starthistle, halogeton, rush skeletonweed and perennial pepperweed and whitetop and invasive grass species such as cheatgrass and medusahead ryegrass invade and dominate these newly disturbed range sites.\r\nSpecial Management Areas- Wildnerness Study Areas and Areas of Critical Environmental Concern- Minimize impacts to values for which special management areas were designated from wildfire and rehabilitation activities.",None,,None,,"Native broadcast and Harrow\r\nThe area seeded is different than that listed in the report.  This area, 962 acres, matches the area of the shapefile.",37:41:00
Model 18,Nothern Basin and Range,Post-burn aerial & drill seeding,2270,822,Implemented,Unknown,2,9/8/1959,11/28/1959,Acres,1667,Seeding,Drill Seeding,Ground Seeding: Drill,-1,Confirmed seed list,seed mix,Seeds,Confirmed on Paper,Unknown,Unknown,"The seed mix did not indicate whether bulk or PLS rates were used, therefore, unknown has been listed and all seed mix information has been entered into the Bulk category.",Sagebrush eradication,"The Cooperator agrees to furnish a caterpillar tractor, fuel for operation of said tractor, tractor operator and necessary incidentals to drill approximately 25 acres of brush land to crested wheatgrass on the project known as the Berger Brush Control Reseeding. Work to be completed by December 1, 1959.\nThe Bureau agrees to furnish 150 lbs. of crested wheatgrass seed and the use of three brushland drills for the project.\nThe Cooperator agrees to maintain and repair all equipment.",The land was seeded to crested wheatgrass by using brushland drills. The BLM furnished the seed and drills and the contributors the labor and tractor.,Unknown,Polygon,Confirmed,Digitized by LTDL data entry personnel using a confirmed map,7/21/2020,1350.55,1350.38,,BLM and Cooperators,"Other (See Trt Notes), Brush control, Establishment of seeded species, Loss of desirable species, Sagebrush, Seedbed preparation, Vegetal cover",Sagebrush eradication,Unknown,,Unknown,,There is a discrepency on area size. BLM GIS indicates its much larger than the planned treatment acreage.,27:54:00
Model 18,Nothern Basin and Range,Post-burn aerial & drill seeding,2492,916,Implemented,See Comments,2,10/3/2011,12/6/2011,Acres,15000,Seeding,Drill Seeding,Ground Seeding: Drill,-1,Confirmed seed list,Native Mix,Seeds,Confirmed on Paper,Unknown,Not Available,,Objective of this treatment is to establish critical forage and cover for sage-grouse while outcompeting noxious and/or invasive species found in the area.,"Approximately 15,000 acres of land burned in the Big Hill Fire would be drill seeded with a mix of native perennial grasses and forbs and an additional 10,000 acres would be drill seeded with a mix of non-native perennial grasses and forbs. Plant species in both mixes were selected based on their ability to establish and persist in the ecological sites common within the burned area. Forb species were specifically selected that are preferred forage by sage-grouse. Determination between using native or non-native mix for a given area was made based on pre-fire plant communities and their overall condition. The native seed mix was selected where the pre-fire vegetation was in reasonably good condition. The non-native mix was selected for areas where cheatgrass occurred in sufficient quantity as to potentially out-compete existing perennial grasses during the recovery period. The non-natives are more vigorous than native species and better able to compete with invasive annual plants.","FY11 funds were used to purchase seed for drill seeding from Regional Seed Warehouse and other numerous vendors at Consolidated Seed Buy, and to pay for cultural clearance contract.\r\nXXXXX completed cultural clearance on 25,000 acres of proposed Big Hill drill seeding area. Contract was started on 10/03/2011 and fieldwork completed on 11/01/2011. The final report was completed by 04/03/2012. FY12: BLM Force Account drill seeded 10,000 total acres using 2 tractors and 3 dozers, each pulling 3 drill sets. Standard rangeland drills without depth bands were used, provided by the Vale drill shop.\r\nThe contractor drill seeded 15,000 total acres using 4 tractors, each pulling 3 drill sets. Standard rangeland drills without depth bands were used, provided by the Vale drill shop. Ground conditions were predominately clear and dry with very little moisture received that fall.","2016: 1. In 2016, the Basal Gap Intercept method was used to determine the percent of gaps\r\nbetween native perennial and seeded species. The average percent of total gaps that were\r\n= 100cm in the native mix drill seeding was 4.7% (2 plots) and did not meet the\r\nobjective. The non-native mix was not sampled in 2016 and therefore cannot be\r\nassessed.\r\n2021: 4. Increase the diversity of desirable grass and forb species, as compared to a burned, untreated control area. Conduct Line Point Intercept monitoring and Site Assessments.\r\nThe diversity of perennial species was greater, nine, at drill seeded plot GAK1DR12 compared to four species at control plot GAK1CP01 in 2021. Herbaceous annual cover (predominantly cheatgrass) varied greatly between the two plots with 50% cover at the control plot and 5% at the drill and aerially seeded plot (see photo comparison below). Grass species diversity was higher at the control plot including bottlebrush squirreltail, Sandberg bluegrass, Indian ricegrass and needlegrass. Cover of these herbaceous perennial species was 15% of the general site. Sandberg bluegrass and Siberian wheatgrass provided approximately 35% cover at the drill seeded plot. Overall, shrubs are lacking at across the burned area and forb diversity varies.\r\n\r\nSee section 8 of the 2016 monitoring report for more details.",Polygon,Confirmed,Digitized by LTDL data entry personnel using a confirmed map,2/11/2015,14795.84633,14723.91598,,BLM and Cooperators,"Habitat for greater sage grouse, Habitat for wildlife, Invasive species, Rangeland health, Sagebrush, Erosion","These treatments are needed to stabilize soils, suppress invading annuals, and provide adequate habitat for greater sage-grouse, mule deer, pronghorn antelope, and several sensitive species. To complete project treatments and administrative functions associated with the project, limited off-road travel by vehicles, off-highway vehicles, and equipment may be necessary.",None,,Dry,Ground\r\nconditions were predominately clear and dry with very little\r\nmoisture received that fall.,Native Mix\r\nCost was accounted for both native and non-native/native seed mix treatments. Full cost is reported on both treatments.,21:20:00
Model 18,Nothern Basin and Range,Post-burn aerial & drill seeding,2493,916,Implemented,See Comments,2,10/3/2011,12/6/2011,Acres,10000,Seeding,Drill Seeding,Ground Seeding: Drill,-1,Confirmed seed list,Non-Native/Native Mix,Seeds,Confirmed on Paper,Unknown,Not Available,,Objective of this treatment is to establish critical forage and cover for sage-grouse while outcompeting noxious and/or invasive species found in the area.,"Approximately 15,000 acres of land burned in the Big Hill Fire would be drill seeded with a mix of native perennial grasses and forbs and an additional 10,000 acres would be drill seeded with a mix of non-native perennial grasses and forbs. Plant species in both mixes were selected based on their ability to establish and persist in the ecological sites common within the burned area. Forb species were specifically selected that are preferred forage by sage-grouse. Determination between using native or non-native mix for a given area was made based on pre-fire plant communities and their overall condition. The native seed mix was selected where the pre-fire vegetation was in reasonably good condition. The non-native mix was selected for areas where cheatgrass occurred in sufficient quantity as to potentially out-compete existing perennial grasses during the recovery period. The non-natives are more vigorous than native species and better able to compete with invasive annual plants.","FY11 funds were used to purchase seed for drill seeding from Regional Seed Warehouse and other numerous vendors at Consolidated Seed Buy, and to pay for cultural clearance contract.\r\nXXXXX completed cultural clearance on 25,000 acres of proposed Big Hill drill seeding area. Contract was started on 10/03/2011 and fieldwork completed on 11/01/2011. The final report was completed by 04/03/2012. FY12: BLM Force Account drill seeded 10,000 total acres using 2 tractors and 3 dozers, each pulling 3 drill sets. Standard rangeland drills without depth bands were used, provided by the Vale drill shop.\r\nThe contractor drill seeded 15,000 total acres using 4 tractors, each pulling 3 drill sets. Standard rangeland drills without depth bands were used, provided by the Vale drill shop. Ground conditions were predominately clear and dry with very little moisture received that fall.","In 2012, the drill row basal gap intercept method was conducted and the percent of basal gaps between perennial grasses less than 100cm averaged 61.9% in non-native mix (Mix 2) plots (6 plots) and 23.7 % in native mix (Mix 1) plots (7 plots); therefore, seeded grasses in non-native seedings were meeting the objective and native seedings were not.\r\n\r\n2. Desirable (native and seeded) perennial plant foliar cover in drill seeded areas has not increased 20% and invasive annual grass foliar cover has not decreased 20% compared to control areas; therefore the objective is not being met in any of the allotments or drill mixes (Table 8-4 and Figures 8-1, 8-2, 8-3). Drill seeded plots on average had less or similar desirable foliar cover percentages than control plots, and similar invasive annual grass percent cover in all years (Table 8-4). Site assessment notes indicated that control plots were dominated by Sandberg bluegrass (Poa secunda) and cheatgrass. Cheatgrass (Bromus tectorum) was also either dominant (40-100% cover) or subdominant (10-40% cover) in all drill mix areas, with seeded grasses and Sandberg bluegrass minor (2-10% cover) to subdominant. Drill seeded species, when present were reported in good vigor, as evident in photo of plot GAK1DR11 below.\r\nOverall, average foliar cover of desirable species was less in native mix (Mix 1) than in nonnative/native mix (Mix 2) for all years of monitoring, but was most pronounced in the first year; the native mix averaged 14% while nonnative/native mix averaged 33.5% in 2012, native mix averaged 22.6% while non-native mix averaged 29.2% in 2013, and native mix averaged 25.2% while non-native mix averaged 31% in 2014. Invasive annual grass cover was less at non-native mix sites than native drill sites overall, but only by 3% in 2012, 11% in 2013, and 5% in 2014.\r\nThere was a notable difference in foliar cover percentages by allotment in the three years of monitoring. In the Table Butte allotment (Figure 8-3) foliar cover for desirable perennials was very similar at control and drill seeded plots (approximately half of Table Butte was drill seeded with each mix; 5 monitoring plots in native mix, and 4 monitoring plots in non-native mix). While there was an increase in desirable perennials in 2014, the average increase was only 6% in all drill seeded areas and 4% in control areas (Table 8-4). The non-native mix had 6% higher average foliar cover of desirable perennials compared to the native mix; however, the native mix had 10% lower invasive annual grass cover.\r\nIn Table Butte pasture 4 both drill mixes were seeded and there was one control plot. The control plot in pasture 4 of Table Butte allotment had significantly less desirable species (mainly Sandberg bluegrass), compared to other control plots and is not typical of control plots. This control plot (CP03) also had the highest cheatgrass foliar cover of the entire fire. Therefore, non-native treatment areas have 30% more desirable foliar cover, and native drill sites have 14% more desirable foliar cover; however there was not a corresponding 20% less annual foliar cover so the objective is not being met. In 2014 cheatgrass foliar cover decreased in the native mix areas (43% in 2013 to 18% in 2014), but maintained constant in the control and non-native mix (32% and 26% foliar cover respectively) (Table 8-5b). Snake River wheatgrass (Elymus wawawaiensis) was the native mix species with the highest foliar cover (4.7%), and Siberian wheatgrass (Agropyron fragile) was the non-native species with highest foliar cover in Table Butte allotment pasture 4 (7.5%). Fourwing salt bush was also found in site assessment observations at non-native drill seeded sites. Bottlebrush squirreltail (Elymus elymoides), Indian ricegrass (Achnatherum hymenoides), and Basin wildrye (Leymus cinereus) were observed in trace amounts. Naturally occurring Sandberg bluegrass was highest in the non-native drill sites (25% foliar cover), while native drill sites had 12%, and the control plot has 3% (Table 8-5b).\r\n\r\nIn Table Butte pasture 1, areas were drill seeded with the native mix, and there was one control plot. Sandberg bluegrass was the species with the highest cover in all areas of the pasture; in 2014 foliar cover was 28% in the control plot and 23% in the drill seeded plots. This is twice as much Sandberg bluegrass in the native drill seed areas as in pasture 4 (12% foliar cover) (Table 8-5b). Cheatgrass cover was less in pasture 1 than pasture 4; 16% in the control plot and 15% in native drill in pasture 1 compared to 32% and 18% in pasture 4. In all three years of monitoring, cheatgrass cover was static in pasture 1. The native seeded species in pasture 1 with the highest cover was Snake River wheatgrass (4.7%). Siberian wheatgrass from a historic seeding has a similar foliar cover (6.4%).\r\nIn the Center allotment, desirable perennial vegetation in the single control plot measurably changed with an increase of 20% from 2012 to 2014, while desirable perennials at drill sites (non-native mix) decreased by 10% (Figure 8-2, Table 8-4). Invasive annual grass cover was similar in 2014 at both control and drill plots in the Center allotment (foliar cover of cheatgrass was 20% in the control plot and 17% in drill plot) (Table 8-5a). Foliar cover of Sandberg bluegrass was higher at control plots than drill plots in Center allotment; 54% in control and 18% in drill (Table 8-5a). Bottlebrush squirreltail naturally recovered in both control and non-native drill sites in Center allotment (foliar cover 7% in control and 4% in drill sites). Additionally, Siberian wheatgrass from a historical seeding was 3% in control sites, and despite being part of the non-native mix in the drill sites was also 3% foliar cover in the drill sites (Table 8-5a). The only non-native drill seeded species observed in Center allotment was Siberian wheatgrass.\r\nIn the Blackstone allotment, invasive annual grass foliar cover percent remained higher than desirable perennials, despite an increase in desirable perennials of 15% from 2012-2014 for native drill mix sites (Table 8-4, figure 8-1). Cheatgrass foliar cover was higher than in other allotments overall with 37% foliar cover (Table 8-5a). Bottlebrush squirreltail was the drill seeded species from the native mix with the highest foliar cover in Blackstone allotment (6%). Indian ricegrass and Snakeriver wheatgrass were also present in trace amounts (Table 8-5a)\r\n\r\n2021:\r\n4. Increase the diversity of desirable grass and forb species, as compared to a burned, untreated control area. Conduct Line Point Intercept monitoring and Site Assessments.\r\nThe diversity of perennial species was greater, nine, at drill seeded plot GAK1DR12 compared to four species at control plot GAK1CP01 in 2021. Herbaceous annual cover (predominantly cheatgrass) varied greatly between the two plots with 50% cover at the control plot and 5% at the drill and aerially seeded plot (see photo comparison below). Grass species diversity was higher at the control plot including bottlebrush squirreltail, Sandberg bluegrass, Indian ricegrass and needlegrass. Cover of these herbaceous perennial species was 15% of the general site. Sandberg bluegrass and Siberian wheatgrass provided approximately 35% cover at the drill seeded plot. Overall, shrubs are lacking at across the burned area and forb diversity varies.",Polygon,Confirmed,Digitized by LTDL data entry personnel using a confirmed map,2/11/2015,10720.26305,9909.147993,,Contractor,"Habitat for greater sage grouse, Habitat for wildlife, Invasive species, Rangeland health, Sagebrush, Erosion","These treatments are needed to stabilize soils, suppress invading annuals, and provide adequate habitat for greater sage-grouse, mule deer, pronghorn antelope, and several sensitive species. To complete project treatments and administrative functions associated with the project, limited off-road travel by vehicles, off-highway vehicles, and equipment may be necessary.",None,,None,,Non-Native/Native Mix\r\nCost was accounted for both native and non-native/native seed mix treatments. Full cost is reported on both treatments.,23:10:00
Model 18,Nothern Basin and Range,Post-burn aerial & drill seeding,2494,916,Implemented,See Comments,2,1/27/2012,2/3/2012,Acres,63100,Seeding,Aerial Seeding,Aerial Seeding,-1,Confirmed seed list,Aerial Seed Mix,Seeds,Confirmed on Paper,Unknown,Not Available,,"The objective is to establish sagebrush, increase forb diversity, and establish early germinating cool season grasses that will reduce the expansion of invasive grasses and weeds on the site as well as prevent erosion to susceptible areas.","A seed mix containing Wyoming big sagebrush, yarrow, and other native forbs would be aerially broadcast seeded across the majority of the area burned in the Big Hill fire during late fall or winter of 2011/2012. Timing of the seed application will ensure seed-to-soil contact prior to winter snow fall or precipitation. These species are paramount to the areas ability to support viable populations of sage-grouse. Seed would be broadcast using an end product contract by either a helicopter or fixed-wing aircraft.","BLM aerial seeding of 63,100 acres using 2 fixed wing Ag-Thrush aircraft.\r\nSeeding of project began on 1/27/2012 and was completed on 2/3/2012. During project, a few days were short or cancelled due to high winds. Fixed wing aircraft used county road as runway.\r\nSeed (grass/forb/shrub mix) was applied at a rate of 2.7 bulk lbs/acre on 63,100 acres. Fuel break seeding was also done with forage kochia at a rate of 4.6 bulk lbs/acre on 65 acres.\r\nGround conditions were clear of snow; soil was moist with a few rain events occurring during application.","Objective(s)\r\n1. Attain a density of one sagebrush seedling per 10m\xb2 in suitable areas. Conduct Aerial\r\nSeeding Shrub Hoop monitoring.\r\n2. Quantitative objectives were not tied to aerially seeded forb or grass germination and\r\nsurvivorship; qualitatively the objective for these groups is to increase forb diversity and\r\nestablish sagebrush and cool season (early germinating) perennial grasses. Conduct\r\nAerial Seeding and Line Point Intercept monitoring and Site Assessments.\r\n\r\n2021 Results: \r\nThe objective of one sagebrush (Artemisia tridentata ssp. wyomingensis) seedling per 10m2 has not been met 5 or 10 years post-fire. Seeded sagebrush were uncommon across the burned area in both 2016 and 2021. In 2012, average sagebrush seedling density was less than 0.1 per 10m2, and only trace amounts (<2%) mature sagebrush were seen in 2013 but no seedlings were observed. In 2014 the entire area was surveyed for shrubs with a focus on areas most suitable for sagebrush seedling establishment in the south and east of the fire perimeter. Trace amounts of seedlings were observed in the eastern portion of the fire; none were seed in the southern portion. Sagebrush foliar cover from line point intercept was also trace; 1% in 2012, 0.7% in 2013 and 0.3% in 2014. Small patches of remnant shrubs were observed in the Center allotment in an area that had been both drill and aerially seeded.\r\n\r\nDrill and aerially seeded cool season grass cover has not changed substantially between 2014 and 2021 based on qualitative site assessments. Seeded perennial forb species observed in 2012, 2013, 2014 and 2021 included alfalfa, Western yarrow, and Lewis\u2019 flax. Sandberg bluegrass was a subdominant or minor component of the plant community at each plot monitored in 2021 except CP03. Few sagebrush seedlings were observed in suitable sites; therefore, the objective to establish sagebrush is not being met (See photos below).\r\nAerially seeded locations (including areas also drill seeded) were meeting the objective of cool season perennial grass establishment in 2012, 2013 and 2014. Although aerially seeded grass germination was low, particularly for sand dropseed, Sandberg bluegrass and historically seeded crested/Siberian wheatgrass have recovered. In 2014, site assessments indicated that perennial vegetation was the dominant cover and grasses were in good vigor over the majority of the seeded area; annuals were dominant cover at only three monitoring plots. Overall Sandberg bluegrass was the most abundant cover, other perennial grasses observed in subdominant (10-40%) or dominant composition were bottlebrush squirreltail, Snake River wheatgrass bluebunch wheatgrass. Small patches of existing sagebrush were present throughout. Where annuals were dominant, cheatgrass was the most common annual species and bare soil ranged from a quarter to half of the site.\r\nPerennial forb diversity is also meeting the objective, and although abundance was low across the landscape this was expected because of the low seeding rates Table (8-8). Naturally occurring forbs including hawksbeard (Crepis sp.), phlox (Phlox sp.), globemallow (Sphaeralcea sp.), milkvetch (Astragalus sp.) and wild onion (Allium sp.) larkspur (Delphinium sp.), deathcamas (Zigadenus venosus), buckwheat (Eriogonum sp.), and dusty maiden (Chaenactis douglasii) were present in trace amounts.",Polygon,Confirmed,"Digitized by BLM field office personnel, method unknown",,62886.73632,62546.719,,Contractor,"Habitat for greater sage grouse, Habitat for wildlife, Invasive species, Rangeland health, Sagebrush, Erosion","These treatments are needed to stabilize soils, suppress invading annuals, and provide adequate habitat for greater sage-grouse, mule deer, pronghorn antelope, and several sensitive species. To complete project treatments and administrative functions associated with the project, limited off-road travel by vehicles, off-highway vehicles, and equipment may be necessary.",None,,None,,,24:41:00
Model 18,Nothern Basin and Range,Post-burn aerial & drill seeding,4416,1576,Implemented,Unknown,2,10/11/1999,10/28/1999,Acres,5700,Seeding,Drill Seeding,Ground Seeding: Drill,-1,Confirmed seed list,Seed Mixture No. 1,Seeds,Confirmed on Paper,,,,"Drill seed (Seed mixture No. 1) 5700 acres, no earlier than Oct. 15, 1999 and ending by Dec. 31, 1999.","5,700 acres were Rangeland Drill Seeded by LSRD Force Account Crew from October 11-28, 1999.",,,Polygon,Confirmed,"Digitized by BLM field office personnel, method unknown",,5717.17988,5699.852493,,,None,,None,,None,,,11:38:00
Model 18,Nothern Basin and Range,Post-burn aerial & drill seeding,4418,1576,Implemented,Unknown,2,1/30/2000,1/31/2000,Acres,6600,Seeding,Aerial Seeding,Aerial Seeding: Rotor Wing,-1,Confirmed seed list,Seed Mixture No. 2,Seeds,Confirmed on Paper,,,,"Broadcast seed (Seed mixture No. 2) 6300 acres, no earlier than Oct. 15, 1999 and ending by Dec. 31, 1999. Broadcast method: Aerial","6,600 acres were aerial seeded by Thomas Helicopters on 1/30-31/2000.",,,Polygon,Confirmed,"Digitized by BLM field office personnel, method unknown",,6848.411096,6827.029099,,,None,,None,,Snow on Ground,Ground conditions consisted of 4 inches of snow cover.,,54:45:00
Model 18,Nothern Basin and Range,Post-burn aerial & drill seeding,4994,1795,Implemented,See Comments,1,10/15/2006,11/15/2006,Acres,2100,Seeding,Drill Seeding,Ground Seeding: Drill,-1,Planned seed list,Drill Mix,Seeds,Plan,Unknown,Species Specific,"ES Funding:\r\nBluebunch Wheatgrass, Great Basin Wildrye, Thickspike Wheatgrass, and Sandbergs Bluegrass\r\n\r\nBAR Funding:\r\nWestern Yarrow, Lewis Flax, and Wasatch Penstemon","The ES plan did not have specific goal achievement for the drill seeding, however it was likely the same as that outlined for the aerial seeding which was the following: excellent (.75 seedling established/ft or more), good (0.5 to 0.749), fair (0.25 to 0.49), and poor (less than 0.25)\r\n\r\nApproximately 2,100 acres of the Van Koman pasture of the Curlew allotment would be drill seeded with the following seed mix in the fall of 2006...\r\n\r\nA diverse and stabilizing seed mix would be purchased for drill seeding on approximately 2,100 acres of the Van Koman pasture of the Curlew allotment (See Part 7-Maps). This seed would be incorporated into the drill seeding mix of the Burnt ES Plan.","Using two tractors and four standard rangeland drills (Truax) the following seed mix would be seeded at a depth of 1/8-1/4 inch.\r\n\r\nAn interdisciplinary team (e.g., Wildlife Biologist, Rangeland Management Specialist, and Natural Resource Specialist) would review monitoring data to ensure vegetative recovery and establishment criteria are met before livestock grazing may be resumed.\r\n\r\n- - - - - BAR Plan - - - - - \r\n\r\nImplementation is monitored through contract administration. The Contract Officer and his/her representative (COTR) would ensure seed is purchased and meets BLM Standards. Inspections would be documented by the COTR in an inspection diary. The Pocatello Field Office would ensure the seed mix is incorporated into the drill seeding mix of the Burnt ES Plan.","Although, the seed for the aerial ES treatment has been purchased, not all the seed needed for drill seeding was purchased. Therefore, there is a need for $25,000 worth of seed on the Burnt fire. On September 22, the PFO noticed the seed needed for the drill seeding treatment was not purchased. This was because of an erroneous IDEAS (Funding Obligation Program) entry and therefore the funding was not obligated and available to spend during the seed buy. Noticing this oversight the PFO purchase $12,000 worth of seed, which was the amount that was expected to be left over after all the contracts were awarded for the project needs of FY06.\r\n\r\nThe tractor contract was awarded 9/22.\r\n\r\n- - - - - 2007 MonFund - - - - -\r\n\r\nThe contract was awarded on 9/20/2006 to a qualified contractor. The cultural resource inventory took place in October before any surface disturbing activities take place. All cultural resources found, were flagged and avoided by surface disturbing treatments. About 2100 acres of the fire was drill seeded with a grass mix of bluebunch wheat grass, great basin wildrye, Thickspike wheatgrass, and sandbar bluegrass.\r\n\r\nA BLM COTR and PI will ensure the contractor conducts the inventory to meet the BLM standards and meet the needs of the Burnt Fire vegetation treatments.\r\n\r\nApproximately 2,100 acres were drill seeded using Truax drills. Both grasses and forbs (S3) were planted at the same time using the drills. The drill seeding was conducted in areas that had previously been seeded into Crested wheatgrass. These areas had a fair sagebrush component prior to the burn. The crested seeding was old and the plan was to seed native seed back into the site to stabilize the soil that was previously protected by sagebrush. The seeding rate was planned for 3.5-4 pounds per acre. Seeding was conducted in the fall of 2006.","Based on qualitative and quantitative data, it was determined that the drill seeding was not successful. Seedlings from the treatment did germinated, however the residual crested wheatgrass ended up outcompeting the seeded native species, ending in almost a total monoculture of wheatgrass.\r\nMonitoring conducted in the drill seeded area showed that seeded vegetation did germinate, however the first years monitoring did not collect data on the frequency of seed germination by species.  Closeout monitoring (FY 09) showed that the drill seeded areas were primarily a monoculture of crested wheatgrass, significantly more dense than prior to the burn.  It was evident that the fire stimulated the existing wheatgrass plants and the over dominated the seedlings.  Monitoring conduced in 2009 did find a small portion of the seeded area (50-100 acres) that was dominated by Bluebunch and Sandburg bluegrass.  This area appeared to be successfully seeded, however it was a small percentage of the overall seeded area and it is not believed that the areas was previously seeded into crested like the rest of the treatment area. \n(Monitoring did not concentrate on forbs and therefore there is little data to determine if the seeding of forbs was successful).",Polygon,Confirmed,Digitized by LTDL data entry personnel using a confirmed map,,2103.76,748.07,,BLM and Cooperators,"Erosion, Establishment of seeded species, Habitat quality, Loss of desirable species, Loss of native species, Loss of native vegetation, Loss of vegetation, Vegetal cover","Approximately 2,100 acres of Van Koman Pasture burned at high intensity which resulted in the loss of soil stabilizing vegetation.",None,,None,,Both ES and BAR funded.,37:25:00
Model 18,Nothern Basin and Range,Post-burn aerial & drill seeding,4998,1795,Implemented,Fully Successful,1,00/00/2006,00/00/2007,Acres,7387,Seeding,Aerial Seeding,Aerial Seeding,-1,Planned seed list,Aerial Sage,Seeds,Plan,Unknown,Species Specific,,"...aerial seeding approximately 7,387 acres of burned vegetation with Basin big sagebrush.",Implementation of aerial seeding would be monitored through contract administration. The Contract Officer and his/her representative (COTR) would ensure seed is purchased and meets BLM Standards. Inspections would be documented by the COTR in an inspection diary.,"Seed was purchased for BAR revegetation treatments on 8/28.\r\n\r\nThe seed lot that was purchased on 8/28 was sent to a certified seed laboratory for testing to meet BLM Standards (i.e., no Idaho noxious weeds and minimum 0.765 PLS).\r\n\r\n- - - - - 2007 MonFund - - - - -\r\n\r\nThe aerial seeding was monitored during the 2007.\r\n\r\n- - - - - 2008 MonFund - - - - -\r\n\r\nThe aerial seeding was monitored during the 2007 and 2008 field seasons.\r\n\r\nMonitoring in 2008 consisted of 2 transects in chained and seeded areas, and 3 transects in drill-seeded areas and 3 transects in reference areas that were burned but not seeded (see Fig. 1). Each transect was 20 x 300 ft., thereby covering a total area of 6,000 ft. Big sagebrush (Artemisia tridentata) plants were counted within transects. Yarrow, flax and penstemon were not monitored in 2008.","Monitoring conducted in the chained area showed that this area had the highest diversity of perennial grass species.  This area had very little crested wheatgrass present, however there was little present prior to the fire.  Monitoring showed that the aerial seeding objective was achieved at the excellent level. \r\n\r\nThe transects that were conducted in the acres of the seeding, found the existing burned vegetation recovering, but found very little of the seeded species. However, it may be just too soon to tell how well this seeding will take. More monitoring will be done in 2008 and provide a better overall picture on results.\r\n\r\nThere were sage brush, white yarrow, Lewis flax, and Wasatch penstemon seedlings found through out the burn, although it is almost impossible to tell if they are natural or from the aerial seeding. This area will be monitored next year to assess the effectiveness of the aerial seeding.\r\n\r\nSagebrush seeding monitoring was done by reading sagebrush density belt transects at each of the eight previously established transect sites. A three hundred foot baseline tape was stretched at the site, and three transects were read at random points along the baseline. Each belt transect was three hundred feet long and 16 feet wide. One sagebrush plant was found in the burned, drill-seeded site in 2008. No other sagebrush plants were counted in reference, drill- or aerial-seeded sites (Table 1). The dominant and almost exclusive vegetation is crested wheatgrass. Clearly these aerial and drill-seeding methods are not effective and should be reviewed before further implementation at other sites.\r\n\r\nLessons learned:\r\nThe practice of chaining dead juniper trees was particularly devastating on soil structure and revegetation. Fig. 2 (below) shows an unchained area allowed to naturally recover. While damage from the burn is still apparent, reasonable revegetation compared with surrounding reference sites occurred. Chained areas (Figs. 3-6), although seeded with native vegetation, show lower levels of both native and exotic revegetation and often present large patches of bare ground (Figs. 3 and 4). In areas with gentle slopes, water runoff combined with disturbances from cattle have caused large gullies through the loose soil (Figs. 5 and 6).",Polygon,Confirmed,"Digitized by BLM field office personnel, method unknown",,6977.554482,6773.481812,,Contractor,"Loss of vegetation, Establishment of seeded species, Habitat quality, Loss of desirable species, Loss of sagebrush, Vegetal cover","There was loss of approximately 7,387 acres of Basin big sagebrush habitat.",None,,None,,,54:34:00
Model 18,Nothern Basin and Range,Post-burn aerial & drill seeding,6462,13308,Implemented,See Comments,2,11/14/1951,11/7/1952,Acres,6820.5,Seeding,Drill Seeding,Ground Seeding: Drill,-1,Confirmed seed list,drill mix,Seeds,Confirmed on Paper,Unknown,Species Specific,,Halogeton Control,Unknown,"Seed drilled 11/14/51 to 11/7/52. A total of 1117 acres seeded in 1951 was re-drilled in 1952 due to deep coverage of seed. Broadcast and chain drag with grain drills, post drilled 12' rows.\r\n1953: A number of sites show very little seeded species. Other areas are very successful on a density-frequency basis.","4/15/1960: Fair to poor- due to age, drouth, soil or overgrazing. Never has it appeared so run down and denuded. The field southeast of the Buckhorn ranch is not quite so bas as the south one. \r\nSomething needs to be done to remedy the situation, if at all possible, as the reseeding is fast losing its value. The brush may be sprayed but the grass lacks vigor, density and volume. \r\nSome blowing or light wind erosion. Carrying capacity 4-6 Ac/AUM. Site in lower valley where soil and moisture not too fertile. \r\nRecommending that a study be made of the project to see if it can be revived. \r\n9/24/1962: fair seeding. Sagebursh and rabbit brush is scattered quite heavily throughout the area. Halogeton is scattered quite heavily throughout the seeding. Russian thistle is found on disturbed areas such as ditch banks. Fair covering of crested wheat is spread throughout the seeding. \r\n9/25/1962: fair to failure. The seeding is a failure in sections 14, 23 and 26. Also the north half of 12 and the southwest quarter of 24 and the west half of 25. Most of this area is covered with halogeton and some sage and cactus. Part of the seeding has succeeded in sections 24, 25 and 13 but is only a fair seeding. It has much halogeton, sagebrush and some areas of salt sage, cheatgrass and wild mustard.",Polygon,Confirmed,"Digitized by BLM field office personnel, method unknown",,6927.59,5065.6,,Unknown,Noxious Weeds,Halogeton control,Other (See Trt Notes),A total of 1117 acres seeded in 1951 was re-drilled in 1952 due to deep coverage of seed.,"Dry, Snowing","Extremely dry due to extended summer drought, (precipitation in form of snow on Nov. 22, 1952)",,38:34:00
Model 18,Nothern Basin and Range,Post-burn aerial & drill seeding,6801,2486,Implemented,Unknown,2,10/2/2005,11/29/2005,Acres,36580,Seeding,Drill Seeding,Ground Seeding: Drill,-1,Confirmed seed list,Drill Mix #3,Seeds,Confirmed on Paper,Unknown,Species Specific,,"Objective: To re-vegetate an expansive burned and highly disturbed native rangeland area with essentially a native seed mixture of grasses and forbs in order to stabilize the soils and maintain the area for the betterment of wildlife habitat and watershed enrichment.\r\n\r\nEstablish perennial vegetation on an estimated 63,900 acres of public land by mechanical, aerial, broadcast seedings and hand planting operations.  The preferred method is drill seeding, however due to availability of rangeland drills, other mechanical methods may be used instead.",,"Implementation Monitoring:  This project consisted of drill seeding approximately 38,008 acres out of the Clover Fire, which burned approximately 192,846 acres, with two different seed mixes consisting of grass, forb, and shrub seeds. Boise District Operations Staff drill seeded the area. Twenty four rangeland drills were used. The seed was premixed by Operations Staff with the assistance of fire crew. The project was started on October 02, 2005 and completed on November 29, 2005.","Monitoring Results: Inspection by the Shoshone Operation staff found this drill seeding project to have been successfully completed by the Boise District Operation crew to BLM plan specifications, procedures and techniques, and completed in a timely manner.\r\n\r\nEffectiveness Monitoring: The drill seeding crews worked day and night (2 shifts) to get this job completed in a timely fashion and before the snows came on too bad. There were several breakdowns and flat tires to fix, but the crews kept after it. According to the Shoshone job inspection crew, the drilling work was accomplished in all planned areas, with the proper seed mixtures as designed by the plan, and at the proper seed planting depths in the soil for the type of seed being planted.",Polygon,Confirmed,"Digitized by BLM field office personnel, method unknown",,36587.40959,36368.36034,The GIS was compared to the paper maps and reported acreages in order to determine how the Seed Mix #3 was split up between the Boise Operation and the Contractor.,BLM,"Erosion, Invasion by Cheatgrass, Noxious Weeds","Rationale:  Establishment of a desirable perennial plant community that more closely matches the structural, species composition and diversity of the indigenous native plant community would help achieve a healthy, functioning rangeland, significantly reduce the potential for spread of invasive annual grasses and noxious weeds, and substantially diminish and control soil erosion affects across the watershed.\r\n\r\nAccelerating the rate of reestablishment of native grasses, forbs and sagebrush is important to maintaining the value of the area as mule deer winter range, sage grouse breeding and wintering habitat.  Native seed mixtures are also an important component of suitable habitat for a number of Sensitive sagebrush obligate species.",Unknown,,"Dry, Snow on Ground","Seed was applied to dry ground until mid November storms, then to moist and then snow covered ground.",,52:38:00
Model 18,Nothern Basin and Range,Post-burn aerial & drill seeding,6828,2486,Implemented,Successful,2,1/17/2006,2/9/2006,Acres,58816,Seeding,Aerial Seeding,Aerial Seeding: Rotor Wing,-1,Confirmed seed list,Aerial Sagebrush Mix,Seeds,Confirmed on Paper,Unknown,Species Specific,"There were many lots of Wyoming big sagebrush seed used, with varying PLS purities. Seed aerial seeding report.","Objective: To re-vegetate and rehabilitate large areas of previous native sagebrush rangelands with two brush species in areas where drill seeding can not be done due to terrain, slope, rockiness or soil type.\r\nReseeding helps stabilize, cover and protect the soil resources, and improves the naturalness of the public rangelands, enhances wildlife habitat, and provides structure for watersheds.",,"Implementation Monitoring: The project consisted of aerially seeding Wyoming and Basin sagebrush to several large tracts of rangeland covering over 58,820 acres using 73,760 pounds of seed. The application rate ranged from 1.25 to 1.50 pounds of bulk seed per acre depending on particular sites, and seed rate changes were made after some seed tested poorly in some lots. Most of the sagebrush seeding took place where the drill seedings were done, but additional areas were also treated with sagebrush. The aerial application was applied to wet and muddy ground in strips from west to east, and north to south at many different sites. The contractor was Thomas Helicopters, Inc. of Gooding 10, with three different pilots\r\nusing two copper and three sling type buckets. The project was started on 1/17/06 started and finished on Feb. 9, 2006.","Monitoring Results: Several general observations and study site transects were made at many areas where of the sagebrush seedings took place and in the wildlife tracts during mid May through August 2006. These general reviews and studies found very mixed results as to the\r\nsuccess and failure of the seeding of sage. Some areas didn't have any success, some areas had marginal, then there were some sites with very good success where the sage seed had germinated and had put on 5-8 inches of growth already. However, it may be just too soon to tell how well this entire sagebrush seeding will take and/or continue. Additional follow-up visits will be\r\nnecessary to determine success or failure.\r\n\r\nIn summary, it&$s just too soon to tell how successful this seeding has been or will be since it is only in the first year. More monitoring is recommended to make a good determination and sound evaluation since this is only the first year of monitoring. It will be a successful project if about 60% of the project area is re-introduced with sagebrush.\r\n\r\nEffectiveness Monitoring: The Shoshone Operations staff ensured that all contract specifications were met during these aerial seeding operations, that the areas planned for sagebrush seeding got done and that all\r\nwork was completed in an efficient and timely manner.\r\n\r\nFrom 2013 Buck Flat ESR: Sagebrush seeding has been extremely successful following past fires in similar locations, including the 2005 Clover Fire",Polygon,Confirmed,"Digitized by BLM field office personnel, method unknown",,58828.8799,58461.75457,,Contractor,"Erosion, Habitat for wildlife","Establish native and structural vegetation on an estimated 63,900 acres of public land by aerial seeding and hand planting Wyoming big sagebrush and Antelope bitterbrush, respectively.  The preferred seeding method is drill seeding, however due to the fine texture of sagebrush seed, the seed is incompatible with rangeland drills and sagebrush seedlings aren\u2019t available in the quantities needed.\r\n\r\nRationale:  Establishment of a desirable perennial plant community that more closely matches the structural, species composition and diversity of the indigenous native plant community would help achieve a healthy, functioning rangeland, significantly reduce the potential for spread of invasive annual grasses and noxious weeds, and substantially diminish and control soil erosion affects across the watershed.\r\n\r\nSeed Mix #4:\r\nThe purpose of this aerial mix is to replenish and reintroduce about half the burned areas on BLM lands (73,500 acres) with native Wyoming big sagebrush and return much of the lost sagebrush habitat to its original structural and beneficial characteristics for the enhancement of sage grouse and all other sagebrush dependent animal species.  This brush seed will be distributed in three separate areas&* 1) over 53,790 acres that were drill seeded with mixtures #1, #2 and #3 under the ES plan, 2) over 6,210 acres of existing wheatgrass seedings where the seed will be harrowed, chained or cultipacked into the soil for best results, and 3) over the 13,500 acres that will first be sprayed to control cheatgrass and then drill seeded with mixtures #11 and #12.",,,Muddy Ground,The applications were applied to wet to muddy ground in strips from west to east and north to south on different sites.,,06:07:00
Model 18,Nothern Basin and Range,Post-burn aerial & drill seeding,6833,2490,Implemented,See Comments,2,11/26/2011,11/26/2011,Acres,189,Seeding,Aerial Seeding,Aerial Seeding,-1,Confirmed seed list,Clover aerial mix,Seeds,Confirmed on Paper,Unknown,Species Specific,,1) Treatment Objectives: The objective of the seeding treatments is to establish a perennial\r\ndominated plant community within 3 years. The results are based on ecological site potential.\r\nThe aerial seed treatment of sagebrush (S3) would be considered effective if:\r\n1) Sagebrush seedlings average 0.1 seedlings per square meter across all density plots; or\r\n2) In qualitative surveys they are found to be common.,Aerially seed 189 acres with Wyoming big sagebrush seed.,Approximately 189 acres were aerial seeded with the following\r\nseed mix:\r\nWyoming big sagebrush @ 0.85 lbs/acre (bulk)\r\nWestern yarrow @ 0.10 lbs/acre (bulk)\r\nSeed was applied to bare ground in strips from north to south. The\r\nproject was completed using one helicopter and one sling-type\r\nbucket.,"Some seeded species were identified in cover transects, density plots, and site visits by the ESR\r\nmonitoring specialists, fire ecologist, and weed treatment specialists. Germination of seeded\r\ngrasses occurred during October 2011 following rain events that occurred immediately following\r\ndrill seeding. Soil surface disturbance due to drill seeding was low.\r\nBluebunch wheatgrass, bottlebrush squirreltail, and alfalfa were all observed in drill rows during\r\nsite visits in spring and summer 2012 and on May 15, 2013. Western yarrow and sagebrush\r\nseedlings were also observed, although neither species occurred in monitoring transects or\r\ndensity plots. Grasses recorded as ""unidentified"" during monitoring were likely seeded plants\r\nthat were not yet reproductive. Some plants that were obviously a result of seeding were\r\nflowering in May 2013. On-site native plants that re-sprouted following the fire were also\r\nobserved, including bluebunch wheatgrass, bottlebrush squirreltail, Sandberg bluegrass,\r\nThurber\u2019s needlegrass, penstemon, larkspur, and globemallow. Cheatgrass was common\r\nthroughout the burned area and dominant in places. It commonly occurred in drill rows. Cover\r\ndata recorded 64% bare ground in 2012 and 27% in 2013.\r\n\r\nRECOMMENDATIONS/CONCLUSIONS\r\nDrill and aerial seeding treatments showed good germination and establishment during the first\r\ngrowing season, despite dry winter and late spring conditions. This area was treated due to\r\nconcerns regarding potential dominance of the area by cheatgrass without seeding. Seeding was\r\ndone at a low density due to presence of native grasses and forbs expected to recover following\r\nthe fire. This, coupled with the use of depth bands, which were required due to the presence of\r\nslick spot peppergrass habitat, may have contributed to the establishment of cheatgrass in drill\r\nrows. Cheatgrass is currently common within the burned area and dominant in portions.\r\nHowever, the area showed both good establishment of seeded plants and recovery of on-site\r\nnatives by the second growing season.",Polygon,Confirmed,"Digitized by BLM field office personnel, method unknown",,189.3809205,189.3810877,,Contractor,"Erosion, Establishment of seeded species, Rangeland health, Watershed degradation","Aerial seeding sagebrush\r\nover the burned area would re-establish shrub cover important for both sage-grouse and slick spot\r\npeppergrass. Therefore, proposed treatments are in conformance with the J abridge RMP and\r\nexisting consultations for slick spot peppergrass.",,,,,,22:11:00
Model 18,Nothern Basin and Range,Post-burn aerial & drill seeding,6834,2490,Implemented,See Comments,2,10/16/2011,10/18/2011,Acres,189,Seeding,Drill Seeding,Ground Seeding: Drill,-1,Confirmed seed list,Clover Butte Drill Seed Mix,Seeds,Confirmed on Paper,Unknown,Species Specific,,"Drill seed 189 acres with grass and forb seed.\r\n\r\nGround Seeding/S2: The proposed ground seeding treatments address the following RMP\r\nResource Management Guidelines:\r\n\u2022 Terrestrial Wildlife (Jarbidge RMP, p. II-83)\r\no Seed mixtures for range improvement projects and fire rehabilitation projects will\r\ninclude a mixture of grasses, forbs, and shrubs that benefit sage-grouse.\r\n\u2022 Fire Management- Rehabilitation and Reduction Actions/Procedures (Jarbidge RMP, p.\r\nII-89)\r\no Seedings will include appropriate seed mixtures to replace wildlife habitat that is\r\nburned.\r\n\r\nTreatment Objectives: The objective of the seeding treatments is to establish a perennial\r\ndominated plant community within 3 years. The results are based on ecological site potential.\r\nThe grass/forb drill treatment (S2) would be considered successful if:\r\nThe seeded grass and forb species reach densities of\r\n1) 4 plants per square meter for grasses.\r\n2) 0.5 plants per square meter for forbs.","Proposed ground seeding would treat burned sagebrush communities to restore understory\r\nvegetation and prevent cheatgrass encroachment. Seeded species would be cultivars of on-site\r\nnatives and/or species known to be used by sage-grouse for food. Therefore, the proposed\r\ntreatments are in conformance with the Jarbidge RMP.\r\nIn addition, design features were included consistent with existing consultations for slick spot\r\npeppergrass. These include seeding with a primarily native seed mix and use of depth bands on\r\ndrills to reduce potential for slick spot disruption.",Approximately 189 acres were drill seeded with the following seed\r\nmix:\r\n\u2018Anatone\u2019 bluebunch wheatgrass @ 3.97 lbs/acre (PLS)\r\nBottlebrush squirreltail @0.26 lbs/acre (PLS)\r\n\u2018Ladak\u2019 alfalfa @ 1.05 lbs/acre (PLS)\r\nSeed was applied in dry conditions with two rangeland drills. Depth\r\nbands were used on the drills to reduce potential disturbance to\r\nslickspots. Seed was pre-mixed by ESR staff.,"Some seeded species were identified in cover transects, density plots, and site visits by the ESR\r\nmonitoring specialists, fire ecologist, and weed treatment specialists. Germination of seeded\r\ngrasses occurred during October 2011 following rain events that occurred immediately following\r\ndrill seeding. Soil surface disturbance due to drill seeding was low.\r\nBluebunch wheatgrass, bottlebrush squirreltail, and alfalfa were all observed in drill rows during\r\nsite visits in spring and summer 2012 and on May 15, 2013. Western yarrow and sagebrush\r\nseedlings were also observed, although neither species occurred in monitoring transects or\r\ndensity plots. Grasses recorded as ""unidentified"" during monitoring were likely seeded plants\r\nthat were not yet reproductive. Some plants that were obviously a result of seeding were\r\nflowering in May 2013. On-site native plants that re-sprouted following the fire were also\r\nobserved, including bluebunch wheatgrass, bottlebrush squirreltail, Sandberg bluegrass,\r\nThurber\u2019s needlegrass, penstemon, larkspur, and globemallow. Cheatgrass was common\r\nthroughout the burned area and dominant in places. It commonly occurred in drill rows. Cover\r\ndata recorded 64% bare ground in 2012 and 27% in 2013.\r\n\r\nRECOMMENDATIONS/CONCLUSIONS\r\nDrill and aerial seeding treatments showed good germination and establishment during the first\r\ngrowing season, despite dry winter and late spring conditions. This area was treated due to\r\nconcerns regarding potential dominance of the area by cheatgrass without seeding. Seeding was\r\ndone at a low density due to presence of native grasses and forbs expected to recover following\r\nthe fire. This, coupled with the use of depth bands, which were required due to the presence of\r\nslickspot peppergrass habitat, may have contributed to the establishment of cheatgrass in drill\r\nrows. Cheatgrass is currently common within the burned area and dominant in portions.\r\nHowever, the area showed both good establishment of seeded plants and recovery of on-site\r\nnatives by the second growing season.",Polygon,Confirmed,"Digitized by BLM field office personnel, method unknown",,185.4842607,185.4844092,,Contractor,"Erosion, Establishment of seeded species, Rangeland health, Watershed degradation",Proposed ground seeding would treat burned sagebrush communities to restore understory\r\nvegetation and prevent cheatgrass encroachment. Seeded species would be cultivars of on-site\r\nnatives and/or species known to be used by sage-grouse for food.,,,,,,24:06:00
Model 18,Nothern Basin and Range,Post-burn aerial & drill seeding,8129,2922,Implemented,Unknown,2,10/25/1994,12/16/1994,Acres,2340,Seeding,Drill Seeding,Ground Seeding: Drill,-1,Confirmed seed list,Drill Mix,Seeds,Confirmed on Paper,Unknown,,,"Drill seed (Seed mixture No. 1) 2340 BLM acres, no earlier than 9/15/94 and ending by 11/30/94.","Approximately 1,510 acres of the north end of the drill seeding was done by rancher Bert Bracket from 10/25/94 to 11/30/94. The weather was fairly wet during the  seeding. The southern 900 acres of the seeding was done by the BLM Force Account Crew from 12/8/94 to 12/16/94.",,,Polygon,Confirmed,"Digitized by BLM field office personnel, method unknown",,2053.738132,2048.161336,,BLM and Cooperators,None,,None,,Snow on Ground,The ground was covered with 2-3 inches of snow through most of the Force Account seeding.,,18:58:00
Model 18,Nothern Basin and Range,Post-burn aerial & drill seeding,8130,2922,Implemented,Unknown,2,1/20/1995,1/20/1995,Acres,2410,Seeding,Aerial Seeding,Aerial Seeding: Rotor Wing,-1,Confirmed seed list,Aerial Mix,Seeds,Confirmed on Paper,Unknown,,The Wyoming Big Sagebrush seed was collected in Central Utah in 1993 and had a tested PLS of 13%. The alfalfa was inoculated.,"Broadcast seed (Seed mixture No. 2) 2408 acres, no earlier than 12/15/94 and ending by 2/1/95. Broadcast Method: Arial application",,The aerial seeding was done by Reeder Flying Service on 1120/95 with a Bell Jet Ranger helicopter and two interchangeable seeder buckets.,,Polygon,Confirmed,"Digitized by BLM field office personnel, method unknown",,2137.537385,2131.960631,,Contractor,None,,None,,"Snow on Ground, Other (See Trt Notes)",Approximately 1/2&& to 1&& of snow was over frozen ground. Weather was mostly sunny with winds approximately 10 mph from the west.,,25:26:00
Model 18,Nothern Basin and Range,Post-burn aerial & drill seeding,8347,3000,Implemented,Unknown,2,4/10/1986,4/10/1986,Acres,650,Seeding,Aerial Seeding,Aerial Seeding: Fixed Wing,-1,Confirmed seed list,Area A,Seeds,Confirmed on Paper,Unknown,Species Specific,The alfalfa was inoculated with Dormal dry inoculant.,Seed 1% of the burn (650 acres) to a mixture of perennial grasses.,Area A - Consisted of 650 acres of aerial seeding over the West Fork Bruneau River Canyon.,"- - - - - Contract Diary - - - - - \r\n\r\nSeeding was done by contractor, Dicks Flying Service under the East Fork Aerial Seeding contract (ID910-CT6-031).\r\n\r\n12:00 Contractor lands at new location near  Crows Nest Area.  Charles Priest points out land marks in the East Fort Bruneau canyon (Clover Creek) where Contractor is to fly.  Contractor returns to seed truck.\r\n1:00 I arrive back at seed truck and we calibrate hopper with 2 fly-overs. I say OK and we agree to time seeding over Crow nest Area which now starts.  Contractor can load 750 lbs. or 15 sacks of seed (average).\r\n1:00-4:30 contractor delivers 5 loads of seed (3900 lbs.) to the Crow's Nest seeding area F244.  No problems.",Unknown,Polygon,Confirmed,"Digitized by BLM field office personnel, method unknown",,14422.15,14405.59,,Contractor,"Habitat for antelope, Habitat for mule deer, Provide forage for wildlife, Habitat for sage grouse, Erosion, Loss of Perenials, Invasion by non-native annuals, Invasion by Cheatgrass","1. Long-term soil protection will be provided beginning within one year as perennial vegetation becomes established. A 50-60% canopy cover is expected within three years.\r\n\r\n2. Livestock forage will be increased in the area, but will not be available until an adequate canopy cover of perennial vegetation becomes established.\r\n\r\n3. Wildlife habitat will be reestablished. Mule deer travel and winter areas along the East Fork of the Bruneau River will be replanted to shrubs to provide food and cover. A mix of palatable grasses, forbs, and shrubs will be planted over most of the area. This will provide food for antelope. The new lower vegetative structure may also encourage greater use by antelope of the burn area after it is seeded. Sage grouse will benefit from the planting of forbs for their spring/summer diet. In addition, the judicious planting of sagebrush blocks will restore a portion of the nesting habitat.\r\n\r\n4. Fire hazard will be minimized by preventing annual plant species from dominating the site. Progressive depletion of perennial species by repeated fires will be prevented.\r\n\r\n5. The estimated pre-burn grazing capacity of the burned area was 7,200 AUMs, 6,100 AUMs in the Saylor Creek Allotment, and 1,100 AUMs in the Three Creek Allotment. Average grazing capacity was about 15 ac/AUM. In the Three Creek Allotment, the two unburned fields would be adequate to satisfy Simplot Livestock Company&$s licensed use for the next two years (2,984 AUMs vs. 2,933 AUMs grazing capacity). With the proposed protection fencing, about 900 AUMs will be available to satisfy the demand of the Leguineche and Frank Bachman livestock operations (921 AUMs).",,,Other (See Trt Notes),Weather was good and the contractor did a good job.,,36:28:00
Model 18,Nothern Basin and Range,Post-burn aerial & drill seeding,10794,3852,Implemented,See Comments,2,9/19/2012,10/9/2012,Acres,1800,Seeding,Drill Seeding,Ground Seeding: Drill,-1,Confirmed seed list,East Rock Drill Seeding,Seeds,Confirmed on Paper,Unknown,Not Available,,"Establish perennial grass to provide plant community structure, compete with invasive species, and help stabilize soils.",Approximately 1800 acres would be drill seeded with Vavilov Siberian wheatgrass using a rangeland drill in a three drill-cart configuration,"FY12 funding used to purchase seed and contract treatment area archeological clearances for FY13 ground seeding implementation.\r\nContract cost for East Rock was $XX,XXX.XX (line item 10). Contract was IDIQ for East Rock, Benwalk, and Stout. Field work occurred from 09/19/2012 to 11/01/2012. FY13: Original funding request was $90,000, reduced funding amount provided, $43,300. Majority of the funding was a request for seed purchase funds. The seed request funds were provided from other means.\r\nStandard rangeland drills used. Leave area\u201d in south portion was not drilled; to be used as comparison tool.","Objectives and Results\r\n1. >50% of seeded species basal gaps are =100cm. Conduct drill row basal gap intercept\r\nmonitoring to determine seedling establishment success (Only conducted in Year 1).\r\nThis method was only conducted in 2012 (the year following the seeding). Due to timing and\r\nfunding constraints drill row monitoring was not conducted in 2013. These metrics were also not\r\nmeasured in 2014 due to 1) difficulty finding previous drill row plots and 2) questionable\r\nselection of drill plot locations by monitoring crews in 2012. Therefore, no data specific to drill\r\nrows are available, so overall treatment success is evaluated using objectives 2-4 and other site\r\nassessment information.\r\n2. 20% increase in foliar cover of desirable perennial vegetation, and 20% decrease in\r\ninvasive exotic annual vegetation compared to control plot (burned and not drill seeded).\r\nConduct line point intercept monitoring to determine species cover/composition. (This\r\nwill only be conducted in years 2 and 3.)\r\n\r\nIn 2017, drill seeded plots had 21.3% greater foliar cover of desirable perennial vegetation than\r\nthe untreated plot outside of the exclosure. The average percent foliar cover of exotic annual\r\nvegetation was 15.4% higher in that untreated plot compared to the drill seeded plots. Within the\r\nexclosure, the drill seeded plot had a 21.9% higher average percent foliar cover for desirable\r\nperennial vegetation than the non-drill seeded plot. The non-drill seeded plot also had 38%\r\nhigher average foliar cover of exotic annual vegetation (Figure 8-1, 8-2 and Table 8-2).\r\nSince 2015, there was a 40% increase in percent foliar cover of exotic annual vegetation in the\r\nnon-drill seeded plot within the exclosure. There was a 6.7% increase in foliar cover of exotic\r\nvegetation in the drill seeded plots. This objective has been met.\r\nSiberian wheatgrass (Agropyron fragile) comprises the majority of the foliar cover at the drill seeded\r\nplots (41%) and the control drill seeded plot (51%). Sandberg bluegrass (Poa secunda)\r\ncomprises the majority of the foliar cover at the control plot that was not drill seeded within the\r\nexclosure (50.7%) and the plot in the untreated area outside the exclosure (48%) (Figure 8-1, 8-2\r\nand Table 8-2).\r\n\r\n3. 30% decrease in perennial vegetation basal gaps >50cm compared to control plot.\r\nConduct basal gap intercept monitoring.\r\nIn 2017, basal gaps greater than 50 cm were higher in the non-drill seeded plots compared to the\r\ndrill seeded plots; this difference was only 6% therefore, this objective was not met in 2017\r\n4. Qualitative increase in perennial grass and forb diversity compared to control area.\r\nConduct line point intercept monitoring and site assessments.\r\nSite assessments and photos from 2017 indicate there was an increase in perennial forb diversity\r\nin the drill seeded plots compared to the control plot.\r\nBoth the drill seeded and non-drill seeded plots within the exclosure (G4ZNC01 and G4ZNC02),\r\nthe untreated plot outside the exclosure (G4ZNNT01), and all of the drill seeded plots except\r\nG4ZNT02, had three perennial grass species. Plot G4ZNT02 had two perennial grass species.\r\nSiberian wheatgrass (Agropyron fragile) was dominant (40-100% composition) within all of the\r\ndrill seeded plots except for G4ZNT04 where it was subdominant (10-40% composition).\r\nSandberg bluegrass (Poa secunda) was dominant at the untreated plot outside the exclosure\r\n(G4ZNNT01) and subdominant at the drill seeded plots and at the non-drill seeded plot within\r\nthe exclosure. Bottlebrush squirreltail (Elymus elymoides) was subdominant at G4ZNNT01 and\r\ndrill seeded plot G4ZNT03, minor (2-10% composition) at the non-drill seeded plot within the\r\nexclosure, and trace (<2%) at the drill seeded plot within the exclosure and drill seeded plots\r\nG4ZNT01 and G4ZNT04. The drill seeded plots had more perennial forb diversity compared to\r\nthe drill seeded and non-drill seeded plots within the exclosure. Trace amounts of fleabane\r\n(Erigeron) were noted at the drill seeded plot within the exclosure. Trace amounts of longleaf\r\nphlox (Phlox longifolia) were found at drill seeded plots G4ZNT01 and G4ZNT03. Trace\r\namounts of larkspur (Delphinium sp.) were found at control plot G4ZNC01.\r\nComparing the non-drill seeded and drill seeded plots within the exclosure to the untreated plot\r\noutside the exclosure, G4ZNC01 and G4ZNC02 both had subdominant amounts of Sandberg\r\nbluegrass compared to G4ZNNT01 which had dominant. The percent cover of Siberian\r\nwheatgrass was highest at the drill seeded plot within the exclosure (G4ZNC02).",Polygon,Confirmed,"Digitized by BLM field office personnel, method unknown",,1800.327936,1780.566904,,BLM and Cooperators,"Endangered species, Erosion, Habitat for wildlife, Invasive species, Noxious weeds, Rangeland health, Sagebrush",The fire burned moderate to severe in the majority of the area resulting in mortality in existing perennial grasses. The perennial grasses that existed prior to the fire were sparsely scattered and would not be able to compete with the onslaught of cheatgrass that is\r\nexpected following the fire.,None,,None,,,55:58:00
Model 18,Nothern Basin and Range,Post-burn aerial & drill seeding,10800,3852,Implemented,See Comments,2,1/18/2013,1/18/2013,Acres,600,Seeding,Aerial Seeding,Aerial Seeding,-1,Confirmed seed list,East Rock Aerial Seeding,Seeds,Confirmed on Paper,Unknown,Not Available,,Establish sagebrush to provide plant community structure and function as big game habitat and to restore wilderness characteristics to the area.,"Approximately 1310 acres of the 2619 acres of burned BLM land would be broadcast seeded with Wyoming big sagebrush using aerial application methods. The BLM lands\r\nwithin the burned area have been identified as Preliminary General Habitat (PGH) for Greater sage-grouse. The seed would be flown on in strips resulting in half (1310) of the total area (2619) receiving seed. This will enable heavier seeding rates, using the same amount of\r\nseed, and covering a larger portion of the area. Prior to seeding the portion of the burned area within the wilderness boundaries, permissions and protocol would be established with the wilderness supervisor to ensure wilderness characteristics are protected.","Full funding amount. *See table for seed Mixes Mix 1 of sagebrush 1,200 acres at 50% area coverage for 600 acres due to shortage of sagebrush seed. Flown by XXXXX Bell 206 aircraft, no snow cover on ground. Actual application contract cost $X,XXX.XX ($X.XX per acre).","Objectives and Results\r\n1. Attain a density of seeded Wyoming big sagebrush (Artemisia tridentata ssp.\r\nwyomingensis) at one plant per 10m\xb2 in suitable areas. Conduct density monitoring.\r\nOnly three sagebrush seedlings were found during monitoring of suitable sites in 2017; therefore,\r\nthis objective has not been met.\r\n2. The qualitative objective for the seeding is to establish sagebrush to restore shrub\r\nstructure and function in sage-grouse and big game habitat, and to restore wilderness\r\ncharacteristics to the area. Conduct site assessments and line point intercept monitoring.\r\nA trace amount of Wyoming sagebrush seedlings were observed at the G42NC01 plot in 2017.\r\nThis objective has not been met.",Polygon,Confirmed,"Digitized by BLM field office personnel, method unknown",,633.6105419,616.9917162,,Contractor,"Endangered species, Erosion, Habitat for wildlife, Invasive species, Noxious weeds, Rangeland health, Sagebrush, Habitat for sage grouse","The fire burned Preliminary General Habitat (PGH) for Greater sage-grouse, some of which was perennial grasses, and some of which was sagebrush. Re-establishing the sagebrush component of the habitat will continue to provide habitat for sage-grouse, and pronghorn antelope.",None,,None,,,57:07:00
Model 18,Nothern Basin and Range,Post-burn aerial & drill seeding,17307,6263,Implemented,Fully Successful,2,3/10/2006,3/11/2006,Acres,3105,Seeding,Aerial Seeding,Aerial Seeding: Rotor Wing,-1,Confirmed seed list,Aerial Sage,Seeds,Confirmed on Paper,Unknown,Species Specific,,"Aerially seeding Basin big sagebrush to supplement natural re-vegetation...\r\n\r\nRe-establish healthy stands of Basin big sagebrush and Threetip sagebrush on a minimum of\r\n1,000 acres within burned area.","Basin big sagebrush would be aerially seeded during the winter of 2005/2006 at a rate of 1 lb./acre.  All of the 3,105 acres that burned would be seeded with Basin big sagebrush. Ideally, the seed would be flown on while the ground is covered with snow.",Basin big Sagebrush was aerially seeded using a helicopter in March 2006.,"This treatment was fully successful.\r\nBasin big Sagebrush was aerially seeded using a helicopter in March 2006. Monitoring was\r\ndone in three types of range sites: Utah juniper/grass, Utah juniper, and grass. The sites that\r\nwere established in 2006 were burned in the Cow Canyon Fire, but new ones were established in\r\n2007, and the data is compared in Table 1 and Table 2.",Polygon,Confirmed,"Digitized by BLM field office personnel, method unknown",,3099.168614,3099.171501,,Contractor,"Habitat for sage grouse, Establishment of seeded species, Habitat quality, Loss of desirable species, Loss of sagebrush, Loss of vegetation, Vegetal cover","Several fires have occurred in this immediate area over the past 15 years, resulting in a significant loss of native vegetation in crucial sage grouse habitat. It appears that Basin big sagebrush and Threetip were two common shrub species that burned in the fire. Considering that the fire did not burn very hot, Threetip sagebrush will likely re-sprout following the fire, but the Basin big sagebrush was probably killed.",None,,None,,,37:52:00
Model 18,Nothern Basin and Range,Post-burn aerial & drill seeding,17494,6334,Implemented,None,2,11/17/2000,12/6/2000,Acres,1953.36,Seeding,Drill Seeding,Ground Seeding: Drill,-1,Confirmed seed list,,Seeds,Confirmed on Paper,Unknown,Species Specific,This is a mix of the native and nonnative seed mix.,"The area burned by Kern Fire is in need of rehabilitation to minimize soil loss, preserve on-site\r\nproductivity, reduce the invasion and increased dominance of undesirable flammable annual plants\r\nand reduce the potential for noxious weed invasion. These objectives can be met by protecting residual\r\nnative vegetation communities during a period necessary for recovery of health and vigor and\r\nestablishing desirable perennial plant cover in annual vegetation communities. This environmental\r\nassessment analyzes the benefits and risks of implementing rehabilitation actions to establish native\r\nperennial vegetation cover as compared to establishment of desirable non-native perennial species, and\r\nalso includes a limited rehabilitation and a no action alternative.","The proposed action would be to seed approximately 2,160 acres of public land in the burn area using\r\nrangeland drills during the fall of 2000 or spring of 200 1. An estimated 1800 acres of public land\r\nwithin Oxbow Basin previously dominated by Wyoming big sagebrush and with an understory of\r\nsparse native bunchgrasses would be seeded to a native perennial seed mixture (Seeding Area B,\r\nFigure 2). An additional 360 acres of public land south of Grassy Reservoir and of similar vegetation\r\ntype prior to the fire, though more heavily dominated by Medusa-head ryegrass and adjacent to an\r\nexisting seeding of created wheatgrass, would be seeded to a non-native perennial seed mixture\r\n(Seeding Area A, Figure 2). Proposed seed mixes are presented in Table 2. The mixes may be altered\r\nslightly depending upon seed availability and lor soil types on site. For instance, compatible forbs or\r\nshrubs such as globemallow (Sphaercea spp.), lupine (Lupinus spp.), four-wing saltbush (Atriplex\r\ncanescens), bitterbrush (Purtia tridentata), or scadscale (Atriplex conJertifolia) may be substituted.\r\nSimilarly, other varieties of blue bunch wheatgrass or crested wheatgrass may be substituted as\r\navailable. All seed when mixed would be treated with organic seed coating to enhance germination\r\nsuccess and seedling survival. The remaining 9,908 acres of public and private land within the fire\r\nboundary would not be seeded due to steepness of slopes or its location within islands which did not\r\nburn (Figure 2).",,,Polygon,Confirmed,"Digitized by BLM field office personnel, method unknown",,1954.89342,1954.682288,,BLM,"Erosion, Watershed degradation, Rangeland health","The area burned by Kern Fire is in need of rehabilitation to minimize soil loss, preserve on-site\r\nproductivity, reduce the invasion and increased dominance of undesirable flammable annual plants\r\nand reduce the potential for noxious weed invasion. These objectives can be met by protecting residual\r\nnative vegetation communities during a period necessary for recovery of health and vigor and\r\nestablishing desirable perennial plant cover in annual vegetation communities. This environmental\r\nassessment analyzes the benefits and risks of implementing rehabilitation actions to establish native\r\nperennial vegetation cover as compared to establishment of desirable non-native perennial species, and\r\nalso includes a limited rehabilitation and a no action alternative.",None,,None,,,47:07:00
Model 18,Nothern Basin and Range,Post-burn aerial & drill seeding,17495,6334,Implemented,None,2,00/00/2001,00/00/2001,Acres,4344.52,Seeding,Aerial Seeding,Aerial Seeding,-1,Planned seed list,,Seeds,Plan,Unknown,Species Specific,"The seed mix did not indicate whether bulk or PLS rates were used, therefore, unknown has been listed and all seed mix information has been entered into the Bulk category.","The area burned by Kern Fire is in need of rehabilitation to minimize soil loss, preserve on-site\r\nproductivity, reduce the invasion and increased dominance of undesirable flammable annual plants\r\nand reduce the potential for noxious weed invasion. These objectives can be met by protecting residual\r\nnative vegetation communities during a period necessary for recovery of health and vigor and\r\nestablishing desirable perennial plant cover in annual vegetation communities. This environmental\r\nassessment analyzes the benefits and risks of implementing rehabilitation actions to establish native\r\nperennial vegetation cover as compared to establishment of desirable non-native perennial species, and\r\nalso includes a limited rehabilitation and a no action alternative.",,,,Polygon,Confirmed,"Digitized by BLM field office personnel, method unknown",,4347.923249,4347.923249,,,"Erosion, Watershed degradation, Rangeland health","The area burned by Kern Fire is in need of rehabilitation to minimize soil loss, preserve on-site\r\nproductivity, reduce the invasion and increased dominance of undesirable flammable annual plants\r\nand reduce the potential for noxious weed invasion. These objectives can be met by protecting residual\r\nnative vegetation communities during a period necessary for recovery of health and vigor and\r\nestablishing desirable perennial plant cover in annual vegetation communities. This environmental\r\nassessment analyzes the benefits and risks of implementing rehabilitation actions to establish native\r\nperennial vegetation cover as compared to establishment of desirable non-native perennial species, and\r\nalso includes a limited rehabilitation and a no action alternative.",None,,None,,,43:06:00
Model 18,Nothern Basin and Range,Post-burn aerial & drill seeding,18682,6779,Implemented,None,2,2/12/1997,2/13/1997,Acres,3174,Seeding,Aerial Seeding,Aerial Seeding,-1,Planned seed list,,Seeds,Plan,Unknown,Species Specific,,"1. Minimize soil erosion resulting from increased exposure of the soil surface to rainfall\r\nimpact and wind, by maximizing perennial canopy cover by September 1998. As a short term soil\r\nstabilization objective, maximize total ground cover by September 1997.\r\n2. Reduce future fire hazards and re-establish perennial plant species for use by wildlife\r\nand livestock by limiting the invasion of annual grasses and weeds, through the seeding of adapted\r\nperennial species. Limit the composition of annual grasses and weeds to ten percent within three\r\nyears.\r\n3. Establish a deep rooted shrub component in the plant community to reduce soil\r\nerosion, restore perennial cover, restore vegetative structure for wildlife, capture and hold snow during\r\nthe winter months.","Wyoming Big Sagebrush and sand drop seed will be aerial seeded by fixed-wing or helicopter. Exact\r\nlocations for the aerial seeding of sagebrush and sand dropseed will be determined at a later date,\r\nalthough only the China Gulch and Little Owyhee burn areas will be seeded with sagebrush.",see contractor journal,,Polygon,Confirmed,"Digitized by BLM field office personnel, method unknown",,9244.321426,8340.440228,,Contractor,"Erosion, Watershed degradation, Invasion by Cheatgrass, Invasion by non-native annuals, Loss of Perennials, Loss of riparian vegetation, Loss of vegetation","Objectives for the Little Owyhee/China Gulch/Bogus Lake/Wire Corral Fire Rehabilitation Plan are as\r\nfollows:\r\n1. Minimize soil erosion resulting from increased exposure of the soil surface to rainfall\r\nimpact and wind, by maximizing perennial canopy cover by September 1998. As a short term soil\r\nstabilization objective, maximize total ground cover by September 1997.\r\n2. Reduce future fire hazards and re-establish perennial plant species for use by wildlife\r\nand livestock by limiting the invasion of annual grasses and weeds, through the seeding of adapted\r\nperennial species. Limit the composition of annual grasses and weeds to ten percent within three\r\nyears.\r\n3. Establish a deep rooted shrub component in the plant community to reduce soil\r\nerosion, restore perennial cover, restore vegetative structure for wildlife, capture and hold snow during\r\nthe winter months.\r\n4. Restore the function of pasture division fences to protect the rehabilitation area and\r\nmaintain established livestock grazing schedules.\r\n5. Develop temporary barriers to exclude grazing use on burned areas for two growing\r\nseasons (one full year and the second full growing season) in accordance with BLM policy.\r\n6. Repair roads to pre-burn conditions to minimize impacts to vehicles from road damage\r\ncaused by suppression and rehabilitation efforts.",None,,None,,,39:56:00
Model 18,Nothern Basin and Range,Post-burn aerial & drill seeding,18683,6779,Implemented,None,2,00/00/1996,00/00/1996,Acres,8000,Seeding,Drill Seeding,Ground Seeding: Drill,-1,Planned seed list,,Seeds,Plan,Unknown,Species Specific,"This is a combination of two seed lists, one of native plants and one of nonnative plants.","1. Minimize soil erosion resulting from increased exposure of the soil surface to rainfall\r\nimpact and wind, by maximizing perennial canopy cover by September 1998. As a short term soil\r\nstabilization objective, maximize total ground cover by September 1997.\r\n2. Reduce future fire hazards and re-establish perennial plant species for use by wildlife\r\nand livestock by limiting the invasion of annual grasses and weeds, through the seeding of adapted\r\nperennial species. Limit the composition of annual grasses and weeds to ten percent within three\r\nyears.\r\n3. Establish a deep rooted shrub component in the plant community to reduce soil\r\nerosion, restore perennial cover, restore vegetative structure for wildlife, capture and hold snow during\r\nthe winter months.","Three BLM dozers and six rubber tired tractors pulling three rangeland drill hook-ups will be used during\r\nmost seeding operations. Broadcast seeding may be done by using motor vehicles which may include,\r\ntrucks or 4-wheeled ATVs",,,Polygon,Confirmed,"Digitized by BLM field office personnel, method unknown",,9244.321426,8340.440228,,BLM and Cooperators,"Erosion, Watershed degradation, Invasion by Cheatgrass, Invasion by non-native annuals, Loss of Perennials, Loss of riparian vegetation, Loss of vegetation","Objectives for the Little Owyhee/China Gulch/Bogus Lake/Wire Corral Fire Rehabilitation Plan are as\r\nfollows:\r\n1. Minimize soil erosion resulting from increased exposure of the soil surface to rainfall\r\nimpact and wind, by maximizing perennial canopy cover by September 1998. As a short term soil\r\nstabilization objective, maximize total ground cover by September 1997.\r\n2. Reduce future fire hazards and re-establish perennial plant species for use by wildlife\r\nand livestock by limiting the invasion of annual grasses and weeds, through the seeding of adapted\r\nperennial species. Limit the composition of annual grasses and weeds to ten percent within three\r\nyears.\r\n3. Establish a deep rooted shrub component in the plant community to reduce soil\r\nerosion, restore perennial cover, restore vegetative structure for wildlife, capture and hold snow during\r\nthe winter months.\r\n4. Restore the function of pasture division fences to protect the rehabilitation area and\r\nmaintain established livestock grazing schedules.\r\n5. Develop temporary barriers to exclude grazing use on burned areas for two growing\r\nseasons (one full year and the second full growing season) in accordance with BLM policy.\r\n6. Repair roads to pre-burn conditions to minimize impacts to vehicles from road damage\r\ncaused by suppression and rehabilitation efforts.",None,,None,,,31:17:00
Model 18,Nothern Basin and Range,Post-burn aerial & drill seeding,18741,6800,Implemented,None,2,00/00/1965,00/00/1965,Acres,2900,Seeding,Drill Seeding,Ground Seeding: Drill,-1,No seed list,,Seeds,No Seed List,Unknown,Species Specific,,,,,,Polygon,Confirmed,"Digitized by BLM field office personnel, method unknown",,3755.601114,3694.524693,,BLM,"Provide forage for livestock, Rangeland health",,None,,None,,,46:41:00
Model 18,Nothern Basin and Range,Post-burn aerial & drill seeding,19842,7236,Implemented,None,2,11/1/2011,11/3/2011,Acres,2405,Seeding,Aerial Seeding,Aerial Seeding: Rotor Wing,-1,Confirmed seed list,,Seeds,Confirmed on Paper,Unknown,Species Specific,"The seed mix did not indicate whether bulk or PLS rates were used, therefore, unknown has been listed and all seed mix information has been entered into the Bulk category.","The objectives for cover will be to obtain 70% of all perennial plant cover found in the associated reference site,\r\nor, when not possible, achieve 50% of the lowest value for perennial cover associated with the appropriate ecological or range site by the end of the third year.\r\nDensity objectives for aerially seeded areas will be based on having one seeded species firmly rooted per square meter by first or second growing season following seeding.","Involves aerially seeding Wyoming sagebrush over 2400 acres of burned area, not to include the forage kochia treatment area (See Treatment Map). This species has proven important to wildlife habitat and is competitive against non-native invasive species.","Aerial Seeded 2,405 acres with Wyoming big sagebrush (Artemisia tridentata ssp. wyomingensis).",,Polygon,Confirmed,"Digitized by BLM field office personnel, method unknown",,2404.755587,2402.073668,,,"Habitat for greater sage grouse, Habitat for desert bighorn sheep, Habitat for antelope, Habitat for mule deer, Invasion by cheatgrass, Invasion by non-native annuals, Rangeland health, Loss of perennialsLoss of sagebrush, Loss of vegetation",,None,,None,,,28:38:00
Model 18,Nothern Basin and Range,Post-burn aerial & drill seeding,19843,7236,Implemented,None,2,11/1/2011,11/3/2011,Acres,330,Seeding,Aerial Seeding,Aerial Seeding: Rotor Wing,-1,Confirmed seed list,,Seeds,Confirmed on Paper,Unknown,Species Specific,"The seed mix did not indicate whether bulk or PLS rates were used, therefore, unknown has been listed and all seed mix information has been entered into the Bulk category.","The objectives for cover will be to obtain 70% of all perennial plant cover found in the associated reference site,\r\nor, when not possible, achieve 50% of the lowest value for perennial cover associated with the appropriate ecological or range\r\nsite by the ned of the third year.\r\nDensity objectives for aerially seeded areas will be based on having one seeded species firmly rooted per square meter by first\r\nor second growing season following seeding.",Aerially seed forage kochia across approximately 330 acres on an area that was the ignition point for this fire and the Martin Creek Fire of 2007.,Aerial Seeded 330 acres with forage kochia (Bassia prostrata).,,Polygon,Confirmed,"Digitized by BLM field office personnel, method unknown",,327.4288891,327.4291944,,,"Habitat for greater sage grouse, Habitat for desert bighorn sheep, Habitat for antelope, Habitat for mule deer, Invasion by cheatgrass, Invasion by non-native annuals, Rangeland health, Loss of perennialsLoss of sagebrush, Loss of vegetation",,None,,None,,,29:44:00
Model 18,Nothern Basin and Range,Post-burn aerial & drill seeding,29902,11029,Implemented,None,2,00/00/1969,00/00/1969,Acres,675,Seeding,Drill Seeding,Ground Seeding: Drill,-1,No seed list,,,,,,,,,This seeding was an addition to the original spring basin seeding. It was plowed in the summer of 1969 by Terry Dolance and seeded in the fall of 1969 by Frank Mader. It will consists of 675 acres.,,Polygon,Confirmed,"Digitized by BLM field office personnel, method unknown",,1156.08652,1143.34492,,Contractor,Provide forage for livestock,,None,,None,,,10:51:00
Model 18,Nothern Basin and Range,Post-burn aerial & drill seeding,31581,11647,Implemented,Unknown,2,10/19/1996,11/25/1996,Acres,7230,Seeding,Drill Seeding,Ground Seeding: Drill,-1,Confirmed seed list,South and Northeast Drill Mix,Seeds,Confirmed on Paper,Unknown,Unknown,Seed mixes for the drill seeding were approximately the same throughout both contracts except that Fairway and Hycrest Crested Wheatgrass varieties were interchanged and sometimes mixed throughout the project due to availability of seed during different periods...Fourwing saltbush seed was also in short supply and was seeded at a lighter rate than was planned.\r\n\r\nSeeding rates were often considerably below the 7.7 pounds needed and the inspector (Dale Nichols) required the contractor to go back and reseed several thousand acres. Problems with seeding rates and missed areas persisted throughout the contract but Dale kept after the contractor and all of the planned areas were seeded.,"- - - - - EFR Plan - - - - -\r\n\r\nDrill seed (seed mixture no. 1) 13,987 acres, no earlier than October 1, 1996 and ending by December 31, 1996.",,"- - - - - Summary Report - - - - -\r\n\r\nThe project consisted of 11,690 acres of rangeland drill seeding...\r\n\r\nThe drill seeding was done with two contracts from 10/19/96 to 12/2/96. Frank Doty seeded 7,230 acres on the southern and northeastern portions of the fire...Seed mixes for the drill seeding were approximately the same throughout both contracts except that Fairway and Hycrest Crested Wheatgrass varieties were interchanged and sometimes mixed throughout the project due to availability of seed during different periods....Fourwing saltbush seed was also in short supply and was seeded at a lighter rate than was planned. The seed mix consisted primarily of: (see seed mix data).\r\n\r\nThe 7,230 acres seeded by Frank Doty did not go smoothly. Seeding rates were often considerably below the 7.7 pounds needed and the inspector (Dale Nichols) required the contractor to go back and reseed several thousand acres. Problems with seeding rates and missed areas persisted throughout the contract but Dale kept after the contractor and all of the planned areas were seeded. Seeding conditions were fairly dry until mid November when some rain and snow fell. The fourwing saltbush seed used on the project was collected in 1996 along the Snake River near Marsing and Murphy, Idaho.",Unknown,Polygon,Confirmed,"Digitized by BLM field office personnel, method unknown",,8260.701545,8253.618189,,Contractor,"Erosion, Invasion by Cheatgrass",,Seed mix applied at unknown rates,Seeding rates were often considerably below the 7.7 pounds needed and the inspector (Dale Nichols) required the contractor to go back and reseed several thousand acres. Problems with seeding rates and missed areas persisted throughout the contract but Dale kept after the contractor and all of the planned areas were seeded.,"Dry, Raining, Snowing",Seeding conditions were fairly dry until mid November when some rain and snow fell.,,30:00:00
Model 18,Nothern Basin and Range,Post-burn aerial & drill seeding,31583,11647,Implemented,Unknown,2,1/27/1997,1/29/1997,Acres,13090,Seeding,Aerial Seeding,Aerial Seeding: Rotor Wing,-1,Confirmed seed list,Aerial Mix #1,Seeds,Confirmed on Paper,Unknown,Species Specific,"A small amount of basin big sagebrush seed was included in Mix#1 to fill in for a shortage of Wyoming big sagebrush. All of the Wyoming big sagebrush was collected in 1996 from sites in Sanpete County, Utah at elevations from 5,400 to 6,600 feet. Alfalfa seed was inoculated.","- - - - - EFR Plan - - - - -\r\n\r\nBroadcast seed (seed mixture no. 2) 13,987 acres, no earlier than December 15, 1996 and ending by February 28, 1997.  Broadcast method: Aerial seed on snow covered ground.",,"- - - - - Summary Report - - - - -\r\n\r\nThe project consisted of...13,470 acres aerial seeding...\r\n\r\nThe aerial seeding was done from 1/27/97 to 1/29/97 by Thomas Helicopter of Gooding, Idaho with a Hughes 500 helicopter, a GPS unit, and three interchangeable seeder buckets.\r\n\r\nThe ground was covered by 1 to 2 inches of snow with rain falling during the second day of seeding. Seed coverage was very uniform. Dale Nichols was the project inspector.",Unknown,Polygon,Confirmed,"Digitized by BLM field office personnel, method unknown",,13035.74,13034.23,,Contractor,"Erosion, Invasion by Cheatgrass",,None,,"Raining, Snow on Ground",The ground was covered by 1 to 2 inches of snow with rain falling during the second day of seeding.,,21:02:00
Model 18,Nothern Basin and Range,Post-burn aerial & drill seeding,43018,16758,Implemented,See Comments,2,10/18/2016,10/26/2016,Acres,1373,Seeding,Drill Seeding,Ground Seeding: Drill,-1,Confirmed seed list,Share's Basin,Seeds,Confirmed on Paper,Unknown,Species Specific,"Species, pure live seed (PLS), and bulk seed\r\nstatistics are presented in Appendix A: Table A 15, A-17, and A-18.",Shares Basin Native\r\n1. Foliar cover of large statured perennial grasses (excluding Sandberg bluegrass) is an average of\r\ngreater than or equal to 20%.,"Approximately 4,215 acres will be drill seeded using standard rangeland drills, without depth bands, in the\r\nfall 2016 following a 2015 fall imazapic treatment.","Soda Drill Seeding Contract Fall 2016 - FY17:\r\nContractor Jarolimek Farm and Rangeland Drill Seeding LLC drill seeded 6,057 acres (5,830\r\nBLM acres and 227 IDL acres) using standard rangeland drills without depth bands. Four seed\r\nmixes were used: Rockville Native, Shares Basin Native, Lower Wilson Introduced and\r\nRockville Native (IDL). The contract was modified on 11/3/2016 to exclude Coal Mine Basin\r\nallotment due to adverse weather conditions that prevented tractor access to the site. Affected\r\nacres were completed by in-house staff with track-type dozers, see below.","In 2020 the perennial grass foliar cover objective was not met for this treatment. Mean foliar cover of all perennial grasses excluding Sandberg bluegrass for Drill Mix Shares Basin in 2020 was 16.8% across 15 plots (Table 8-5), and increase of 5.6% since 2017. This number reflects the foliar cover of all perennial bunch grasses, as per the objective, not just the foliar cover of the species drill seeded in fall 2016.\r\nIn 2020 Sandberg bluegrass foliar cover across areas treated with Drill Mix Shares Basin Native was 13.5%, perennial forb cover was 4.2%, shrub cover was 1.9%, and exotic annual grass cover was 12.08%.\r\nIn 2020 the basal diameter objective was met for this treatment. Basal diameter was measured on 74 individual perennial grasses in two allotments within the Drill Mix Shares Basin treatment area; measured individuals included both existing and newly seeded grasses (Table 8-23). Median basal diameter of all large-statured, deep-rooted perennial grasses was 3.0 inches.\r\n\r\n////\r\n1. Mean foliar cover across the two pastures drill seeded with the Shares Basin Native seed mix in\r\n2017 was 11.2% across 14 plots (Table 8-5). This number reflects the foliar cover of all\r\nperennial bunch grasses, as per the objective, not just the foliar cover of the species drill seeded\r\nin fall 2016. This treatment objective was not met in 2017.\r\nIn 2017 Sandberg bluegrass foliar cover across areas treated with Drill Mix Shares Basin Native\r\nwas 12.6%.",Polygon,Confirmed,"Digitized by BLM field office personnel, method unknown",1/1/1900 0:00,1374.497269,1373.329263,There were experimental leave areas in the Boise Fall 2016 Drill seedings not represented in this shapefile. See project GIS folder for leave areas.,Contractor,"Habitat for wildlife, Habitat productivity, Habitat quality, Habitat for sage grouse, Invasion by non-native annuals, Invasion by cheatgrass, Invasive species, Loss of desirable species, Noxious weeds, Vegetal cover, Wildlife in treated area","The goal of ground seeding was to establish deep rooted perennial-dominated plant communities\r\nthat will resist invasive species and noxious weed establishment, are critical for sage-grouse and\r\nbig game, and will help stabilize soils.",Application method could not reach all areas,The contract was modified on 11/3/2016 to exclude Coal Mine Basin\r\nallotment due to adverse weather conditions that prevented tractor access to the site.,Other (See Trt Notes),Adverse weather conditions.,Boise District Office,18:50:00
Model 18,Nothern Basin and Range,Post-burn aerial & drill seeding,43020,16758,Implemented,See Comments,2,11/7/2016,11/16/2016,Acres,2116,Seeding,Drill Seeding,Ground Seeding: Drill,-1,Confirmed seed list,Coal Mine Basin Introduced,Seeds,Confirmed on Paper,Not Applicable,Species Specific,"Species, pure live seed (PLS), and bulk seed statistics are presented in Appendix A: Tables A-16 and A-19.",Coal Mine Basin Introduced \r\n1. Foliar cover of large statured perennial grasses (excluding Sandberg bluegrass) is an average of\r\ngreater than or equal to 20%.,"Approximately 4,215 acres will be drill seeded using standard rangeland drills, without depth bands, in the\r\nfall 2016 following a 2015 fall imazapic treatment.","In-house BLM Drill Seeding\r\nBLM Boise Force and Fire Crew completed 2,206 acres of drill seeding on BLM-managed lands.\r\nApproximately 2,116 acres were seeded using standard rangeland drill without depth bands with\r\nthe Coal Mine Basin Native/Introduced seed mix, and 91 acres were seeded with a minimum till\r\nTruax drill with the Wilson Truax Native/Introduced seed mix.","Drill Mix Coal Mine Basin Fall 2016 \u2013 Native/Introduced\r\nIn 2020 the perennial grass foliar cover objective was met for this treatment. Mean foliar cover of all perennial grasses excluding Sandberg bluegrass for Drill Mix Coal Mine Basin in 2020 was 23.6% across 23 plots (Table 8-6). This number reflects the foliar cover of all perennial bunch grasses, as per the objective, not just the foliar cover of the species drill seeded in fall 2016.\r\nIn 2020, Sandberg bluegrass foliar cover across areas treated with Drill Mix Coal Mine Basin was 11.3%, perennial forb cover was 4.1%, shrub cover was 1.9%, and exotic annual grass cover was 5.4%.\r\nIn 2020 the seed grass density objective was met for this treatment. Density of drill seeded grass species at 21 total plots was 7.0 plants per m2 over all pastures (Table 8-15).\r\nIn 2020 the basal diameter objective was met for this treatment. Basal diameter was measured on 114 individual perennial grasses in one allotment within the Drill Mix Coal Mine Basin treatment area; measured individuals included both existing and newly seeded grasses (Table 8-24). Median basal diameter of all large-statured, deep-rooted perennial grasses was 3.0 inches.\r\nReproductive success of large-statured perennial bunch grasses was evaluated at 79 plots within Drill Mix Coal Mine Basin in 2020. In 48 of the 79 plots, >75% of the perennial bunch grasses produced seed heads; 50-75% produced seed heads in 18 plots.\r\nIn 2018 two of three points sampled for root growth in Drill Mix Coal Mine Basin that contained annual grass had perennial roots that were deeper than the annual roots in the same area. These data included existing perennial grasses, not just seeded perennial grasses.\r\n////\r\nMean foliar cover across of the Coal Mine Basin Introduced seed mix in 2017 was 15.4% across\r\n23 plots (Table 8-6). This number reflects the foliar cover of all perennial bunch grasses, as per\r\nthe objective, not just the foliar cover of the species drill seeded in fall 2016. This treatment\r\nobjective was not met in 2017.\r\nIn 2017, Sandberg bluegrass foliar cover across areas treated with Drill Mix Coal Mine Basin Introduced was 14.4%.",Polygon,Confirmed,"Digitized by BLM field office personnel, method unknown",1/1/1900 0:00,2117.257741,2109.422424,There were experimental leave areas in the Boise Fall 2016 Drill seedings not represented in this shapefile. See project GIS folder for leave areas.,BLM,"Habitat for wildlife, Habitat productivity, Habitat quality, Habitat for sage grouse, Invasion by non-native annuals, Invasion by cheatgrass, Invasive species, Loss of desirable species, Noxious weeds, Vegetal cover, Wildlife in treated area","The goal of ground seeding was to establish deep rooted perennial-dominated plant communities\r\nthat will resist invasive species and noxious weed establishment, are critical for sage-grouse and\r\nbig game, and will help stabilize soils.",Application method could not reach all areas,The contract was modified on 11/3/2016 to exclude Coal Mine Basin\r\nallotment due to adverse weather conditions that prevented tractor access to the site.,Other (See Trt Notes),Adverse weather conditions.,Boise District Office,47:55:00
Model 18,Nothern Basin and Range,Post-burn aerial & drill seeding,43057,16758,Implemented,See Comments,1,12/4/2016,2/3/2017,Acres,133817,Seeding,Aerial Seeding,Aerial Seeding,-1,Confirmed seed list,Sagebrush/Forb Seeding Mix 8,Seeds,Confirmed on Paper,Unknown,Species Specific,,Sagebrush/Forb Seeding Mix 8\r\n1. Density of sagebrush seedlings in suitable areas is an average of greater than or equal to 1\r\nplant per 10 m2.\r\n2. Density of aerially seeded forbs in suitable areas is an average of greater than or equal to 1\r\nplant per 10 m2.,Seeding sagebrush immediately after the fire provides the best opportunity for establishment. Seeded areas\r\ncan then be evaluated for annual grass presence and herbicides can later be used if necessary to control\r\nannual invasive grasses and release desirable vegetation such as established sagebrush seedlings and forbs.,"Sagebrush/F orb Seeding Mix 8\r\nA total of 133,817 acres were aerially seeded in terrain ranging in elevation from 2,800 to 4,800\r\nft. This area was seeded at 100% coverage with Wyoming sagebrush and forbs (Appendix A:\r\nTable A-10-2). Of this acreage, 2,142 acres where state lands comprised of same species as\r\nBLM applied mix minus white western yarrow.","Aerial Shrub/Forb Mixes 8\r\nIn 2020 the density objective for this treatment was met. Seeded forb density for areas within Aerial Shrub/Forb Mix 8 (Wyoming Big Sagebrush), excluding the Trimbly fire area, was highly variable ranging from 0 to 9 plants per 10 m2. (Table 8-47). The majority of the forb seedlings found were white Western yarrow, with small burnett and alfalfa being found at lower densities.\r\n///\r\n1. Sagebrush seedlings were detected where Aerial Shrub/Forb Seed Mix 8 - Wyoming Sagebrush\r\nwas applied, this does not include the area where the 2002 Trimbly fire and subsequent drill\r\nseeding occurred. Average density across all areas was 6.4 seedlings per 10 m2 in 495 plots\r\n(Table 8-23). See Table 8-24 for results of the aerial seeding within the Trimbly fire boundary.\r\nOverall the treatment objective was met.\r\n\r\n2. Seeded forb density for areas within Aerial Shrub/Forb Mix 8 (Wyoming Big Sagebrush),\r\nexcluding the Trimbly fire area, was 12.72 plants per 10 m2 over all species and pastures in\r\nsuitable areas. Seeded forb densities exhibited high variability in abundances with averages\r\nranging from Oto greater than 100 plants per 10 m2. (Table 8-27). The majority of the forb\r\nseedlings found were white Western yarrow, with small burnett and alfalfa being found at lower\r\ndensities. Overall the treatment objective was met.",Polygon,Confirmed,"Digitized by BLM field office personnel, method unknown",1/1/1900 0:00,129857.6981,127685.2264,,Contractor,"Habitat for wildlife, Habitat productivity, Habitat quality, Habitat for sage grouse, Invasion by non-native annuals, Invasion by cheatgrass, Invasive species, Loss of desirable species, Noxious weeds, Vegetal cover, Wildlife in treated area, Rough terrain","The goal of aerial seeding was to establish perennial dominated plant communities that will resist\r\nnoxious weeds and invasive species establishment, are critical for sage-grouse and big game, and\r\nwill help stabilize soils.\r\nAreas suitable for seed germination and emergence are generally void of both native and nonnative\r\nplant biomass due to competition with shrub over story before the fire, and from the fire\r\nitself. Prior to the fire these areas supported higher fuel loads due to the shrub cover causing\r\nhigher intensity fire and more complete consumption of vegetation. This resulted in open areas\r\nand suitable microsites for seed germination and emergence. These sites, where the seeded\r\nspecies would typically establish following wildfire under natural conditions, were patchily\r\ndistributed across the fire. The data presented below represents sagebrush density across all\r\nburned areas, not just suitable sites. Seedling densities for FY 17 will be reported from suitable\r\nareas only and not across all burned areas.",,,,,Boise District Office,46:53:00
Model 18,Nothern Basin and Range,Post-burn aerial & drill seeding,43063,16758,Implemented,See Comments,1,1/1/2017,3/21/2017,Acres,5974,Seeding,Aerial Seeding,Aerial Seeding,-1,Confirmed seed list,Seeding Mix 6,Seeds,Confirmed on Paper,Unknown,Species Specific,,Sage-grouse Forb Seeding Mix 6\r\n1. Density of aerially seeded forbs in suitable areas is an average of greater than or equal to\r\n0.5 plants per 10 m2.\r\n\r\n2. Conduct a qualitative assessment of the seeded species phenology.,,"A total of 5,974 acres were aerially seeded near active greater sage-grouse leks in 2017 in Coal\r\nMine Basin, Shares Basin, and Rockville Pasture 7 lek area ranging in elevation from 4,000 to\r\n5,200 ft. These areas were seeded at 100% coverage (Appendix A: Table A-25).","In 2019 and 2020 the areas seeded with the sage-grouse preferred forb mix were surveyed for all plant species using meandering transects within each seeded polygon for Rockville Pasture 7, Shares Basin Pasture 1, Blackstock Springs 1 and Succor Creek Pasture 1. While native forb richness and abundance were moderate to high in these areas, (11 native forb species in Shares Basin 1 to 27 in Rockville 7) the only species found that were in the sage-grouse preferred seed mix were Balsamorhiza sagittata, Astragalus filipies, and Crepis occidentalis, which may or may not have originated from the seeding.\r\n\r\nIn 2017, the areas seeded with sage-grouse preferred forb mix were surveyed for all plant species\r\nusing meandering transects within each seeded polygon. Plant species were recorded throughout\r\neach transect while targeting the seeded sage-grouse preferred forbs. All seeded species were\r\nlocated in at least one of the four seeding areas. Penstemon eatonii was found in the highest\r\nquantities but never approached the objective of 0.5 plants per 10 m2 in suitable areas. Most\r\nLomatium dissectum, Crepis occidentalis, Balsamorhiza sagittata and Astragalus filipies\r\nindividuals that were observed were established plants that were likely not the result of the aerial\r\nseeding, although a few A. filipies seedlings were found in the aerially seeded portion of the\r\nSuccor Creek allotment. Penstemon accuminatus and Dalea ornata were found within the\r\nseeded portion of Shares Basin in Shares Basin Pasture 1 and Hardtrigger Pasture 4.\r\nThe aerially seeded portion of Sands Basin Pasture 4 had the highest number and quantity of\r\nsage-grouse preferred forbs and is closest to meeting the objective. This is likely because this\r\narea had the most suitable areas for seed germination, i.e. areas where shrubs were present before\r\nthe Soda fire and therefore burned hot leaving bare soil. This area also is in a Loamy 11-13\r\necological site and therefore has consistently deeper soils than the other areas that were seeded\r\nwith this mix. Six of the ten seeded species were found in this area; A. filipies, B. sagittata, C.\r\noccidentalis, Malacothrix glabrata, P. eatonii, and Sphaeralcea spp. Where seeded species were\r\nfound they exceeded the objective but seeded forbs were not found in all suitable areas.\r\nIn 2016, it is likely that the individual forbs detected during monitoring were plants that existed\r\nprior to the Soda fire and not as a result of the seeding. Crepis was detected in 13 pastures and\r\nB. sagittata was detected in 12 of the 14 pastures monitored. A. filipies was detected in half of\r\nthe 14 pastures. Penstemon, Malacothrix, and Sphaeralcea were not detected in any of the\r\npastures. The Jackson Creek allotment had the highest density of B. sagittata and second highest\r\nof Crepis; all pastures monitored in this allotment were treated with aerial herbicide during the\r\nspring of 2016 (see Part 6, S5 for details).\r\n\r\n2. Plant phenology was not assessed in 2016. In 2017 the majority of the emerged seeded perennial\r\nforbs were either flowering or fruiting at the time of monitoring.",Polygon,Confirmed,"Digitized by BLM field office personnel, method unknown",,5979.21,5979,,Unknown,"Forage for wildlife, Forage quality, Habitat for greater sage grouse, Habitat for sage grouse, Habitat for wildlife, Habitat quality, Loss of desirable species, Nesting bird species, Sensitive species",The goal of aerial seeding was to re-establish the native forbs that are preferred by sage-grouse\r\nfor forage and to attract insects that are forage for sage-grouse.,,,,,Boise District Office\r\nTreatment created from map showing Sage-Grouse Forb Seeding Mix 6 areas treated and Monitoring results [page 84] implementation.,32:13:00
Model 18,Nothern Basin and Range,Post-burn aerial & drill seeding,43065,16758,Implemented,See Comments,1,1/25/2017,2/11/2017,Acres,4423,Seeding,Aerial Seeding,Aerial Seeding,-1,Confirmed seed list,Seeding Mix 2 FY17,Seeds,Confirmed on Paper,Unknown,Species Specific,,Seeding Mix 2 (Shares & CoalMine) FY17,,"Winter 2017 (FY1 7) Boise BLM Broadcast Seeding #1\r\nBroadcast Seeding #1 contract was scheduled to begin on 1/6/17 but significant weather events\r\nof snow and fog delayed start date until 1/25/17. Weather events of fog, snow storms and wind\r\ncontinued through the duration of the project causing further delays and the Period of\r\nPerformance was extended 2/28/17, however contract was completed on 2/ 17 /17 with Soda\r\nportion completed on 2/11/17.\r\nDuration of contract was estimated to be completed in 12 days but it took 25 day due to the\r\nweather issues. Weather conditions during time of the seeding were various; clear, cloudy,\r\nfoggy, snowy, with temperatures ranging from 9\xb0 F to 40\xb0 F, and varied winds.\r\nAll areas were seeded at 100% coverage level for all mixes. Species, percent live seed (PLS),\r\nand bulk seed statistics are presented in Appendix A: Tables A-20 through A-25.","Aerial Mixes 1 \u2013 4 Winter 2017 (FY17) and Sage/Grass Mixes 1 \u2013 4 Winter 2017 (FY18)\r\nThrough monitoring, areas were identified where sagebrush density was below the objective. In January and February 2017 (Winter 2017 FY17), and in December 2017 (Winter 2017 FY18) additional aerial sagebrush was aerially seeded through adaptive management in 20 pastures with sagebrush densities lower than the objective. Below are results from sagebrush density monitoring for these areas (Table 8-45). In 2020 the density objective for this treatment was met.",Polygon,Confirmed,"Digitized by BLM field office personnel, method unknown",,4426.1,4424.43,,Contractor,Establishment of seeded species,Rehabilitation,Delayed,"Broadcast Seeding #1 contract was scheduled to begin on 1/6/17 but significant weather events\r\nof snow and fog delayed start date until 1/25/17. Weather events of fog, snow storms and wind\r\ncontinued through the duration of the project causing further delays and the Period of\r\nPerformance was extended 2/28/17, however contract was completed on 2/ 17 /17 with Soda\r\nportion completed on 2/11/17.","Cold, Extreme Cold, Windy, Snow","Duration of contract was estimated to be completed in 12 days but it took 25 day due to the\r\nweather issues. Weather conditions during time of the seeding were various; clear, cloudy,\r\nfoggy, snowy, with temperatures ranging from 9\xb0 F to 40\xb0 F, and varied winds.",Boise District Office - \r\nTreatment polygon created from map showing  Seeding Mix 2 (Shares & CoalMine) FY17 areas treated and Monitoring Report [page 41] implementation.,11:36:00
Model 18,Nothern Basin and Range,Post-burn aerial & drill seeding,49045,19815,Implemented,See Comments,2,10/5/2012,12/3/2012,Acres,16064,Seeding,Drill Seeding,Ground Seeding: Drill,-1,Confirmed seed list,Mix 1,Seeds,Confirmed on Paper,Unknown,Species Specific,,"Objective: The objective of the seeding treatment is to establish perennial-dominated plant communities within 3 years. The\r\nfollowing grass, forb, and shrub density objectives are based on ecological site potential.\r\nThe drill seed treatments would be considered successful if:\r\nThe seeded grass and forb species reach densities of:\r\n? 3 plants per square meter for grasses\r\n? 0.25 plants per square meter for forbs","Drill Seed Mix #1 would be used in areas that were occupied by sagebrush-steppe communities in good ecological condition prior to the fire. This seed mix was designed to address the potential for cheatgrass expansion, provide cover and food for sage-grouse and other sagebrush-steppe obligate wildlife, and provide structural and compositional diversity to decrease fine fuel continuity.","Three seed mixes were used in four drill seeding areas:\r\nBruneau River Drill Seeding \u2013 The project consisted of drill\r\nseeding 5,289 acres within the Kinyon Road Fire near the Bruneau\r\nRiver with two different seed mixes, Mix 1 and the Bruneau\r\nScenic Overlook mix (listed below, see Map 1). Two rangeland\r\ndrills and three contractor-furnished Oliver drills were used and all\r\ndiscs had depth bands. Seed was applied in dry to moist conditions.\r\nThe contractor for the project was Jarolimek Farm and Rangeland\r\nDrill Seeding of Twin Falls, Idaho. The seed was pre-mixed by\r\nESR staff. The project was started on October 7, 2012, and\r\ncompleted on November 13, 2012.\r\n\r\nDevil Creek Drill Seeding \u2013 This project consisted of drill seeding\r\n6,395 acres within the Kinyon Road Fire near Devil Creek with\r\nSeed Mix One (listed below, see Map 2). Four rangeland drills were\r\nused and all discs had depth bands. Seed was applied in dry to\r\nmoist conditions. The last block by Tuana Butte was completed in\r\nvery wet to muddy conditions. The contractor for this area was Loy\r\nPehrson of Buhl, Idaho. The seed was pre-mixed by ESR staff. The\r\nproject was started on October 9, 2012, and completed on\r\nNovember 26, 2012.\r\n\r\nCoonskin Drill Seeding \u2013 This project consisted of drill seeding\r\n6,285 acres within the Kinyon Road Fire in the Coonskin Butte /\r\nKinyon Road area with two seed mixes, Mix 1 and Mix 2 (listed\r\nbelow, see Map 2). Six rangeland drills were used and all discs had\r\ndepth bands. Seed was applied in dry to moist conditions most of\r\nthe time; the last of the seeding was done in wet to muddy\r\nconditions. The ground was frozen early in the morning on the last\r\ntwo days. The seed was pre-mixed by ESR staff. The contractor for\r\nthe project was Absaroka Construction, Inc., of Buhl, Idaho. The\r\nprojects was started on October 5, 2012, and completed on December 3, 2012.\r\n\r\nJuniper Draw Drill Seeding \u2013 The project consisted of drill seeding\r\n3,813 acres within the Kinyon Road Fire in the Coonskin Butte /\r\nKinyon Road area with two seed mixes, Mix 1 and Mix 2 (listed\r\nbelow, see Map 2). Up to 14 rangeland drills were used and all but\r\ntwo of the drills did not have discs with depth bands. The project\r\nwas completed by ESR and Fire staff. These areas had been\r\ncontracted, but due to issues with the contractor, these acres were\r\nremoved from the contract. Seed was applied in very wet to muddy\r\nconditions. There were early mornings when the ground was\r\nfrozen; conditions improved later in the morning. The seed was premixed\r\nby ESR staff. The project was started on November 28,\r\n2012, and completed on December 8, 2012.","Drill Mix 1\r\nFor the first two years, areas seeded with Drill Mix 1 had spotty establishment, but seeded\r\ngrasses and forbs were observed in drill rows in most locations. In some cases, seedlings were\r\nvisually difficult to detect because they were obscured by annual vegetation such as Russian\r\nthistle and tumble mustard. In addition, plant establishment was staggered. In 2014, both large\r\nreproductive and smaller non-reproductive plants were present and in 2015 further growth and\r\nadditional recruitment were observed. Inconsistent establishment was likely due to the use of\r\ndepth bands, which did not result in uniform seed burial. Establishment of seeded forbs is not\r\nwell reflected in the monitoring data. However, all three species were observed to occur in most\r\nseeded areas. Sagebrush seedlings occurred as scattered patches or individuals during 2014 and\r\n2015 field visits.\r\nRecovery of on-site natives was observed, including Sandberg bluegrass, bottlebrush squirreltail,\r\nwestern wheatgrass, and Thurber's needlegrass. Some of the sagebrush communities that burned\r\nin the fire were old crested wheatgrass seedings that had been reinvaded by sagebrush. In these\r\ncases, crested wheatgrass occurred in the understory at low densities and it was unknown\r\nwhether cover would be adequate post-fire to stabilize the burned sites. In cases where crested\r\nwheatgrass did not recover at high density, seeded species established and diversified these old\r\ncrested wheatgrass seedings.\r\n\r\nFY 17\r\nMonitoring plots were revisited for the 5th year monitoring by Chicago Botanical interns in the summer of 2017. Qualitative assessments were completed and included a general plot description, species inventory, and photo documentation. For the 5th year monitoring year, seven plots were revisited for qualitative assessments. Plots visited include 001, 002, 004, 006, 009, 010, and 012.\r\nThe Kinyon Road rehabilitation can be addressed geographically, as the treatments were divided separately into the eastern and western burned areas. The focus of this summary will be on the west side, also known as the Bruneau Overlook area, as heavy noxious weed infestations and unsuccessful drill seedings here were concerning. Due to the good establishment of the drill seed treatments on the eastern side, attention and resources should be focused on the Bruneau Overlook area in future treatments.\r\nOn the eastern side of Kinyon, drill seedings were highly successful. Perennial grasses, particularly bluebunch wheatgrass and Siberian wheatgrass, dominate the landscape, and the bare ground among them supports a high diversity of forbs with relatively low cheatgrass establishment. Though sagebrush seedlings were either not found or found in extremely low amounts in these areas, many sagebrush islands were seen near monitoring points, and could potentially re-seed the area regardless of the success of shrub seedings. Invasive weeds such as rush skeletonweed, halogeton, and Russian thistle are present, but are not an imminent threat, especially considering the health and expanse of the perennial grasses. It would be valuable for future projects to assess why the eastern Kinyon plantings were so successful compared to the Bruneau Overlook area.\r\nThe Bruneau Overlook seeding treatments have been moderately successful but present several challenges. In some areas, drill-seeded perennial bunchgrass populations are vigorous and extensive with good forb diversity, but cheatgrass density is still high. Most areas on this side of the Kinyon fire are cheatgrass-Sandberg\u2019s bluegrass dominated sites with low forb diversity, and drill-seeded perennials are not competing as well. Few to no sagebrush seedlings were seen across the area, and sagebrush islands were also rarer. Noxious and invasive weed populations also present a problem.\r\nA main concern for this area is extremely dense invasive weed populations, particularly Russian thistle. The Bruneau Overlook area is being overtaken by this dominant weed, and full hillsides of robust Russian thistle were found near monitoring points (Photo 1). The eastern monitoring area also showed some large Russian thistle populations. Russian thistle is likely to continue dominating the Kinyon Road area unless significant control measures are taken. Rush skeletonweed is also present across the Kinyon Road fire area, though to a much lesser extent than the thistle. It has the potential to continue spreading and impeding the advancement of perennial bunchgrasses. Chemical treatments in the Bruneau Overlook area on Russian thistle and rush skeletonweed would be most efficient in stopping the spread of these two species, though mechanical treatments on extremely dense Russian thistle patches could also be valuable.\r\nKinyon Road Fire (G1CH) FY2022 Monitoring \u2013 10th Year 33\r\nPrecipitation data is from the Twin Buttes and Horse Butte RAWS stations, which are northeast of the burned area and southwest of the burned area, respectively. Monitoring reports at the first, second- and third-year mark illuminate a trend towards higher precipitation following treatment years, along with later summer and fall rains. This factor may have contributed to higher weed establishment and lower drill seed success. Previous reports also mention soil movement that filled in drill rows and lessened the establishment rate at Bruneau Overlook sites. Compounding this was the inefficient depth band use on the shrub seedings, consequently the first three years of monitoring found no shrub establishment in the monitoring sites. Upon qualitative monitoring at the five-year mark, scattered immature Wyoming big sagebrush were found in only half of the monitoring sites for all of Kinyon. Multiple factors led to both the low shrub establishment throughout Kinyon and the partial success of drill seed treatments in Bruneau Overlook.\r\n\r\nFY22\r\nMonitoring plots were revisited by TFD Fuels technicians during the summer of 2022 for the 10th year monitoring. Qualitative assessments were completed which included a general plot description, species inventory, and photo documentation.\r\nThe following photo points are representative of the entire treated area of the Kinyon Road fire. For the 10th year monitoring year, 14 plots were revisited for qualitative assessments. Plots visited include 002, 003, 004, 005, 007, 008, 009, 010, 011, 013, 015, 019 021, and 023. Data collected included a general plot description, species inventory, and photo documentation.",Polygon,Confirmed,"Digitized by BLM field office personnel, method unknown",None,16571.23,16566.43,,Contractor,"Habitat for wildlife, Habitat productivity, Habitat quality","Improve lands in poor ecological condition (pp. II-28, II-31, II-40, II-47, and II-50).\r\nMaintain existing vegetative improvements (pp. II-28, II-31, II-40, II-47, and II-50).\r\nMaintain existing lands that are in good and excellent ecological condition (II-40).\r\nManage big game habitat to support mule deer and antelope (pp. II-28, II-31, II-40, II-48, and II-50).\r\nMaintain present levels of upland game nesting and cover habitat (pp. II-28, II-31, and II40)\r\nImprove sage-grouse habitat through seeding and rehabilitation (p. II-40 and II-48).\r\nMaintain present areas of sage-grouse nesting habitat (p. II-51).",Unknown,,"Muddy Ground, Dry, Frozen Soil",Seed was applied in dry to moist conditions most of\r\nthe time; the last of the seeding was done in wet to muddy\r\nconditions. The ground was frozen early in the morning on the last\r\ntwo days.,,10:28:00
Model 18,Nothern Basin and Range,Post-burn aerial & drill seeding,49046,19815,Implemented,Unknown,2,10/5/2012,12/3/2012,Acres,3990,Seeding,Drill Seeding,Ground Seeding: Drill,-1,Confirmed seed list,Mix 2,Seeds,Confirmed on Paper,Unknown,Species Specific,,"Objective: The objective of the seeding treatment is to establish perennial-dominated plant communities within 3 years. The\r\nfollowing grass, forb, and shrub density objectives are based on ecological site potential.\r\nThe drill seed treatments would be considered successful if:\r\nThe seeded grass and forb species reach densities of:\r\n? 3 plants per square meter for grasses\r\n? 0.25 plants per square meter for forbs","Drill Seed Mix #2 would be used in areas that were previously burned and did not recover well from past fire. This seed mix was designed to address an increased potential for cheatgrass expansion and dominance, provide cover and food for sage-grouse and other sagebrush-steppe obligate wildlife, and provide structural and compositional diversity to decrease fine fuel continuity.","Three seed mixes were used in four drill seeding areas:\r\nBruneau River Drill Seeding \u2013 The project consisted of drill\r\nseeding 5,289 acres within the Kinyon Road Fire near the Bruneau\r\nRiver with two different seed mixes, Mix 1 and the Bruneau\r\nScenic Overlook mix (listed below, see Map 1). Two rangeland\r\ndrills and three contractor-furnished Oliver drills were used and all\r\ndiscs had depth bands. Seed was applied in dry to moist conditions.\r\nThe contractor for the project was Jarolimek Farm and Rangeland\r\nDrill Seeding of Twin Falls, Idaho. The seed was pre-mixed by\r\nESR staff. The project was started on October 7, 2012, and\r\ncompleted on November 13, 2012.\r\n\r\nDevil Creek Drill Seeding \u2013 This project consisted of drill seeding\r\n6,395 acres within the Kinyon Road Fire near Devil Creek with\r\nSeed Mix One (listed below, see Map 2). Four rangeland drills were\r\nused and all discs had depth bands. Seed was applied in dry to\r\nmoist conditions. The last block by Tuana Butte was completed in\r\nvery wet to muddy conditions. The contractor for this area was Loy\r\nPehrson of Buhl, Idaho. The seed was pre-mixed by ESR staff. The\r\nproject was started on October 9, 2012, and completed on\r\nNovember 26, 2012.\r\n\r\nCoonskin Drill Seeding \u2013 This project consisted of drill seeding\r\n6,285 acres within the Kinyon Road Fire in the Coonskin Butte /\r\nKinyon Road area with two seed mixes, Mix 1 and Mix 2 (listed\r\nbelow, see Map 2). Six rangeland drills were used and all discs had\r\ndepth bands. Seed was applied in dry to moist conditions most of\r\nthe time; the last of the seeding was done in wet to muddy\r\nconditions. The ground was frozen early in the morning on the last\r\ntwo days. The seed was pre-mixed by ESR staff. The contractor for\r\nthe project was Absaroka Construction, Inc., of Buhl, Idaho. The\r\nprojects was started on October 5, 2012, and completed on December 3, 2012.\r\n\r\nJuniper Draw Drill Seeding \u2013 The project consisted of drill seeding\r\n3,813 acres within the Kinyon Road Fire in the Coonskin Butte /\r\nKinyon Road area with two seed mixes, Mix 1 and Mix 2 (listed\r\nbelow, see Map 2). Up to 14 rangeland drills were used and all but\r\ntwo of the drills did not have discs with depth bands. The project\r\nwas completed by ESR and Fire staff. These areas had been\r\ncontracted, but due to issues with the contractor, these acres were\r\nremoved from the contract. Seed was applied in very wet to muddy\r\nconditions. There were early mornings when the ground was\r\nfrozen; conditions improved later in the morning. The seed was premixed\r\nby ESR staff. The project was started on November 28,\r\n2012, and completed on December 8, 2012.","Drill Mix 2\r\nDrill Mix 2 was used in areas with higher potential for cheatgrass establishment; these areas also\r\ncontained past seedings that had poor establishment of seeded species and high cheatgrass cover\r\npre-fire. Areas seeded with Drill Mix 2 showed some establishment of seeded species as well as\r\nrecovery of on-site native plants and remnants of past seedings. Subsequent to the Kinyon Road\r\nFire, some past seedings responded well to additional rest and became better established. This\r\nestablishment was supplemented with the Kinyon Road drill seeding.\r\nAs with Drill Mix 1, use of depth bands tended to result in inconsistent burial and spotty\r\nestablishment. Sagebrush seedlings were observed during site visits by the fire ecologist. Patchy\r\ndistribution of sagebrush seedlings resulted in non-detection in belt transects.\r\n\r\nMONITORING RESULTS\r\nThe fire ecologist examined the seeded areas on multiple dates in spring and summer 2013, 2014, and 2015.\r\nQuantitative objectives identified for drill and aerial seeding are:\r\n\u2022 For drill seed areas \u2013 establish seeded grasses at densities of 3 plants/m2, seeded forbs at 0.3 plants/m2, and 0.10 plants /m2 for shrubs (bitterbrush).\r\n\u2022 For aerial grass and forb areas \u2013 establish seeded grasses and forbs at densities of 3 plants /m2 for grasses and 0.2 plants/m2 for forbs.\r\n\u2022 For sagebrush aerial seed areas \u2013 0.10 plants/m2.\r\n\u2022 The amount of bare mineral soil (i.e., soil lacking cover of plants, litter, or biological soil crust) is within 10% of what would be expected for the site based on an adjacent unburned site or the ecological site description.\r\nQualitative objectives identified for drill and aerial seeding are:\r\n\u2022 Most desired herbaceous perennial plants are producing seed.\r\n\u2022 The plants must also have developed root systems that are extensive enough to provide soil stabilization and prevent uprooting when grazed, especially when soils are moist.\r\n\r\nFY 17\r\nMonitoring plots were revisited for the 5th year monitoring by Chicago Botanical interns in the summer of 2017. Qualitative assessments were completed and included a general plot description, species inventory, and photo documentation. For the 5th year monitoring year, seven plots were revisited for qualitative assessments. Plots visited include 001, 002, 004, 006, 009, 010, and 012.\r\nThe Kinyon Road rehabilitation can be addressed geographically, as the treatments were divided separately into the eastern and western burned areas. The focus of this summary will be on the west side, also known as the Bruneau Overlook area, as heavy noxious weed infestations and unsuccessful drill seedings here were concerning. Due to the good establishment of the drill seed treatments on the eastern side, attention and resources should be focused on the Bruneau Overlook area in future treatments.\r\nOn the eastern side of Kinyon, drill seedings were highly successful. Perennial grasses, particularly bluebunch wheatgrass and Siberian wheatgrass, dominate the landscape, and the bare ground among them supports a high diversity of forbs with relatively low cheatgrass establishment. Though sagebrush seedlings were either not found or found in extremely low amounts in these areas, many sagebrush islands were seen near monitoring points, and could potentially re-seed the area regardless of the success of shrub seedings. Invasive weeds such as rush skeletonweed, halogeton, and Russian thistle are present, but are not an imminent threat, especially considering the health and expanse of the perennial grasses. It would be valuable for future projects to assess why the eastern Kinyon plantings were so successful compared to the Bruneau Overlook area.\r\nThe Bruneau Overlook seeding treatments have been moderately successful but present several challenges. In some areas, drill-seeded perennial bunchgrass populations are vigorous and extensive with good forb diversity, but cheatgrass density is still high. Most areas on this side of the Kinyon fire are cheatgrass-Sandberg\u2019s bluegrass dominated sites with low forb diversity, and drill-seeded perennials are not competing as well. Few to no sagebrush seedlings were seen across the area, and sagebrush islands were also rarer. Noxious and invasive weed populations also present a problem.\r\nA main concern for this area is extremely dense invasive weed populations, particularly Russian thistle. The Bruneau Overlook area is being overtaken by this dominant weed, and full hillsides of robust Russian thistle were found near monitoring points (Photo 1). The eastern monitoring area also showed some large Russian thistle populations. Russian thistle is likely to continue dominating the Kinyon Road area unless significant control measures are taken. Rush skeletonweed is also present across the Kinyon Road fire area, though to a much lesser extent than the thistle. It has the potential to continue spreading and impeding the advancement of perennial bunchgrasses. Chemical treatments in the Bruneau Overlook area on Russian thistle and rush skeletonweed would be most efficient in stopping the spread of these two species, though mechanical treatments on extremely dense Russian thistle patches could also be valuable.\r\nKinyon Road Fire (G1CH) FY2022 Monitoring \u2013 10th Year 33\r\nPrecipitation data is from the Twin Buttes and Horse Butte RAWS stations, which are northeast of the burned area and southwest of the burned area, respectively. Monitoring reports at the first, second- and third-year mark illuminate a trend towards higher precipitation following treatment years, along with later summer and fall rains. This factor may have contributed to higher weed establishment and lower drill seed success. Previous reports also mention soil movement that filled in drill rows and lessened the establishment rate at Bruneau Overlook sites. Compounding this was the inefficient depth band use on the shrub seedings, consequently the first three years of monitoring found no shrub establishment in the monitoring sites. Upon qualitative monitoring at the five-year mark, scattered immature Wyoming big sagebrush were found in only half of the monitoring sites for all of Kinyon. Multiple factors led to both the low shrub establishment throughout Kinyon and the partial success of drill seed treatments in Bruneau Overlook.\r\n\r\nFY22\r\nMonitoring plots were revisited by TFD Fuels technicians during the summer of 2022 for the 10th year monitoring. Qualitative assessments were completed which included a general plot description, species inventory, and photo documentation.\r\nThe following photo points are representative of the entire treated area of the Kinyon Road fire. For the 10th year monitoring year, 14 plots were revisited for qualitative assessments. Plots visited include 002, 003, 004, 005, 007, 008, 009, 010, 011, 013, 015, 019 021, and 023. Data collected included a general plot description, species inventory, and photo documentation.",Polygon,Confirmed,"Digitized by BLM field office personnel, method unknown",None,3487.08,3481.5,,Contractor,"Habitat for wildlife, Habitat productivity, Habitat quality","Improve lands in poor ecological condition (pp. II-28, II-31, II-40, II-47, and II-50).\r\nMaintain existing vegetative improvements (pp. II-28, II-31, II-40, II-47, and II-50).\r\nMaintain existing lands that are in good and excellent ecological condition (II-40).\r\nManage big game habitat to support mule deer and antelope (pp. II-28, II-31, II-40, II-48, and II-50).\r\nMaintain present levels of upland game nesting and cover habitat (pp. II-28, II-31, and II40)\r\nImprove sage-grouse habitat through seeding and rehabilitation (p. II-40 and II-48).\r\nMaintain present areas of sage-grouse nesting habitat (p. II-51).",Unknown,,Unknown,,,25:47:00
Model 18,Nothern Basin and Range,Post-burn aerial & drill seeding,49047,19815,Implemented,Unknown,2,10/5/2012,12/3/2012,Acres,1728,Seeding,Drill Seeding,Ground Seeding: Drill,-1,Confirmed seed list,Bruneau Overlook Mix,Seeds,Confirmed on Paper,Unknown,Species Specific,,"Objective: The objective of the seeding treatment is to establish perennial-dominated plant communities within 3 years. The\r\nfollowing grass, forb, and shrub density objectives are based on ecological site potential.\r\nThe drill seed treatments would be considered successful if:\r\nThe seeded grass and forb species reach densities of:\r\n? 3 plants per square meter for grasses\r\n? 0.25 plants per square meter for forbs",The Bruneau River Overlook Drill Seed Mix would be applied on sandy loam soils along the Bruneau Canyon rim and adjacent to the Bruneau-Jarbidge Rivers Wilderness. This mix was designed to address the potential for cheatgrass expansion in the burned area as well as consistency with Wilderness management policy. Telemetry data collected by Idaho Department of Fish and Game and observations by BLM resource specialists indicate that this area is important to sage-grouse.,"Three seed mixes were used in four drill seeding areas:\r\nBruneau River Drill Seeding \u2013 The project consisted of drill\r\nseeding 5,289 acres within the Kinyon Road Fire near the Bruneau\r\nRiver with two different seed mixes, Mix 1 and the Bruneau\r\nScenic Overlook mix (listed below, see Map 1). Two rangeland\r\ndrills and three contractor-furnished Oliver drills were used and all\r\ndiscs had depth bands. Seed was applied in dry to moist conditions.\r\nThe contractor for the project was Jarolimek Farm and Rangeland\r\nDrill Seeding of Twin Falls, Idaho. The seed was pre-mixed by\r\nESR staff. The project was started on October 7, 2012, and\r\ncompleted on November 13, 2012.\r\n\r\nDevil Creek Drill Seeding \u2013 This project consisted of drill seeding\r\n6,395 acres within the Kinyon Road Fire near Devil Creek with\r\nSeed Mix One (listed below, see Map 2). Four rangeland drills were\r\nused and all discs had depth bands. Seed was applied in dry to\r\nmoist conditions. The last block by Tuana Butte was completed in\r\nvery wet to muddy conditions. The contractor for this area was Loy\r\nPehrson of Buhl, Idaho. The seed was pre-mixed by ESR staff. The\r\nproject was started on October 9, 2012, and completed on\r\nNovember 26, 2012.\r\n\r\nCoonskin Drill Seeding \u2013 This project consisted of drill seeding\r\n6,285 acres within the Kinyon Road Fire in the Coonskin Butte /\r\nKinyon Road area with two seed mixes, Mix 1 and Mix 2 (listed\r\nbelow, see Map 2). Six rangeland drills were used and all discs had\r\ndepth bands. Seed was applied in dry to moist conditions most of\r\nthe time; the last of the seeding was done in wet to muddy\r\nconditions. The ground was frozen early in the morning on the last\r\ntwo days. The seed was pre-mixed by ESR staff. The contractor for\r\nthe project was Absaroka Construction, Inc., of Buhl, Idaho. The\r\nprojects was started on October 5, 2012, and completed on December 3, 2012.\r\n\r\nJuniper Draw Drill Seeding \u2013 The project consisted of drill seeding\r\n3,813 acres within the Kinyon Road Fire in the Coonskin Butte /\r\nKinyon Road area with two seed mixes, Mix 1 and Mix 2 (listed\r\nbelow, see Map 2). Up to 14 rangeland drills were used and all but\r\ntwo of the drills did not have discs with depth bands. The project\r\nwas completed by ESR and Fire staff. These areas had been\r\ncontracted, but due to issues with the contractor, these acres were\r\nremoved from the contract. Seed was applied in very wet to muddy\r\nconditions. There were early mornings when the ground was\r\nfrozen; conditions improved later in the morning. The seed was premixed\r\nby ESR staff. The project was started on November 28,\r\n2012, and completed on December 8, 2012.","Bruneau Overlook Mix\r\nThe Bruneau Overlook Mix was used in areas near the edge of the Bruneau River canyon with\r\nthe driest site conditions. Seeding establishment was spotty with some areas showing little or no\r\ngermination of seeded species. Other areas had good establishment of primarily Indian ricegrass.\r\nRecovery of on-site natives was low due to extremely dry conditions and possible wind scouring.\r\nIn some areas near the Bruneau Canyon rim it appeared that some soil movement had occurred,\r\nfilling in drill rows. No sagebrush seedlings were observed. About 200 acres of the area was redrilled\r\nwithout depth bands in September 2013 using Fuels program funding. About 400 acres\r\nwas planned; re-treatment was curtailed by the federal government furlough, then by weather.\r\nGermination and establishment of plants resulting from retreatment were observed in some areas\r\nin June 2014. Good establishment of seeded plants in the retreatment areas was observed in June\r\n2015.\r\n\r\nFY 17\r\nMonitoring plots were revisited for the 5th year monitoring by Chicago Botanical interns in the summer of 2017. Qualitative assessments were completed and included a general plot description, species inventory, and photo documentation. For the 5th year monitoring year, seven plots were revisited for qualitative assessments. Plots visited include 001, 002, 004, 006, 009, 010, and 012.\r\nThe Kinyon Road rehabilitation can be addressed geographically, as the treatments were divided separately into the eastern and western burned areas. The focus of this summary will be on the west side, also known as the Bruneau Overlook area, as heavy noxious weed infestations and unsuccessful drill seedings here were concerning. Due to the good establishment of the drill seed treatments on the eastern side, attention and resources should be focused on the Bruneau Overlook area in future treatments.\r\nOn the eastern side of Kinyon, drill seedings were highly successful. Perennial grasses, particularly bluebunch wheatgrass and Siberian wheatgrass, dominate the landscape, and the bare ground among them supports a high diversity of forbs with relatively low cheatgrass establishment. Though sagebrush seedlings were either not found or found in extremely low amounts in these areas, many sagebrush islands were seen near monitoring points, and could potentially re-seed the area regardless of the success of shrub seedings. Invasive weeds such as rush skeletonweed, halogeton, and Russian thistle are present, but are not an imminent threat, especially considering the health and expanse of the perennial grasses. It would be valuable for future projects to assess why the eastern Kinyon plantings were so successful compared to the Bruneau Overlook area.\r\nThe Bruneau Overlook seeding treatments have been moderately successful but present several challenges. In some areas, drill-seeded perennial bunchgrass populations are vigorous and extensive with good forb diversity, but cheatgrass density is still high. Most areas on this side of the Kinyon fire are cheatgrass-Sandberg\u2019s bluegrass dominated sites with low forb diversity, and drill-seeded perennials are not competing as well. Few to no sagebrush seedlings were seen across the area, and sagebrush islands were also rarer. Noxious and invasive weed populations also present a problem.\r\nA main concern for this area is extremely dense invasive weed populations, particularly Russian thistle. The Bruneau Overlook area is being overtaken by this dominant weed, and full hillsides of robust Russian thistle were found near monitoring points (Photo 1). The eastern monitoring area also showed some large Russian thistle populations. Russian thistle is likely to continue dominating the Kinyon Road area unless significant control measures are taken. Rush skeletonweed is also present across the Kinyon Road fire area, though to a much lesser extent than the thistle. It has the potential to continue spreading and impeding the advancement of perennial bunchgrasses. Chemical treatments in the Bruneau Overlook area on Russian thistle and rush skeletonweed would be most efficient in stopping the spread of these two species, though mechanical treatments on extremely dense Russian thistle patches could also be valuable.\r\nKinyon Road Fire (G1CH) FY2022 Monitoring \u2013 10th Year 33\r\nPrecipitation data is from the Twin Buttes and Horse Butte RAWS stations, which are northeast of the burned area and southwest of the burned area, respectively. Monitoring reports at the first, second- and third-year mark illuminate a trend towards higher precipitation following treatment years, along with later summer and fall rains. This factor may have contributed to higher weed establishment and lower drill seed success. Previous reports also mention soil movement that filled in drill rows and lessened the establishment rate at Bruneau Overlook sites. Compounding this was the inefficient depth band use on the shrub seedings, consequently the first three years of monitoring found no shrub establishment in the monitoring sites. Upon qualitative monitoring at the five-year mark, scattered immature Wyoming big sagebrush were found in only half of the monitoring sites for all of Kinyon. Multiple factors led to both the low shrub establishment throughout Kinyon and the partial success of drill seed treatments in Bruneau Overlook.\r\n\r\nFY22\r\nMonitoring plots were revisited by TFD Fuels technicians during the summer of 2022 for the 10th year monitoring. Qualitative assessments were completed which included a general plot description, species inventory, and photo documentation.\r\nThe following photo points are representative of the entire treated area of the Kinyon Road fire. For the 10th year monitoring year, 14 plots were revisited for qualitative assessments. Plots visited include 002, 003, 004, 005, 007, 008, 009, 010, 011, 013, 015, 019 021, and 023. Data collected included a general plot description, species inventory, and photo documentation.",Polygon,Confirmed,"Digitized by BLM field office personnel, method unknown",None,1729.16,1728.18,,Contractor,"Habitat for wildlife, Habitat productivity, Habitat quality","Improve lands in poor ecological condition (pp. II-28, II-31, II-40, II-47, and II-50).\r\nMaintain existing vegetative improvements (pp. II-28, II-31, II-40, II-47, and II-50).\r\nMaintain existing lands that are in good and excellent ecological condition (II-40).\r\nManage big game habitat to support mule deer and antelope (pp. II-28, II-31, II-40, II-48, and II-50).\r\nMaintain present levels of upland game nesting and cover habitat (pp. II-28, II-31, and II40)\r\nImprove sage-grouse habitat through seeding and rehabilitation (p. II-40 and II-48).\r\nMaintain present areas of sage-grouse nesting habitat (p. II-51).",Unknown,,Unknown,,,28:18:00
Model 18,Nothern Basin and Range,Post-burn aerial & drill seeding,49048,19815,Implemented,See Comments,2,2/1/2013,2/5/2013,Acres,22839,Seeding,Aerial Seeding,Aerial Seeding: Rotor Wing,-1,Confirmed seed list,,Seeds,Confirmed on Paper,Unknown,Species Specific,Seed for aerial seeding treatments was purchased at the August 30\r\nseed buy,"Objective: The objective of the seeding treatment is to establish perennial-dominated plant communities within 3 years. The\r\nfollowing grass, forb, and shrub density objectives are based on ecological site potential.\r\nThe aerial grass seed treatment would be considered successful if:\r\nThe seeded grasses reach densities of:\r\n3 plants per square meter or\r\nIn qualitative surveys are observed to be established in available microsites\r\nThe aerial sagebrush seed treatment would be considered effective if:\r\nSagebrush seedlings average 0.10 seedlings per square meter across all density plots; or\r\nIn qualitative surveys seedlings are found to be common",Unknown,"This project consisted of aerial seeding 22,839 acres with 22,880\r\npounds of Wyoming big sagebrush. All sagebrush seeding occurred\r\nover drill-seed areas in sage-grouse PPH or PGH. Rate of\r\napplication was approximately 1.00 pounds bulk seed per acre.\r\nSeed was applied to mostly bare muddy ground. The contractor was\r\nThomas Helicopters, Inc., of Gooding, ID. The pilot for the seeding\r\nwas Patrick Hall. The project was completed using one helicopter\r\nand one sling-type bucket. The project was started on February 1\r\nand completed on February 5, 2013.","Average Wyoming big sagebrush shrub count of 5 monitoring plots per monitoring year:\r\n2014: 3.4; 2015: 1.2; 2016: 1.4; 2018: 1.2\r\n\r\nFY 17\r\nMonitoring plots were revisited for the 5th year monitoring by Chicago Botanical interns in the summer of 2017. Qualitative assessments were completed and included a general plot description, species inventory, and photo documentation. For the 5th year monitoring year, seven plots were revisited for qualitative assessments. Plots visited include 001, 002, 004, 006, 009, 010, and 012.\r\nThe Kinyon Road rehabilitation can be addressed geographically, as the treatments were divided separately into the eastern and western burned areas. The focus of this summary will be on the west side, also known as the Bruneau Overlook area, as heavy noxious weed infestations and unsuccessful drill seedings here were concerning. Due to the good establishment of the drill seed treatments on the eastern side, attention and resources should be focused on the Bruneau Overlook area in future treatments.\r\nOn the eastern side of Kinyon, drill seedings were highly successful. Perennial grasses, particularly bluebunch wheatgrass and Siberian wheatgrass, dominate the landscape, and the bare ground among them supports a high diversity of forbs with relatively low cheatgrass establishment. Though sagebrush seedlings were either not found or found in extremely low amounts in these areas, many sagebrush islands were seen near monitoring points, and could potentially re-seed the area regardless of the success of shrub seedings. Invasive weeds such as rush skeletonweed, halogeton, and Russian thistle are present, but are not an imminent threat, especially considering the health and expanse of the perennial grasses. It would be valuable for future projects to assess why the eastern Kinyon plantings were so successful compared to the Bruneau Overlook area.\r\nThe Bruneau Overlook seeding treatments have been moderately successful but present several challenges. In some areas, drill-seeded perennial bunchgrass populations are vigorous and extensive with good forb diversity, but cheatgrass density is still high. Most areas on this side of the Kinyon fire are cheatgrass-Sandberg\u2019s bluegrass dominated sites with low forb diversity, and drill-seeded perennials are not competing as well. Few to no sagebrush seedlings were seen across the area, and sagebrush islands were also rarer. Noxious and invasive weed populations also present a problem.\r\nA main concern for this area is extremely dense invasive weed populations, particularly Russian thistle. The Bruneau Overlook area is being overtaken by this dominant weed, and full hillsides of robust Russian thistle were found near monitoring points (Photo 1). The eastern monitoring area also showed some large Russian thistle populations. Russian thistle is likely to continue dominating the Kinyon Road area unless significant control measures are taken. Rush skeletonweed is also present across the Kinyon Road fire area, though to a much lesser extent than the thistle. It has the potential to continue spreading and impeding the advancement of perennial bunchgrasses. Chemical treatments in the Bruneau Overlook area on Russian thistle and rush skeletonweed would be most efficient in stopping the spread of these two species, though mechanical treatments on extremely dense Russian thistle patches could also be valuable.\r\nKinyon Road Fire (G1CH) FY2022 Monitoring \u2013 10th Year 33\r\nPrecipitation data is from the Twin Buttes and Horse Butte RAWS stations, which are northeast of the burned area and southwest of the burned area, respectively. Monitoring reports at the first, second- and third-year mark illuminate a trend towards higher precipitation following treatment years, along with later summer and fall rains. This factor may have contributed to higher weed establishment and lower drill seed success. Previous reports also mention soil movement that filled in drill rows and lessened the establishment rate at Bruneau Overlook sites. Compounding this was the inefficient depth band use on the shrub seedings, consequently the first three years of monitoring found no shrub establishment in the monitoring sites. Upon qualitative monitoring at the five-year mark, scattered immature Wyoming big sagebrush were found in only half of the monitoring sites for all of Kinyon. Multiple factors led to both the low shrub establishment throughout Kinyon and the partial success of drill seed treatments in Bruneau Overlook.\r\n\r\nFY22\r\nMonitoring plots were revisited by TFD Fuels technicians during the summer of 2022 for the 10th year monitoring. Qualitative assessments were completed which included a general plot description, species inventory, and photo documentation.\r\nThe following photo points are representative of the entire treated area of the Kinyon Road fire. For the 10th year monitoring year, 14 plots were revisited for qualitative assessments. Plots visited include 002, 003, 004, 005, 007, 008, 009, 010, 011, 013, 015, 019 021, and 023. Data collected included a general plot description, species inventory, and photo documentation.",Polygon,Confirmed,"Digitized by BLM field office personnel, method unknown",None,22845.23,22839.45,,Contractor,"Habitat for wildlife, Habitat productivity, Habitat quality, Sagebrush","Improve lands in poor ecological condition (pp. II-28, II-31, II-40, II-47, and II-50).\r\nMaintain existing vegetative improvements (pp. II-28, II-31, II-40, II-47, and II-50).\r\nMaintain existing lands that are in good and excellent ecological condition (II-40).\r\nManage big game habitat to support mule deer and antelope (pp. II-28, II-31, II-40, II-48, and II-50).\r\nMaintain present levels of upland game nesting and cover habitat (pp. II-28, II-31, and II40)\r\nImprove sage-grouse habitat through seeding and rehabilitation (p. II-40 and II-48).\r\nMaintain present areas of sage-grouse nesting habitat (p. II-51).",Unknown,,Muddy Ground,The seed was applied to mostly bare muddy ground,,32:30:00
Model 18,Nothern Basin and Range,Post-burn aerial & drill seeding,49087,19820,Implemented,Unknown,2,10/24/2013,11/19/2013,Acres,3581,Seeding,Drill Seeding,Ground Seeding: Drill,-1,Confirmed seed list,Northern Portion (Horse Butte/Juniper Ranch) Mix,Seeds,Confirmed on Paper,Unknown,Species Specific,,The objective of the seeding treatment is to establish perennial-dominated plant communities within 3 years. The\r\nfollowing grass and forb density objectives are based on ecological site potential.\r\nThe drill seed treatments would be considered successful if:\r\nThe seeded grass and forb species reach densities of:\r\n? 3 plants per square meter for grasses\r\n? 0.25 plants per square meter for forbs,"Drill seed about 5,140 acres with two native/non-native grass and forb seed mixes in fall 2013.","This project consisted of drill seeding approximately 5,158 acres.\r\nSeed was applied in dry to moist conditions starting on the south\r\nend and working to the north. The northern block was the last to be\r\ncompleted. Six rangeland drills were used. Seed was pre-mixed by\r\nESR staff. The project had been scheduled to start on October 7, but\r\nwas delayed by the 2013 government shutdown.","Excellent establishment of seeded species was observed during multiple site visits by the fire\r\necologist in May \u2013 July 2014 through 2016. Cover values for Sandberg bluegrass and bottlebrush\r\nsquirreltail reflect recovery of on-site native plants as well as seeding establishment. Plant\r\ndensity easily met seeding objectives. There was also good recovery of an area previously seeded\r\nwith \u2018Secar\u2019 Snake River wheatgrass in the northern portion of the burned area, as well as on-site\r\nnatives, including western wheatgrass and a variety of forbs.",Polygon,Confirmed,"Digitized by BLM field office personnel, method unknown",None,3566.76,3566.75,,Contractor,"Habitat for wildlife, Habitat productivity, Habitat quality, Habitat for antelope, Habitat for mule deer, Habitat for sage grouse","The Horse Butte 2 Fire ignited on the southwest side of Horse Butte in the central Jarbidge Field\r\nOffice on July 16, 2013, at about 1730 hours. Fire cause was lightning. The fire was contained\r\non July 19 and controlled on July 20. The fire burned 5,371 acres of public land administered by\r\nthe BLM and 310 acres of state land.\r\n\r\nResource management objectives for the affected MUAs:\r\nImprove lands in poor ecological condition (p. II-47).\r\nManage big game habitat to support mule deer and antelope (p. II-48).\r\nImprove sage-grouse habitat (p. II-48).",Unknown,,Unknown,,"The 5,158 Drill Seeding was done with two different seed mixes. One mix treating the northern portion of the fire and the other treating the southern portion of fire.",51:25:00
Model 18,Nothern Basin and Range,Post-burn aerial & drill seeding,49088,19820,Implemented,Successful,2,12/11/2013,12/11/2013,Acres,5371,Seeding,Aerial Seeding,Aerial Seeding,-1,Confirmed seed list,Aerial Sagebrush Seed Mix,Seeds,Confirmed on Paper,Unknown,Species Specific,,The objective of the seeding treatment is to establish perennial-dominated plant communities within 3 years. The\r\nfollowing shrub density objectives are based on ecological site potential.\r\nThe aerial sagebrush seed treatment would be considered effective if:\r\n? Sagebrush seedlings average 0.10 seedlings per square meter across all density plots; or\r\n? In qualitative surveys seedlings are found to be common,"Aerial seed about 5,371 acres with Wyoming big sagebrush seed in winter 2013/2014.","This project consisted of aerial seeding 5,371 acres with Wyoming\r\nbig sagebrush seed at a rate of about 1.00 pounds bulk seed/acre.\r\nThe seed was applied to snow-covered ground. The pilot for the\r\nseeding was Robin Vennuti. The project was completed using one\r\nhelicopter and two sling-type buckets.","Excellent establishment of seeded species was observed during multiple site visits by the fire\r\necologist in May \u2013 July 2014 through 2016.\r\nNumerous sagebrush seedlings\r\nwere present throughout the burned area and were observed as scattered individuals and in\r\npatches. Sagebrush abundance was not detected through monitoring; however, visual observation\r\nconfirmed good establishment.\r\nThe aerial sagebrush seeding in the Horse Butte 2 Fire natural recovery area, which is an older\r\n\u2018Secar\u2019 Snake River wheatgrass seeding, was monitored with the adjacent 2013 Buck Flat Fire\r\n(HS95) for efficiency. Monitoring results for aerial sagebrush seeding in the natural recovery\r\narea will be reported in the Buck Flat Fire monitoring report. Sagebrush seedlings were less\r\ncommonly observed in this area, but were more difficult to detect due to vegetation density and\r\nheight.\r\n\r\nSagebrush aerial seeding\r\nand planting was highly successful throughout the burned area with establishment of numerous\r\nseedlings and patches.",Polygon,Confirmed,"Digitized by BLM field office personnel, method unknown",None,5372.72,5372.72,Spray on lines are available in the source GIS folder,Contractor,"Habitat for wildlife, Habitat productivity, Habitat quality, Habitat for antelope, Habitat for mule deer, Habitat for sage grouse","The Horse Butte 2 Fire ignited on the southwest side of Horse Butte in the central Jarbidge Field\r\nOffice on July 16, 2013, at about 1730 hours. Fire cause was lightning. The fire was contained\r\non July 19 and controlled on July 20. The fire burned 5,371 acres of public land administered by\r\nthe BLM and 310 acres of state land.\r\n\r\nResource management objectives for the affected MUAs:\r\nImprove lands in poor ecological condition (p. II-47).\r\nManage big game habitat to support mule deer and antelope (p. II-48).\r\nImprove sage-grouse habitat (p. II-48).",Unknown,,Unknown,,,18:24:00
Model 18,Nothern Basin and Range,Post-burn aerial & drill seeding,50425,20459,Implemented,Partially Successful,2,11/1/2014,11/15/2014,Acres,458,Seeding,Drill Seeding,Ground Seeding: Drill,-1,No seed list,Drill Seeding,Seeds,No Seed List,Unknown,Not Available,Seed was\r\npurchased from the Boise Regional Seed Warehouse in September\r\nof 2014.,To establish native perennial vegetation within the burn perimeter to maintain sage-grouse habitat and\r\nlimit the amount of non-native invasive species cover post burn.,"Aerial and drill seeding: Seed native grasses and forbs in areas appropriate for these species.\r\n\r\nUsing existing vegetation maps, Ecological Site Descriptions (ESDs), aerial imagery and a\r\nBurned Area Reflectance Classification (BARC) map, proposed seeding polygons were\r\ndelineated. This information was also used to determine appropriate seed mixes. Seeded species\r\nare based on site potential, while considering seed availability and cost. In addition, specific\r\ncultivars of the species chosen were selected based on seedling vigor and ability to germinate\r\nand persist on low precipitation sites. Consideration was also given to vegetation structural\r\ndiversity of the site, habitat values, and ability to compete against invasive species. The AFO\r\nBLM staff identified the areas within the burn where habitat values for sage-grouse were highly\r\nimpacted and special emphasis was placed on restoring native vegetation to these areas. High\r\npriority areas were primarily higher elevation nesting and summer habitat. In addition, the AFO\r\nstaff also worked with the Natural Resource Conservation Service (NRCS) in Reno and\r\nProfessor Stringham form the University of Nevada-Reno (UNR) to develop seed mixes that\r\nwould be appropriate based on site conditions. Hand planting and aerial seeding sites were also\r\ndelineated using the same methodology.","FY2014: total of 800 acres were surveyed for archeological concerns\r\nbetween September 1 and September 30 by Applegate Field Office\r\n(AFO) cultural staff. Areas of concern were staked and marked with\r\nflagging to identify the boundary of the cultural sites.\r\n\r\nFY2015: A total of 458 acres were seeded out of the 800 acres that were\r\noriginally designated for drill seeding. Due to archeological\r\nconcerns, approximately 130 acres were eliminated from drill\r\nseeding and were designated for aerial seeding instead. Seed was\r\npurchased from the Boise Regional Seed Warehouse in September\r\nof 2014. Seed arrived in late October of 2014. Drill seeding was\r\naccomplished using a combination of range drill rented from Vale,\r\nOregon and agency dozers from Hollister, California and\r\nSusanville, California. Drill seeding operations took approximately\r\ntwo weeks to complete.","FY15:\r\nQuantitative monitoring using quadrates was completed during the 2015 field season. Both\r\nseeded grass species and forbs were counted using a one meter by one meter quad. Data was\r\ncollected every 2.5 meters along a 25 meter transect. Transects were arranged in a spoke pattern\r\nusing 3 transects. Transects were oriented at 0 degrees, 120 degrees and 240 degrees. Based on\r\nthe monitoring results, some of the seeding polygons that were sampled meet the objectives\r\noutlined in the Coleman Fire ES&R plan. Based on monitoring data collected during the 2015\r\nfield season, approximately 54.31% of surveyed acres had met the established criteria, 26.67% of\r\nsurveyed acres had partially met the established criteria, and 19.01% have yet to be surveyed to\r\ndetermine if the established criteria had been met. These percentages are based on drill seeded\r\nacres surveyed during the 2015 field season (see map 2 for more details).",Polygon,Confirmed,Digitized by LTDL data entry personnel using a confirmed map,7/17/2019,446.36,445.85,,BLM,"Cover for wildlife, Habitat for greater sage grouse, Habitat for wildlife, Habitat productivity, Habitat quality, Invasive species, Loss of desirable species, Noxious weeds, Sensitive species",Maintain sage-grouse habitat and\r\nlimit the amount of non-native invasive species cover.,,,,,The source document folder contains Seed Request Forms and there are 5 mixes for drill seeding. It is unclear what seeds were used and what area each mix was used for.,26:10:00
Model 18,Nothern Basin and Range,Post-burn aerial & drill seeding,50426,20459,Implemented,Unsuccessful,2,2/1/2015,2/20/2015,Acres,2043,Seeding,Aerial Seeding,Aerial Seeding,-1,No seed list,Aerial Seeding,Seeds,No Seed List,Unknown,Not Available,"The seed mix included a combination of native\r\nand non-native shrub, forb, and grass species.","The objective of this treatment is to establish, within 1 to 3 years, big sagebrush and native grasses in\r\nbig sagebrush ecological sites that had high vegetation top kill of shrubs in priority sage-grouse priority areas.","Aerial and drill seeding: Seed native grasses and forbs in areas appropriate for these species.\r\n\r\nUsing existing vegetation maps, Ecological Site Descriptions (ESDs), aerial imagery and a\r\nBurned Area Reflectance Classification (BARC) map, proposed seeding polygons were\r\ndelineated. This information was also used to determine appropriate seed mixes. Seeded species\r\nare based on site potential, while considering seed availability and cost. In addition, specific\r\ncultivars of the species chosen were selected based on seedling vigor and ability to germinate\r\nand persist on low precipitation sites. Consideration was also given to vegetation structural\r\ndiversity of the site, habitat values, and ability to compete against invasive species. The AFO\r\nBLM staff identified the areas within the burn where habitat values for sage-grouse were highly\r\nimpacted and special emphasis was placed on restoring native vegetation to these areas. High\r\npriority areas were primarily higher elevation nesting and summer habitat. In addition, the AFO\r\nstaff also worked with the Natural Resource Conservation Service (NRCS) in Reno and\r\nProfessor Stringham form the University of Nevada-Reno (UNR) to develop seed mixes that\r\nwould be appropriate based on site conditions. Hand planting and aerial seeding sites were also\r\ndelineated using the same methodology.","Approximately 2,043 acres were aerially seeded in February, 2015.\r\nSeeding rate was approximately 4 lbs. /acre and took only a couple\r\nof days to complete. The seed mix included a combination of native\r\nand non-native shrub, forb, and grass species. A helicopter was\r\nused to seed the area due to limited access for ATV and/or UTV\r\ntravel.",FY2015: None of the established criteria for aerial seeding was met for all sites monitored during the FY\r\n15 field season (see Map 3 for more details).,Polygon,Confirmed,Digitized by LTDL data entry personnel using a confirmed map,7/17/2019,2037.54,2037.03,,Contractor,"Habitat for greater sage grouse, Habitat for wildlife, Loss of desirable species, Loss of sagebrush",Sage-grouse priority areas,,,,,,49:09:00
Model 18,Nothern Basin and Range,Post-burn aerial & drill seeding,50733,20512,Implemented,See Comments,2,1/25/2018,1/25/2018,Acres,413,Seeding,Drill Seeding,Ground Seeding: Drill,-1,Planned seed list,High Elevation Mix,Seeds,Plan,Unknown,Species Specific,,"For the purposes of biotic integrity, establish densities of native forbs to 1 per\r\nsquare meter, native shrubs to 0.3 per square meter, grasses 3 per square meter within 2-5\r\nyears.","Drill Seeding\r\nA total of approximately 1,064 acres of BLM administered lands would be drill seeded in the fall/winter of 2017/2018 (FY18) with species appropriate for the site based on resistance, resilience, and ecological site descriptions. Drill seeding would take place in areas of gentle topography conducive to drill seeding. Treatment areas are detailed below.\r\n\r\nHigh Elevation Mix -Drill seed approximately 413 acres of PHMA Greater sage-grouse habitat, crucial summer elk and summer range pronghorn habitat with a mixture of bluebunch wheatgrass, Sherman big bluegrass, Great Basin wildrye, Indian ricegrass, Utah sweetvetch, sainfoin, and antelope bitterbrush.","The High Elevation Drill Treatment seed mix was applied via rangeland drill to the\r\npublic burned land in accordance with the ecological sites and elevation and was comprised of\r\nIndian Ricegrass, Bluebunch Wheatgrass, Big Sandberg\u2019s Bluegrass, Antelope Bitterbrush, Utah\r\nSweetvetch, Sainfoin, and Basin Wildrye.\r\n\r\nConfirmed by Monitoring and RIPS Reports.","Density: The High Elevation Drill Treatment seed mix was applied via rangeland drill to the\r\npublic burned land in accordance with the ecological sites and elevation and was comprised of\r\nIndian Ricegrass, Bluebunch Wheatgrass, Big Sandberg\u2019s Bluegrass, Antelope Bitterbrush, Utah\r\nSweetvetch, Sainfoin, and Basin Wildrye. Rehabilitation objectives of the treatment are\r\nconsidered successfully met when one native forb per square meter, 0.3 native shrubs per square\r\nmeter, and three grasses per square meter are established.\r\n2018: In the AIM plots that fell within this seeding treatment (Plot 01) the rehabilitation\r\nobjectives in the first growing season have not been met, though there is evidence of progress\r\ntowards success. There were 0.17 seeded grasses per square meter in 2018 monitoring and 0.17\r\nseeded forbs per square meter. Seeded shrub seedlings were not found in the treatment area. The\r\nlack of winter precipitation in the 2017-2018 winter may have also contributed to the inability of\r\nthe antelope bitterbrush to establish and persist on the sites. The dry conditions may have also\r\ncontributed to the low density of seeded forbs and shrubs.\r\n2019: There were 5.75 seeded grasses per square meter in 2019 monitoring and no seeded shrubs\r\nor forbs observed in the density frames. There was a reduction in recovery of grasses on the site\r\nas well. These observations are counter to what would be expected with normal temperatures and\r\nincreased precipitation. Regrowth of thickspike wheatgrass (Elymus lanceolatus) and Sandberg\r\nbluegrass (Poa secunda), small-form grasses, and bluebunch wheatgrass (Pseudoroegneria\r\nspicata) was evident on the site.\r\n2020: Seeded grasses were measured in abundance, and some seeded forbs were recorded but no seeded shrubs were observed. Recovery of small and large-form grasses was evident.\r\n2022: Seeded grasses increased from 2020 but seeded forbs dropped back to not being observed along with seeded shrubs. Native regrowth however shows strong signs of reestablishment with 22.6/m2 large and small form grasses combined, 12.6/m2 forbs, and 2.9/m2. While it is ideal to see seeded species in the density plots high levels of native regrowth is promising for rehabilitation of the overall site.\r\n\r\nAIM Data Results \r\nCover \r\n2018: Average foliar canopy cover was 60.7% in the treatment area in 2018. Bare ground was still at 24%, which indicates the area needs more time to recover. The foliar cover was comprised of 26.7% cover of a mix of rhizomatous and deep-rooted perennial grasses including western and bluebunch wheatgrass. Annual forb foliar cover was a mix of natives and annuals. Cheatgrass had a low foliar cover of 14%, while perennial forbs were robustly competing with 9.4%. Recovering shrubs had 8.1% cover. Seeded species were not greatly contributing to cover as the native post-fire regrowth of desirable perennials was heeding their gains. \r\n2019: Average canopy foliar cover was higher in 2019 observations \u2013 an increase of 24%. All functional groups showed an increase in cover, possibly explained by extra precipitation. Perennial grasses had the largest jump in canopy cover along with perennial and annual forbs. Sandberg\u2019s bluegrass (Poa secunda), cheatgrass (Bromus tectorum), and thickspike wheatgrass (Elymus lanceolatus) had the highest cover on the site (24.0%, 23.3%, and 16.0% respectively). \r\n2020: Average canopy foliar cover was moderately high at 58%. Cover was dominated by perennial species including bluebunch wheatgrass, mountain snowberry, and thickspike wheatgrass. Unfortunately, desert madwort and cheatgrass had cover at 8.0% and 7.3%, respectively. \r\n2022: Average foliar cover was high at 76.0% - an increase of 18% from 2020\u2019s observations. Perennial grass cover dominated at 24.7%, followed by annual forbs at 10.7%. Perennial grass cover did however decrease by nearly 6% from 2020 and shrubs also had a reduction from 22.0% in 2020 down to 7.0% in 2022. Perennial species did still have more foliar coverage on the plot than annual species overall.\r\nGaps and Erosion \r\n2018: Gaps in canopy cover that were the size and frequency observed in the drill seeding treatment (the majority were greater than 50 cm) have allowed wind and water erosion to occur on the plots, degrading the hydrologic function and soil and site stability. Over half of the average 25 meter transects are gaps in cover greater than 25 centimeters. Wind and water erosion were minimally affecting the soil and site stability on the plot in 2018: there were only very short and rare water flow patterns and few pedestals observed. However, the presence of a gully and increased deposition/runoff along with few pedestals and water flow patterns indicated an increase in erosion at the site. \r\n2019: Gaps in canopy cover were typically from 51 to 100 cm long. Gaps represented 5.1% of the average 25m transects, leaving 23.7% of those transects under canopy cover. \r\n2020: Gaps were primarily between 51 and 100 cam long. All gaps represented 39.5% of the average 25m transects. The same gully was observed, along with some pedestalling and water flow patterns and common deposition/runoff. This indicates some fluctuation in erosion on the site. \r\n2022: Gaps in the two smaller size range remained fairly similar to their observations in 2020. However, the two larger size ranges had decreases from 9.6% to 0.0% in the 101-200cm range and 6.4% to 2.8% in the >200cm range from 2020 to 2022. The decrease in gap sizes along with no observations of soil erosion on plot show good signs of overall plot rehabilitation.\r\nSpecies Richness\r\n2022: The number of individual species identified remained high at 39 but still reduced from both the 2018 and 2019 numbers, 50 and 43 respectively. Perennial forbs and perennial grasses both outnumber their annual counterparts by at least 6 species and shrubs remain in the high number 8 identified.\r\nRecommendations \r\n2018: Monitoring results in the High Elevation Drill Treatment area have shown that rehabilitation objectives have not been met in the first growing season, although the area has had robust regrowth from established, native perennial grasses and forbs and shrubs. Lower snowpack and drought like conditions in the first growing season have hindered the treatment\u2019s success. The seeding falls on an established bluebunch wheatgrass and Sandberg\u2019s bluegrass community that is displaying strong, post-fire regrowth. The area needs to remain closed for another growing season so seeded species may establish, especially the antelope bitterbrush which was lost from the site. \r\n2019: Monitoring results in the High Elevation Drill Treatment area have shown that rehabilitation objectives have not been met in the second growing season, although the area has had robust regrowth from established, native perennial grasses and forbs and shrubs. A decrease in drought-like conditions improved vegetation growth. The seeding falls on an established bluebunch wheatgrass and Sandberg\u2019s bluegrass community that is displaying strong, post-fire regrowth. There was a grazing closure issued for the Gamble Individual allotment in the East Delano Mountain pasture where Plot 01 is located. The allotment closure objective of three seeded species per square meter has been met but it is advised that the area receives appropriate grazing management so that seeded species have more potential to establish. \r\n2020: Monitoring results in the High Elevation Drill Treatment area have shown that rehabilitation objectives have not been met in the third growing season, although the area has had robust regrowth from established, native perennial grasses and forbs and shrubs. The seeding falls on an established bluebunch wheatgrass and Sandberg\u2019s bluegrass community that is displaying strong, post-fire regrowth. There was a grazing closure issued for the GambleIndividual allotment in the East Delano Mountain pasture where Plot 01 is located. The allotment closure objective of three seeded species per square meter has been met but it is advised that the area receives appropriate grazing management so that seeded species have more potential to establish. \r\n2022: Monitoring results continue to show that the rehabilitation objectives have not been fully met but that seeded grasses and robust native regrowth of grasses and forbs does exist. There was a grazing closure issued for the Gamble Individual allotment in the East Delano Mountain pasture where Plot 01 is located. The allotment closure objective of three seeded species per square meter has been met and continued appropriate grazing management is recommended to allow time for the rehabilitation goals to be met",Polygon,Confirmed,Digitized by LTDL data entry personnel using a confirmed map,8/7/2019,524.58,524.58,Treatment acres lower than feature acres.,BLM,"Habitat productivity, Habitat quality",For the purposes of biotic integrity.,,,,,"Acres from seed list used as they add up to the acreage reported on the RIPS report, which does not report drill seeding acres by mix.",10:18:00
Model 18,Nothern Basin and Range,Post-burn aerial & drill seeding,50735,20512,Implemented,See Comments,2,1/25/2018,1/25/2018,Acres,340,Seeding,Drill Seeding,Ground Seeding: Drill,-1,Planned seed list,Black Sage Mix,Seeds,Plan,Unknown,Species Specific,,"For the purposes of biotic integrity, establish densities of native forbs to 1 per\r\nsquare meter, native shrubs to 0.3 per square meter, grasses 3 per square meter within 2-5\r\nyears.","Drill Seeding\r\nA total of approximately 1,064 acres of BLM administered lands would be drill seeded in the fall/winter of 2017/2018 (FY18) with species appropriate for the site based on resistance, resilience, and ecological site descriptions. Drill seeding would take place in areas of gentle topography conducive to drill seeding. Treatment areas are detailed below.\r\n\r\nBlack Sage Mix -Drill seed approximately 340 acres PHMA Greater sage-grouse habitat, year-round and crucial winter elk, summer range pronghorn, and mule deer winter habitat with a mixture of Siberian wheatgrass, Snake River wheatgrass, Sandberg's bluegrass, Russian wildrye, Indian ricegrass, Utah sweetvetch, globemallow, and black sagebrush. Non-natives are proposed to compete with invasive annuals and known noxious weeds while still providing wildlife forage and allowing sagebrush to reestablish overtime.","The Black Sage Drill Treatment seed mix was applied via rangeland drill to the public\r\nburned land in accordance with the ecological sites and elevation and was comprised of Indian\r\nRicegrass, Sandberg\u2019s Bluegrass, Snake River Wheatgrass, Gooseberryleaf Globemallow,\r\nRussian Wildrye, Siberian Wheatgrass, Black Sagebrush, and Utah Sweetvetch.","Drill Black Sagebrush Treatment Recommendations 2020:\r\nMonitoring results indicate that the seeded species are trying to establish at these sites. Grasses have met rehabilitation objectives while forbs and shrubs have not, although the forbs are trying to come in on the sites. There was an allotment closure issued for the Gamble Individual allotment in the East Delano Mountain pasture where Plots 02 and 06 are located. The allotment closure objective of three perennial species has been met but it is advised that the area receives appropriate grazing management so seeded forb and shrub species may establish, especially the black sagebrush and gooseberryleaf globemallow and Utah sweetvetch, which would add biotic diversity and sagegrouse preferred forbs and shrub cover to the sites.\r\n\r\nDensity: The Black Sage Drill Treatment seed mix was applied via rangeland drill to the public\r\nburned land in accordance with the ecological sites and elevation and was comprised of Indian\r\nRicegrass, Sandberg\u2019s Bluegrass, Snake River Wheatgrass, Gooseberryleaf Globemallow,\r\nRussian Wildrye, Siberian Wheatgrass, Black Sagebrush, and Utah Sweetvetch. 2018: In the AIM plots\r\nthat fell within this seeding treatment (Plots 02 and 06) the rehabilitation objectives in the first\r\ngrowing season have not been fully met, though there is evidence of progress towards success,\r\nespecially for the seeded grasses. Rehabilitation objectives of are considered successfully met\r\nwhen one native forb per square meter, 0.3 native shrubs per square meter, and three grasses per\r\nsquare meter are established. \r\nSeeded grasses exceeded density objectives, as there were 5.17 seeded grasses per square meter\r\nin the first growing season. The grasses have not developed deep roots, however and the area\r\nneeds to be rested until the plants achieve more robust basal and canopy growth. Neither seeded\r\nforbs nor shrubs were not found in first year monitoring. The lack of winter precipitation in the\r\n2017-2018 winter may have contributed to the inability of the shrubs and forbs to establish and\r\npersist on the site.\r\n2019: In the second growing season, the same amount of seeded grasses were observed and a slight increase in seeded forbs was observed. Furthermore, recovery of native grasses like Sandberg bluegrass (Poa secunda), a small-form perennial grass, and squirreltail (Elymus elymoides) and needle and thread grass (Hesperostipa comata), large-form bunch grasses, was less than that observed in 2018. These observations are not what would be expected given the increased precipitation although seeded species are still showing signs of establishing on the sites.\r\n2020: Seeded grasses were again observed in abundance. No seeded forb observations were made but seeded sagebrush was identified in Plot 02.\r\n2022: Rehabilitation objectives have not been met for this plot with no seeded shrubs or forbs observed. Additionally, seeded grasses decreased from 10.0/m2 in 2020 to 2.2/m2 and native regrowth of forbs and shrubs were not observed at all. This plot is showing signs of decreased progress towards meeting rehabilitation goals. \r\n\r\n2018 Cover: The presence of bare ground was double that of foliar cover in the first growing season,\r\nwhich indicates the area needs more time to recover. The foliar cover was comprised of 3.7%\r\nseeded Siberian wheatgrass cover, which was competing with a multitude of annual, invasive\r\nplants, including cheatgrass (4.3%) and the 3.7% annual wheatgrass (Eremopyron triticeum)\r\ncover. Halogeton or \u201csalt-lover\u201d (8% cover) was a prominent forb in the treatment area,\r\nespecially on AIM Plot 06, which was located in a disturbed Sodic Terrace along an ephemeral\r\ndrainage. The halogeton, which changes the soil chemistry by bringing salt to the top layer of the\r\nsoil, is of particular concern, especially if perennial seeded species are unable to compete with\r\nthe invasive succulent.\r\n2019 Cover: Annual grasses composed the highest proportion of functional groups cover (42.3%). Second to that was perennial grasses at 23.5%. Seeded Siberian wheatgrass increased from 2018 observations to 16.0%. However, cheatgrass and annual wheatgrass have increased to 24.3% (the highest cover of a plant on the sites) and 18.0% respectively. Halogeton was primarily focused in AIM Plot 06 and displayed a slight increase from 2018 observations to 8.3% cover. The plant is still a concern for the seeding on that site.\r\n2020 Cover: Average canopy foliar cover overall was moderately low. Cover was dominated by annual cheatgrass (19.7%) and annual wheatgrass (10.3%). Most abundant perennial species were Siberian wheatgrass (8.3%), Indian ricegrass (0.7%), and Thurber\u2019s needlegrass (0.3%). Collectively, annual species had higher cover on the plots than did perennial species.\r\n2022: Average foliar cover was again, moderately low at 22.0% total. Only perennial and annual grasses were observed with cheatgrass dominating at 15.6% compared to perennials at 0.5%.\r\n\r\n2018 Canopy Gaps: Gaps in canopy cover were significant and the majority were greater than 200\r\ncentimeters long, the largest measured threshold category. Canopy gaps of this size and\r\nfrequency have allowed wind and water erosion to occur on the plots, degrading the hydrologic\r\nfunction and soil and site stability. Over 90% of the surface area consists of gaps greater than 25\r\ncentimeters.\r\n2019 Canopy Gaps: Between the two plots, canopy gaps were still large but occupied less of the average 25m transects. The majority of gaps were greater than 200cm which indicates a lot of the plots are susceptible to wind and water erosion.\r\n2020 Canopy Gaps: The majority of canopy gaps were from 101 to 200 cm long. Collectively, canopy gaps occupied 58.5% of the average 25m transects.\r\n2022: Gap cover increased in each size range, the most concerning is the 69.0% in the >200cm range. In combination with the large waterflow patterns with soil deposition evident the large increase in large gap cover indicates soil instability and overall site erosion.\r\n\r\n2018 Species Richness: An average of approximately twenty-four (23.5) different plant species was\r\nobserved within the 2,827.4 square meter monitoring plots.\r\n2019 Species Richness: An average of approximately twenty-three (23) different plant species was observed within the 2,827.4 square meter monitoring plots.\r\nEcological sites and Erosion:\r\n2022: Species richness was observed at a much lower rate than previous years with only 5 species identified with the largest loss being observed in annual forbs but no increases in perennials.\r\n\r\n\r\nDelano AIM Plot 02 is located in a Rangeland Loamy 5-8\u201d P.Z. R025XY019NV site in a former\r\n/ Artemisia tridentata ssp. wyomingensis / Achnatherum thurberianum - Achnatherum\r\nhymenoides (/ Wyoming big sagebrush / Thurber's needlegrass - Indian ricegrass) vegetation\r\ncommunity in very gravelly Hundraw soils. Very short and rare water flow patterns, few\r\npedestals, few and short rills, and rare soil deposition/runoff gave proof of the impaired soil and\r\nsite stability in 2018. Similar water flow patterns and deposition/runoff were observed in the plot in 2019 along with reduced rills and pedestals, indicating more stable soil conditions on the site.\r\n2020: Reduced water flow patterns, a slight increase to rare pedestalling, and the same rare deposition/runoff was observed on the site. This indicates some fluctuation in erosion on the site.\r\nDelano AIM Plot 06 is located in a Rangeland Sodic Terrace 8-10\u201d P.Z. R024XY022NV site in a\r\nformer / Sarcobatus vermiculatus - Artemisia tridentata / Leymus cinereus\r\n(/ black greasewood - big sagebrush / basin wildrye) vegetation community in deep, fine sandy\r\nloam textured soils. Very short and rare water flow patterns, common pedestals, few and short\r\nrills, and rare soil deposition/runoff gave proof of the impaired soil and site stability in 2018. Similar deposition/runoff and pedestals were observed along with increased water flow patterns in 2019, indicating increased soil instability at the site.\r\n2020: Significantly reduced erosion indicators were noted, including no pedestals or deposition/runoff, and shorter water flow patterns. An inactive gully was noted for the plot. The site overall appears to be stabilizing.\r\n\r\nRecommendations \r\n2018: Monitoring results in the Black Sage Drill Treatment area have shown that rehabilitation objectives have not been fully met in the first growing season. Although the area had a successful number of Siberian wheatgrass seedlings establish, those plants need an additional growing season or two in order to develop the beneficial and stabilizing root masses. Lower snowpack and drought-like conditions in the first growing season have hindered the treatment\u2019s full success. The area needs to remain closed for another growing season so seeded forb and shrub species may establish, especially the black sagebrush and gooseberryleaf globemallow and Utah sweetvetch, which would add biotic diversity and sage grouse preferred forbs and shrub cover to the sites. \r\n2019: Monitoring results indicate that the seeded species are trying to establish at these sites. Grasses have met rehabilitation objectives while forbs and shrubs have not, although the forbs are trying to come in on the sites. There was an allotment closure issued for the Gamble Individual allotment in the East Delano Mountain pasture where Plots 02 and 06 are located. The allotment closure objective of three perennial species has been met but it is advised that the area receives appropriate grazing management so seeded forb and shrub species may establish, especially the black sagebrush and gooseberryleaf globemallow and Utah sweetvetch, which would add biotic diversity and sage grouse preferred forbs and shrub cover to the sites. \r\n2020: Monitoring results indicate that the seeded species are trying to establish at these sites. Grasses have met rehabilitation objectives while forbs and shrubs have not, although the forbs are trying to come in on the sites. There was an allotment closure issued for the Gamble Individual allotment in the East Delano Mountain pasture. The allotment closure objective of three perennial species has been met but it is advised that the area receives appropriate grazing management so seeded forb and shrub species may establish, especially the black sagebrush and gooseberryleaf globemallow and Utah sweetvetch, which would add biotic diversity and sage grouse preferred forbs and shrub cover to the sites. \r\n2022: Monitoring results indicate that the site is experiencing soil instability, site erosion, and an overall decrease in plot health. The combination of low stability, high disturbance, and the abundance of cheatgrass on the plot would suggest that some further intervention (e.g. more seeding, herbicide, etc.) could be needed to keep the plot from becoming a disturbed cheatgrass monoculture. There was an allotment closure issued for the Gamble Individual allotment in the East Delano Mountain pasture. The allotment closure objective of three perennial species has been met but it is strongly advised that the area receives appropriate grazing management so seeded forb and shrub species have any chance of establishing on the plot.",Polygon,Confirmed,Digitized by LTDL data entry personnel using a confirmed map,8/7/2019,346.4,337.05,,BLM,"Habitat productivity, Habitat quality",For the purposes of biotic integrity.,,,,,"Acres from seed list used as they add up to the acreage reported on the RIPS report, which does not report drill seeding acres by mix.",12:46:00
Model 18,Nothern Basin and Range,Post-burn aerial & drill seeding,50736,20512,Implemented,See Comments,2,1/25/2018,1/25/2018,Acres,311,Seeding,Drill Seeding,Ground Seeding: Drill,-1,Planned seed list,Wyoming Sage Mix,Seeds,Plan,Unknown,Species Specific,,"For the purposes of biotic integrity, establish densities of native forbs to 1 per\r\nsquare meter, native shrubs to 0.3 per square meter, grasses 3 per square meter within 2-5\r\nyears.","Drill Seeding\r\nA total of approximately 1,064 acres of BLM administered lands would be drill seeded in the fall/winter of 2017/2018 (FY18) with species appropriate for the site based on resistance, resilience, and ecological site descriptions. Drill seeding would take place in areas of gentle topography conducive to drill seeding. Treatment areas are detailed below.\r\n\r\nWyoming Sage Mix -Drill seed approximately 311 acres of PHMA Greater sage-grouse habitat, year-round elk, summer range pronghorn, and mule deer winter habitat with a mixture of Siberian wheatgrass, Snake River wheatgrass, Sandberg's bluegrass, Russian wildrye, Indian ricegrass, Utah sweetvetch, globemallow, and Wyoming sagebrush. Non-natives are proposed to compete with invasive annuals and known noxious weeds while still providing wildlife forage and allowing sagebrush to re-establish over time.","The Wyoming Sage Drill Treatment seed mix was applied via rangeland drill to the\r\npublic burned land in accordance with the ecological sites and elevation and was comprised of\r\nUtah Sweetvetch, Wyoming Big Sagebrush, Gooseberryleaf Globemallow, Indian Ricegrass,\r\nSnake River Wheatgrass, Sandberg\u2019s Bluegrass, Russian Wildrye, and Siberian Wheatgrass.","Drill Wyoming Sagebrush Treatment Recommendations 2019:\r\nMonitoring results in the Wyoming Sage Drill Treatment area have shown that rehabilitation\r\nobjectives have not been fully met in the second growing season. Although the area had a very\r\nsuccessful regrowth and native release of native, perennial plant species, the seeded shrubs have\r\nnot achieved density objectives and all plant species require another growing season to achieve\r\ndesirable statures before grazing commences. An allotment closure was issue for the Gamble\r\nIndividual allotment. The allotment closure objectives of three perennial species per square\r\nmeter have been met but additional rest for the area is recommended.\r\n\r\nDensity: The Wyoming Sage Drill Treatment seed mix was applied via rangeland drill to the\r\npublic burned land in accordance with the ecological sites and elevation and was comprised of\r\nUtah Sweetvetch, Wyoming Big Sagebrush, Gooseberryleaf Globemallow, Indian Ricegrass,\r\nSnake River Wheatgrass, Sandberg\u2019s Bluegrass, Russian Wildrye, and Siberian Wheatgrass. 2018: In\r\nthe AIM plot that fell within this seeding treatment (Plots 04) the rehabilitation objectives in the\r\nfirst growing season have not been fully met, though the site\u2019s native regrowth has been very\r\nsuccessful, and the seeded species are showing progress towards success, especially for the\r\nseeded grasses and seeded Wyoming big sagebrush. Rehabilitation objectives of are considered\r\nsuccessfully met when one native forb per square meter, 0.3 native shrubs per square meter, and\r\nthree grasses per square meter are established.\r\nSeeded grasses were one third of the way towards meeting density objectives, as there were 1.08\r\nseeded grasses per square meter in the first growing season. The grasses have not developed deep\r\nroots, however and the area needs to be rested until the plants achieve more robust basal and\r\ncanopy growth. Seeded Wyoming sagebrush benefitted from the higher elevation/higher\r\nprecipitation on the site and seedlings have established to a density of 0.17 plants per square\r\nmeter. Seeded forbs were not found in first year monitoring, which may be due to the\r\ncompetition from the existing perennial grass and shrub community, especially the Sandberg\u2019s\r\nbluegrass.\r\nS2 Drill Wyoming Sagebrush Seeding/S3 Aerial Mix A Seeding\r\nDensity Results \r\nRehabilitation objectives of are considered successfully met when one native forb per square meter, 0.3 native shrubs per square meter, and three grasses per square meter are established. \r\n2018: In the AIM plots that fell within this seeding treatment (Plots 03 and 04) the rehabilitation objectives in the first growing season have not been fully met, though there is evidence of progress towards success, especially for the seeded grasses. Seeded grasses exceeded density objectives, as there were 24.8 seeded grasses per square meter in 2018 monitoring. The grasses have not developed deep roots, however and the area needs to be rested until the plants reach more robust basal and canopy growth. Seeded forbs were not found in first year monitoring. The lack of winter precipitation in the 2017-2018 winter may have contributed to the inability of the forbs to establish and persist on the site. \r\n2019: In 2019 monitoring, seeded grasses still exceeded rehabilitation objectives but no seeded forbs were observed. Regrowth of Great Basin wildrye (Leymus cinereus), bluebunch wheatgrass (Pseudoroegneria spicata), and squirreltail (Elymus elymoides), large-form bunchgrasses, is evident on the site. \r\n2020: Seeded grasses were observed in abundance but no seeded forbs were observed. Recovery of large-form perennial grasses was also observed in abundance. \r\n2022: Due to lack of seeded forbs present during density, the rehabilitation objectives have still not been met. Seeded grasses continued to be the most dominant with 13.0m2 of seeded species. Shrubs were observed again after not being present in 2020, at 0.5/m2 with only seeded forbs not being observed during density. Native regrowth of forbs were strong on Delano 04 with 16.0/m2 creating an 8.0/m2 reading for the average of Delano 03 and Delano 04. \r\nAIM Data Results: \r\nCover \r\n2018: Bare ground was higher than foliar cover in the first growing season, which indicates the area needs more time to recover. The foliar cover was comprised of 11.3% seeded Siberian wheatgrass cover, which was outcompeting the cover cheatgrass by a margin of 3%. Neither seeded nor re-growing perennial forbs have established foliar cover. Seeded Wyoming big sagebrush did have 1.3% cover. \r\n2019: Perennial grasses exceeded other functional groups in cover. No shrubs were observed in LPI assessments but an increase in annual species was observed. Siberian wheatgrass (Agropyron fragile) had the highest cover (24.7%), with invasive desert madwort (Alyssum desertorum) and Sandberg bluegrass (Poa secunda) with next highest cover percentages (21.3% and 15.3% respectively). \r\n2020: Average canopy foliar cover was moderate. Perennial species including Siberian wheatgrass and Sandberg bluegrass dominated canopy cover. Unfortunately, highly invasive desert madwort and cheatgrass occurred on the plot but at low cover (6% for both).\r\n2022: Average foliar cover was moderate and decreased from 44.0% in 2020 to 39.7% in 2022. Perennial grasses were still observed in higher amounts than their annual counterparts. The most significant change from 2020 to 2022 was a decrease in shrub cover from 16.0% down to 6.8%.\r\nGaps and Erosion \r\n2018: Gaps in canopy cover were significant and the majority were greater than 200 centimeters long, the largest measured threshold category. Canopy gaps of this size and frequency have allowed wind and water erosion to occur on the plots, degrading the hydrologic function and soil and site stability. Over 85% of the surface area consists of gaps greater than 25 centimeters. \r\n2019: The majority of gaps in canopy cover were between 101 and 200 cm long, reducing the amount of gaps observed greater than 200cm. Commonly occurring deposition and runoff, few pedestals, and an ephemeral drainage running through the plot were indicators of erosion. In 2019, a reduction from very common to few pedestals was observed along with rare deposition/runoff. This indicates progress to more soil stability on the site. \r\n2020: The majority of gaps in canopy cover were between 51 and 200 cm long with smaller amounts making up the 25-50cm and >200cm ranges. Gaps collectively occupied 65.8% of the average 25m transects. Similar to 2019 observations, few pedestals and rare deposition/runoff were observed. This indicates more stability on the site. \r\n2022: Gaps in canopy cover increased in each size range from 2020 to 2022, the highest they have been since monitoring began in 2018. Most concerning is the increase by 16.2% of gaps >200cm, however the continued decrease of annuals observed along with the lack of signs of erosion on the plots make this less concerning. The decrease in foliar cover, especially shrubs, could be contributing to the increase in gap cover.\r\nSpecies Richness\r\n2022: Species richness decreased from 26 individual species observed down to 16 species. Every growth habit saw a decrease, except for annual grass. Although the amount of shrub cover did decrease the number of shrub species remained relatively high at 4, meaning it is still possible for shrubs to recover on the plots.\r\n\r\nDrill Wyoming Sagebrush Treatment Recommendations 2019:\r\nMonitoring results in the Wyoming Sage Drill Treatment area have shown that rehabilitation objectives have not been fully met in the second growing season. Although the area had a very successful regrowth and native release of native, perennial plant species, the seeded shrubs have not achieved density objectives and all plant species require another growing season to achieve desirable statures before grazing commences. An allotment closure was issue for the Gamble Individual allotment on the East Delano Mountain pasture where Plot 04 is located. The allotment closure objective of three perennial species per square meter has been met but additional rest for the area is recommended.\r\nDrill Wyoming Sagebrush Treatment Recommendations 2020:\r\nMonitoring results in the Wyoming Sage Drill Treatment area have shown that rehabilitation objectives have not been fully met in the third growing season. Although the area had a very successful regrowth and native release of native, perennial plant species, the seeded shrubs and forbs have not achieved density objectives. An allotment closure was issue for the Gamble Individual allotment on the East Delano Mountain pasture where Plot 04 is located. The allotment closure objective of three perennial species per square meter has been met but proper grazing management is recommended for the area so that seeded species may better establish.",Polygon,Confirmed,Digitized by LTDL data entry personnel using a confirmed map,8/7/2019,302.76,300.32,,BLM,"Habitat productivity, Habitat quality",For the purposes of biotic integrity.,,,,,"Acres from seed list used as they add up to the acreage reported on the RIPS report, which does not report drill seeding acres by mix.",13:52:00
Model 18,Nothern Basin and Range,Post-burn aerial & drill seeding,50737,20512,Implemented,See Comments,2,1/31/2018,2/1/2018,Acres,2116,Seeding,Aerial Seeding,Aerial Seeding,-1,Planned seed list,Mix A,Seeds,Plan,Unknown,Species Specific,"This plan calls for every other swath coverage. \r\n\r\nSlight changes from the seed list included with the monitoring reports, which is assumed to be planned as well. This seed list used because the treatment date corresponds to the RIPS Report.","For the purposes of biotic integrity, establish densities of native forbs to 1 per\r\nsquare meter, native shrubs to 0.3 per square meter, grasses 3 per square meter within 2-5\r\nyears.","Aerial Seeding\r\nA total of approximately 4,208 acres would be seeded in the winter of 2017 with species appropriate for the site based on resistance, resilience, and ecological site descriptions. Seed would be applied using an every other swath pattern (2,104 actual seeded acres). Aerial seeding would be coordinated with snowfall conditions, if time permits. Aerial seed mixtures are described in detail below.","Aerial seeding for mix A completed, verified by RIPS report and Monitoring Map.","Aerial Mix A Seeding\r\nDensity Results \r\nRehabilitation objectives of are considered successfully met when one native forb per square meter and 0.3 native shrubs per square meter are established. \r\n2018: Rehabilitation objectives in the first growing season have not been met. The site\u2019s native regrowth has been very successful, but the seeded species are showing unimpressive progress towards success, especially the seeded forbs, which were not found to be establishing in the first growing season. \r\n2019: It is noteworthy that native perennial grass recovery is abundant. However, the lack of seeding establishment is unexpected given the improved weather conditions over the past year.\r\n2020: Minimal seeded western yarrow was observed while no seeded sagebrush was observed. The recovery of small and large-form grasses was evident on the site but largely reduced from the 2019 season observations. \r\n2022: No seeded species were observed during density data collection. Native regrowth of small form grass species remained abundant but still declined from 2020 by nearly half. Native forb growth was fairly high at 3.9/m2 and shrub regrowth was moderate at 0.8/m2. \r\nAIM Data Results \r\nCover \r\n2018: The foliar cover eclipsed bare ground in the first growing season, which indicates the first year regrowth success. The foliar cover was comprised of 70.7% perennial grass cover. Perennial grasses and shrubs (1.3% cover) were winning ground against annual, invasive cheatgrass (46.7%). Perennial forbs will benefit from higher precipitation in the second growing season as they have only attainted 6.7% cover so far \r\n2019: The foliar cover was dominated by perennial grasses (78.7%) which is an improvement from the previous year\u2019s observations. Annual grasses reduced by half compared to 2018 results (23.3%). There was a decrease in annual forb observations. \r\n2020: Foliar cover reduced dramatically from years before, with the largest reduction being observed in perennial and annual grasses with smaller reductions throughout each of the indicators. \r\n2022: Foliar cover was moderately high at 77.3%, an increase of 25.4% from 2020. Perennial grasses increased to 43.2% from 34.7% in 2020. In conjunction with the decrease of cheatgrass by 0.6% and annual forbs by 9.6%, the increase in perennial grasses, perennial forbs, and shrubs, the health of this plot appears to have improved since 2020.\r\nGaps and Erosion \r\n2018: Gaps in canopy cover were infrequent and short. Canopy gaps of the size and frequency measured on the plots have not allowed wind and water erosion to occur. The hydrologic function and soil and site stability have not been impacted due to the near 90% canopy cover. Wind and water erosion were minimally affecting the soil and site stability on the plot: there few pedestals were present in 2018. \r\n2019: Canopy gaps were mostly between 25 and 50 cm long. This is similar to 2018 observations. A reduction in pedestalling and water flow patterns was observed, indicating more stability on the site. \r\n2020: The majority of canopy gaps remained in the category of 25cm - 50cm long. This is consistent with data from the 2018 and 2019 seasons. Similar rare pedestalling and deposition/runoff were observed on the site. This indicates stability on the site. \r\n2022: Gaps increased in the 25-50cm and the 51-100cm ranges greatly since 2022 but the continued decline of annuals species observed on the plot alongside the lack of soil instability and site erosion observed on the plot does not cause a lot of concern at this time.\r\nSpecies Richness\r\n2022: Species richness did decrease by 5 species since 2020, most concerning is the loss of 3 perennial grasses but there was also an increase of one shrub species with none of the annual species increasing.\r\nRecommendations: \r\n2018: Monitoring results in the treatment area have shown that rehabilitation objectives have not been met in the first growing season. Although the relatively high precipitation zone areas have seen robust regrowth of native perennials post-fire, the seeded forbs and shrubs have not successfully established and the area needs to remain closed. If the upcoming winter and second year growing season receive normal to above normal precipitation and snowpack is maintained by cooler winter temperatures, the seeded species have a higher chance at establishing and meeting rehabilitation objectives. Since the regrowth of native, perennial forbs was so low, the area would benefit from the forb-seeding establishment, as well as the seeded sagebrush. \r\n2019: Monitoring results in the treatment area have shown that rehabilitation objectives have not been met in the second growing season. No seeded forbs were observed and a reduced amount of seeded shrubs were observed. This is unexpected given more normal temperatures and increased precipitation in the area. The native recovery for grasses on the site is noteworthy. There was and allotment closure issued for the Gamble Individual allotment in the East Delano Mountain pasture. It is advised that the area receives additional rest as it would benefit from the forb-seeding establishment, as well as the seeded sagebrush. \r\n2020: Monitoring results in the treatment area have shown that rehabilitation objectives have not been met in the third growing season. No seeded forbs or shrubs were observed. The native recovery for grasses on the site is noteworthy. There was and allotment closure issued for the Gamble Individual allotment in the East Delano Mountain pasture. It is advised that the area receives additional rest as it would benefit from the forb-seeding establishment, as well as the seeded sagebrush. \r\n2022: Monitoring results in the treatment area have shown that the rehabilitation objectives still have not been met. No seeded species were observed during density but some native regrowth has been observed and show promise of future establishment on the plot. There was and allotment closure issued for the Gamble Individual allotment in the East Delano Mountain pasture. It is advised that the area receives additional rest as it would benefit from the forb-seeding establishment, as well as the seeded sagebrush.",Polygon,Confirmed,Digitized by LTDL data entry personnel using a confirmed map,8/7/2019,2796.3,2779.2,,BLM,"Habitat productivity, Habitat quality",For the purposes of biotic integrity.,,,,,RIPS acres are lower than the combined acres aerial seeded from the confirmed seed lists.,14:58:00
Model 18,Nothern Basin and Range,Post-burn aerial & drill seeding,50738,20512,Implemented,See Comments,2,1/31/2018,2/1/2018,Acres,900,Seeding,Aerial Seeding,Aerial Seeding,-1,Planned seed list,Mix B,Seeds,Plan,Unknown,Species Specific,"This seed list calls for every other swath coverage. Also includes 6,850 lbs of Delano Mix B Pre-Mix.\r\n\r\nSlight changes from the seed list included with the monitoring reports, which is assumed to be planned as well. This seed list used because the treatment date corresponds to the RIPS Report.","For the purposes of biotic integrity, establish densities of native forbs to 1 per\r\nsquare meter, native shrubs to 0.3 per square meter, grasses 3 per square meter within 2-5\r\nyears.","Aerial Seeding\r\nA total of approximately 4,208 acres would be seeded in the winter of 2017 with species appropriate for the site based on resistance, resilience, and ecological site descriptions. Seed would be applied using an every other swath pattern (2,104 actual seeded acres). Aerial seeding would be coordinated with snowfall conditions, if time permits. Aerial seed mixtures are described in detail below.\r\n\r\nAerial Mix B -Approximately 1,371 acres of PHMA and OHMA Greater sage-grouse habitat, crucial summer and crucial winter elk, mule deer winter, and pronghorn summer range habitat, would be aerially seeded with black sagebrush, Wyoming big sagebrush, bluebunch wheatgrass, Indian ricegrass, Sandberg's bluegrass, and blue flax using an every other swath pattern (686 actual acres seeded).","The Aerial Mix B Treatment seed mix was applied via fix-wing aircraft to the public\r\nburned land in accordance with the ecological sites and elevation and was comprised of Black\r\nSagebrush, Wyoming Big Sagebrush, Blue Flax, Indian Ricegrass, Sandberg\u2019s Bluegrass, and\r\nBluebunch Wheatgrass.","Aerial Mix B Treatment Results\r\nDensity Results: \r\nRehabilitation objectives will be considered met when one seeded forb, 0.3 seeded shrubs, and three seeded grasses per square meter are observed. \r\n2018: The rehabilitation objectives in the first growing season have not been met. The seeded species are showing unimpressive progress towards success, especially the seeded shrubs, which were not found to be establishing in the first growing season on any of the three plots. The aerially seeded grasses and forbs had the biggest successes in AIM Plot 08, which is a higher elevation pinyon pine and juniper site. Forbs have had a small amount of success by establishing at a density of 0.2 plants per square meter and seeded grasses have established at a density of 0.58 plants per square meter. \r\n2019: In 2019 monitoring results, a higher amount of seeded grasses were observed. This primarily was due to observations of Sandberg\u2019s bluegrass which could also be considered part of native recovery on the site. Some seeded Wyoming big sagebrush was observed with an increase in large-form and decrease in small-form species as well. The small amount of seeded species establishment and native recovery is somewhat unexpected for the site given the improvement in weather over the past year. \r\n2020: No seeded shrubs were observed. Some seeded forbs were observed and seeded grasses were observed in abundance. Recovery of large and small-form perennial grasses was also observed. \r\n2022: Rehabilitation objectives for this plot have not been fully met. Shrubs and grasses meet the criteria with 0.7/m2 and 18.9/m2 observed but forbs fell short at 0.1. However, native regrowth of shrubs shows signs of establishment at 2.8/m2 along with shrubs at 0.8/m2. \r\nAIM Data Results: \r\nCover \r\n2018: The bare ground was more prevalent than foliar cover by 34.7% in the first growing season, which indicates that more time is necessary for rest and growth. The foliar cover was comprised of 15.3% native, perennial grass cover. Tree cover represented 10.0% foliar cover. Perennial forbs and shrubs will benefit from higher precipitation in the second growing season as they were not observed this season. \r\n2019: Foliar cover was dominated by perennial grasses (44.7%), primarily due to Sandberg\u2019s bluegrass (14.9%) and Siberian wheatgrass (8.2%) observations, similar to 2018 results. Second to this was the annual forb observations (24.7%) with desert madwort and prickly lettuce making up 8.4% and 5.8% of foliar cover. Halogeton, an invasive species, was observed on the plots and made up 5.1% foliar cover. Tree cover was reduced from 2018 observations to 3.3% cover. \r\n2020: Cover was moderately low. Cover was dominated by perennial Siberian wheatgrass and Sandberg bluegrass and annual wheatgrass. Cheatgrass was observed on the site with low cover (4.7%) along with desert madwort (2.2%). Collectively, perennial species dominated cover over annual species on the sites. \r\n2022: Cover was moderate at 60.0%, dominated by perennial grasses (19.8%), followed by annual forbs (8.3), and annual grass reducing from 4.7% in 2020 to 3.2% in 2022. Most indicators saw a reduction in cover with perennial grasses taking the biggest hit, losing around 15% of its cover.\r\n\r\nGaps and Erosion \r\n2018: Gaps in canopy cover were long and frequently occurring, allowing wind and water erosion to occur. The hydrologic function and soil and site stability have been impacted due to these gaps and the lack of perennial canopy cover on the sites. Very short and rare water flow patterns, common pedestals, few and short rills, and rare soil deposition/runoff gave proof of the impaired soil and site stability in 2018. \r\n2019: Gaps remained very similar to results from the 2018 season. Although canopy cover has increased significantly, gaps are still common enough to make the site susceptible to wind and water erosion. In 2019 observations, there were decreased observations of rills, similar observations of common pedestalling and water flow patterns, and increased observations of common deposition/runoff. This indicates soil instability on the site. \r\n2020: Gaps decreased across all ranges and were primarily between 51 and 100 cm long. Fewer pedestals were observed along with no deposition/runoff and no water flow patterns. This indicates increased stability on the site. \r\n2022: Gaps increased in each size range; the bottom 3 size classes saw the largest increases with >200cm only seeing an increase of 2.2% from 0.6% last year. The reduction of foliar cover across the plot likely had an impact on gap increasing across the plot but a lack of soil instability and plot degradation across the plot means the gap increase may not be a bad sign of rehabilitation.\r\nSpecies Richness\r\n2022: Species richness increased from 2019 from 31 individual species observed to 36. Perennial forbs and shrubs increased while annual forbs reduced by 2. Perennial grasses remained the same and perennials overall continued to outnumber the annuals observed.\r\nRecommendations \r\n2018: The seeded forbs, grasses, and shrubs have not successfully established and the area needs to remain closed for another growing season or two. If the upcoming winter and second year growing season receive normal to above normal precipitation and snowpack is maintained by cooler winter temperatures, the seeded species have a higher chance at establishing and meeting rehabilitation objectives. Since the regrowth of native, perennial forbs was so low, the area would benefit from the seeded forb establishment, as well as the seeded sagebrush. \r\n2019: The seeded forbs, grasses, and shrubs have not successfully established. An allotment closure has been issued for the Gamble Individual allotment in the East Delano Mountain pasture. The allotment closure objective of three perennial species per square meter has been met but it is advised that the area receives additional rest. The improved weather conditions did not appear to help the seeded species establishment. Since the regrowth of native, perennial forbs was so low, the area would benefit from the seeded forb establishment, as well as the seeded sagebrush, to provide various wildlife forage. \r\n2020: Seeded grasses have successfully established on the plot. However, seeded forbs and shrubs still need more time to come in. An allotment closure has been issued for the Gamble Individual allotment in the East Delano Mountain. The allotment closure objective of three perennial species per square meter has been met but it is advised that the area receives proper grazing management so that seeded species may have more of a chance to grow back in. \r\n2022: Seeded grasses continue to show signs of establishment on the plot and seeded shrubs and forbs show signs of beginning to establish on the plot. The overall health of this site appears positive but continued appropriate grazing management is recommended to allow forbs and shrubs more time to fully establish roots if possible.",Polygon,Confirmed,Digitized by LTDL data entry personnel using a confirmed map,8/7/2019,1610.06,1596.03,,BLM,"Habitat productivity, Habitat quality",For the purposes of biotic integrity.,,,,,RIPS acres are lower than the combined acres aerial seeded from the confirmed seed lists.,16:03:00
Model 18,Nothern Basin and Range,Post-burn aerial & drill seeding,50744,20513,Implemented,See Comments,2,2/1/2018,2/9/2018,Acres,16731,Seeding,Aerial Seeding,Aerial Seeding: Fixed Wing,-1,Planned seed list,Mid-elevation Mix,Seeds,Plan,Unknown,Species Specific,,"For the purposes of biotic integrity, establish densities of native forbs to 1 per\r\nsquare meter, native shrubs to 0.3 per square meter, grasses 3 per square meter, non-native\r\nshrubs (kochia) 1 per square meter within 2-5 years.","Mid-elevation Mix - Aerial seed approximately 50,193 acres of PHMA GRSG habitat and crucial elk and pronghorn range, using an every 3rd swath pattern (16,731 total acres seeded), with a mixture of Wyoming and basin big sagebrush and western yarrow.","The Aerial Mid Elevation Treatment seed mix was applied via fixed wing aircraft to the\r\npublic burned land in accordance with the ecological sites and elevation and was comprised of\r\nWyoming Big Sagebrush, Basin Big Sagebrush, and Western Yarrow.","2022 ESR Monitoring Results\r\nS2 Drill Seeding/S3 Aerial Mid-Elevation \r\nDry Gulch AIM Plot 01A is located in a Rangeland Loamy 10-12\u201d P.Z. R025XY014NV site in a former / Artemisia tridentata / Pseudoroegneria spicata - Achnatherum thurberianum \r\n(/ big sagebrush / bluebunch wheatgrass - Thurber's needlegrass) vegetation community. \r\nDry Gulch AIM Plot 01B is located in a Rangeland Shallow Loam 8-12\u201d P.Z. R025XY021NV site in a former / / Artemisia tridentate ssp. wyomingensis / Pseudoroegneria spicata - Achnatherum thurberianum (/ Wyoming big sagebrush / bluebunch wheatgrass - Thurber's needlegrass) vegetation community. \r\nThe Bitterbrush Drill Treatment seed mix was applied via rangeland drill to the public burned land in accordance with the ecological sites and elevation and was comprised of Antelope Bitterbrush (Purshia tridentata), Bluebunch Wheatgrass (Pseudoroegneria spicata), Small Burnet (Sanguisorba minor), Blue Flax (Linum perenne), Sainfoin (Onobrychis viciifolia), and Russian Wildrye (Psathyrostachys juncea). \r\nThe Aerial Mid Elevation Treatment seed mix was applied via fixed wing aircraft to the public burned land in accordance with the ecological sites and elevation and was comprised of Wyoming Big Sagebrush (Artemisia tridentata sbsp wyomingensis), Basin Big Sagebrush (Artemisia tridentata sbsp tridentata), and Western Yarrow (Achillea millefolium var occidentalis).\r\nDensity Results \r\nRehabilitation objectives are considered successfully met when one native forb per square meter, 0.3 native shrubs per square meter, and three grasses per square meter are established. \r\n2018: The rehabilitation objectives in the first growing season have not been fully met, though there has been shown progress towards success, especially for the seeded grasses. Seeded grasses nearly reached density objectives as there were 2.63 seeded grasses per square meter in the first growing season. The grasses have not developed deep roots, however and the area needs to be rested until the plants achieve more robust basal and canopy growth. Seeded forbs have achieved an average density of 0.13 per square meter. Seeded antelope bitterbrush shrubs were not found in first year monitoring. The insufficient snowpack and drought-like summer conditions may have contributed to the inability of the shrubs to establish in the area. \r\n2019: No seeded species were observed. Notably, seeded bitterbrush were also not observed this year. However, native recovery of large-form grasses (squirreltail and Thurber\u2019s needlegrass) and small-form grasses (Sandberg bluegrass and thickspike wheatgrass) was still evident. This is unexpected given the improved weather conditions over the past year. \r\n2020: Seeded grasses were observed. Bluebunch wheatgrass was the primary observed seeded grass. There were no other seeded species observed through density. \r\n2022: The rehabilitation objectives for this treatment have been met. Native regrowth of perennial grasses has been very successful at a combined total of 34.8/m2, perennial forbs at 8.8/m2, and shrubs at 1.3/m2. Seeded species have not been as successful as the native regrowth but shrubs and grasses are present and given more time have a chance of continuing progress towards greater rehabilitation of the plots.\r\nAIM Data Results \r\nCover \r\n2018: Foliar cover eclipsed the bare ground in the first growing season, mostly due to the 22% invasive annual desert madwort cover, 23% cheatgrass cover, 20% Sandberg\u2019s bluegrass cover. Perennial forbs have not produced significant cover yet (1.9%). Seeded species haven\u2019t produced significant cover either, as is expected in an area with so much annual, invasive plant competition. \r\n2019: Perennial grasses dominated foliar cover (39.7%), primarily due to the presence of Sandberg\u2019s bluegrass (28.3%). Second and third highest cover were cheatgrass (24.0%) and desert madwort (18.0%). The dominant cover change is an improvement from 2018. Seeded species did not contribute to cover. \r\n2020: Perennial grasses continued to dominate foliar cover, primarily due to the presence of Sandberg bluegrass, bluebunch wheatgrass, and thickspike wheatgrass. Cheatgrass levels are still approximately the same while desert madwort cover has reduced since 2019 observations. Perennial species collectively have more cover than annual species. \r\n2022: Total foliar cover was moderately high at 72.3% with perennial grasses dominating at 31.3%, followed by annual forbs (11.1%) and annual grasses (10.2%). Annual forbs were the only indicator that had an increase in foliar cover from 2020 and it was very minimal. All other indicators had a decrease in cover, the most substantial being annual grasses, down by 10.8% since 2020. Overall, perennial species still constitute more of the cover than annuals though they have gotten closer to being equal since 2020.\r\nGaps and Erosion \r\n2018: Gaps in canopy cover were significant and the largest number were greater than 200 centimeters long, the largest measured threshold category. Canopy gaps of this size and frequency have allowed wind and water erosion to occur on the plots, degrading the hydrologic function and soil and site stability. Over 50% of the surface area consists of gaps greater than 25 centimeters. Wind and water erosion were affecting the soil and site stability on both plots: there was rarely occurring deposition and run-off. Commonly occurring pedestals with rarely exposed roots were also present. \r\n2019: Canopy gaps were mostly between 25 and 50cm long and represented 26.7% of the average 25m transects. Canopy gaps have decreased on the plots since 2018 observations. Similar rare deposition/runoff observations were made along with reduced pedestalling and increased water flow patterns. Reduced observations of pedestals, deposition/runoff, and water flow patterns were made, indicating more stability on the site. \r\n2020: Canopy gaps were mostly between 51 and 100 cm long, and only by a small amount greater than the 25 to 50 cm long category. Gaps now represent 22.8% of the average 25m transects, which is a decrease from 2019 observations. No pedestalling was observed, along with rare deposition/runoff and water flow patterns, indicating increased soil stability on the site. \r\n2022: Canopy gaps were predominately between 51-100cm (17.5%), closely followed by 25-50cm (14.7%), and gaps >200cm were observed again (3.7%) after not being observed in 2020. The majority of the gaps being in the smaller size ranges is better for the overall plot health and the 3.7% >200cm consisted of two gaps meeting that criteria across both plots. No observations of site and soil instability was observed on either plot, indicating improvement of soil and site stability across the plots.\r\nSpecies Richness\r\n2022: Species richness was moderately high with 28 individual species identified on average between the two plots. Perennial forbs and grasses outnumbered their annual counterparts and with four shrub species in addition to the perennials the diversity of species on the plots indicate the possibility of continued improvement on the site.\r\nRecommendations \r\n2018: Monitoring results in the treatment area have shown that rehabilitation objectives have not been fully met in the first growing season. Although the area had a successful number of bluebunch wheatgrass seedlings establish, those plants need an additional two growing seasons in order to develop the beneficial and stabilizing root masses. The area needs to remain closed so seeded forb and shrub species may establish, especially the antelope bitterbrush which is at risk in the area of not recovering and providing valuable forage to wildlife. If the area receives sufficient snowpack and spring and summer precipitation, seeded species will continue to establish. \r\n2019: Monitoring results in the treatment area have shown that rehabilitation objectives have not been fully met in the second growing season. Fewer seeded species observations were made this year. This is unexpected given the improved weather conditions over the past year. There was an allotment closure issued for the Gamble Individual allotment, Granite Creek pasture where Plots 01A and 01B are located. The allotment closure objective of three perennial species per square meter was met but it is advised that the area receives appropriate rest so that seeded forb and shrub species may establish, especially the antelope bitterbrush which is at risk in the area of not recovering and providing valuable forage to wildlife. \r\n2020: Monitoring results in the treatment area have shown that rehabilitation objectives have not been fully met in the third growing season. More seeded grass observations were made this year. There was an allotment closure issued for the Gamble Individual allotment, Granite Creek pasture where Plots 01A and 01B are located. The allotment closure objective of three perennial species per square meter was met but it is advised that the area receives appropriate grazing management so that seeded forb and shrub species may establish. \r\n2022: The rehabilitation objectives for these plots have been met. The native regrowth on the plots were significant enough to meet the objectives while the seeded species continued to show improvement towards the rehabilitation of the site. There was an allotment closure issued for the Gamble Individual allotment, Granite Creek pasture where Plots 01A and 01B are located. The allotment closure objective of three perennial species per square meter was met and it is advised that the area continues to receive appropriate grazing management so that seeded forb and shrub species may continue to establish.\r\n\r\n2022 ESR Monitoring Results\r\nS3 Aerial Mid-Elevation Seeding\r\nDry Gulch AIM Plot 02 is located in a Rangeland Loamy 12-14\u201d P.Z. R025XY027NV site in a former / Artemisia tridentata ssp. Tridentata / Festuca idahoensis (/ basin big sagebrush / Idaho fescue) vegetation community.\r\nThe Aerial Mid Elevation Treatment seed mix was applied via fixed wing aircraft to the public burned land in accordance with the ecological sites and elevation and was comprised of Wyoming Big Sagebrush (Artemisia tridentata sbsp wyomingensis), Basin Big Sagebrush (Artemisia tridentata sbsp tridentata), and Western Yarrow (Achillea millefolium var occidentalis).\r\nDensity Results\r\nRehabilitation objectives are considered successfully met when one native forb per square meter and 0.3 native shrubs per square meter per square meter are established.\r\n2022: The rehabilitation objectives for this treatment have been met with native forb density being observed at 4.4/m2 and shrub density being observed at 1.3/m2, meeting the criteria. Native regrowth of both large form and small form grasses were observed on the plot as well. Seeded species, however, have not been as successful with only 0.3 shrubs/m2 observed on the plot.\r\nAIM Data Results\r\nCover\r\n2022: Total foliar cover was moderately high at 78.7%, dominated by annual grasses (25.5%), perennial grasses (17.9%), and annual forbs (15.11%). Shrubs were also present (2.4%) but no perennial forbs were observed, same as was observed in 2020.\r\nGaps and Erosion\r\n2022: Gaps on the plot increased significantly from 2020\u2019s observations with only 25-50cm range having a reduction, though it was only by 1.0%. One gully and few waterflow patterns were observed on plot. When combined with the increase of gaps these observations could be the beginning signals of increased soil instability and plot degradation.\r\nSpecies Richness\r\n2022: Species richness was high for this plot, increasing by 10 species since the 2019 monitoring season. The number of annual forbs increased by 5 species but perennial species increased by 5 species as well, maintaining that perennial species outnumber the annual species.\r\n\r\nS3 Aerial West Mix Seeding\r\nDensity Results\r\nRehabilitation objectives are considered successfully met when one forb per square meter, 0.3 native shrubs per square meter, and three grasses per square meter are established.\r\n2018: The rehabilitation objectives in the first growing season have not been met, though there is evidence of progress towards success. There were 0.17 seeded forbs per square meter in first year monitoring. Neither seeded shrub nor seeded grass seedlings were found in the treatment area. The lack of winter precipitation in the 2017-2018 winter and the drought-like summer conditions may have contributed to the inability of the sagebrush and grasses to establish and persist on the sites.\r\n2019: No seeded shrubs were observed but some seeded forbs and grasses were observed and included Lewis\u2019s flax, Western yarrow, and Sandberg\u2019s bluegrass (which could have been native recovery). Some large-form native grass regrowth (Thurber\u2019s needlegrass and Squirreltail) was observed but no small-form grasses were observed. It was expected that more seeded species establishment and native recovery would be observed given the improved weather conditions over the past year.\r\n2020: No seeded shrubs or forbs were observed. Seeded grasses were observed in abundance in density measurements. Recovery of Thurber\u2019s needlegrass was also evident.\r\n2022: Rehabilitations objectives were met when combining seeded and native forb density on the plot along with 0.3/m2 shrubs observed and the 16.8/m2 seeded grasses observed. Large and small form perennial grasses were the most abundant in the density plots and when combined with the forbs and shrubs observed indicate continued improvement and rehabilitation on the plot.\r\nAIM Data Results\r\nCover\r\n2018: Average foliar canopy cover was 66.7% in the treatment area in 2018 and bare ground was low due to the prevalence of cheatgrass foliar cover (51.3%) and litter (52%). Perennial grasses were competing with 13.3%, with supporting perennial forbs only producing 1.4% cover. Seeded species were not greatly contributing to cover, most likely due to the cheatgrass competition and somewhat the established perennial grass competition.\r\n2019: Foliar cover increased overall on the plot. Annual grasses (cheatgrass) still are the dominant functional group (69.3%) on the site, followed by perennial grasses (34.0%). All functional groups increased except for shrubs. Bluebunch wheatgrass and Sandbergs bluegrass had the second and third highest cover on the site (18.0% and 14.0% respectively).\r\n2020: Foliar cover was dominated by cheatgrass, followed by bluebunch wheatgrass, Sandberg bluegrass, and desert madwort. Because of cheatgrass cover, annual species collectively have higher cover than perennial species.\r\n2022: Total foliar cover was moderately high at 78.7%, dominated by annual grass (cheatgrass) at 26.3%, followed by 20.3% perennial grasses. Although the annual grass constitutes more cover than the perennial grasses, it would still appear that rehabilitation progress is being made since annual grasses did decrease by half since 2020.\r\nGaps and Erosion\r\n2018: Gaps in canopy cover that were the size and frequency observed in this aerial seeding treatment have not allowed significant wind and water erosion to occur on the plots. The hydrologic function and soil/site stability were not impaired by the gaps in canopy cover.\r\nSpecies richness: Twenty-eight different plant species were observed within the 2,827.4 square meter monitoring plot. Wind and water erosion were minimally affecting the soil and site stability on the plot: there were only moderately long and rare water flow patterns, rare deposition/run-off, and common pedestals.\r\n2019: Canopy gaps were primarily greater than 200cm and represented 70% of the average 25m transects. Canopy cover was reduced notably from the first monitoring year. Increased large gaps are a concern for soil site stability. Similar observations of rare deposition/runoff were made on the plot, along with reduced observations or pedestals and water flow patterns. This indicates increased site stability, despite the presence of increased canopy gaps.\r\n2020: Canopy gaps were primarily between 25 and 50 cm long and represented 8.9% of the average 25m transects. These gaps are greatly reduced from 2019 observations, indicating more stability on the site. The same rare pedestalling and water flow patterns were observed, and no deposition/runoff was observed. This indicates improvement in site stability.\r\n2022: Canopy gaps increased greatly from the 2020 monitoring season across every size range. The decrease in cheatgrass is likely contributing to the increased gap, especially since the only sign of erosion on the plot are water flow patterns, indicating maintained site stability.\r\nSpecies Richness\r\n2022: Species richness was moderately high on this plot with perennial species outnumbering their annual counterparts. Annual forbs increased by 2 species but perennial grasses increased by 3, maintaining the dominance of perennial species.\r\nRecommendations:\r\n2018: Monitoring results in the treatment area have shown that rehabilitation objectives have not been met in the first growing season, although the area has adequate regrowth from established, native perennial grasses. Lower snowpack and drought like conditions in the first growing season have hindered the treatment\u2019s success. The area needs to remain closed for another growing season so seeded species may establish, especially the sagebrush, which was lost from the site.\r\n2019: Monitoring results in the treatment area have shown that rehabilitation objectives have been partially met in the second growing season, although the area has adequate regrowth from established, native perennial grasses. There was an allotment closure issued for the Little Goose Creek allotment, Mustang Draw pasture where Plot 20 is located. The allotment closure objective of three perennial species per square meter was met but it is advised that the area is given additional rest so seeded species may establish, especially the sagebrush, which was lost from the site.\r\n2020: Monitoring results in the treatment area have shown that rehabilitation objectives have been partially met in the third growing season, although the area has adequate regrowth from established, native perennial grasses. There was an allotment closure issued for the Little Goose Creek allotment, Mustang Draw pasture where Plot 20 is located. The allotment closure objective of three perennial species per square meter was met but it is advised that the area is given proper grazing management so seeded species may establish, especially the sagebrush, which was lost from the site.\r\n2022: Monitoring results in the treatment area have shown that rehabilitation objectives have been met and that native regrowth on the plot indicates that continued improvement on the site is possible. There was an allotment closure issued for the Little Goose Creek allotment, Mustang \r\nDraw pasture where Plot 20 is located. The allotment closure objective of three perennial species per square meter was met but it is advised that the area continues to receive proper grazing management so seeded species may establish.\r\n\r\nS3 Aerial Mid-Elevation, Imazapic\r\nDensity Results\r\nRehabilitation objectives are considered successfully met when one native forb per square meter and 0.3 native shrubs per square meter per square meter are established.\r\n2022: Rehabilitation objectives have not been met for this treatment though this is the closest to achieving the goals since monitoring began in 2018. Native regrowth is relatively low as well which could indicate that vegetation seeded and unseeded is struggling to rehabilitate.\r\nAIM Data Results\r\nCover\r\n2022: Total foliar cover was moderately low at 34.0%, dominated by perennial grasses at 19.1%. The next highest coverage came from annual grasses at 3.6% then perennial forbs at 1.3%, none of the other indicators were observed during the Line-Point Intercept data collection method. While it is not ideal to have such low coverage overall, the large decrease of annual grass cover and maintenance of perennial grass cover is a good sign for the health of the plot.\r\nGaps and Erosion\r\n2018: Wind and water erosion were minimally affecting the soil and site stability on the plot: there were only short and rare water flow patterns and few pedestals.\r\n2019: Similar (rare) observations of deposition/runoff were made along with increased (common) pedestalling and water flow patterns. This suggests more water erosion on the site and slight changes in soil stability.\r\n2020: Similar common pedestalling and rare deposition/runoff but no water flow patterns were observed on the site, indicating increased site stability.\r\n2022: Canopy gap cover increased significantly from 2020 to 2022, the most concerning being the increase of gaps >200cm from 0.0% to 48.8%, along with the increase of gaps 101-200cm from 0.7% to 21.1%. This large increase in gaps in conjunction with the decreased foliar cover and common waterflow patterns observed on the plot are indicators of soil erosion and plot degradation.\r\nSpecies Richness\r\n2022: Species richness was moderate on the plot with 23 individual species identified. Perennial species increased by 6 species while annual species decreased by one, meaning that perennial species continue to outnumber the annuals.\r\nRecommendations\r\n2022: Monitoring results in the treatment area have shown that rehabilitation objectives have not been met and that native regrowth of the area does not compensate for the lack of seeded species success. There was an allotment closure issued for the Little Goose Creek, Bluff Creek, and Gamble Individual allotments. The allotment closure objective of three perennial species per square meter was not met and it is advised that the area is given proper grazing management so seeded forbs and sagebrush species may establish.",Polygon,Confirmed,Digitized by LTDL data entry personnel using a confirmed map,8/7/2019,50029.33,49957.52,,Contractor,"Habitat productivity, Habitat quality",For the purposes of biotic integrity.,,,,,Planned Cost/acre: $32.71,58:03:00
Model 18,Nothern Basin and Range,Post-burn aerial & drill seeding,50745,20513,Implemented,See Comments,2,1/25/2018,1/25/2018,Acres,308,Seeding,Drill Seeding,Ground Seeding: Drill,-1,Confirmed seed list,Bitterbrush Drill Seeding Mix,Seeds,Confirmed on Paper,Unknown,Species Specific,,"For the purposes of biotic integrity, establish densities of native forbs to 1 per\r\nsquare meter, native shrubs to 0.3 per square meter, grasses 3 per square meter, non-native\r\nshrubs (kochia) 1 per square meter within 2-5 years.","Bitterbrush Seeding - Drill seed approximately 308 acres PHMA GRSG habitat, year-round elk habitat, and summer range pronghorn habitat with a mixture of antelope bitterbrush, bluebunch wheatgrass, Russian wildrye, sainfoin, blue flax, and small burnet.","The Bitterbrush Drill Treatment seed mix was applied via rangeland drill to the public\r\nburned land in accordance with the ecological sites and elevation and was comprised of Antelope\r\nBitterbrush, Bluebunch Wheatgrass, Small Burnet, Blue Flax, Sainfoin, and Russian Wildrye.\r\n\r\nConfirmed in RIPS reports.","2018: In the AIM plots that fell within this seeding treatment (Plots 1A and 1B) the rehabilitation objectives in the first growing season have not been fully met, though there has been shown progress towards success, especially for the seeded grasses. Seeded grasses nearly reached density objectives as there were 2.63 seeded grasses per square meter in the first growing season. The grasses have not developed deep roots, however and the area needs to be rested until the plants achieve more robust basal and canopy growth. Seeded forbs have achieved an average density of 0.13 per square meter. Seeded antelope bitterbrush shrubs were not found in first year monitoring. The insufficient snowpack and drought-like summer conditions may have contributed to the inability of the shrubs to establish in the area.\r\n2019: In AIM Plots 1A and 1B, no seeded species were observed. Notably, seeded bitterbrush\r\nwere also not observed this year. However, native recovery of large-form grasses (squirreltail\r\nand Thurber\u2019s needlegrass) and small-form grasses (Sandberg bluegrass and thickspike\r\nwheatgrass) was still evident. This is unexpected given the improved weather conditions over the\r\npast year.\r\n2020: In AIM Plots 1A and 1B, seeded grasses were observed. Bluebunch wheatgrass was the primary observed seeded grass. There were no other seeded species observed through density.\r\n\r\n\r\n2018 Cover: Foliar cover eclipsed the bareground in the first growing season, mostly due to the 22% invasive annual desert madwort cover, 23% cheatgrass cover, 20% Sandberg\u2019s bluegrass cover. Perennial forbs have not produced significant cover yet (1.9%). Seeded species haven\u2019t produced significant cover either, as is expected in an area with so much annual, invasive plant competition.\r\n2019 Cover: Perennial grasses dominated foliar cover (39.7%), primarily due to the presence of\r\nSandberg\u2019s bluegrass (28.3%). Second and third highest cover were cheatgrass (24.0%) and\r\ndesert madwort (18.0%). The dominant cover change is an improvement from 2018. Seeded\r\nspecies did not contribute to cover.\r\n2020 Cover: Perennial grasses continued to dominate foliar cover, primarily due to the presence of Sandberg bluegrass, bluebunch wheatgrass, and thickspike wheatgrass. Cheatgrass levels are still approximately the same while desert madwort cover has reduced since 2019 observations. Perennial species collectively have more cover than annual species.\r\n\r\n2018 Canopy Gaps: Gaps in canopy cover were significant and the largest number were greater than 200 centimeters long, the largest measured threshold category. Canopy gaps of this size and frequency have allowed wind and water erosion to occur on the plots, degrading the hydrologic function and soil and site stability. Over 50% of the surface area consists of gaps greater than 25 centimeters.\r\n2019 Canopy Gaps: Canopy gaps were mostly between 25 and 50cm long and represented\r\n26.7% of the average 25m transects. Canopy gaps have decreased on the plots since 2018\r\nobservations.\r\n2020 Canopy Gaps: Canopy gaps were mostly between 51 and 100 cm long, and only by a small amount greater than the 25 to 50 cm long category. Gaps now represent 22.8% of the average 25m transects, which is a decrease from 2019 observations.\r\n\r\n\r\n2018 Species richness: An average of thirty-eight (37.5) different plant species were observed within the 2,827.4 square meter monitoring plots.\r\n2019 Species richness: An average of twenty-five (25) different plant species were observed\r\nwithin the 2,827.4 square meter monitoring plots. \r\nEcological sites and Erosion:\r\nDry Gulch AIM Plot 1A is located in a Rangeland Loamy 10-12\u201d P.Z. R025XY014NV site in a former / Artemisia tridentata / Pseudoroegneria spicata - Achnatherum thurberianum\r\n(/ big sagebrush / bluebunch wheatgrass - Thurber's needlegrass) vegetation community.\r\n2018: Wind and water erosion were effecting the soil and site stability on the plot: there was rarely occurring deposition and run-off. Commonly occurring pedestals with rarely exposed roots were also present.\r\n2019: Similar rare deposition/runoff observations were made along with reduced pedestalling and increased water flow patterns.\r\n2020: No pedestalling was observed, along with rare deposition/runoff and water flow patterns, indicating increased soil stability on the site.\r\n\r\nDry Gulch AIM Plot 1B is located in a Rangeland Shallow Loam 8-12\u201d P.Z. R025XY021NV site in a former / / Artemisia tridentate ssp. wyomingensis / Pseudoroegneria spicata - Achnatherum thurberianum (/ Wyoming big sagebrush / bluebunch wheatgrass - Thurber's needlegrass) vegetation community.\r\n2018: Wind and water erosion were effecting the soil and site stability on the plot: there were moderately long and rare water flow patterns and common pedestals.\r\n2019: Reduced observations of pedestals, deposition/runoff, and water flow patterns were made, indicating more stability on the site.\r\n2020: No other erosion indicators aside from rare pedestalling was observed, similar to 2019 observations, indicating the site has become more stable.\r\n\r\nDrill Bitterbrush Treatment Recommendations 2019:\r\nMonitoring results in the treatment area have shown that rehabilitation objectives have not been\r\nfully met in the second growing season. Fewer seeded species observations were made this year.\r\nThis is unexpected given the improved weather conditions over the past year. There was an\r\nallotment closure issued for the Little Goose Creek, Bluff Creek, and Gamble Individual\r\nallotments. The allotment closure objective of three perennial species per square meter were met\r\nbut it is advised that the area remains closed so seeded forb and shrub species may establish,\r\nespecially the antelope bitterbrush which is at risk in the area of not recovering and providing\r\nvaluable forage to wildlife.\r\nDrill Bitterbrush Treatment Recommendations 2020:\r\nMonitoring results in the treatment area have shown that rehabilitation objectives have not been fully met in the third growing season. More seeded grass observations were made this year. There was an allotment closure issued for the Gamble Individual allotment, Granite Creek pasture where Plots 01A and 01B are located. The allotment closure objective of three perennial species per square meter was met but it is advised that the area receives appropriate grazing management so that seeded forb and shrub species may establish, especially the antelope bitterbrush which is at risk in the area of not recovering and providing valuable forage to wildlife.\r\n\r\n2022 ESR Monitoring Results\r\nS2 Drill Seeding/S3 Aerial Mid-Elevation \r\nDry Gulch AIM Plot 01A is located in a Rangeland Loamy 10-12\u201d P.Z. R025XY014NV site in a former / Artemisia tridentata / Pseudoroegneria spicata - Achnatherum thurberianum \r\n(/ big sagebrush / bluebunch wheatgrass - Thurber's needlegrass) vegetation community. \r\nDry Gulch AIM Plot 01B is located in a Rangeland Shallow Loam 8-12\u201d P.Z. R025XY021NV site in a former / / Artemisia tridentate ssp. wyomingensis / Pseudoroegneria spicata - Achnatherum thurberianum (/ Wyoming big sagebrush / bluebunch wheatgrass - Thurber's needlegrass) vegetation community. \r\nThe Bitterbrush Drill Treatment seed mix was applied via rangeland drill to the public burned land in accordance with the ecological sites and elevation and was comprised of Antelope Bitterbrush (Purshia tridentata), Bluebunch Wheatgrass (Pseudoroegneria spicata), Small Burnet (Sanguisorba minor), Blue Flax (Linum perenne), Sainfoin (Onobrychis viciifolia), and Russian Wildrye (Psathyrostachys juncea). \r\nThe Aerial Mid Elevation Treatment seed mix was applied via fixed wing aircraft to the public burned land in accordance with the ecological sites and elevation and was comprised of Wyoming Big Sagebrush (Artemisia tridentata sbsp wyomingensis), Basin Big Sagebrush (Artemisia tridentata sbsp tridentata), and Western Yarrow (Achillea millefolium var occidentalis).\r\nDensity Results \r\nRehabilitation objectives are considered successfully met when one native forb per square meter, 0.3 native shrubs per square meter, and three grasses per square meter are established. \r\n2018: The rehabilitation objectives in the first growing season have not been fully met, though there has been shown progress towards success, especially for the seeded grasses. Seeded grasses nearly reached density objectives as there were 2.63 seeded grasses per square meter in the first growing season. The grasses have not developed deep roots, however and the area needs to be rested until the plants achieve more robust basal and canopy growth. Seeded forbs have achieved an average density of 0.13 per square meter. Seeded antelope bitterbrush shrubs were not found in first year monitoring. The insufficient snowpack and drought-like summer conditions may have contributed to the inability of the shrubs to establish in the area. \r\n2019: No seeded species were observed. Notably, seeded bitterbrush were also not observed this year. However, native recovery of large-form grasses (squirreltail and Thurber\u2019s needlegrass) and small-form grasses (Sandberg bluegrass and thickspike wheatgrass) was still evident. This is unexpected given the improved weather conditions over the past year. \r\n2020: Seeded grasses were observed. Bluebunch wheatgrass was the primary observed seeded grass. There were no other seeded species observed through density. \r\n2022: The rehabilitation objectives for this treatment have been met. Native regrowth of perennial grasses has been very successful at a combined total of 34.8/m2, perennial forbs at 8.8/m2, and shrubs at 1.3/m2. Seeded species have not been as successful as the native regrowth but shrubs and grasses are present and given more time have a chance of continuing progress towards greater rehabilitation of the plots.\r\nAIM Data Results \r\nCover \r\n2018: Foliar cover eclipsed the bare ground in the first growing season, mostly due to the 22% invasive annual desert madwort cover, 23% cheatgrass cover, 20% Sandberg\u2019s bluegrass cover. Perennial forbs have not produced significant cover yet (1.9%). Seeded species haven\u2019t produced significant cover either, as is expected in an area with so much annual, invasive plant competition. \r\n2019: Perennial grasses dominated foliar cover (39.7%), primarily due to the presence of Sandberg\u2019s bluegrass (28.3%). Second and third highest cover were cheatgrass (24.0%) and desert madwort (18.0%). The dominant cover change is an improvement from 2018. Seeded species did not contribute to cover. \r\n2020: Perennial grasses continued to dominate foliar cover, primarily due to the presence of Sandberg bluegrass, bluebunch wheatgrass, and thickspike wheatgrass. Cheatgrass levels are still approximately the same while desert madwort cover has reduced since 2019 observations. Perennial species collectively have more cover than annual species. \r\n2022: Total foliar cover was moderately high at 72.3% with perennial grasses dominating at 31.3%, followed by annual forbs (11.1%) and annual grasses (10.2%). Annual forbs were the only indicator that had an increase in foliar cover from 2020 and it was very minimal. All other indicators had a decrease in cover, the most substantial being annual grasses, down by 10.8% since 2020. Overall, perennial species still constitute more of the cover than annuals though they have gotten closer to being equal since 2020.\r\nGaps and Erosion \r\n2018: Gaps in canopy cover were significant and the largest number were greater than 200 centimeters long, the largest measured threshold category. Canopy gaps of this size and frequency have allowed wind and water erosion to occur on the plots, degrading the hydrologic function and soil and site stability. Over 50% of the surface area consists of gaps greater than 25 centimeters. Wind and water erosion were affecting the soil and site stability on both plots: there was rarely occurring deposition and run-off. Commonly occurring pedestals with rarely exposed roots were also present. \r\n2019: Canopy gaps were mostly between 25 and 50cm long and represented 26.7% of the average 25m transects. Canopy gaps have decreased on the plots since 2018 observations. Similar rare deposition/runoff observations were made along with reduced pedestalling and increased water flow patterns. Reduced observations of pedestals, deposition/runoff, and water flow patterns were made, indicating more stability on the site. \r\n2020: Canopy gaps were mostly between 51 and 100 cm long, and only by a small amount greater than the 25 to 50 cm long category. Gaps now represent 22.8% of the average 25m transects, which is a decrease from 2019 observations. No pedestalling was observed, along with rare deposition/runoff and water flow patterns, indicating increased soil stability on the site. \r\n2022: Canopy gaps were predominately between 51-100cm (17.5%), closely followed by 25-50cm (14.7%), and gaps >200cm were observed again (3.7%) after not being observed in 2020. The majority of the gaps being in the smaller size ranges is better for the overall plot health and the 3.7% >200cm consisted of two gaps meeting that criteria across both plots. No observations of site and soil instability was observed on either plot, indicating improvement of soil and site stability across the plots.\r\nSpecies Richness\r\n2022: Species richness was moderately high with 28 individual species identified on average between the two plots. Perennial forbs and grasses outnumbered their annual counterparts and with four shrub species in addition to the perennials the diversity of species on the plots indicate the possibility of continued improvement on the site.\r\nRecommendations \r\n2018: Monitoring results in the treatment area have shown that rehabilitation objectives have not been fully met in the first growing season. Although the area had a successful number of bluebunch wheatgrass seedlings establish, those plants need an additional two growing seasons in order to develop the beneficial and stabilizing root masses. The area needs to remain closed so seeded forb and shrub species may establish, especially the antelope bitterbrush which is at risk in the area of not recovering and providing valuable forage to wildlife. If the area receives sufficient snowpack and spring and summer precipitation, seeded species will continue to establish. \r\n2019: Monitoring results in the treatment area have shown that rehabilitation objectives have not been fully met in the second growing season. Fewer seeded species observations were made this year. This is unexpected given the improved weather conditions over the past year. There was an allotment closure issued for the Gamble Individual allotment, Granite Creek pasture where Plots 01A and 01B are located. The allotment closure objective of three perennial species per square meter was met but it is advised that the area receives appropriate rest so that seeded forb and shrub species may establish, especially the antelope bitterbrush which is at risk in the area of not recovering and providing valuable forage to wildlife. \r\n2020: Monitoring results in the treatment area have shown that rehabilitation objectives have not been fully met in the third growing season. More seeded grass observations were made this year. There was an allotment closure issued for the Gamble Individual allotment, Granite Creek pasture where Plots 01A and 01B are located. The allotment closure objective of three perennial species per square meter was met but it is advised that the area receives appropriate grazing management so that seeded forb and shrub species may establish. \r\n2022: The rehabilitation objectives for these plots have been met. The native regrowth on the plots were significant enough to meet the objectives while the seeded species continued to show improvement towards the rehabilitation of the site. There was an allotment closure issued for the Gamble Individual allotment, Granite Creek pasture where Plots 01A and 01B are located. The allotment closure objective of three perennial species per square meter was met and it is advised that the area continues to receive appropriate grazing management so that seeded forb and shrub species may continue to establish.",Polygon,Confirmed,Digitized by LTDL data entry personnel using a confirmed map,8/7/2019,317.33,317.33,,Unknown,"Habitat productivity, Habitat quality",For the purposes of biotic integrity.,,,,,Planned Cost/acre: $78.33,59:18:00
Model 18,Nothern Basin and Range,Post-burn aerial & drill seeding,52963,1515,Implemented,Unknown,1,10/1/1977,1/31/1978,Acres,6500,Seeding,Aerial Seeding,Aerial Seeding,-1,Confirmed seed list,Germination ESR,Seeds,Confirmed in GIS,Unknown,Species Specific,JDR says fourwing saltbush planned. GIS simply says saltbush.\r\nJDR says Indian ricegrass. GIS says Indian ryegrass.,Something must be done this year to stabilize the soil or irreparable damage will result.,"Reseed a 6500 acre area seeded in September, germinated, and died.",Aerial seeding of planned area,,Polygon,Confirmed,"Digitized by BLM field office personnel, method unknown",None,5726.64,4127.32,,Contractor,"Erosion, Livestock in treated area, Loss of Perennials, Forage quality",Most of the area was seeded last fall as part of the Bicentennial Rehab project. However record\r\ndrought conditions this year prevented establishment of the seeding and\r\nresulted in extremely serious soil erosion situation in the area.,,,,,"Germination ESR\r\nJDR notes contract for both drill seeding and aerial seeding. GIS only present for aerial seeding of this area.\r\nCost calculated by aerial seeding contract cost per acre over entire 6500 acres, plus the calculated seed cost.",09:07:00
Model 18,Nothern Basin and Range,Post-burn aerial & drill seeding,53519,21087,Implemented,Unknown,2,1/10/2011,2/3/2011,Acres,126964,Seeding,Aerial Seeding,Aerial Seeding,-1,Confirmed seed list,,Seeds,Confirmed on Paper,Unknown,Species Specific,,Establish sagebrush on the fire area utilizing aerial seeding techniques.,Aerial Seeding Wyoming and Basin Big sagebrush,"ES&BAR Project. Contractor was Thomas Helicopters, INC of Gooding, ID. The project was strip seeded, strips were in all different directions.\r\n\r\nAbout 127, 966 acres were aerial seeded with 64,040 lbs. of\r\nWyoming big sagebrush seed and 61,480 lbs. of basin big\r\nsagebrush seed at 0.98 lbs. bulk seed/acre. Seed was applied to\r\nsnow-covered ground in the Bell Rapids area and mostly bare\r\nmuddy ground throughout the rest of the project area. The entire\r\nproject was strip-seeded for every other pass. Strips were oriented\r\naccording to best navigation evaluation for the seeding area. The\r\nproject was competed using two helicopters and two sling type\r\nbuckets. Project duration was due to wind and fog conditions that\r\nprevented application. Seed application occurred over 11 actual\r\nflying days.","As observed for other ESR projects, sagebrush\r\nestablishment was patchy, with clumps of seedlings scattered within the seeded area. In 2012\r\nseedlings were about 3-6 inches tall and difficult to detect on a landscape scale. However, by\r\nJuly 2013, seedlings were taller and more apparent.\r\n\r\n2013 North Area Monitoring Results: Wyoming big sagebrush were detected in monitoring locations and visual assessments.\r\n2013 Bombing Range Area Monitoring Results: Wyoming big\r\nsagebrush were detected in monitoring locations and visual assessments.\r\n2013 Wild Horse Management Area Monitoring Results: Wyoming big sagebrush were observed in monitoring locations and visual assessments.\r\n2013 South Area Monitoring Results: Sagebrush\r\nseedlings were present where seeded in strips.",Polygon,Confirmed,"Digitized by BLM field office personnel, method unknown",None,255157.43,249306.76,,Contractor,"Habitat for wildlife, Loss of sagebrush, Habitat for sage grouse, Loss of perennials","ESR/Rehab, re-establish sagebrush for perennial vegetation and wildlife habitat",Other (See Trt Notes),Project duration was due to wind and fog conditions that\r\nprevented application. Seed application occurred over 11 actual\r\nflying days.,Other (See Trt Notes),Seed was applied to\r\nsnow-covered ground in the Bell Rapids area and mostly bare\r\nmuddy ground throughout the rest of the project area.,,24:24:00
Model 18,Nothern Basin and Range,Post-burn aerial & drill seeding,53527,21087,Implemented,Partially Successful,2,11/1/2010,11/26/2010,Acres,25241.31,Seeding,Drill Seeding,Ground Seeding: Drill,-1,Confirmed seed list,North Seed Mix,Seeds,Confirmed on Paper,Unknown,Species Specific,Lower number on PLS ranges were entered for this treatment,Establish perennial grasses and forbs within 3 years using a native dominated seed mix.,"Drill seeding 40,000 acres","Approximately 34,706 acres were drill seeded starting in the fall of 2010 and completed in spring of 2011. ESR specialists monitored conditions and activities during treatment implementation.\r\nThis treatment consisted of five projects; Long Butte North, Long Butte Bombing Range, Long Butte Wild Horse Management Area, Long Butte South, and Long Butte Fuel Breaks (see attached map). Long Butte North consisted of 6,200 acres spread across approximately twelve separate blocks of land. The largest block was several thousand acres and the smallest plots were wildlife tracts of forty acres. The project started on November 1, 2010 with contractor Richard Barney and stopped on November 26th due to environmental conditions. The contractor continued seeding in the spring once conditions improved and was completed on February 21, 2011. The seed mix for this project was identified in the plan as the North Mix and consisted of Great Basin wildrye, bluebunch wheatgrass, Indian ricegrass, bottlebrush squirreltail, Siberian wheatgrass, globemallow, blue flax, and alfalfa.\r\nLong Butte Bombing Range consisted of 3,180 acres in a single block of land. The project started on October 30, 2010 and was completed on November 4, 2010. Boise District BLM operations and fire staff provided personnel and equipment for the project. The seed mix for this project was North Mix.\r\nLong Butte Wild Horse Management Area consisted of 20,326 acres in a single block of land. The project started on November 5, 2010 with Boise and Twin Falls District ESR, operations, and fire personnel. The project was stopped on November 29th due to environmental conditions. Personnel resumed seeding in the spring and completed the project on March 15, 2011. The seed mix for this project was North Mix.","Within the Long Butte North project area cheatgrass and sandberg bluegrass were the dominant vegetation throughout the seeded areas. Snake River wheatgrass, Great Basin wildrye, alfalfa, and Wyoming big sagebrush were detected in the southern block of the project area. Fire ecologists site visit during the summer noted the primary vegetation cover consisted of cheatgrass, sandberg bluegrass, and tumble mustard. Cheatgrass growth was extensive in some areas.\r\nCheatgrass and sandberg bluegrass dominated the cover in the Bombing Range project area but Snake River wheatgrass and bottlebrush squirreltail were detected in the both the cover transects and density frames. Alfalfa and sagebrush was also detected in the density frames.\r\nThe Wild Horse Management area is dominated by cheatgrass, crested wheatgrass, and sandberg bluegrass. Some alfalfa, Wyoming big sagebrush, bluebunch wheatgrass, bottlebrush squirreltail, and Great Basin wildrye were detected either in the cover transect or the density frames. A site visit by the fire ecologists during the summer noted the area appeared to primarily cheatgrass, sandberg bluegrass, with crested wheat seedings and some tumble mustard. In some parts of the area cheatgrass was thick and tall, up to three feet in height.",Polygon,Confirmed,"Digitized by LTDL data entry personnel, merged map from various sources",7/24/2020,25241.31,21035.39,,Contractor,"Unknown, Erosion, Habitat for wildlife, Hazardous fuels reduction, Invasion by cheatgrass, Invasion by non-native annuals, Invasive species, Loss of desirable species, Loss of native species, Loss of perennials, Loss of vegetation, Noxious weeds, Vegetal cover","Stabilize soils, prevent noxious weeds, and help promote recovery\r\nof the burned area. This would be accomplished by establishing a perennial grass/forb community using\r\npredominantly native seed mixes within 3 years.",Unknown,,Other (See Trt Notes),"At the beginning of project implementation, early November, soil and weather conditions were dry. During the weekend of November 20th, a snow storm occurred. Day time temperatures caused snow melt into the soil and temperatures at night contributed to frozen soil.",Fall application of the north seed mix,04:29:00
Model 18,Nothern Basin and Range,Post-burn aerial & drill seeding,54117,21241,Implemented,See Comments,2,1/25/2018,1/25/2018,Acres,3809,Seeding,Drill Seeding,Ground Seeding: Drill,-1,Planned seed list,Black Point Drill,Seeds,Plan,Unknown,Species Specific,,"The objective of the ground seeding treatments is to revegetate the burned area with\r\na well-adapted array of species that will provide essential forage and cover for greater sagegrouse,\r\nmule deer, and antelope, and will promote structural and species diversity within the\r\nburned area. Objectives will be considered met on the treatment if three grass seedlings per\r\nsquare meter are rooted firmly in the ground.","Drill Mix:\r\nDrill seed approximately 3,809 acres of GHMA and PHMA Greater sage-grouse habitat, crucial winter elk and summer range pronghorn habitat with a mixture of Siberian wheatgrass, Russian wildrye, Secar Snakeriver wheatgrass, Sandberg\u2019s bluegrass, sainfoin and small burnet.","The seed mix was comprised of snake river wheatgrass (Elymus wawawaiensis), small\r\nburnet (Sanguisorba minor), sainfoin (Onobrychis viciifolia), Sandberg bluegrass (Poa secunda),\r\nSiberian wheatgrass (Agropyron fragile), and Russian wildrye (Psathyrostachys juncea).","S2 Drill Seeding\r\n2019 Density Results:\r\nDensity: The seed mix was comprised of snake river wheatgrass (Elymus wawawaiensis), small\r\nburnet (Sanguisorba minor), sainfoin (Onobrychis viciifolia), Sandberg bluegrass (Poa secunda),\r\nSiberian wheatgrass (Agropyron fragile), and Russian wildrye (Psathyrostachys juncea). The\r\nmonitoring results show that the rehabilitation objectives of three firmly rooted seedlings per\r\nsquare meter have not been achieved at 1.50 grass seedlings per square meter. Large form\r\nperennial bunch grasses are regrowing at 2.08 grasses per square meter. Most of these grasses\r\nwere comprised of bluebunch wheatgrass (Pseudoregnaria spicata var. spicata) and basin\r\nwildrye (Leymus cinereus).\r\nS2 Drill Density Results \r\n2022: No seeded species were observed on plot. However, natural regrowth of small form perennial grasses and forb species were observed in high levels of density at 32.83/m2 and 3.75m/2. Large form perennial grasses and shrubs had a smaller presence but were observed at 0.50/m2 and 0.25/m2 respectively and could potentially continue to increase given their cover presence on the plot and continued rehabilitation of the site. \r\nAIM Data Results \r\nCover \r\n2022: Cover was very high at 82.0% with both annual and perennial grasses being most dominate on the site. Annual forbs and annual grasses both outperformed their perennial counterparts, something to continue to monitor in the future in order to determine trend on the plot.\r\nGaps and Erosion \r\n2022: All gaps were observed in lower amounts with the largest amount being observed in the 25-50cm range at just 6.5%, while gaps >200cm were not observed at all on the plot. The low amounts of gap on the plot could indicate higher levels of soil stability and opportunity for plot rehabilitation.\r\n2022: Species richness was observed at a moderate level with 20 species total, perennial forbs were strongest at 8 total species while annual forbs came in second at 5. Perennial grasses outnumbered their annual counterpart. Shrubs also had a strong showing at 3 separate species, Wyoming big sagebrush, Mountain big sagebrush, and one unknown shrub.\r\nAerial Herbicide, S2 Drill Seeding\r\nDensity Results: \r\n2022: Density on Black Point 05 was the most successful of all the Black Point points, with seeded grasses observed at 6.50/m2. Additionally, natural regrowth of shrubs were the most successful at 0.75/m2, which when combined with 8% cover, also the highest of all the plots, shows promise for the site continuing to improve with time. \r\nAIM Data Results: \r\nCover \r\n2022: Cover is fairly low across the plot but perennial grasses and shrubs were the most abundant indicators on the plot at 13.3% and 8.0% respectively. Annual grasses were very low at 0.4%.\r\nGaps and Erosion \r\n2022: As can be expected with the lower amount of cover across the plot, gaps were much more prevalent on this site than the others. Of particular concern is the 37.2% 101-200cm range and the 26.6% >200cm range. The lower foliage combined with the higher amount of large gaps would be concerning except that cheatgrass is very low and perennial grasses/shrubs dominate the foliage that is there.\r\n2022: Species richness was relatively low on Black Point 05 at 17 different species recorded. Perennial grasses had 8 different species recorded including Sandberg bluegrass, Great Basin wildrye, Siberian wheatgrass, and Indian ricegrass, for examples. Shrubs were also in relatively high numbers and consisted of Wyoming big sagebrush, Yellow rabbitbrush, and one unknown shrub.\r\n\r\nS2 Drill Seeding and S3 Aerial Seeding\r\n2019 AIM Data Results:\r\nCover: Average foliar canopy cover was high (60.7%) in part due to dominance of cheatgrass\r\n(Bromus tectorum) (38.7% cover) and tall annual willowherb (Epilobium brachycarpum) (25.3\r\n% cover). Perennial forbs did not contribute to cover at all and perennial grasses only contributed\r\n8.7% cover. The dominant species in this plot were annuals and more time will be needed for\r\nperennial seedling establishment.\r\nGaps and Erosion: Blackpoint AIM Plot 01 is located in a Rangeland LOAMY 8-10 P.Z. ecosite\r\n(R025XY019NV) in a former / Artemisia tridentata ssp. Wyomingensis / Achnatherum\r\nthurberianum - Achnatherum hymenoides ( / Wyoming big sagebrush / Thurber's needlegrass -\r\nIndian ricegrass) vegetation communities. Canopy cover had infrequent gaps for the most part,\r\nand they varied in size throughout the plot. Due to the rare gaps, soil and hydrologic function\r\nwere somewhat impaired on the plot, but not enough to cause a large departure from expected\r\nsite stability. Erosion was only observed in a few pedestals, though deposition/runoff was\r\nwidespread.\r\nSpecies Richness: Eleven (11) different plant species were observed within the 2,827.4 square\r\nmeter monitoring plot.\r\n2020 Density Results:\r\nDensity: The seed mix was comprised of snake river wheatgrass (Elymus wawawaiensis), small burnet (Sanguisorba minor), sainfoin (Onobrychis viciifolia), Sandberg bluegrass (Poa secunda), Siberian wheatgrass (Agropyron fragile), and Russian wildrye (Psathyrostachys juncea). The monitoring results show that the rehabilitation objectives of three firmly rooted seedlings per square meter have not been achieved at 0.00 grass seedlings per square meter. Large form perennial bunch grasses are regrowing at 2.83 grasses per square meter. Most of these grasses were comprised of bluebunch wheatgrass (Pseudoregnaria spicata var. spicata) and Sandberg bluegrass (Poa secunda).\r\n\r\nS2 Drill Seeding and S3 Aerial Seeding\r\n2020 AIM Data Results:\r\nCover: Average foliar canopy cover was low (20%) in part due to dominance of cheatgrass (Bromus tectorum) (14% cover) and tall annual willowherb (Epilobium brachycarpum) (12.7% cover). Perennial forbs did not contribute to cover at all, and perennial grasses only contributed 4.7% cover. The dominant species in this plot were annuals and more time will be needed for perennial seedling establishment.\r\n2022: Average foliar canopy cover increased to 52.3% with a surge in annual forbs (37.1%) and a large decrease of annual grasses (cheatgrass), down to 1.5% total. Bare ground and litter both also showed decreases from 2020, while other indicators remained fairly similar to their 2020 observations.\r\n\r\nGaps and Erosion: Blackpoint AIM Plot 01 is located in a Rangeland LOAMY 8-10 P.Z. ecosite (R025XY019NV) in a former / Artemisia tridentata ssp. Wyomingensis / Achnatherum thurberianum - Achnatherum hymenoides (Wyoming big sagebrush / Thurber's needlegrass - Indian rice grass) vegetation communities. Canopy cover had infrequent gaps for the most part, and they varied in size throughout the plot. Due to the rare gaps, soil and hydrologic function were somewhat impaired on the plot, but not enough to cause a large departure from expected site stability. Erosion was only observed in a few pedestals, though deposition/runoff was widespread.\r\nSpecies Richness: Eight (8) different plant species were observed within the 2,827.4 square meter monitoring plot.\r\n2022: Gaps 25-50cm and 51-100cm both saw increases from their 2020 observations but are still being observed in low percentages, 11.1% and 5.4%, respectively. Additionally, no gaps >200cm were observed, indicating higher levels of cover and potentially soil stability.\r\n2020 Recommendations:\r\nThe ESR rehabilitation objectives have not been met for these treatments. Seeded species were rarely observed on the plot and the presence of invasive annuals was widespread. An allotment closure was issued for the Cornucopia allotment, West pasture where Plot 01 is located. The allotment closure objective of three perennial grasses per square meter has not been met. It is recommended that the area is given additional rest and that methods that allow for cheatgrass control are implemented.\r\n\r\nESR 2022\r\nS5/R5 Noxious Weeds Results \r\n2020: 50 acres of the area were treated with LF32 funds. \r\nRecommendations: Inventory and treatment of noxious weeds would continue into year three. Aggressive treatment and inventory will control the noxious species that are present in the fire area now. \r\n2022: No treatments were completed since 2020. \r\nRecommendations: Inventory and treatment of noxious weeds should continue into the future. Aggressive treatment and inventory will control the noxious species that are present in the fire area now. \r\nS12 Closures \r\n2020: There were no trespass cattle observed on the plot during the first monitoring year. \r\nRecommendations: The area should remain closed to allow for the establishment of seeded species and until vegetation recovery objectives can be met. \r\n\r\nPART 9 \u2013 RECOMMENDATIONS/CONCLUSIONS \r\nThe Black Point fire will continue to have residual effects across the landscape for many years, but the planning, treatments, and monitoring accomplished in the last year have provided a steppingstone to continue with the restoration efforts throughout the burn area. One of the biggest lessons learned is that restoration takes time when you are dealing with environmental effects. There are many factors that go into restoring burn areas, some are human, but many are environmental. Goals and objectives will continue to be developed for restoring the Black Point Fire and the lessons learned from this fire will be used for future planning in Emergency Stabilization and Rehabilitation.",Polygon,Confirmed,Digitized by LTDL data entry personnel using a confirmed map,6/8/2020,2986.22,2961.78,,Unknown,"Cover for wildlife, Establishment of seeded species, Forage for wildlife, Habitat for antelope, Habitat for elk, Habitat for mule deer, Habitat for greater sage grouse, Habitat for wildlife, Habitat productivity, Habitat quality","Provide essential forage and cover for greater sagegrouse,\r\nmule deer, and antelope, and will promote structural and species diversity within the\r\nburned area",,,,,,12:01:00
Model 18,Nothern Basin and Range,Post-burn aerial & drill seeding,54120,21241,Implemented,See Comments,2,2/9/2018,2/10/2018,Acres,2305.5,Seeding,Aerial Seeding,Aerial Seeding,-1,Planned seed list,Black Point Aerial,Seeds,Plan,Unknown,Species Specific,"Conflicting information between seed list from monitoring report and additional list in documents. Monitoring report seed lists matches plan, while the other list includes the date of implementation. The latter list does not include Basin Big Sagebrush, and has 15 less bulk lbs of Western Yarrow needed.",The objective of the aerial seeding treatment is to revegetate the burned area with a\r\nwell-adapted array of species that will provide essential forage and cover for wildlife including\r\nsage-grouse and will promote structural and species diversity within the burned area.\r\nObjectives of the treatment will be to establish three sagebrush seedlings within 3 square\r\nmeters and 1 forb species (yarrow) per square meter in post-fire monitoring within two\r\ngrowing seasons.,"Aerial seed approximately 6,861 acres with species appropriate for the site based on resistance, resilience, ecological site descriptions, and wildlife habitat concerns in the fall/winter of 2017/2018. Seed would be applied using an every third swath pattern (2,287 actual seeded acres).\r\nThe Elko BLM continues to have great success establishing the below mentioned species aerially without follow up treatment. This can be observed on numerous recent fires where seed was applied aerially on top of the snow. Aerial seeding would be coordinated with snowfall conditions, if time permits.\r\nAerial Mix-Aerial seed approximately 6,861 acres of PHMA and GHMA Greater sage-grouse habitat, crucial winter elk and pronghorn summer range habitat, with a mixture of Wyoming sagebrush, basin big sagebrush, and western yarrow, using an every third swath pattern (2,287 actual acres seeded).","The seed mix was comprised of Western yarrow (Achillea millefolium v. occidentalis),\r\nWyoming Big Sagebrush (Artemesia tridentata sbsp wyomingensis), and Basin Big Sagebrush\r\n(Artemesia tridentata sbsp tridentata).","S3 Aerial Seeding\r\n2019 Density Results:\r\nDensity: The seed mix was comprised of Western yarrow (Achillea millefolium v. occidentalis),\r\nWyoming Big Sagebrush (Artemesia tridentata sbsp wyomingensis), and Basin Big Sagebrush\r\n(Artemesia tridentata sbsp tridentata). The rehab objective of 3 firmly rooted sagebrush per 3\r\nsquare meters has not been met. There were 0.00 seeded sagebrush per three square meters. The\r\nobjective of one seeded perennial forb per one square meter was not met, either. There were 0.00\r\nseeded yarrow seedlings per square meter. Regrowth of bluebunch wheatgrass, a large-form\r\nperennial bunchgrass, was observed on the plot.\r\nS2 Drill Seeding and S3 Aerial Seeding\r\n2019 AIM Data Results:\r\nCover: Average foliar canopy cover was high (60.7%) in part due to dominance of cheatgrass\r\n(Bromus tectorum) (38.7% cover) and tall annual willowherb (Epilobium brachycarpum) (25.3\r\n% cover). Perennial forbs did not contribute to cover at all and perennial grasses only contributed\r\n8.7% cover. The dominant species in this plot were annuals and more time will be needed for\r\nperennial seedling establishment.\r\nGaps and Erosion: Blackpoint AIM Plot 01 is located in a Rangeland LOAMY 8-10 P.Z. ecosite\r\n(R025XY019NV) in a former / Artemisia tridentata ssp. wyomingensis / Achnatherum\r\nthurberianum - Achnatherum hymenoides ( / Wyoming big sagebrush / Thurber's needlegrass -\r\nIndian ricegrass) vegetation communities. Canopy cover had infrequent gaps for the most part,\r\nand they varied in size throughout the plot. Due to the rare gaps, soil and hydrologic function\r\nwere somewhat impaired on the plot, but not enough to cause a large departure from expected\r\nsite stability. Erosion was only observed in a few pedestals, though deposition/runoff was\r\nwidespread.\r\nSpecies Richness: Eleven (11) different plant species were observed within the 2,827.4 square\r\nmeter monitoring plot.\r\n2020 Density Results:\r\nDensity: The seed mix was comprised of Western yarrow (Achillea millefolium v. occidentalis), Wyoming Big Sagebrush (Artemesia tridentata sbsp wyomingensis), and Basin Big Sagebrush (Artemesia tridentata sbsp tridentata). The rehab objective of 3 firmly rooted sagebrush per 3 square meters has not been met. There were 0.00 seeded sagebrush per three square meters. The objective of one seeded perennial forb per one square meter was not met, either. There were 0.00 seeded yarrow seedlings per square meter. Regrowth of bluebunch wheatgrass, a large-form perennial bunchgrass, was observed on the plot.\r\nS2 Drill Seeding and S3 Aerial Seeding\r\n2020 AIM Data Results:\r\nCover: Average foliar canopy cover was low (20%) in part due to dominance of cheatgrass (Bromus tectorum) (14% cover) and tall annual willowherb (Epilobium brachycarpum) (12.7% cover). Perennial forbs did not contribute to cover at all, and perennial grasses only contributed 4.7% cover. The dominant species in this plot were annuals and more time will be needed for perennial seedling establishment.\r\nGaps and Erosion: Blackpoint AIM Plot 01 is located in a Rangeland LOAMY 8-10 P.Z. ecosite (R025XY019NV) in a former / Artemisia tridentata ssp. wyomingensis / Achnatherum thurberianum - Achnatherum hymenoides (Wyoming big sagebrush / Thurber's needlegrass - Indian rice grass) vegetation communities. Canopy cover had infrequent gaps for the most part, and they varied in size throughout the plot. Due to the rare gaps, soil and hydrologic function were somewhat impaired on the plot, but not enough to cause a large departure from expected site stability. Erosion was only observed in a few pedestals, though deposition/runoff was widespread.\r\nSpecies Richness: Eight (8) different plant species were observed within the 2,827.4 square meter monitoring plot.\r\n\r\nESR 2022 Summary Report\r\nS2 Drill Seeding/S3 Aerial Seeding\r\nDensity Results \r\n2022: The rehab objectives still have not been met. No seeded shrubs nor forbs were observed in the density plots. The seeded grass species were observed at 0.17 per square meter and minimal numbers of native regrowth was observed with the highest density being 1.63 forbs/m2. \r\nAIM Data Results \r\nCover \r\n2022: Average foliar canopy cover increased to 52.3% with a surge in annual forbs (37.1%) and a large decrease of annual grasses (cheatgrass), down to 1.5% total. Bare ground and litter both also showed decreases from 2020, while other indicators remained fairly similar to their 2020 observations.\r\nGaps and Erosion \r\n2022: Gaps 25-50cm and 51-100cm both saw increases from their 2020 observations but are still being observed in low percentages, 11.1% and 5.4%, respectively. Additionally, no gaps >200cm were observed, indicating higher levels of cover and potentially soil stability.\r\nS2 Drill Density Results \r\n2022: No seeded species were observed on plot. However, natural regrowth of small form perennial grasses and forb species were observed in high levels of density at 32.83/m2 and 3.75m/2. Large form perennial grasses and shrubs had a smaller presence but were observed at 0.50/m2 and 0.25/m2 respectively and could potentially continue to increase given their cover presence on the plot and continued rehabilitation of the site. \r\nAIM Data Results \r\nCover \r\n2022: Cover was very high at 82.0% with both annual and perennial grasses being most dominate on the site. Annual forbs and annual grasses both outperformed their perennial counterparts, something to continue to monitor in the future in order to determine trend on the plot.\r\nGaps and Erosion \r\n2022: All gaps were observed in lower amounts with the largest amount being observed in the 25-50cm range at just 6.5%, while gaps >200cm were not observed at all on the plot. The low amounts of gap on the plot could indicate higher levels of soil stability and opportunity for plot rehabilitation.\r\n2022: Species richness was observed at a moderate level with 20 species total, perennial forbs were strongest at 8 total species while annual forbs came in second at 5. Perennial grasses outnumbered their annual counterpart. Shrubs also had a strong showing at 3 separate species, Wyoming big sagebrush, Mountain big sagebrush, and one unknown shrub.\r\nAerial Herbicide, S2 Drill Seeding\r\nDensity Results: \r\n2022: Density on Black Point 05 was the most successful of all the Black Point points, with seeded grasses observed at 6.50/m2. Additionally, natural regrowth of shrubs were the most successful at 0.75/m2, which when combined with 8% cover, also the highest of all the plots, shows promise for the site continuing to improve with time. \r\nAIM Data Results: \r\nCover \r\n2022: Cover is fairly low across the plot but perennial grasses and shrubs were the most abundant indicators on the plot at 13.3% and 8.0% respectively. Annual grasses were very low at 0.4%.\r\nGaps and Erosion \r\n2022: As can be expected with the lower amount of cover across the plot, gaps were much more prevalent on this site than the others. Of particular concern is the 37.2% 101-200cm range and the 26.6% >200cm range. The lower foliage combined with the higher amount of large gaps would be concerning except that cheatgrass is very low and perennial grasses/shrubs dominate the foliage that is there.\r\n2022: Species richness was relatively low on Black Point 05 at 17 different species recorded. Perennial grasses had 8 different species recorded including Sandberg bluegrass, Great Basin wildrye, Siberian wheatgrass, and Indian ricegrass, for examples. Shrubs were also in relatively high numbers and consisted of Wyoming big sagebrush, Yellow rabbitbrush, and one unknown shrub.",Polygon,Confirmed,Digitized by LTDL data entry personnel using a confirmed map,6/8/2020,6837.94,6819.63,"Treatment acres less than half of feature acres, see treatment notes.",Unknown,"Cover for wildlife, Establishment of seeded species, Forage for wildlife, Habitat for antelope, Habitat for elk, Habitat for mule deer, Habitat for greater sage grouse, Habitat for wildlife, Habitat productivity, Habitat quality",Provide essential forage and cover for wildlife including\r\nsage-grouse and will promote structural and species diversity within the burned area.,,,,,The shapefile for this treatment was created using the paper map in the documentation. It is impossible to capture the true swath flight paths manually. This may be why there is an over calculation of the GIS acres.,44:22:00
Model 18,Nothern Basin and Range,Post-burn aerial & drill seeding,54388,21290,Implemented,See Comments,2,9/29/2011,10/11/2011,Acres,944,Seeding,Drill Seeding,Ground Seeding: Drill,-1,Confirmed seed list,,Seeds,Confirmed on Paper,Unknown,Species Specific,Mix of grass and forb.\r\n\r\nLadak Alfalfa PLS range was 92.99 to 93.94,"The objective of the seeding treatment is to establish a perennial dominated plant community within 3 years. The following grass and forb density objectives are based on ecological site potential. The drill seed treatment would be considered successful if: the seeded grass and forb species reach densities of: 1) 3 plants per square meter for grasses. 2) 0.25 plants per square meter for forbs.\r\n\r\nESR/Rehab, establish perennial vegetation\r\nTreatment/Activity: S2 Ground Seeding The RMP states under the Soil, Water, and Air\r\nSection (II-: 78) that BLM should, ""minimize soil erosion by maintaining good, perennial\r\nvegetation cover on all sites."" The RMP also states under the range improvement section (p II-\r\n80 & 81) that, ""interseeding and reseeding projects in MUAs1 with objectives to maintain\r\nwildlife habitat ... will use shrub, forb, and grass seed mixtures that are normally found in that\r\ntype of ecological zone/type."" The RMP in the Rehabilitation Section (p. II-89) states ""Seeding\r\nwill include appropriate seed mixtures to replace wildlife habitat that is burned."" The proposed\r\nseeding will help stabilize soils, reduce the potential for introduction and spread of non-native\r\ninvasive plants and noxious weeds, and improve wildlife habitat.","A. Treatment/Activity Description. This treatment involves seeding the BLM portion of the\r\nburned area (944 acres) with a mixture of Anatone Bluebunch and Vavilov Siberian wheatgrass,\r\nAppar Blue Flax and Ladak Alfalfa. Seeding would occur shortly after approval of the plan and\r\nwould involve the use of a rangeland drill and tractor or similar implements. A Cultural\r\nResource inventory is required prior to ground seeding activities; important sites will be avoided\r\nby mechanized equipment and hand seeded to stabilize and mask site locations.",Seed was applied in dry to moist conditions using four rangeland drills. Seed was pre-mixed by ESR specialists. The following seed mix was applied at bulk rate:\r\n\u2018Anatone\u2019 bluebunch wheatgrass @ 5.03 lbs/acre\r\n\u2018Vavilov\u2019 Siberian wheatgrass @ 2.01 lbs/acre\r\n\u2018Appar\u2019 blue flax @ 0.26 lbs/acre\r\n\u2018Ladak\u2019 alfalfa @ 1.00 lbs/acre,"Examination of the burned area on a June 6, 2013, site visit by the fire ecologist revealed that seeding establishment was spotty. Some areas had large patches of well-established seeded species. Other areas were dominated by cheatgrass and/or on-site natives including Sandberg bluegrass and bottlebrush squirreltail. Seeded species were observed to be present in drill rows in these areas, but at much lower density.\r\n\r\nMonitoring results for 2014 indicate good recovery of on-site native perennial grasses and crested wheatgrass, with some establishment of seeded species. Cheatgrass is steadily decreasing in both cover and density.\r\n\r\nCLOSEOUT CONCLUSIONS: The area was dominated by Wyoming big sagebrush prior to burning. The crested wheatgrass in the understory was undetected \u2013 this often occurs in areas with old seedings that have been reinvaded by sagebrush. The crested wheatgrass is resilient following fire, but may compete to some degree with seeded species. This competition with seeded species has been observed with other recent ESR projects. However, seeding following fire can help diversify old seedings where the plants are not dense and can fill in areas not previously seeded.\r\nBetween seeding and natural recovery of perennial plants, the burned area is stable against dominance by invasive species and erosion by water and wind. One of the greatest threats to the site appears to be continued encroachment of Scotch thistle from adjacent private land.",Polygon,Confirmed,"Digitized by BLM field office personnel, method unknown",None,944.01,943.7,,Contractor,"Erosion, Fire hazard, Forage quality, Habitat for sage grouse, Habitat quality, Habitat for wildlife, Hazardous fuels reduction, Invasion by cheatgrass, Invasion by non-native annuals, Invasive species, Loss of desirable species, Loss of farming structures, Loss of native species, Loss of native vegetation, Loss of perennials, Loss of sagebrush, Loss of vegetation, Noxious weeds, Sensitive species, Vegetal cover, Wildlife in treated area","The fire burned intensely removing the vegetative cover which existed in the area. This treatment\r\nwill restore the vegetative cover and provide competition against cheatgrass and other invasive\r\nplants while providing soil stabilization.\r\n\r\nThis treatment conforms to the current land use plan and the Normal Fire Rehabilitation plan for\r\nthe field office. Without the treatment, the area would be subject to invasion by noxious weeds\r\nand invasive cheatgrass.",,,Other (See Trt Notes),dry to moist conditions,,18:25:00
Model 18,Nothern Basin and Range,Post-burn aerial & drill seeding,54389,21290,Implemented,Unknown,2,12/8/2011,12/8/2011,Acres,944,Seeding,Aerial Seeding,Aerial Seeding: Rotor Wing,-1,Confirmed seed list,,Seeds,Confirmed on Paper,Unknown,Species Specific,,"ESR/Rehab, Re-establish sagebrush\r\nThe aerial seed treatment of sagebrush would be considered effective if:\r\n1) Sagebrush seedlings average 0.1 seedlings per square meter across all density plots; or\r\n2) In qualitative surveys they are found to be common.","Treatment/ Activity S3 Aerial Seeding The RMP states under the Soil, Water, and Air Section\r\n(II-77),""Soils will be managed to maintain productivity and minimize erosion."" Additionally the\r\nRMP (II-78) states that BLM should, ""minimize soil erosion by maintaining good, perennial\r\nvegetation cover on all sites."" The proposed aerial seeding will help to accomplish the above\r\nstatements while still minimizing impacts to the area.",Wyoming big sagebrush seed was applied at a rate of approximately 1.02 lbs bulk seed/acre. The seed was applied to bare ground. The project was completed using one helicopter and one sling-type bucket.,"2013 Examination: No sagebrush seedlings were observed; however, search for seedlings was not exhaustive. Sagebrush seedlings were also not detected by monitoring.\r\n\r\nCloseout report: Detection of sagebrush seedlings was sparse. However, past monitoring has shown that seedlings often escape detection until they are tall enough to be seen amongst the grasses, which typically takes 5 to 7 years. The area will be monitored, when possible, to continue to evaluate success of the treatments.",Polygon,Confirmed,"Digitized by BLM field office personnel, method unknown",None,944.01,943.7,,Contractor,"Erosion, Fire hazard, Forage quality, Habitat for sage grouse, Habitat quality, Habitat for wildlife, Hazardous fuels reduction, Invasion by cheatgrass, Invasion by non-native annuals, Invasive species, Loss of desirable species, Loss of farming structures, Loss of native species, Loss of native vegetation, Loss of perennials, Loss of sagebrush, Loss of vegetation, Noxious weeds, Sensitive species, Vegetal cover, Wildlife in treated area",The fire removed the sagebrush cover which existed in the area. This treatment should be\r\neffective in restoring the sage grouse habitat while providing for soil stabilization and\r\ncompetition against invasive plants and weeds.,,,,,,18:32:00
Model 18,Nothern Basin and Range,Post-burn aerial & drill seeding,54929,21382,Implemented,See Comments,2,9/18/2019,10/9/2019,Acres,366,Seeding,Drill Seeding,Ground Seeding: Drill,-1,Confirmed seed list,Drill seeding mix,Seeds,Confirmed on Paper,Unknown,Species Specific,Alkali Sacaton thrives in alkali soils which are present throughout the burned area. It also\r\nis drought tolerant and is found growing in open areas. This species was selected due to its\r\nability to stabilize disturbed areas and help combat with annual invasive species found\r\nthroughout the area.,"The proposed drill seeding will provide input to the seed bank, provide competition for an expected increase in annual vegetation and noxious weeds, and provide short to long-term stability to soils.\r\nThe objective of the seeding treatments is to establish a perennial dominated plant community within 3 years. The following grass, forb, and shrub density objectives are based on ecological site potential.\r\nThe drill seed treatment would be considered successful if:\r\nThe seeded grass and forb species reach densities of:\r\n1) 3 plants per square meter for grasses;\r\n2) 0.3 plants per square meter for forbs","Drill seeding will occur on 375 acres in the Fall of 2019. A portion of the Geothermal Fire has been seeded from a previous wildfire in 1999. Primarily, the areas that have no record of past seeding will be drill seeded. Pre-burned conditions in areas that were previously seeded were in good condition. Grass seeding efforts will focus mainly on the non-seeded burned areas.\r\n\r\nPrior to the fire, the proposed drill seed treatment area contained a native sagebrush plant community with a moderate to high component of cheatgrass. Known locations of noxious weeds are located in and around the burned area. The proposed drill seed treatment area is at high risk for degradation by noxious weeds and invasive plants if left unseeded. Without establishment of a desirable perennial dominated plant community, it is expected that annual vegetation would dominate the plant community and negatively affect soil stabilization and wildlife habitat in the long term. Fire frequency would also increase with annual vegetation dominance thus reducing plant community structure and diversity. The proposed treatment is consistent with current policy for fuels management and wildlife habitat management. In addition, the species selected are adapted to low elevation areas (8-12\u201d ppt.) zones (USDI 2008). The drill seeding costs can vary year to year (approximately $140/acre) but are typical for projects of this type.","This project consisted of drill seeding an area of approximately 366 acres within the 597 acre Geothermal fire. Three rangeland drills and one BLM tractor were used. Please see the attached map for the project location. The project was completed by ESR Staff and Twin Falls District Fire Crew. The project was started on September 18, 2019 and completed on October 9, 2019.","FY 20 Monitoring Results \r\n2020 results are presented in FY 21 section. \r\nFY 21 Monitoring Results \r\nSecond year post-treatment effectiveness monitoring was conducted by contract (GeomorphIS/Pyramid Botanical Consultants) June 6, 2021, following the monitoring methods described above. \r\nDrill seeding treatment \r\nTwo years post-treatment the total density of seeded grass species on the Geothermal ESR project was 5.8 plants/m2, exceeding the treatment objective (Table 3). Siberian wheatgrass (Agropyron fragile) and Russian wildrye varieties (Psathyrostachys juncea) dominated, with Snake River wheatgrass (Elymus wawawaiensis) also present (Tables 3-4). Alkali sacaton (Sporobolus airoides) and Munroe globemallow (Sphaeralcea munroana) did not occur on monitoring transects (Tables 3-4). \r\nCover of cheatgrass (Bromus tectorum) was higher in 2021 than in 2020, but density was lower (Tables 3-4). Invasive annual forbs were present on all plots, and included saltlover (Halogeton glomeratus), tall tumblemustard (Sisymbrium altissimum), redstem stork\u2019s bill (Erodium cicutarium), and Russian thistle (Salsola tragus). Noxious species were not present.\r\nFY 22 Monitoring Results \r\nThird year post-treatment effectiveness monitoring was conducted by contract (GeomorphIS/Pyramid Botanical Consultants) May 31, 2022, following the monitoring methods described above. \r\nQuantitative Data \r\nDrill seeding treatment \r\nThree years post-treatment the total density of seeded grass species on the Geothermal ESR project was 13.91 plants/m2, a significant increase from the 5.8 plants/m2 measured in 2021, and well exceeding the treatment objective (Table 4). Siberian wheatgrass and Russian wildrye varieties continued to dominate in terms of cover and density, but while Snake River wheatgrass was not recorded on monitoring transects in 2022 (Tables 3-4), alkali sacaton did contribute to cover in 2022 (Tables 3-4). Munroe globemallow continued to not occur on monitoring transects in 2022 (Tables 3-4). Cover of other grass species decreased significantly between 2021 and 2022 (Table 3). \r\nCover and density of cheatgrass was significantly higher in 2022 than in previous monitoring years (Tables 3-4). Invasive annual forbs also increased throughout the project area in 2022, with saltlover common to abundant on most monitoring plots.\r\n2022 Summary \r\nDrill seeding treatment \r\nThree years post-treatment, perennial cover on the Geothermal ESR project area was lower than the previous year, although seeded grass density still well exceeded the treatment objectives. Seeded forbs were not recorded on monitoring transects, though occasionally observed at low abundance in qualitative observations. Recovery of pre-burn native species contributed to perennial cover, with greasewood, Mojave seablite, and Sandberg bluegrass, and the non-native crested wheatgrass common in the project area. Russian thistle was common to abundant in portions of the project area. Tall tumblemustard, while pervasive on the project in 2022, was only observed at low abundance, in contrast to many other areas in southern Idaho where it was vigorous and abundant in response to spring rains.",Polygon,Confirmed,"Digitized by BLM field office personnel, method unknown",,365.2,365.2,,BLM,"Brush control, Competition for resources, Encroaching vegetation, Establishment of seeded species, Habitat for sage grouse, Invasive species, Livestock in treated area, Loss of desirable species, Loss of native species, Loss of native vegetation, Loss of perennials, Loss of vegetation, Noxious weeds, Vegetal cover","The fire has negatively impacted soil stability and seed bank resources. The proposed drill seeding will provide input to the seed bank, provide competition for an expected increase in annual vegetation and noxious weeds, and provide short to long-term stability to soils (USDA Forest Service, 2004). The assemblage of perennial species utilized in the seed mix will provide stability to the soils by occupying various aspects of the soil profile. After the first growing season, this treatment will provide varying degrees of root systems and vegetative ground cover to stabilize slopes. By providing the stability necessary to hold soils on site during the first two years, hydrologic function is also protected. The accelerated rate of re-vegetation with native species will aid in the recovery of the native seed bank and help return soil stability and site productivity.",,,,,,52:19:00
Model 18,Nothern Basin and Range,Post-burn aerial & drill seeding,54932,21382,Implemented,Unknown,2,1/23/2020,1/23/2020,Acres,583,Seeding,Aerial Seeding,Aerial Seeding,-1,Confirmed seed list,Aerial sagebrush seeding mix,Seeds,Confirmed on Paper,Unknown,Species Specific,Rate of application was approximately 1.0 pounds bulk seed per acre. The seed consisted of 600 pounds of Wyoming Sage.,"The objective of this treatment is to re-establish a desirable perennial plant community that more closely matches the structural and species composition and diversity of the native plant community to help achieve a healthy, functioning rangeland. Accelerating the rate of re-establishment of sagebrush is important to maintaining the value of the areas as sage-grouse habitat. Sagebrush is also an important component of suitable habitat for a number of sensitive sagebrush obligate species. The wildfire intensity impacted existing sagebrush cover which would not recover naturally without providing additional seed source.\r\nThe objective of the seeding treatments is to establish a perennial dominated plant community within 3 years. The following grass, forb, and shrub density objectives are based on ecological site potential.\r\nThe aerial seed treatment of sagebrush would be considered effective if:\r\n1) Sagebrush seedlings average 0.1 seedlings per square meter across all density plots; or\r\n2) In qualitative surveys they are found to be common.","Prior to the fire, the proposed sagebrush seeding area contained mainly a native Wyoming big sagebrush plant community. This community provided crucial wildlife habitat. Without accelerated establishment of desirable sagebrush cover it is expected that wildlife habitat will be negatively affected in the long-term by reduction of plant community structure and diversity.\r\nThe proposed treatment is consistent with current policy for sage-grouse habitat management. Contracting costs for aerial application are typical for the Burley Field Office area. Sagebrush seed costs can vary from year to year dependent on availability, but generally average about $40/acre.","This project consisted of aerial seeding 583 acres of BLM land. This was an aerial Wyoming Sagebrush seeding in the Geothermal Project Area, in the Burley Field Office. The seed was applied to bare muddy ground on some areas and snow-covered ground in other areas. The weather conditions were ideal with very little wind on the seeding day.\r\nThe contractor was High Desert Aviation, Inc of Gooding, ID. The project was started and completed on January 23, 2020.","FY 20 Monitoring Results \r\n2020 results are presented in FY 21 section. \r\nFY 21 Monitoring Results \r\nSecond year post-treatment effectiveness monitoring was conducted by contract (GeomorphIS/Pyramid Botanical Consultants) June 6, 2021, following the monitoring methods described above. \r\nAerial sagebrush treatment \r\nWyoming big sagebrush was not observed on density belts in 2020 or 2021 (Table 5). \r\nQualitative Data \r\nThe Geothermal ESR project area was characterized by well-established drill-seeded perennial grass species 2 years post-treatment. Monitoring photo points show increases in perennial vegetation cover from first- to second-year post-treatment monitoring (Figures 2-5). Species diversity was low to moderate. Recovery of pre-burn vegetation including the perennial grasses crested wheatgrass (Agropyron cristatum) and Sandberg bluegrass (Poa secunda) and the shrubs greasewood (Sarcobatus vermiculatus) and Mojave seablite (Suaeda moquinii) contributed significantly to perennial vegetation cover. Although not present on monitoring transects, the drill seeded alkali sacaton was observed on 4 of the 6 monitoring plots, and Munroe globemallow was observed on 3 plots. Wyoming big sagebrush seedlings were observed on 2 monitoring plots, and a patch of surviving Wyoming big sagebrush was observed near 1 monitoring plot.\r\nFY 22 Monitoring Results \r\nThird year post-treatment effectiveness monitoring was conducted by contract (GeomorphIS/Pyramid Botanical Consultants) May 31, 2022, following the monitoring methods described above. \r\nAerial sagebrush treatment \r\nWyoming big sagebrush was not observed on density belts in any monitoring year (Table 5).\r\nQualitative Data \r\nThe Geothermal ESR project area continued to support a well-established perennial grass community 3 years post-treatment, however overall grass cover declined and cheatgrass and invasive annual forbs increased in 2022. Monitoring photo points show increases in perennial vegetation cover from first- to third-year post-treatment monitoring, but also an increase in cheatgrass and annual forbs between 2021 and 2022 (Figures 2-5). Recovery of pre-burn vegetation continued to contribute significantly to perennial vegetation cover in 2022. Wyoming big sagebrush seedlings were observed on only 2 monitoring plots.\r\n2022 Summary \r\nAerial sagebrush seeding treatment \r\nSagebrush did not meet threshold densities for treatment success, nor was it observed to be common across the landscape in qualitative surveys, thus this treatment did not meet objectives. Qualitative observations found Wyoming big sagebrush on 2 macroplots on the Geothermal ESR project area, but these were survivors of the fire, and no seedlings were observed. The dry conditions of 2020 and 2021 in the project area likely contributed to the lack of sagebrush establishment. Sagebrush recruitment is highly weather dependent, with adequate moisture and cool temperatures essential for successful establishment (Meyer 1994).",Polygon,confirmed,Digitized by LTDL data entry personnel using a planned map,9/14/2020,599.66,599.63,,Contractor,"Brush control, Competition for resources, Encroaching vegetation, Establishment of seeded species, Habitat for sage grouse, Invasive species, Livestock in treated area, Loss of desirable species, Loss of native species, Loss of native vegetation, Loss of perennials, Loss of vegetation, Noxious weeds, Vegetal cover","The entire BLM burned area would be aerially seeded with a Wyoming big sagebrush seed in the winter of 2020. The specie is conducive to being applied aerially, and has been successfully used in nearby projects.",,,,,"The Geothermal fire negatively affected 27 acres of sage-grouse IHMA and 564 acres of GHMA. The burn also negatively affected year round habitat for big game. The loss of sagebrush cover reduced important browse and thermal cover for sage-grouse. Sage-grouse and other big game species are dependent on Wyoming sagebrush plant communities for all or a dominant portion of their nutritional and habitat needs. The availability and nutritional quality of big sagebrush for forage and cover is especially important during the winter. Due to impacts resulting from the recent wildfire, the existing vegetation resource is not capable of providing either marginal or suitable habitat conditions for sage-grouse or big game. High fire intensities have impacted seed bank sources for sagebrush habitat recovery, therefore previous habitat conditions are not expected to recover naturally without a seeding effort.",30:41:00
Model 18,Nothern Basin and Range,Post-burn aerial & drill seeding,57093,20513,Implemented,See Comments,2,1/25/2018,1/25/2018,Acres,884,Seeding,Drill Seeding,Ground Seeding: Drill,-1,Confirmed seed list,East Drill Mix Native,Seeds,Confirmed on Paper,Unknown,Species Specific,,"For the purposes of biotic integrity, establish densities of native forbs to 1 per square meter, native shrubs to 0.3 per square meter, grasses 3 per square meter, non-native shrubs (kochia) 1 per square meter within 2-5 years.","East Mix Native - Drill seed approximately 884 acres of PHMA GRSG habitat, year-round elk habitat, and summer range pronghorn habitat with a mixture of bluebunch wheatgrass, basin wildrye, Indian ricegrass, and Lewis flax. Only native species are proposed for this mix in order to minimize impacts to occupied habitat for GCM.","The Drill East Treatment seed mix was applied via rangeland drill to the public burned land in accordance with the ecological sites and elevation and was comprised of Bluebunch Wheatgrass, Lewis Flax, Indian Ricegrass, and Great Basin Wildrye. Rehabilitation objectives are considered successfully met when one native forb per square meter and 3 grasses per square meter are established.","2019: In AIM Plot 04, only some seeded bluebunch wheatgrass and Lewis flax were observed. Native recovery of small and large form grasses was notable and was composed of needle and thread grass and Sandberg\u2019s bluegrass.\r\n2020: In AIM Plot 04, no seeded grasses were recorded during density measurements. Regrowth of needle and thread grass and Sandberg bluegrass makes up the majority of the plot\u2019s recovered.\r\n2019 Cover: Annual grasses (cheatgrass) had the highest cover (25.3%). Annual forbs had the second highest cover and included the competitive desert madwort at 16.7% cover. Needle and thread grass was common on the plot (6.7% cover).\r\n2020 Cover: Cheatgrass and desert madwort had the highest cover. Remaining perennial species includes Sandberg bluegrass, yellow rabbitbrush, and Wyoming big sagebrush. Collectively annual species had higher cover on the site than perennial species.\r\n2019 Canopy Gaps: Canopy gaps were primarily greater than 200cm long and represented 83.7% of the average 25m transects. Minimal canopy cover is a concern for soil stability on the site as it leaves more bare ground susceptible to wind and water erosion.\r\n2020 Canopy Gaps: The majority of gaps occurred between 51 and 100 cm long, and occupied 41.2% of the average 25m transects. This is an improvement from 2019 observations\r\n2019 Species richness: Nineteen different plant species were observed within the 2,827.4 square meter-monitoring plot.\r\nEcological sites and Erosion:\r\nDry Gulch AIM Plot 04 is located in a Rangeland Ashy Loam 10-12\u201d P.Z. R025XY066NV site in a former / Artemisia tridentata / Pseudoroegneria spicata ssp. spicata \u2013 Achnatherum thurberianum (/ big sagebrush / bluebunch wheatgrass \u2013 Thurber\u2019s needlegrass) vegetation community.\r\n2019: A stream was observed on the edge of the plot, along with common water flow patterns and deposition/runoff, and common pedestals. These observations are moderate departure from expected erosional conditions on the plot and erosion is a concern for the site stability.\r\n2020: The same stream was observed on the edge of the plot, along with common water flow patterns and deposition/runoff, and common pedestals.\r\n\r\nDrill East Treatment Recommendations 2019:\r\nMonitoring results in the treatment area have shown that rehabilitation objectives have been partially met in the second growing season. The seeded grasses and forbs have begun to establish but have not met the rehabilitation success threshold. There was an allotment closure issued for the Bluff Creek allotment, Bluff Creek Native pasture where Plot 04 is located. The allotment closure objective of three perennial species per square meter was met but it is advised that the area is given additional rest as it would benefit from the seeded forb and grass establishment to provide sage grouse preferred forage.\r\n\r\nDrill East Treatment Recommendations 2020:\r\nMonitoring results in the treatment area have shown that rehabilitation objectives have not been met in the third growing season. No seeded grasses and forbs were recorded. There was an allotment closure issued for the Bluff Creek allotment, Bluff Creek Native pasture where Plot 04 is located. The allotment closure objective of three perennial species per square meter was met but it is advised that the area is given proper grazing management as it would benefit from the seeded forb and grass establishment to provide sage grouse preferred forage.",Polygon,Confirmed,Digitized by LTDL data entry personnel using a confirmed map,3/11/2021,778.44,778.44,,Unknown,"Habitat productivity, Habitat quality",For the purposes of biotic integrity.,,,,,Planned cost/acre $78.33\r\n\r\nAIM Plot 04 was not monitored in 2018.,48:42:00
Model 18,Nothern Basin and Range,Post-burn aerial & drill seeding,57622,22019,Implemented,Unknown,2,8/1/2002,8/28/2002,Acres,28429.71,Seeding,Drill Seeding,Ground Seeding: Drill,-1,Confirmed seed list,,Seeds,Confirmed in GIS,Unknown,Unknown,,To complete a drill seeding.,No documentation.,"A drill seeding was completed targeting bitterbrush, native grasses, and mixed sagebrush.",None,Polygon,Confirmed,"Digitized by BLM field office personnel, method unknown",4/8/2021,28429.71,28424.84,,Unknown,"Establishment of seeded species, Habitat productivity, Habitat quality, Rangeland health",Wildfire.,Unknown,No documentation.,Unknown,No documentation.,,50:37:00
Model 18,Nothern Basin and Range,Post-burn aerial & drill seeding,57623,22019,Implemented,Unknown,2,2/1/2003,2/1/2003,Acres,27736.14,Seeding,Aerial Seeding,Aerial Seeding,-1,No seed list,,Seeds,No Seed List,Unknown,Unknown,,To conduct an aerial seeding.,No documentation.,An aerial seeding was completed targeting mixed sagebrush.,None,Polygon,Confirmed,"Digitized by BLM field office personnel, method unknown",4/8/2021,27736.14,27705.92,,Unknown,"Establishment of seeded species, Habitat productivity, Habitat quality, Rangeland health",Wildfire.,Unknown,No documentation.,Unknown,No documentation.,,09:35:00
Model 18,Nothern Basin and Range,Post-burn aerial & drill seeding,57667,22024,Implemented,Successful,1,10/1/2020,3/31/2021,Acres,1225,Seeding,Aerial Seeding,Aerial Seeding,-1,Planned seed list,Aerial Drill Overseed,Seeds,Plan,Unknown,Species Specific,,For the purposes of biotic integrity establish native forbs to 1 per square meter density in post-fire monitoring within 2-4 years. For the purposes of biotic integrity establish native shrubs to 0.3 per square meter density in post-fire monitoring within 3-4 years.,"In winter 2020/2021, aerial seed approximately 1,225 acres (previously treated with imazapic) with Wyoming big sagebrush, Basin big sagebrush, and alfalfa.","Overseeding of previously drill seeded area complete, verified by As Built Map.","2022: The rehabilitation objectives have not been met, again due to a lack of seeded grasses and seeded forbs present. Seeded and native regrowth of perennial grasses was relatively high at 10.5/m2 collectively. Native regrowth of forbs and shrubs are also showing signs of establishment on the plot.",Polygon,Confirmed,Digitized by LTDL data entry personnel using a confirmed map,4/12/2021,1250.58,1250.58,,BLM,"Cover for wildlife, Forage for wildlife, Habitat quality, Loss of desirable species, Loss of sagebrush, Loss of vegetation",Cumulative lose of sagebrush within this area has had a long-term negative impact to GRSG and mule deer as well as all other sagebrush obligate species.,,,,,2020: The drill and aerial overseeding of this portion of the fire has not been completed.,03:48:00
Model 18,Nothern Basin and Range,Post-burn aerial & drill seeding,57668,22024,Implemented,Not Completed,1,10/1/2020,12/1/2020,Acres,1225,Seeding,Drill Seeding,Ground Seeding: Drill,-1,Planned seed list,Drill Mix,Seeds,Plan,Unknown,Species Specific,,For the purposes of biotic integrity establish seeded species to 3 per square meter density in post-fire monitoring within 2-5 years.,"In fall 2020, drill seed approximately 1,225 acres (previously treated with imazapic) with a mixture of Snake River wheatgrass, Sherman big bluegrass, Indian ricegrass, bottlebrush squirreltail, and dryland alfalfa.","In winter of 2020/2021, 4,033 acres of public lands would be drill seeded with a native and non-native mix of grass, forb, and shrub species. The species mix would consist of Russian wildrye, Siberian wheatgrass, Indian ricegrass, Sandberg bluegrass, and blue flax.","ESR 2022 Monitoring Report\r\nR2 Ground, R3 Aerial Seeding\r\nGoose AIM Plot 04 was correlated to a Ceanothus Thicket site on a former Ceanothus velutinus (snowbrush ceanothus) vegetation site on a hill backslope.\r\nDrill seed mix consisted of Snake River wheatgrass (Elymus wawawaiensis), Sherman bluegrass (Poa secunda), Indian ricegrass (Achnatherum hymenoides), and Dryland alfalfa (Medicago sp.).\r\nDensity Results:\r\n2020: The drill and aerial overseeding of this portion of the fire has not been completed. The pre-treatment of the area with aerial imazapic (herbicide) was completed by the Nevada Department of Wildlife. A range of 1 to 7 different perennial species was observed within AIM Plot 04\u2019s density frames.\r\n2021: The rehab objective of 3 seeded bunchgrasses, 1 native forb, and 0.3 shrubs per square meter has not been fully met. No seeded species were observed in the density frames, however native regrowth of forbs and shrubs met the objective goals. Where there were plants observed in 2020 the numbers have decreased in 2021.\r\n2022: The rehabilitation objectives have not been met, again due to a lack of seeded grasses and seeded forbs present. Seeded and native regrowth of perennial grasses was relatively high at 10.5/m2 collectively. Native regrowth of forbs and shrubs are also showing signs of establishment on the plot.\r\nAIM Data Results:\r\nCover\r\n2020: Average foliar canopy cover was over all very low (11.3%) with a large amount of bare ground (50.7%). Plant cover observations through LPI were primarily perennial species with the exception of the presence of yellow salsify. No cheatgrass observations were made in LPI measurements.\r\n2021: Average foliar canopy cover decreased from the low 11.3% last year to 10.67% in 2021. No annuals were observed during Line-Point Intercept though they were observed on the plot. Shrubs increased by 2% but perennial forbs decreased 2.7% from 4.7% in 2020. While annuals have not established dominance on the site there is potential for that since there aren\u2019t many perennials established either.\r\n2022: Average foliar canopy cover increased since 2021 by 6% but still remains low at 16.7% total. Perennial grasses and shrub dominate the foliar cover at 5.9% and 4.3% respectively. No annual grasses were observed and annual forbs remained very low at only 0.5% observed on plot.\r\nGaps and Erosion\r\n2020: The percentages of gap ranges were split in two. The two smallest gap ranges (25-50cm and 51-100cm) each had approximately 13% while the two highest gap ranges (101-200cm and >200cm) each had approximately 24%.\r\nNo rills, gullies, or sheet erosion were observed on the plot. Widespread pedestalling (commonly exposed roots), common deposition/runoff, and moderately long water flow patterns were observed on the plot. This indicates wind and water erosion are common on the plot which could impact future treatment success.\r\n2021: The most frequently observed gap range was >200cm at 45.7% almost twice what it was in 2020. Additionally, the 101-200 range increased by roughly 6% and the two smallest ranges saw decreases in their frequency. No data was collected about signs of erosion on the plot.\r\n2022: The most frequently observed gap range was still >200cm at 40.0%, a reduction of 5.7% but still a significant amount of coverage. Overall, the distribution of gap across the size ranges remained similar to that observed in 2021. Small amount of pedestaling and deposition were observed across the plot.\r\n\r\nSpecies Richness\r\n2020: Perennials outnumbered annuals and the presence of shrub species is a good sign of soil stability and rehabilitation.\r\n2021: Distribution of species types remained similar to 2020. The biggest change was the loss of 6 perennial forbs and 5 total species observed on plot.\r\n2022: Species richness decreased by only 2 since 2021 but there was a shift in distribution in that perennial grasses lost 4 species and annual forbs gained 3. If this trend continues it could have negative consequences for the future health of the plot.\r\nRecommendations\r\n2021: The ESR rehabilitation objectives of the aerial seedings have not been fully met, although some seeded species have been observed and recovery of perennial species is apparent. There was a grazing closure issued for the Goose fire area. The objective of three perennial grasses per square meter has been met (primarily through Poa species regrowth) in the aerial seeding and imazapic treatment areas. It is advised that the area is reviewed and the fire area receive appropriate rest and grazing management so that seeded species may establish as treatments continue.\r\n2022: The ESR rehabilitation objectives of the aerial seedings have not been fully met, although some seeded species have been observed and recovery of perennial species is apparent. There was a grazing closure issued for the Goose fire area. The objective of three perennial grasses per square meter has been met (primarily through Poa species regrowth) in the aerial seeding and imazapic treatment areas. It is advised that the area is reviewed and the fire area receive appropriate rest and grazing management so that seeded species may establish as treatments continue.",Polygon,Confirmed,Digitized by LTDL data entry personnel using a confirmed map,3/19/2024,524.33,524.33,,BLM,"Cover for wildlife, Forage for wildlife, Habitat quality, Loss of desirable species, Loss of vegetation",Cumulative lose of sagebrush within this area has had a long-term negative impact to GRSG and mule deer as well as all other sagebrush obligate species.,,,,,2020: The drill and aerial overseeding of this portion of the fire has not been completed.,48:29:00
Model 18,Nothern Basin and Range,Post-burn aerial & drill seeding,69504,21213,Implemented,Unknown,2,9/15/2019,9/25/2019,Acres,10666,Seeding,Drill Seeding,Ground Seeding: Drill,-1,No seed list,,Unknown,No Seed List,Unknown,Unknown,,Drill seeding of native and non-native species.,"Drill seeding. Unless otherwise directed by the COR, all seeding shall be done on the contour.","Drill seeding completed, verified by GIS attribute table.",Unknown.,Polygon,Confirmed,"Digitized by BLM field office personnel, method unknown",7/20/2020,10674.38,10634.28,Treatment acres slightly greater than feature acres,Unknown,Establishment of seeded species,Wildfire,,,,,,22:59:00
Model 18,Nothern Basin and Range,Post-burn aerial & drill seeding,69518,21213,Implemented,Unknown,2,00/00/2020,00/00/2020,Acres,7738,Seeding,Aerial Seeding,Aerial Seeding,-1,Confirmed seed list,Kochia Greenstrip Mix,Seeds,Confirmed on Paper,Unknown,Species Specific,,To establish greenstrip to reduce fire hazards.,Aerial seeding of Immigrant Forage Kochia.,"Planted forage kochia, verified by map as built.",Unknown,Polygon,Confirmed,Digitized by LTDL data entry personnel using a confirmed map,4/27/2023,8156.93,8122.9,,Unknown,"Establishment of seeded species, Hazardous fuels reduction",To establish greenstrip,,,,,,58:05:00
