Model,Ecoregion,Treatment,Trt_ID,Prj_ID,Plan_Imp,Success,Dates_Confirmed,Init_Date,Comp_Date,Units,Num_Units,Trt_Type_Major,Trt_Type_Sub,Treatment_Type,Treatment_Seeded,Seed_List,Seed_Mix_Name,Seeds_or_Seedlings,Seed_List_Confirmed,Control_Areas,Seed_Application_Rate,Seed_Notes,Objectives,Planned_Implementation,Actual_Implementation,Treatment_Effect_and_Results,Trt_Feature_Type,Feature_Status,How_Feature_Created,Feature_Creation_Date,Total_Acres,BLM_Acres,GIS_Notes,Initiated_By,Trt_Concerns,Trt_Concerns_Desc,Problems_Apply_Trt,Problems_Apply_Trt_Desc,Conditions_At_Trt,Conditions_At_Trt_Desc,Trt_Notes,User_Updated
Model 25,Central Basin and Range,Vegetation disturbance,7265,2626,Implemented,,1,00/00/2014,00/00/2014,,0,Vegetation/Soil Manipulation,Vegetation Disturbance,Tree/Brush Control: Pinyon Juniper Removal - Hand Cutting,0,,,,,,,,,"Vegetation treatment would occur in a mosaic pattern, leaving islands of untreated vegetation. A goal of the treatment would be to create wildlife \u201cedge\u201d on the landscape, since wildlife are known to use areas where open/shrub terrain borders tree areas. Both public lands and private lands would be treated. The following describes the preferred treatment methods, however, a variation of the treatment methods could be included in each site:\r\nIn pinyon and juniper woodland sites and sagebrush sites greater than 30% slope, selective thinning by hand cutting or mastication with machinery would be preferred. In sagebrush sites with dense pinyon and juniper cover, and less than 30% slope, chaining and mastication would be preferred. Hand thinning would occur within riparian areas. Large machinery would not be used for thinning in riparian areas. If hand thinning is used, resulting biomass would either be left onsite or piled and burned. Map 3 shows locations of the preferred treatment method for target areas.  In some areas biomass could be utilized if access is available. Biomass could take the form of ground material and chips, firewood, or posts. It is anticipated that ground material/chips and fuel wood would be the primary form of biomass utilization within the project area. Slash/biomass removal would depend on the type of vegetation treatment method used. Large trees and large tree limbs would be removed from the sites or shredded to small chips and left as mulch on the soil surface to degrade naturally. Some large trees and limbs may be left for woodcutters. The remaining slash/biomass (crushed or cut trees) would either be consolidated and burned following the treatment or left on site to degrade by natural means. Generally, the treatment area would be left open or relatively free of trees, limbs, and slash, since sage-grouse prefer open areas.\r\nPinyon and juniper trees would be selectively thinned at several small spring sources/riparian areas on public land, and at two spring sources/riparian areas on private land (Map 1). Trees would be thinned to open up the riparian areas for suitable sage-grouse habitat. Some trees would be left at these spring sources to provide shade, cover, and wildlife habitat. Most trees would be left standing along Combs Creek to provide bank stability, shade, cover, and wildlife habitat.",At least a portion of project area was completed as evidenced by photo evidence of cut trees in 2014.,,Polygon,Confirmed,"Digitized by BLM field office personnel, method unknown",,3958.148691,3816.450489,,,"Encroaching vegetation, Establishment of seeded species, Habitat for wildlife, Hazardous fuels accumulation, Hazardous fuels reduction, Invasion by pinyon-juniper, Rangeland health","The need for the project is indicated by the departure of vegetative conditions relative to the desired conditions for wildlife habitat, fuel loading, reference conditions, and goals set in the Ely District RMP. Shrub and tree canopy cover is more than desired while understory forbs and grass cover is diminishing in shrub communities of the project area. Plant community composition is outside the desired range for mountain shrub and sagebrush communities. The need for the project is to move percentages of each seral class closer to the reference condition, and to improve the age class distribution and vigor of native sagebrush. The age classes of mountain sagebrush in the project area where it occurs beneath tree canopy are mostly mature or becoming decadent. Vegetation attributes and historic disturbance regimes need to be restored. The need for the project is also to restore the plant community to a more resilient state with an appropriate fire regime that would respond well to disturbances such as drought, wildfire, flooding, or grazing, and provide suitable habitat for sage-grouse.",None,,None,,,15:47:00
Model 25,Central Basin and Range,Vegetation disturbance,10762,3836,Implemented,None,2,8/7/2007,8/13/2007,Acres,229.7,Vegetation/Soil Manipulation,Vegetation Disturbance,Tree/Brush Control: Lop and Scatter,0,,,,,,,,,,,,Polygon,Confirmed,"Digitized by BLM field office personnel, method unknown",,229.8001972,229.8003871,,Contractor,"Public Safety, Rangeland Health, Fire Hazard, Habitat for Sage Grouse","Prior to the Harrow treatment at East Onaqui, the vegetation in the area dominated largely by bare ground and dense sagebrush.  This area fit into the wildland urban interface (WUI) category in that it had a high potential to carry intense, fast-moving fires.  This area needed a WUI fuels treatment to create a fuel break of less flammable fuels.  This fuel break is expected to help lessen the potential severity and intensity of wildland fires that may threaten nearby developments. It is also expected to open the area for wildlife namely sage grouse in the area.",None,,None,,,32:20:00
Model 25,Central Basin and Range,Vegetation disturbance,11495,4084,Implemented,See Comments,2,10/1/2006,11/1/2006,Acres,40,Vegetation/Soil Manipulation,Vegetation Disturbance,Vegetation Disturbance: Mastication,0,,,,,,,,"The purpose of this project was to establish a fire management experiment and demonstration\r\nsite that addressed significant local knowledge gaps hindering the management of pinyon woodland\r\nfuels within lands managed by the BLM Bishop Field Office. The need for this information is not\r\nunique to the Bishop Field Office, or even adjacent Inyo National Forest lands, but rather is typical of\r\ninformation needed by federal, state, and other land managers throughout the Intermountain West.","Shrubs and trees will be severed on the stump, as close to the ground as practicable, no higher than 6"" from the ground. See individual unit specifications for shrub mastication requirements. All masticated vegetation will be left lying within 12&& of the ground, using a tractor with a F econ Bull Hog cutting head or equivalent. If obstacles are encountered, such as rocks or drainages, the Contractor may raise the cutter height to clear the obstacle.\r\n\r\nSpecifications for Mono Basin USGS Pinyon - 2.5-acre Sample Units (twenty-two units, 55 total acres): All live and dead pinyon pine trees shall be masticated. No leave patches in these units. The only non-masticated pinyon pines are those associated with rocky outcrops and thus are inaccessible to the equipment performing the mastication. No shrubs will be masticated, except those shrubs incidental to pinyon pine mastication. Contractor will lift head on equipment while traveling between trees.",The mastication treatments were applied during the fall of 2006 using a Recon Bull Hog\xae masticator (figure 2 [Final Report]).,"Final Report: The cost for mastication treatment was $738 per acre, while the cut/pile/burn treatment costs\r\ntotaled $439 per acre ($339 per acre for contractors cutting and piling, plus ~$100 per acre for BLM\r\nemployees burning the piles). However, since the thinning treatments were applied on small-scale study\r\nplots, they are not representative of typical costs. For recent management-scale mastication treatments\r\nconducted by Bishop BLM, costs range from ~$400 per acre for low tree encroachment, ~$600 per\r\nacres for moderate tree encroachment, and ~$800\u20131000 per acre for high tree encroachment.\r\nManagement-scale cut/pile/burn treatment costs range from ~$150 per acre for low tree encroachment,\r\n~$350 per acre for moderate tree encroachment, and ~$600 per acre for high tree encroachment for the\r\ncutting and piling, plus ~$60 per acre for burning. BLM\u2019s planning costs are not included in these\r\nestimates; however, planning effort is similar for the different thinning techniques and levels of tree\r\nencroachment.\r\n\r\nMANAGEMENT IMPLICATIONS\r\nThinning Approaches\r\nBoth thinning treatments were equally effective at reducing the target fuels which were mature,\r\nlive pinyon trees. Application costs though differed substantially, with the cut/pile/burn technique much\r\ncheaper even though that technique required chain saw crews consisting of multiple people as opposed\r\nto a masticator operated by a single individual.\r\nVegetation Responses\r\nIn general, thinning treatments stimulated the abundance of herbaceous vegetation, although in\r\nsome cases the strength of the stimulation appeared to be constrained by the level of pre-treatment tree\r\nencroachment. Increases in perennial grass cover and density in response to thinning were usually\r\ngreatest at lower levels of pre-treatment pinyon dominance, while native annual forb density and cover\r\nresponded fairly equally along the tree-dominance gradient. The rapid recovery of annual forb\r\nvegetation in sites with high pinyon abundance didn\u2019t appear to be constrained by a lack of seed source,\r\nwhich is a particular concern for managers when applying treatments within highly tree-encroached\r\nshrublands. However, our findings suggest a lack of adequate seed sources and/or existing individuals\r\nappears to be limiting the initial response of perennial grasses in areas with high tree encroachment. At\r\nthe higher levels of tree dominance, perennial grass cover within the thinning treatments did start to\r\nexceed the control by 3 years post-treatment, while perennial grass density was still similar or slightly\r\nlower than the controls. This seems to suggest that the thinning-induced increase in perennial grass\r\ncover within areas of high tree dominance is mainly due to an increase in growth of individuals present\r\nprior to the treatment, as opposed to an increase due to the recruitment of new individuals.\r\n\r\nShrub abundance exhibited a steep decline in response to tree encroachment and the response to\r\nthinning treatments appeared more subtle. Shrub cover within the control decreased slightly during the\r\n3 post-treatment years, while it increased slightly within both thinning treatment. The response of\r\nslower-growing plants such as shrubs will need to be evaluated during future years to determine\r\ndifferences between thinning treatments.\r\nSpecies richness within the two thinning treatments steadily increased relative to the control over\r\nthe course of the 3 years following treatment, and the response was similar in both thinning treatments.\r\nSpecies richness was also consistent across the pinyon-dominance gradient, which suggests that the\r\nability for vegetation to recover at this location may not be significantly limited by a lack of seed\r\navailability or lack of species diversity within highly tree-encroached shrublands. At this location, the\r\ndistances between phase very low and very high tree-encroached areas are on the order of 100s of\r\nmeters, which may not be enough to limit seed dispersal into areas of high tree cover.\r\nFuel-bed Responses\r\nBoth thinning treatments equally affected the target fuels, standing live pinyon trees. The cover\r\nof herbaceous live fuels (perennial and annual forbs and grasses) and live woody fuels (live shrubs and\r\ntrees) were also similar between the two thinning treatments and higher than the control. The greatest\r\ndifference in fuel structure between the two fuel treatments appeared to be dead woody fuel loads\u2014\r\nmastication clearly resulted in greater fine fuel loads (1\u2013100 hour fuels) as well as the shredded woody\r\nparticles. The stimulation of live herbaceous cover\u2014especially at lower pre-treatment pinyon\r\ndominance\u2014may have important implications for fire spread by enhancing the continuity of surface\r\nfuels, especially during dry years.",Polygon,Confirmed,Digitized by LTDL data entry personnel using a confirmed map,3/14/2015,39.26254851,39.26241387,,Contractor,"Experimental study, Wildland Urban Interface, Invasion by cheatgrass","The purpose of this project was to establish a fire management experiment and demonstration\r\nsite that addressed significant local knowledge gaps hindering the management of pinyon woodland\r\nfuels within lands managed by the BLM Bishop Field Office. The need for this information is not\r\nunique to the Bishop Field Office, or even adjacent Inyo National Forest lands, but rather is typical of\r\ninformation needed by federal, state, and other land managers throughout the Intermountain West.",None,,None,,Actual units treated differ from contract SOW due to modification to plan.,30:04:00
Model 25,Central Basin and Range,Vegetation disturbance,12640,4518,Implemented,None,2,10/22/2013,10/30/2013,Acres,65,Vegetation/Soil Manipulation,Vegetation Disturbance,Vegetation Disturbance: Mowing,0,,,,,,,,"The purpose of the Proposed Action is to reduce hazardous fuels on BLM land in Antelope\r\nValley. Many of the areas proposed for treatment are immediately adjacent to homes and\r\ncommunities in Antelope Valley. In these cases, the proposed treatments are intended to\r\ndecrease the intensity of future wildland fires in the treated areas, and increase the safety of\r\nresidents, private property, and firefighters working to protect the community and suppress\r\nfires.","Brush can be either mowed or hand-cut. Mowing shall be done with low ground\r\npressure (less than 6 psi) rubber-tracked or rubber-tired equipment, (such as an ASV or\r\nBobcat) equipped with a mowing head capable of mowing brush up to 8 feet tall.\r\nContractor shall mow all areas within each unit, except for flagged exclusion areas and\r\nother areas deemed unsafe for mowing (rocky outcrops, short stretches of steep slope,\r\netc. ... ). Mower head shall be set to leave a stubble height of 6 to 9 inches. The\r\nContractor's operations shall be conducted carefully to minimize soil disturbance by the\r\nequipment. Where excessive slope, rocky terrain, or other factors prevent the use of\r\nmowing equipment, brush cutting by hand with chainsaws or similar equipment will be\r\nrequired. Material generated from hand cutting operations will be either moved within\r\nthe treatment unit to a location where the mowing equipment can treat it, or hand-fed\r\ninto a chipper.\r\n\r\nThe Contractor will leave occasional shrubs un-mowed to improve visual appearance of\r\nproject. Smaller (less than 18 inches in height) bitterbrush and sagebrush are preferred\r\nas leave shrubs. Shrubs should be randomly left, with 40 to SO feet the average spacing\r\nbetween shrubs.",,,Polygon,Confirmed,"Digitized by BLM field office personnel, method unknown",,64.51408314,42.38876373,,Contractor,"Fire hazard, Hazardous fuels reduction, Impact on cultural resources, Public safety, Wildland Urban Interface","The purpose of the Proposed Action is to reduce hazardous fuels on BLM land in Antelope\r\nValley. Many of the areas proposed for treatment are immediately adjacent to homes and\r\ncommunities in Antelope Valley. In these cases, the proposed treatments are intended to\r\ndecrease the intensity of future wildland fires in the treated areas, and increase the safety of\r\nresidents, private property, and firefighters working to protect the community and suppress\r\nfires.",None,,None,,,43:52:00
Model 25,Central Basin and Range,Vegetation disturbance,12641,4518,Implemented,None,2,10/20/2011,10/28/2011,Acres,54,Vegetation/Soil Manipulation,Vegetation Disturbance,Vegetation Disturbance: Mowing,0,,,,,,,,"The purpose of the Proposed Action is to reduce hazardous fuels on BLM land adjacent to the\r\nprivate and tribally-owned land in the Benton area. This action is intended to decrease the\r\nintensity of future wildland fires in the treated areas, and increase the safety of residents,\r\nprivate property, and firefighters working to protect the community and suppress fires.",The Proposed Action is to mow and mulch shrubs with a Bobcat-sized mower within an\r\napproximately 80 to 120-foot wide strip on BLM-managed public lands adjacent to and in the\r\nvicinity of private and tribally-owned land in the Benton area.,,,Polygon,Confirmed,"Digitized by BLM field office personnel, method unknown",,54.58504197,54.58508745,,BLM and Cooperators,"Fire hazard, Hazardous fuels reduction, Impact on cultural resources, Public safety, Wildland Urban Interface","The purpose of the Proposed Action is to reduce hazardous fuels on BLM land adjacent to the\r\nprivate and tribally-owned land in the Benton area. This action is intended to decrease the\r\nintensity of future wildland fires in the treated areas, and increase the safety of residents,\r\nprivate property, and firefighters working to protect the community and suppress fires.",None,,None,,,33:38:00
Model 25,Central Basin and Range,Vegetation disturbance,12643,4518,Implemented,None,2,10/29/2011,11/4/2011,Acres,22,Vegetation/Soil Manipulation,Vegetation Disturbance,Vegetation Disturbance: Mowing,0,,,,,,,,"The purpose of the Proposed Action is to reduce hazardous fuels on BLM land adjacent to the\r\nWilkerson community. The proposed treatment is intended to decrease the intensity of future\r\nwildland fires in the treated areas, and increase the safety of residents, private property, and\r\nfirefighters working to protect the community and suppress fires.","Hand cutting would be accomplished using chainsaws, and the resulting slash would be either\r\nchipped on-site or hand-piled for burning when safe conditions permit. Use of prescribed fire\r\non this project would be limited to hand-pile burning. Broadcast burning of vegetation where it\r\nstands would not be utilized. Where terrain permits, a small Bobcat-sized mower may be used\r\nto cut the brush. No slash treatment would be required with mowing, as the mowing\r\nequipment adequately mulches and scatters the material.",,,Polygon,Confirmed,"Digitized by BLM field office personnel, method unknown",,21.75171046,8.954360312,,BLM and Cooperators,"Fire hazard, Hazardous fuels reduction, Impact on cultural resources, Public safety, Wildland Urban Interface","The purpose of the Proposed Action is to reduce hazardous fuels on BLM land adjacent to the\r\nWilkerson community. The proposed treatment is intended to decrease the intensity of future\r\nwildland fires in the treated areas, and increase the safety of residents, private property, and\r\nfirefighters working to protect the community and suppress fires.",None,,None,,,42:54:00
Model 25,Central Basin and Range,Vegetation disturbance,13621,4903,Implemented,Unknown,1,00/00/2004,00/00/2007,Acres,15632.33,Vegetation/Soil Manipulation,Vegetation Disturbance,Vegetation Disturbance: Mechanical Thinning,0,,,,,,,,"a) Decrease the closed canopy of pinyon/juniper trees by 40-60 percent;\r\nb) Re-establish sagebrush corridors between the Bald Hills and the Greenville Bench allowing for better dispersal and movement of wildlife species;\r\nc) Establish a mix of native and non-native shrubs, forbs, and grasses throughout the treated areas and improve woodland health by improving age structure and decreasing tree density",Areas have been identified within the lower pinyon/juniper community that\r\nhave a large component of sagebrush remaining. The manual cutting or mobile\r\nchipping / shredding of pinyon/juniper within these areas would allow the\r\nattainment of treatment objectives where chaining and broadcast fire treatments\r\nwould not.,GIS information indicates that the treatment was implemented.,,Polygon,Confirmed,"Digitized by BLM field office personnel, method unknown",,13980.1663,12454.09574,,,"Overgrazing, Loss of vegetation, Loss of Perennials, Habitat for wildlife, Habitat for sage grouse, Erosion, Fire hazard, Public Safety, Rangeland health","A combination of 100 years of fire suppression and past livestock grazing practices have allowed the pinyon/juniper woodland to increase its range and expand into areas historically dominated by sagebrush and perennial grasses. In the  project area remaining shrub lands are dominated by homogenous stands of mature sagebrush with declining, remnant populations of native perennial forbs and grasses. Much of the ground below the pinyon/juniper closed canopy has little or no shrubs, forbs or grasses, all of which are important to wildlife, livestock and ecosystem stability. The sagebrush corridors that once connected the Bald Hills and the Greenville Bench, and facilitated the movement and dispersal of sagebrush obligate species such as sage grouse, have disappeared due to pinyon/ juniper encroachment. Due to the current condition of the watershed, a catastrophic wildfire would cause large-scale damage to the watershed and would be very hard to control.\r\n   The following actions have been identified by resource and fire management professionals as necessary on the Greenville Bench area: 1) establishing fuel breaks along selected roads, property lines and topographic features on the lower sagebrush bench creating a situation where wildfires can be better managed by reducing the rate of spread and giving fire fighters additional response time to suppress fires&* 2) decreasing the hazardous fuel loads on the mid and upper slopes in the pinyon/juniper woodland, thereby protecting against the threat of catastrophic wildfires leaving the woodlands and impacting neighboring private lands and Interstate 15&* 3) re-establishing sagebrush corridors between the Bald Hills and the Greenville Bench allowing for better dispersal and movement of wildlife species&* 4) decreasing the amount of pinyon/juniper encroachment into areas historically dominated by big sagebrush&* 5) increasing plant diversity within the treatment areas by establishing a mix of native and non-native shrubs, forbs and grasses that would also facilitate a decrease in surface soil erosion as a result of precipitation and wind&* 6) improve the health of both woodlands and sagebrush/grasslands by increasing biological diversity and age class.",None,,None,,,43:08:00
Model 25,Central Basin and Range,Vegetation disturbance,15812,5733,Implemented,None,2,10/15/2008,11/1/2008,Acres,1539.65,Vegetation/Soil Manipulation,Vegetation Disturbance,Tree/Brush Control: Lop and Scatter,0,,,,,,,,Objective l : The pinion-juniper stands would be thinned to increase average crown spacing to 30-60 feet.\r\nObjective 2: Treatment areas would be from 50-500 acres in size and interspersed with untreated areas. The treatment would be in a mosaic pattern following natural geographic features that are beneficial from a fire suppression/fire behavior point of view.,"Services in this contract provide for wildland fire hazard reduction by slashing 95-100% live juniper trees and saplings by hand with chainsaws. Old growth junipers and any pinyon trees are to remain intact. Any other tree species and all shrubs/brush will remain in tact. Boles of the trees shall be completely severed from the stump(s) within six inches from the ground measured on the uphill side. No live or dead limbs shall be left on the stump of cut trees. The resultant slash may not exceed 3 feet in depth so any branches or stems that exceed three feet will need to be severed from the main trunk. The area has not been flagged but will be prior to the start date of the contract. This task order includes the Contractor to furnish labor, equipment, supervision, transportation, operating supplies and incidentals to slash the Shearing Corrals (491 acres), Terra\r\nEast Phase 2 (626 acres), and Ibapah (1,536 acres) project areas, using Item number 0001AA - Level I as specified in the National Fuels IDIQ Contract, for a total of 2,653 acres.",,,Polygon,Confirmed,"Digitized by BLM field office personnel, method unknown",10/29/2015,1539.649358,1518.881204,,,"Fire Hazard, Wildland Urban Interface, Public Safety","The purpose and need of the proposed fuels treatment is to reduce fuels (sagebrush and juniper),\r\nlessen the potential damage or severity/intensity of wildland fire, and reestablish a less flammable\r\nplant community in the Ibapah (Cold Springs) area.",None,,None,,,26:08:00
Model 25,Central Basin and Range,Vegetation disturbance,17513,6338,Implemented,None,0,7/00/2013,12/00/2013,None,,Vegetation/Soil Manipulation,Vegetation Disturbance,Vegetation Disturbance: Mastication,0,,,,,,,,,,"""Implementation began in late July 2013 on Unit 3. Mastication treatment is currently in progress at the time of this report and is expected to be completed in December 2013.&&",,Polygon,Confirmed,"Digitized by LTDL data entry personnel, merged map from various sources",8/4/2015,397.6079916,397.3934628,,,"Habitat for sage grouse, Habitat for mule deer, Habitat for elk, Aspen regeneration, Invasive species","The purpose of the proposal is to return the Kern Mountain landscape to a Fire Regime Condition Class 1. Fire Regime Condition Class (FRCC) is an interagency, standardized tool based on scientific and peer reviewed literature for determining the degree of departure from reference condition vegetation, fuels and disturbance regimes (http://www.frcc.gov/). Assessing FRCC can help guide management objectives and set priorities for treatments. The classification is based on a relative measure describing the degree of departure from the historical natural disturbance regime. This departure is described as changes to one or more of the following ecological components: vegetation characteristics (species composition, structural stages, stand age, canopy closure and mosaic pattern)&* fuel composition&* fire frequency, severity and pattern&* and other associated disturbances (e.g. insects and disease mortality, grazing and drought). The three classes are based on low (0-33% departure&* FRCC1), moderate (34-66% departure&* FRCC2) and high (67-100% departure&* FRCC3) departure from central tendency of the natural (historical) regime. Low departure is considered to be within the natural (historical) range of variability, while moderate and high departures are outside the range of variability. The FRCC rating is accompanied by a series of indicators of the potential risks that may result from the changes to the associated ecological components when disturbance is applied. Reference descriptions for a typical FRCC 1 community have been developed for most major vegetation types. Reference conditions are compared to actual (on the ground) conditions for purposes of determining current FRCC classes. The need for the proposal is to respond to the high departure from natural conditions in the area due to a combination of drought, fire suppression efforts and historic livestock overgrazing. The majority of the project area is rated FRCC 3 (highly departed). Current FRCC (Fire Regime Condition Class) data for lower elevations of the Kern Mountains indicates the area has been missing the necessary fire return intervals to sustain ecosystem health. The lack of fire has produced an overgrowth of shrub species in the area historically dominated by native grasses. This overgrowth further threatens the ecologically stability of the Kern Mountains and the ability of firefighting forces to control unwanted high to extreme fire perturbations. The use of fire as a tool to alter fuel loadings and re-establish fire as a more common occurrence is necessary for ecological stability.",None,,None,,,44:26:00
Model 25,Central Basin and Range,Vegetation disturbance,20563,7530,Implemented,Successful,1,00/00/2007,6/30/2010,Acres,2383,Vegetation/Soil Manipulation,Vegetation Disturbance,Tree/Brush Control: Pinyon Juniper Removal - Hand Cutting,0,No seed list,,,,,,,"The purposes of the project are to : 1)  Create a strategically located fuelbreak between two distinct areas of the Pine Nut Mountains; 2)  Reduce the threat of wildfire damage to critical sage grouse habitat; and 3)  Enhance sage grouse habitat.\r\nTreatment Objective:  Modify the structure, amount and continuity of pinyon and juniper trees within the treatment area in order to reduce fire intensity and restore sage grouse habitat.","Treatment Activities  The total treatment area would be up to 2,550 acres.  Treatments would include a combination of the following:\r\n\r\nTree Cutting and Partial Tree Removal - Pinyon and juniper trees would be cut with hand tools and small mechanized tools and a portion of the trees removed for firewood, either personal use or commercial sale.  Firewood cutting treatment areas would be identified away from sage  grouse leks, where larger trees are present and located near existing roads (see project map).  Vegetation remnants (slash) would be left in place and shredded by subsequent mechanical shredding operations.  Firewood cutting activities would be terminated prior to initiation of shredding operations within areas scheduled for shredding.  Treatment size: up to 62 acres.\r\n\r\nTree Cutting and No Removal - Pinyon and juniper trees would be cut and lopped and scattered on site.  Cut, lop and scatter treatment areas would be where trees are small and sparse and/or where topography or rock limits the use of mechanized equipment.  Stump height would be less than 6 inches and slash height would not exceed 3 feet in depth.  Treatment size: up to 1000 acres.\r\n \r\nMechanical Tree Shredding - Rubber tired/tracked or metal tracked mechanized equipment with a mastication head would be used to shred trees.  All pinyon and juniper trees within the treatment area would be targeted for shredding except for small pockets identified for avoidance to protect sensitive resources.  The shrub community would not be targeted for shredding but would be thinned indirectly as part of the tree shredding process.  Slash left behind from tree cutting and partial tree removal would be shredded.  Stump height would be less than 6 inches and the products of shredding would not exceed 2 feet in depth. Shredded vegetation would be left in place to reduce wind generation of dust and stabilize the soil surface.  Treatment size:  up to 2,100 acres. \r\n\r\nFull Tree Removal - Rubber tired/tracked or metal tracked mechanized equipment would be used to shear, either skid or above ground haul, and chip pinyon pine and juniper trees.  All pinyon and juniper trees within the treatment area would be targeted for shredding except for small pockets identified for avoidance to protect sensitive resources.   Shearing would include separating the tree from the stump, less than 6 inches from the ground.  Once the trees are sheared, they would be skidded or hauled to a designated landing or processing area.  The trees would then be chipped and hauled off site.  Treatment size:  up to 2,100 acres.","Lop and scatter was completed.  Summitt Forests were efficient, professional and economical.  The production rate was about 4 acres per person per day.  The contract was awarded at $164 per acre.",All objectives are currently being met. Cheatgrass is present in the project area but is not the dominant grass species by any means. It appears that the understory is intact and this project was taken from R-3 to R-0.,Polygon,Confirmed,"Digitized by BLM field office personnel, method unknown",,2382.86925,2260.534968,,BLM and Cooperators,"Fire hazard, Forest health, Habitat for sage grouse","The proposed project is located in a north-south trending valley between two mountainous and heavily forested areas of the Pine Nut Mountains.  Singleleaf pinyon pine and Utah juniper trees dominate the mountain slopes as well as the majority of the project area.  Fuels in these areas are heavy and would support an intense wildfire under the hot windy conditions common during the summer months.  \r\n   The potential plant community in the project area is mainly sagebrush, bitterbrush and perennial grasses (Soil Survey of Lyon County Area, Nevada, 1984).  Pinyon and juniper trees, in the proposed project area, are in the process of forming a horizontally continuous bed of heavy fuels between the mountainous forested areas.  If this situation is not addressed fuel loads would increase, understory vegetation would be stressed and depleted, and the stage would be set for a widespread destructive high intensity wildfire.  Such a wildfire would be difficult and dangerous to control and could destroy near-by sage grouse habitat including a lek and seasonal habitat.\r\n   One of the few known active sage grouse leks in the Northern Pine Nut Mountains is located less than 2 miles from the northeastern edge of the project.  The majority of the project area ranges from 2 to 6 miles from the lek.  Areas this distance from a lek often are utilized by sage grouse for a variety of purposes such as nesting, brooding, migration corridors and other seasonal uses.  High quality habitat adjacent to leks is needed to support viable sage grouse populations.  Encroachment of pinyon and juniper trees into the shrub community, have degraded sage grouse habitat quality in the project area.  Thinning and/or removal of the trees combined with restoration of the understory vegetation community would improve habitat quality.",None,,None,,,56:46:00
Model 25,Central Basin and Range,Vegetation disturbance,26570,9793,Implemented,None,2,9/8/2005,9/30/2005,Acres,1239.71,Vegetation/Soil Manipulation,Vegetation Disturbance,Vegetation Disturbance: Mowing,0,,,,,,,,"The goal of the Rosette project is to manage the existing fire risk to the Rosette community by reducing the amount of continuous fuels ( cheatgrass, sagebrush, and greasewood) in order to lessen the potential damage or severity/intensity of wildland fire. We hope to lessen the speed and severity of wildland fires, that may occur in this area and threaten nearby developments, by increasing the diversity of the vegetative community and breaking up the monocultures that now exist within the project area. As stated in the proposed plan for this project, our objectives are to: (1) reduce the average canopy cover of sagebrush to equal 15-25% and increase the combined forb and perennial grass average canopy cover to equal 20-25%, (2) reduce sagebrush and greasewood in a mosaic pattern (following the natural contours of the landscape) on 20-\r\n60% of the total project area. This will help to reduce the risk of extreme fire behavior in the area, and protect the Rosette community and adjacent properties from being threatened by such fire behavior. It will also help to increase the diversity of vegetation within the area and introduce age-class and size-class diversity in the sagebrush and greasewood community.","A tractor/dozer would pull a brush cruncher (pasture aerator) that would crush, tear, and chop older stagnate age classes of sagebrush allowing younger, supple age classes to spring back with little or no harm. The abundant deep-rooted greasewood would be disced and then may be followed by a cultipacker to compact the soil if needed. A seeding treatment would occur by attaching a drop seeder to the back of the brush cruncher with a less flammable seed species (see Seed Species List, Appendix 1 ).",,,Polygon,Confirmed,"Digitized by BLM field office personnel, method unknown",,1239.714761,1225.990268,,Contractor,"Rangeland Health, Public Safety, Fire Hazard","The goal of the Rosette project is to manage the existing fire risk to the Rosette\r\ncommunity by reducing the amount of continuous fuels ( cheatgrass, sagebrush, and\r\ngreasewood) in order to lessen the potential damage or severity/intensity of wildland fire.\r\nWe hope to lessen the speed and severity of wildland fires, that may occur in this area\r\nand threaten nearby developments, by increasing the diversity of the vegetative\r\ncommunity and breaking up the monocultures that now exist within the project area. As\r\nstated in the proposed plan for this project, our objectives are to: (1) reduce the average\r\ncanopy cover of sagebrush to equal 15-25% and increase the combined forb and\r\nperennial grass average canopy cover to equal 20-25%, (2) reduce sagebrush and\r\ngreasewood in a mosaic pattern (following the natural contours of the landscape) on 20-\r\n60% of the total project area. This will help to reduce the risk of extreme fire behavior in\r\nthe area, and protect the Rosette community and adjacent properties from being\r\nthreatened by such fire behavior. It will also help to increase the diversity of vegetation\r\nwithin the area and introduce age-class and size-class diversity in the sagebrush and\r\ngreasewood community.\r\nThe",None,,None,,,43:38:00
Model 25,Central Basin and Range,Vegetation disturbance,26806,9875,Implemented,Unknown,1,10/1/2016,11/24/2016,Acres,447,Vegetation/Soil Manipulation,Vegetation Disturbance,Tree/Brush Control: Pinyon Juniper Removal - Hand Cutting,0,No seed list,,,,,,,Purpose is sage-grouse habitat maintenance/enhancement.,"100% of the pinyon-juniper trees within the units, whether live or standing dead, will be completely severed from the stumps. Stump height will not exceed 6 inches. No live limbs will be left on the stumps of cut trees. Material from the cut live trees will be treated so that it lays no higher than 24 inches above the ground. Cut standing dead trees just need to be severed from stumps (tipped). No mountain mahogany is to be cut. Where pinyon-juniper trees within mountain mahogany stands, no need to cut them.","Cut and lop of pinyon-juniper trees was performed, confirmed by completion report.",Unknown,Polygon,Confirmed,"Digitized by BLM field office personnel, method unknown",9/5/2023,447.22,447.22,,BLM,"Hazardous fuels reduction, Habitat for sage grouse",The addition of the Mount Siegel unit would provide habitat connectivity for sage grouse within the Pine Nut Land Health project area.,,,,,,28:10:00
Model 25,Central Basin and Range,Vegetation disturbance,27177,10001,Implemented,None,1,8/15/2010,11/15/2010,Acres,195,Vegetation/Soil Manipulation,Vegetation Disturbance,Tree/Brush Control: Thin and Pile,0,,,,,,,,"The proposed action was developed and designed to address the following sage-grouse conservation objectives identified by the Bodie PMU local working group: 1) Improve sage-grouse habitat quality by treating pinyon and/or juniper encroachment into key sage-grouse habitats in the Bodie PMU; and 2) Manage pinyon and juniper in the Bodie PMU to ensure long-term connectivity between sage-grouse seasonal use areas and adjacent breeding populations (NDOW 2004, Appendix L, p. 96).","All live and standing dead trees exceeding 1 foot in total height within identified\r\ntreatment unit boundaries shall be completely severed from the stump. No live\r\nbranches shall be left on the stump of cut trees. Stumps must not exceed, on the side\r\nadjacent to the highest ground, a maximum height of 6 inches for stumps 12 inches in\r\ndiameter and larger or a maximum height of 4 inches for stumps less than 12 inches in\r\ndiameter.\r\n\r\nCut trees shall be limbed and bucked to facilitate piling and/or scattering. Limbs and\r\nstems shall be bucked so as not to exceed six feet in total length. All Contractor generated\r\ntree material and all pre-existing down and dead tree material shall be hand\r\npiled or scattered per the following specifications:\r\nCut tress less than 10 feet in height and less than 6 inches in diameter at the base that\r\nare greater than 100 feet from any other trees in the unit must be loped and scattered.\r\n\r\nLimbs shall be scattered into natural openings on the ground and far enough apart to\r\navoid piling.\r\n\r\nCut tress greater than 10 feet in height and/or greater than 6 inches in diameter at the\r\nbase must be piled. Cut tree less than 10 feet in height and less than 6 inches in\r\ndiameter at the base that are within 100 feet of other trees in the unit must also be\r\npiled. Hand piles shall be constructed in a tight, compact fashion and to a height of not\r\nless than 6 feet. Pile diameter shall be between 6 and 10 feet. Wherever possible, hand\r\npiles shall be constructed on top of cut stumps, in the openings created by the removal\r\nof larger trees. Care should be taken to avoid creating hand piles in areas of heavy\r\nbrush, and to utilize natural openings as they occur. Wherever possible, the near edge\r\nof hand piles shall be at least 10 feet from the near edge of any other hand pile. No\r\nhand piles are allowed within 10 feet of any road. No hand piles will be allowed within\r\n15 feet of any live tree or physical improvement, such as a fence.",,,Polygon,Confirmed,"Digitized by BLM field office personnel, method unknown",,194.4676993,0,,Contractor,"Encroaching vegetation, Habitat for greater sage grouse, Habitat for wildlife, Invasion by pinyon-juniper, Rangeland health, Sagebrush","The purpose of the proposed action is to improve and maintain habitat conditions for Greater Sage-Grouse (Centrocercus urophasianus) and other sagebrush associated wildlife species in the vicinity of the Stringer Meadow (Lek 9) and Lower Summers Meadow (Lek 10) leks in Mono County, California.\r\n\r\nThe proposed action was developed and designed to address the following sage-grouse conservation objectives identified by the Bodie PMU local working group: 1) Improve sage-grouse habitat quality by treating pinyon and/or juniper encroachment into key sage-grouse habitats in the Bodie PMU&* and 2) Manage pinyon and juniper in the Bodie PMU to ensure long-term connectivity between sage-grouse seasonal use areas and adjacent breeding populations (NDOW 2004, Appendix L, p. 96).\r\n\r\nIn 2007, the BLM Bishop Field Office entered into a cooperative agreement with The Nature Conservancy (TNC) to develop a Conservation Action Plan (CAP) for the Bodie Hills. The purpose of the CAP was to inform and guide the formulation of future site-specific vegetation management strategies to protect and enhance the area\u2019s ecological integrity. As part of the CAP process, a combination of remote sensing, field surveys, and ecological modeling was used to evaluate the current condition of ecological systems in the Bodie Hills as compared to their predicted natural range of variability. The results of this analysis indicate that montane sagebrush steppe, Wyoming big sagebrush, and basin big sagebrush ecosystems in the Bodie Hills are currently \u201chighly departed\u201d from their natural range of variability. The analysis also indicated that low sagebrush ecosystems in the Bodie Hills are \u201cmoderately departed\u201d from their natural range of variability. The CAP analysis identified the over representation of mid seral (Class C), late seral (Class E), and uncharacteristic (Class U) ecological classes in these ecosystems as primary contributors to this departure. Chainsaw lopping and canopy thinning of conifer trees and prescribed fire are among the recommended management strategies for restoring these ecosystems (Provencher et al. 2009).",None,,None,,,26:06:00
Model 25,Central Basin and Range,Vegetation disturbance,27841,13655,Implemented,None,1,00/00/2008,5/00/2012,Acres,1500,Vegetation/Soil Manipulation,Vegetation Disturbance,Tree/Brush Control: Thin and Pile,0,,,,,,,,The overlying objective is to maintain an\r\nestablished fuel break by treating Pinyon and\r\nJuniper. The project is considered an integral\r\npart of the wildland fire suppression and\r\nhazardous fuel reduction program. This\r\ntreatment will also have secondary impacts\r\nthat may improve the area for wildlife and\r\nlivestock.,Has three phases phase 1 cut and pile. Areas on slopes in excess of 20% would be thinned at 50% where areas with slopes less\r\nthan 20% would be thinned between 50 and 75%.,GIS attribute table indicates project was initiated.,,Polygon,Confirmed,"Digitized by BLM field office personnel, method unknown",,1481.974331,1433.745923,,,"Encroaching vegetation, Establishment of seeded species, Habitat quality, Hazardous fuels reduction, Invasion by pinyon-juniper",The need for the Proposed Action (PA) is to prevent wildfire from becoming established\r\nalong the I-15 corridor through the Scipio Pass area and carrying upslope into the\r\nadjacent lands. The purpose of the PA is to treat approximately 1500 acres on the west\r\nside ofl-15 to create a shaded fuel break.,None,,None,,,48:42:00
Model 25,Central Basin and Range,Vegetation disturbance,28132,10381,Implemented,None,2,10/15/2008,11/3/2008,Acres,491.35,Vegetation/Soil Manipulation,Vegetation Disturbance,Tree/Brush Control: Lop and Scatter,0,,,,,,,,a) Reduce invasive juniper from the sagebrush steppe;\r\nb) Protect the area from high-severity wildland fires by increasing canopy spacing;\r\nc) Reduce threats to rangeland health across the landscape;\r\nd) Promote the systematic gathering of information to address the impacts to rangeland\r\nhealth; and\r\ne) Improve biological diversity.,"Provide for wildland fire hazard reduction by slashing 95-100% of juniper trees and saplings by hand with chainsaws; Work to be implemented at the Ibapah, Shearing Corrals and Terra East project sites. Chainsaws would slash juniper trees in section 4 (objective #1) and in the West Oak Brush\r\nareas, as well as, on steep slopes and drainage bottoms where the bullhog is unable to access.\r\nThe chainsaws would cut juniper trees down to no greater than 6"" stump height being measured\r\non the uphill side. The juniper slash could then be used to:\r\n(1) Scatter across the area to minimize fuel accumulations;\r\n(2) Piled and burned under acceptable weather conditions (analyzed in a specific burn plan);\r\n(3) Used by the public as posts, poles, and firewood; and/or\r\n(4) Placed in drainages to operate as erosion control points.",,,Polygon,Confirmed,"Digitized by BLM field office personnel, method unknown",,491.3498112,491.3502531,,Contractor,"Fire Hazard, Encroaching Vegetation, Public Safety","Recent research in the Great Basin has demonstrated clearly that pinyon and juniper are\r\nincreasing in density throughout much of this region and many areas that were formerly\r\ndominated by shrubs are now being taken over by pin yon and juniper (Rom me et al. 2002, GL TI\r\n1997, Naillon 1999, West et al. 1987). The Salt Lake Field Office is experiencing encroachment\r\nof Utah juniper (Juniperus Osteosperma) between the Simpson and Sheeprock Mountains&*\r\nbeyond its historic densities. This process is creating a tree over story which decreases the\r\nclimax shrub and grass species due to shading and increased water resource competition. When\r\njuniper canopy cover increases, the potential for crown fire activity becomes greater due to the\r\nextra fuel loading available. Crown fires in thick juniper stands are difficult and expensive to\r\nsuppress and exhibit greater severity to the vegetation and soils. The current hazardous fuel\r\nconditions within the area are at risk for unusually large and severe wildfires. Although some\r\nnative understory still exists, it is being out competed by juniper and is at risk of conversion to\r\njuniper woodland barring any disturbance or to cheatgrass following wildfire.\r\nIn this light, it is evident that a hazardous fuels treatment is needed in order to begin the process\r\nof restoring the integrity of the sagebrush steppe and reduce the potential for large, devastating\r\nwildfires.",None,,None,,,18:30:00
Model 25,Central Basin and Range,Vegetation disturbance,28134,10381,Implemented,None,2,1/10/2011,5/27/2011,Acres,1383,Vegetation/Soil Manipulation,Vegetation Disturbance,Vegetation Disturbance: Mastication,0,,,,,,,,"Remove 100% of Juniper except trees with a 20"" diameter and those with old growth characteristics","A bullhog mulched juniper trees (objective #2) to ground level with a stump height no greater than 6\u201d measured on the uphill side. The mulch, created by the bullhog, was scattered if the depth of the mulch was greater than 6\u201d.","1. Create fire breaks along roads by removing 85-100% of juniper within 100 feet of identified roads.\r\n1. Data from applicable monitoring plot in the bullhog phase 1 indicate that tree density was reduced from 90 to 10 stems per acre. 89% of the juniper (within 100 feet of identified roads) was mulched.   2. Remove 50-80% of juniper outside of 100 feet of roads.\r\n2. Phase 1 plot burned in wildfire.   3. Remove 85-100% of juniper within 100 feet of drainage bottoms in riparian areas.\r\n3. Data from slashed plots show tree density was reduced from 60 to 20 stems per acre. 67% of the juniper (within 100 feet of identified drainages) was mulched. Canopy cover went from 17.9% to 2.3%, see note below.",,Polygon,Confirmed,"Digitized by BLM field office personnel, method unknown",4/10/2015,1651.983332,1644.116037,,Contractor,"Fire Hazard, Encroaching Vegetation, Public Safety","Recent research in the Great Basin has demonstrated clearly that pinyon and juniper are\r\nincreasing in density throughout much of this region and many areas that were formerly\r\ndominated by shrubs are now being taken over by pin yon and juniper (Rom me et al. 2002, GL TI\r\n1997, Naillon 1999, West et al. 1987). The Salt Lake Field Office is experiencing encroachment\r\nof Utah juniper (Juniperus Osteosperma) between the Simpson and Sheeprock Mountains&*\r\nbeyond its historic densities. This process is creating a tree over story which decreases the\r\nclimax shrub and grass species due to shading and increased water resource competition. When\r\njuniper canopy cover increases, the potential for crown fire activity becomes greater due to the\r\nextra fuel loading available. Crown fires in thick juniper stands are difficult and expensive to\r\nsuppress and exhibit greater severity to the vegetation and soils. The current hazardous fuel\r\nconditions within the area are at risk for unusually large and severe wildfires. Although some\r\nnative understory still exists, it is being out competed by juniper and is at risk of conversion to\r\njuniper woodland barring any disturbance or to cheatgrass following wildfire.\r\nIn this light, it is evident that a hazardous fuels treatment is needed in order to begin the process\r\nof restoring the integrity of the sagebrush steppe and reduce the potential for large, devastating\r\nwildfires.",None,,None,,,31:21:00
Model 25,Central Basin and Range,Vegetation disturbance,30440,11234,Implemented,None,2,9/12/2011,4/24/2012,Acres,3166,Vegetation/Soil Manipulation,Vegetation Disturbance,Vegetation Disturbance: Mastication,0,,,,,,,,"AcreTotalPlotResults1234Remove 100% of Juniper except trees with a 20"" or greater diameter and those with old growth characteristics Treatment Objective Plateau","Where pinyon/juniper poses a fire-risk and threatens sagebrush habitat, mechanical shredding would mulch up to 90% of the trees in selected areas within the analysis area). Due to the unique and often irreplaceable ecological values that old-growth stands pro-vide for animal and plant habitat, genetic diversity, and long-term climate records  old-growth trees would be avoided. Where mechanical shredding is not possible chainsaws would be used. Fuel would be either piled or scattered depending on density.","Where pinyon/juniper poses a fire-risk and threatens sagebrush habitat, mechanical shredding mulched up to 90% of the trees in selected areas within the analysis area. Due to the unique and often irreplaceable ecological values that old-growth stands provide for animal and plant habitat, genetic diversity, and long-term climate records (Kaufmann et al. 1992; Miller et al. 1999) old-growth trees were avoided.",,Polygon,Confirmed,"Digitized by BLM field office personnel, method unknown",,3232.598699,3165.970165,,Contractor,"Erosion, Encroaching vegetation, Fire hazard, Forage for wildlife, Habitat for elk, Habitat for mule deer, Habitat for wildlife, Hazardous fuels accumulation, Hazardous fuels reduction, Invasion by cheatgrass, Invasion by pinyon-juniper","The purpose of the Stockton WUI project is to reduce the risk of extreme wildland fire behavior by breaking-up fuel continuity and reducing hazardous fuels in the area. Promoting the growth of perennial understory species and minimizing fire impacts on the landscape is essential in re-storing sagebrush steppe. A hazardous fuels reduction treatment would remove encroaching pinyon/juniper, suppress cheatgrass invasion, and restore perennial understory diversity.\r\nThere is a need to decrease the risk of catastrophic wildland fire to the community of Stockton, improve the health of sagebrush communities, and increase ecosystem resiliency to natural dis-disturbance by promoting perennial plant diversity. Loss of sagebrush due to a wildfire event could result in crucial mule deer winter habitat being lost.",None,,None,,,21:26:00
Model 25,Central Basin and Range,Vegetation disturbance,30502,11250,Implemented,None,2,10/5/2012,3/30/2013,Acres,3229,Vegetation/Soil Manipulation,Vegetation Disturbance,Tree/Brush Control: Pinyon Juniper Removal - Hand Cutting,0,,,,,,,,,"The treatment along the southwest end of the Antelope Range would be hand cut with chainsaws. Treatment would occur during the fall/winter months (September-February). Within the polygon stringers of trees alongside the major drainages islands of older trees, and any trees exhibiting old growth characteristics as described within 2.4.5.2 Veg 9.4., Page 2.4-7 of the Ely Proposed RMP and Final Environmental Impact Statement would be left. All other pinyon and juniper within the treatment area would be cut. It is anticipated that approximately 80 to 90 percent would be treated. Arrangement and distribution of stringers and islands would be determined prior to implementation and try to mimic the natural arrangement depicted within figure 1.  Treatments on the east bench of the Schell Creek Range would be treated with a combination of Ely anchor chain and other mechanical methods such as brush hog and chainsaw. Within the polygon there is a mixture of dense pinyon and juniper intermixed with areas where the trees are thin to non-existent. Areas where the trees are thin and areas inaccessible to the equipment would be hand cut with chainsaws or mechanically treated with equipment suited for the terrain such as a brush hog.  Areas that are identified to have a mountain mahogany component would not be chained and would be treated in a means that is selective such as brush hog or hand cutting. The western boundary of the project area overlaps a designated Pinenut collection area. Areas that are designated for pinenut collection would hand thinned with chainsaws and only the Juniper would be removed. All pinyon pine within these areas would be left.",Area was manually cut,,Polygon,Confirmed,"Digitized by BLM field office personnel, method unknown",,3229.222019,3224.238892,,,"Encroaching vegetation, Establishment of seeded species, Fire hazard, Habitat for wildlife, Hazardous fuels accumulation, Hazardous fuels reduction, Invasive species, Pinon-juniper, Sagebrush","The Stonehouse hazardous fuels reduction and habitat improvement project is an ongoing project with multiple actions. The project consists of two way chaining, hand thinning, mowing, drill seeding and potential mastication. The total project area consists of 23,676 acres of which up to 19,000 acres may be treated. Presently the first phase of the chaining (approximately 4,000 acres) has been initiated. The second phase of the chaining may consist of up to 2,284 acres, mowing and drill seeding areas may consist of up to 2,500 acres, mastication and hand thinning may be used to treat the remaining acres. The action is designed to improve sagebrush habitat within the North Spring Valley area and to remove encroaching trees from sage grouse leking and brooding habitat.  The objectives for the proposed action are to:\r\n\u2022 Reduce late seral and decadent sagebrush stands within the treatment area, to recruit younger more vigorous sagebrush and increase the herbaceous understory.\r\n\u2022 Provide additional water sources as deemed necessary through consultation with the Nevada Division of Wildlife to support and improve populations of big game and small game within North Spring Valley.\r\n\u2022 Increase the amount of time available for project implementation to accommodate the availability of resources and environmental factors such as weather and soils conditions.",None,,None,,See treatment 5 for implementation of mechanical thinning portion of this project.,10:19:00
Model 25,Central Basin and Range,Vegetation disturbance,30506,11250,Implemented,None,2,8/15/2011,7/23/2012,Acres,6116,Vegetation/Soil Manipulation,Vegetation Disturbance,Tree/Brush Control: Lop and Scatter,0,,,,,,,,,,Area was lop and scattered according to GIS VTRT layer attribute table.,,Polygon,Confirmed,"Digitized by BLM field office personnel, method unknown",,6116.680192,6086.077942,,,"Encroaching vegetation, Establishment of seeded species, Fire hazard, Habitat for wildlife, Hazardous fuels accumulation, Hazardous fuels reduction, Invasive species, Pinon-juniper, Sagebrush","The Stonehouse hazardous fuels reduction and habitat improvement project is an ongoing project with multiple actions. The project consists of two way chaining, hand thinning, mowing, drill seeding and potential mastication. The total project area consists of 23,676 acres of which up to 19,000 acres may be treated. Presently the first phase of the chaining (approximately 4,000 acres) has been initiated. The second phase of the chaining may consist of up to 2,284 acres, mowing and drill seeding areas may consist of up to 2,500 acres, mastication and hand thinning may be used to treat the remaining acres. The action is designed to improve sagebrush habitat within the North Spring Valley area and to remove encroaching trees from sage grouse leking and brooding habitat.  The objectives for the proposed action are to:\r\n\u2022 Reduce late seral and decadent sagebrush stands within the treatment area, to recruit younger more vigorous sagebrush and increase the herbaceous understory.\r\n\u2022 Provide additional water sources as deemed necessary through consultation with the Nevada Division of Wildlife to support and improve populations of big game and small game within North Spring Valley.\r\n\u2022 Increase the amount of time available for project implementation to accommodate the availability of resources and environmental factors such as weather and soils conditions.",None,,None,,,56:38:00
Model 25,Central Basin and Range,Vegetation disturbance,32893,12156,Implemented,None,1,8/15/2010,11/15/2010,Acres,190,Vegetation/Soil Manipulation,Vegetation Disturbance,Tree/Brush Control: Thin and Pile,0,,,,,,,,"The Geiger Draws habitat restoration/improvement unit has the potential to provide quality sage-grouse habitat during the spring, late summer, fall, and winter based on slope, aspect, vegetation types, and proximity to known breeding, late summer, fall, and winter use areas in the vicinity of Big Flat and Bull Spring. The unit also provides connectivity to potential pre-breeding, brooding, and late summer meadow habitat in upper Aurora Canyon.","All live and standing dead trees exceeding 1 foot in total height within identified\r\ntreatment unit boundaries shall be completely severed from the stump. No live\r\nbranches shall be left on the stump of cut trees. Stumps must not exceed, on the side\r\nadjacent to the highest ground, a maximum height of 6 inches for stumps 12 inches in\r\ndiameter and larger or a maximum height of 4 inches for stumps less than 12 inches in\r\ndiameter.\r\n\r\nCut trees shall be limbed and bucked to facilitate piling and/or scattering. Limbs and\r\nstems shall be bucked so as not to exceed six feet in total length. All Contractor generated\r\ntree material and all pre-existing down and dead tree material shall be hand\r\npiled or scattered per the following specifications:\r\n\r\nCut tress less than 10 feet in height and less than 6 inches in diameter at the base that\r\nare greater than 100 feet from any other trees in the unit must be loped and scattered.\r\n\r\nLimbs shall be scattered into natural openings on the ground and far enough apart to\r\navoid piling.\r\n\r\nCut trees greater than 10 feet in height and/or greater than 6 inches in diameter at the\r\nbase must be piled. Cut tree less than 10 feet in height and less than 6 inches in\r\ndiameter at the base that are within 100 feet of other trees in the unit must also be\r\npiled. Hand piles shall be constructed in a tight, compact fashion and to a height of not\r\nless than 6 feet. Pile diameter shall be between 6 and 10 feet. Wherever possible, hand\r\npiles shall be constructed on top of cut stumps, in the openings created by the removal\r\nof larger trees. Care should be taken to avoid creating hand piles in areas of heavy\r\nbrush, and to utilize natural openings as they occur. Wherever possible, the near edge\r\nof hand piles shall be at least 10 feet from the near edge of any other hand pile. No\r\nhand piles are allowed within 10 feet of any road. No hand piles will be allowed within\r\n15 feet of any live tree or physical improvement, such as a fence.",,,Polygon,Confirmed,"Digitized by BLM field office personnel, method unknown",,179.6079064,179.6007403,,Contractor,"Encroaching vegetation, Habitat for greater sage grouse, Habitat for wildlife, Habitat quality, Invasion by pinyon-juniper, Pinon-juniper","The proposed action was developed and designed to address the following sagegrouse conservation objectives identified by the Bodie PMU local working group: 1) Improve sage-grouse habitat quality by treating pinyon and/or juniper\r\nencroachment into key sage-grouse habitats in the Bodie PMU&* and 2) Manage pinyon and juniper in the Bodie PMU to ensure long-term connectivity between sage-grouse seasonal use areas and adjacent breeding populations (NDOW 2004, Appendix L, p. 96).\r\n\r\nThe proposed action would implement the following conservation actions identified by the Bodie PMU local working group in the Greater Sage-Grouse Conservation Plan for Nevada and Eastern California (NDOW 2004):\r\n\r\n- Remove pinyon and/or juniper in and adjacent to currently occupied breeding habitat in the Bodie PMU using the most appropriate technique to achieve project objectives (Appendix L, p. 96).\r\n- Identify additional priority treatment sites and implement additional pinyon and/or juniper removal treatments to improve sage-grouse habitat and sagebrush associated plant community health in the Bodie PMU (Appendix L, p. 97).\r\n\r\nIn 2007, the BLM Bishop Field Office entered into a cooperative agreement with\r\nThe Nature Conservancy (TNC) to develop a Conservation Action Plan (CAP) for\r\nthe Bodie Hills. The purpose of the CAP was to inform and guide the formulation\r\nof future site-specific vegetation management strategies to protect and enhance\r\nthe area\u2019s ecological integrity. As part of the CAP process, a combination of\r\nremote sensing, field surveys, and ecological modeling was used to evaluate the\r\ncurrent condition of ecological systems in the Bodie Hills as compared to their\r\npredicted natural range of variability. The results of this analysis indicate that\r\nmontane sagebrush steppe, Wyoming big sagebrush, and basin big sagebrush\r\necosystems in the Bodie Hills are currently \u201chighly departed\u201d from their natural\r\nrange of variability. The analysis also indicated that low sagebrush ecosystems\r\nin the Bodie Hills are \u201cmoderately departed\u201d from their natural range of variability.\r\nThe CAP analysis identified the over representation of mid seral (class C), late\r\nseral (class E), and uncharacteristic (class U) ecological classes in these\r\necosystems as primary contributors to this departure. Chainsaw lopping and\r\ncanopy thinning of conifer trees and prescribed fire are among the recommended\r\nmanagement strategies for restoring these ecosystems (Provencher et al. 2009).",None,,None,,,01:19:00
Model 25,Central Basin and Range,Vegetation disturbance,32894,12156,Implemented,None,1,9/20/2012,11/20/2012,Acres,317,Vegetation/Soil Manipulation,Vegetation Disturbance,Tree/Brush Control: Thin and Pile,0,,,,,,,,"The South Slope habitat restoration/improvement unit has the potential to provide quality sage-grouse habitat during the spring, late summer, fall, and winter based on slope, aspect, vegetation types, and proximity to known breeding, late summer, fall, and winter use areas in the vicinity of Big Flat and Bull Spring. The unit also provides connectivity to potential pre-breeding, brooding, and late summer meadow habitat in upper Aurora Canyon.","All live and standing dead trees exceeding 1 foot in total height within identified\r\ntreatment unit boundaries shall be completely severed from the stump. No live\r\nbranches shall be left on the stump of cut trees. Stumps must not exceed, on the side\r\nadjacent to the highest ground, a maximum height of 6 inches for stumps 12 inches in\r\ndiameter and larger or a maximum height of 4 inches for stumps less than 12 inches in\r\ndiameter.\r\n\r\nCut trees shall be limbed and bucked to facilitate piling and/or scattering. Limbs and\r\nstems shall be bucked so as not to exceed six feet in total length. All Contractor generated\r\ntree material and all pre-existing down and dead tree material shall be hand\r\npiled or scattered per the following specifications:\r\n\r\nCut tress less than 10 feet in height and less than 6 inches in diameter at the base that\r\nare greater than 100 feet from any other trees in the unit must be loped and scattered.\r\n\r\nLimbs shall be scattered into natural openings on the ground and far enough apart to\r\navoid piling.\r\n\r\nCut trees greater than 10 feet in height and/or greater than 6 inches in diameter at the\r\nbase must be piled. Cut tree less than 10 feet in height and less than 6 inches in\r\ndiameter at the base that are within 100 feet of other trees in the unit must also be\r\npiled. Hand piles shall be constructed in a tight, compact fashion and to a height of not\r\nless than 6 feet. Pile diameter shall be between 6 and 10 feet. Wherever possible, hand\r\npiles shall be constructed on top of cut stumps, in the openings created by the removal\r\nof larger trees. Care should be taken to avoid creating hand piles in areas of heavy\r\nbrush, and to utilize natural openings as they occur. Wherever possible, the near edge\r\nof hand piles shall be at least 10 feet from the near edge of any other hand pile. No\r\nhand piles are allowed within 10 feet of any road. No hand piles will be allowed within\r\n15 feet of any live tree or physical improvement, such as a fence.",,,Polygon,Confirmed,"Digitized by BLM field office personnel, method unknown",,317.0485244,317.0333956,,Contractor,"Encroaching vegetation, Habitat for greater sage grouse, Habitat for wildlife, Habitat quality, Invasion by pinyon-juniper, Pinon-juniper","The proposed action was developed and designed to address the following sagegrouse conservation objectives identified by the Bodie PMU local working group: 1) Improve sage-grouse habitat quality by treating pinyon and/or juniper\r\nencroachment into key sage-grouse habitats in the Bodie PMU&* and 2) Manage pinyon and juniper in the Bodie PMU to ensure long-term connectivity between sage-grouse seasonal use areas and adjacent breeding populations (NDOW 2004, Appendix L, p. 96).\r\n\r\nThe proposed action would implement the following conservation actions identified by the Bodie PMU local working group in the Greater Sage-Grouse Conservation Plan for Nevada and Eastern California (NDOW 2004):\r\n\r\n- Remove pinyon and/or juniper in and adjacent to currently occupied breeding habitat in the Bodie PMU using the most appropriate technique to achieve project objectives (Appendix L, p. 96).\r\n- Identify additional priority treatment sites and implement additional pinyon and/or juniper removal treatments to improve sage-grouse habitat and sagebrush associated plant community health in the Bodie PMU (Appendix L, p. 97).\r\n\r\nIn 2007, the BLM Bishop Field Office entered into a cooperative agreement with\r\nThe Nature Conservancy (TNC) to develop a Conservation Action Plan (CAP) for\r\nthe Bodie Hills. The purpose of the CAP was to inform and guide the formulation\r\nof future site-specific vegetation management strategies to protect and enhance\r\nthe area\u2019s ecological integrity. As part of the CAP process, a combination of\r\nremote sensing, field surveys, and ecological modeling was used to evaluate the\r\ncurrent condition of ecological systems in the Bodie Hills as compared to their\r\npredicted natural range of variability. The results of this analysis indicate that\r\nmontane sagebrush steppe, Wyoming big sagebrush, and basin big sagebrush\r\necosystems in the Bodie Hills are currently \u201chighly departed\u201d from their natural\r\nrange of variability. The analysis also indicated that low sagebrush ecosystems\r\nin the Bodie Hills are \u201cmoderately departed\u201d from their natural range of variability.\r\nThe CAP analysis identified the over representation of mid seral (class C), late\r\nseral (class E), and uncharacteristic (class U) ecological classes in these\r\necosystems as primary contributors to this departure. Chainsaw lopping and\r\ncanopy thinning of conifer trees and prescribed fire are among the recommended\r\nmanagement strategies for restoring these ecosystems (Provencher et al. 2009).",None,,None,,,03:43:00
Model 25,Central Basin and Range,Vegetation disturbance,34056,12629,Implemented,None,2,4/10/2007,5/14/2007,Acres,500,Vegetation/Soil Manipulation,Vegetation Disturbance,Vegetation Disturbance: Mowing,0,,,,,,,,a) Reduce invasive juniper from the sagebrush steppe;\r\nb) Protect the area from high-severity wild land fires by increasing canopy spacing;\r\nc) Reduce threats to rangeland health across the landscape;\r\nd) Promote the systematic gathering of information to address the impacts to rangeland\r\nhealth.,"A bullhog would mulch juniper trees to ground level\r\nwith a stump height no greater than 6"" measured on the uphill side. The mulch, created by\r\nthe bullhog, would be scattered if the depth of the mulch is greater than 6&&.\r\nThe thinning treatment would create irregular mosaic patterns within thick juniper stands,\r\nthus creating a patchy mixture of islands and corridors of undisturbed vegetation. The juniper\r\ntrees selected to be retained would be of good form and vigor and of various age and size\r\nclasses. Pinyon trees would be avoided if they are discovered to be in the treatment area.\r\nThe bull hog is a self propelled, tracked or rubber-tired, brush cutting piece of\r\nrangeland/forestry equipment with carbide tipped cutters mounted on a rotary drum. The\r\ncutting head reduces wood and brush quickly into shredded material leaving a layer of\r\nmulch-like material. Bull hog sizes range from 13,000 pounds up to 42,000 pounds and 1 O'\r\nlong by 6&$ wide up to 20&$ long and 1 O&$ wide.","During April and May of 2007, an environmental brush cutter (bullhog) was used to\r\nimplement the project by mulching varying age classes of juniper to ground level without\r\ndisturbing root material.",We achieved the objective of the first phase.,Polygon,Confirmed,"Digitized by BLM field office personnel, method unknown",,890.8556833,857.6341462,,Contractor,"Pinon-Juniper, Rangeland Health, Public Safety, Fire Hazard","Prior to the April - May 2007 treatment, the vegetation in the project area was dominated\r\nlargely by dense juniper (Juniperus osteosperma). This area fit into the Hazardous fuels\r\ncategory in that it had a high potential to carry intense, fast-moving fires, namely in the West\r\nOakbrush Creek area. This area needed a fuels treatment that would create a less flammable\r\nfuels environment. This fuel reduction is expected to introduce spacing, age-class and size class\r\ndiversity in the juniper component, and increase vegetation diversity that would reduce\r\nthe potential for large wildland fires.",None,,None,,,46:00:00
Model 25,Central Basin and Range,Vegetation disturbance,35093,13029,Implemented,None,1,3/1/2010,6/10/2010,Acres,698,Vegetation/Soil Manipulation,Vegetation Disturbance,Vegetation Disturbance: Mowing,0,,,,,,,,"Remove 100% of Juniper except trees with a 20"" diameter or greater, and those with old growth characteristics","Services in this task order provide for wildland fire hazard reduction by mechanically\r\nremoving/shredding with a wheeled or tracked bullhog ALL live juniper trees and saplings unless they are\r\ndesignated as leave trees. Leave trees are defined as junipers greater than 20"" in diameter at ground level, trees\r\nhaving old-growth characteristics, or wildlife trees. The Contracting Officer's Representative (COR) will\r\nidentify and mark wildlife trees but the contractor will be responsible for identifying and leaving old-growth\r\nonce they have been oriented on site by the COR. The COR will meet with the contractor on site and provide a\r\nwritten and oral description of old-growth characteristics. Old-growth trees may occur alone or in patches (up to\r\nseveral acres). Isolated single old-growth trees and patches of old-growth juniper will be avoided. All pinyon\r\ntrees are to remain intact. It is estimated that 5-10% of the project areas shall not be treated due to old growth\r\njuniper patches, wildlife leave areas, steep slopes or rocky terrain. The contractor will be paid for actual treated\r\nacreage of the task order. The COR will determine untreatable areas within the project. The project has not\r\nbeen flagged but will be prior to the start date of the task order. This task order requires the Contractor to\r\nfurnish labor, equipment, supervision, transportation, operating supplies and incidentals.","A bullhog mulched juniper trees (objective #2) to ground level with a stump height no greater than 6\u201d measured on the uphill side. The mulch, created by the bullhog, was scattered if the depth of the mulch was greater than 6\u201d.\r\nThe thinning treatment created irregular mosaic patterns within thick juniper stands, thus creating a patchy mixture of islands and corridors of undisturbed vegetation. The juniper trees selected to be retained was of good form and vigor and of various age and size classes. Pinyon trees were avoided if they are discovered to be in the treatment area.",,Polygon,Confirmed,"Digitized by BLM field office personnel, method unknown",,702.6647231,702.6654284,,Contractor,"Fire hazard, Invasion by pinyon-juniper, Pinon-juniper, Rangeland health","Implementation of HFR projects intend to reduce the potential of wildland fire from burning across BLM managed lands, other federal, state, private, and tribal land\u2013which place natural resources, human communities, and associated infrastructures at risk. Management actions seek to reduce the rate of spread, intensity, resistance to control, and crowning (movement of a fire from the understory into the crown of a tree canopy) potential of wildfires by reducing available fuel.",None,,None,,Winter Springs treatment area,44:47:00
Model 25,Central Basin and Range,Vegetation disturbance,35269,13091,Implemented,,2,5/1/2012,7/12/2012,Acres,1604,Vegetation/Soil Manipulation,Vegetation Disturbance,Tree/Brush Control: Pinyon Juniper Removal - Hand Cutting,0,,,,,,,,,Maintenance of\r\nthese projects would consist of hand crews using chain saws to cut the regenerating pin yon and\r\njuniper trees within the previously treated areas. Project implementation would begin in 2010 and\r\nproceed as funding is available until completed.,Area was treated.,,Polygon,Confirmed,"Digitized by BLM field office personnel, method unknown",,1991.52952,1991.531256,,,"Encroaching vegetation, Habitat quality, Invasion by pinyon-juniper","The proposal is to conduct maintenance on the Woods McCullough, Burnt Canyon, and Reeds\r\nCabin Habitat Improvement Projects. These habitat improvement projects were\r\ncompleted in 1996 for Woods McCullough, 1976 for Burnt Canyon, and 1993 for Reeds Cabin\r\nusing mechanical methods to remove the pinyon and juniper trees. Total project area is\r\napproximately 3,226 acres in three locations&* the Woods McCullough project (1 ,046 acres), the\r\nBurnt Canyon project (1 ,604 acres) and the Reeds Cabin project (576 acres). Maintenance of\r\nthese projects would consist of hand crews using chain saws to cut the regenerating pinyon and\r\njuniper trees within the previously treated areas. Slash from the cutting would be scattered in\r\nareas with fewer trees and then piled in areas with thicker trees. Piles would be a maximum of 5\r\nfeet by 5 feet by 5 feet in size. The majority of these piled would then be disposed of through\r\nprescribed burning. The remaining piles would be left for small game habitat. Prescribed\r\nburning would take place during the winter when there is snow on the ground and/or following a\r\nprecipitation event. Project implementation would begin in 2010 and\r\nproceed as funding is available until completed.",None,,None,,Burnt Canyon Treatment,23:20:00
Model 25,Central Basin and Range,Vegetation disturbance,35320,13109,Implemented,Unknown,2,4/1/2008,5/15/2008,Acres,996,Vegetation/Soil Manipulation,Vegetation Disturbance,Vegetation Disturbance: Mowing,0,No seed list,,,,,,,"The short-term (within one year of project\r\nimplementation) objectives of the project are: 1) reduce sagebrush cover of decadent and old sagebrush cover by at least 50%, 2) improve vigor of sagebrush plants, and 3) create a mosaic fuelbreak that could be used to control a wildfire. The long-term objectives for the project are: 1) Increase the percent composition by weight (Ibs/acre) of perennial grasses and forbs to a minimum of 65% of the ecological site potential within ten years following completion of the treatment.","The proposed action is to mow approximately 1,000 acres of Wyoming big sagebrush habitat in southern Garden Valley. Sagebrush would be mowed to a height of approximately three to six inches above ground level. The treatment would be conducted through the use of a rubber wheeled tractor pulling a twenty-foot wide sagebrush mower. Treatments would be conducted in a mosaic pattern that would leave irregular boundaries and islands within the treatment polygon.","Mowing of 996 acres completed. Implementation verified by GIS attribute table. John Uhalde and Co. provided tractor and labor. BLM paid for brush mower and parts for mower, NEPA documentation, cultural clearances, monitoring, and other surveys, etc.","The project site indicated excellent response to the mowing treatment. The removal of the decadent sagebrush plants resulted in the establishment of healthy, native plants with a diverse mixture of grasses, forbs and shrubs. The vegetation displayed excellent health, vigor and production in comparison to the adjacent untreated areas. The recruitment of young, healthy native plants was evident. The primary species present included Wyoming big sagebrush, galleta, bottlebrush squirreltail and globemallow. Other species present included Indian ricegrass, needle and thread and rabbitbrush. There were minimal to no non-native, invasive species present. There were a few cheatgrass and mustard plants present. Overall, the project area displayed a healthy, vigorous native plant community. The progress and improvement in the plant community was excellent considering that the treatment was only completed one year prior to the monitoring study being conducted.\r\n\r\nOverall, the total overall canopy cover increased in 2013 from the 2009 monitoring event. Overall perennial grass cover nearly doubled from 12.5% (12% - 13%) in 2009 to 24% (20% - 28%) in 2013 and density remained unchanged with an average of 74,869 plants/acre for both 2009 (43106 \u2013 106631 plants/acre) and 2013 (70332 \u2013 79406 plants/acre). Overall shrub cover increased slightly from 5% (5% - 5%) in 2009 to 8.5% (5% - 12%) in 2013 and density increased slightly from an average of 5,105 plants/acre in 2009 (3403 \u2013 4538 plants/acre) to 7,374 plants/acre in 2013 (3403 \u2013 11344 plants/acre) which was a result of an increase in sagebrush canopy cover and density. Overall forb cover decreased from 7% (5% - 9%) in 2009 to 0.5% (0 \u2013 1%) in 2013 and density of perennial forbs decreased from 6,239 plants/acre (3403 \u2013 9075 plants/acre) in 2009 to 5,672 plants/acre (0-11344 plants/acre) in 2013. Cheatgrass cover increased dramatically from 0% in 2009 to 13% (10% - 15%) in 2013 and density increased from 0 plants/acre in 2009 to 263,742 plants/acre (106631 \u2013 420853 plant/acre) in 2013. 2009 was a relatively wet year, particularly the spring and early summer, which resulted in very high production of forbs. The winter/spring precipitation for 2013 was relatively low and temperature warmed quickly. This may explain some of the variability in forb production. \r\nThe vegetation still appeared to be vigorous and productive, particularly the sagebrush and galleta grass, both of which had long leader growth and seed stocks and appeared to have good seed production for the year for galleta and appeared that it may be good for sagebrush. Most of the vegetation had already or was close to dormancy for the summer due to the lack of precipitation and warm weather.\r\n\r\nSHORT TERM GOAL \tSUCCES:\r\nReduce decadent sagebrush cover by at least 50 percent.    N/A\r\nImprove vigor of sagebrush plants.      YES\r\nCreate a mosaic fuel break for wildfire control.      YES\r\nIncrease relative cover of desirable, perennial herbaceous species by 10 percent.     YES\r\n\r\nLONG TERM GOAL \tSUCCES:\r\nIncrease the percent composition by weight (lbs/acre) of perennial grasses and forbs to a minimum of 65 percent of the ecological site potential within ten years following completion of the treatment.          N/A\r\nNote: There appears to be significant progress being made towards meeting the above long term goal based on the vegetative response only one year following completion of the treatment.",Polygon,Confirmed,"Digitized by BLM field office personnel, method unknown",,996.5170716,996.5180506,,BLM and Cooperators,"Fire hazard, Loss of vegetation","The goals of the project are to improve existing perennial herbaceous understory species composition and production, reduce decadent sagebrush cover, and improve vigor of existing healthy sagebrush plants. A secondary goal is to reduce fuel loading and to\r\nprevent spread of wildfire in the area.",,,,,"John Uhalde and Co.: $22,000\r\nBLM: $7,000",04:46:00
Model 25,Central Basin and Range,Vegetation disturbance,68820,24455,Implemented,Unknown,2,9/16/2019,2/28/2020,Acres,1482,Vegetation/Soil Manipulation,Vegetation Disturbance,Tree/Brush Control: Pinyon Juniper Removal,0,No seed list,,,,,,,Removal of conifers to improve sage-grouse habitat by eliminating perch sites of predators that prey on sage-grouse. Overall improvement on sagebrush steppe ecosystems when reducing invading tree/shrub species.,"\tCut/scatter juniper (Live or Dead) within specification of the project area. \tBoles (stumps) shall be cut as close to the ground as possible with stump heights not to exceed 6 inches. \tIf obstacles are encountered, such as rocks, stump height may be above the obstacle. \tLimbs (slash) from thinned trees shall be cut and scattered next to the tree bole or as close as possible while not allowing slash height to exceed 24 inches from ground level. All juniper trees within the cut and scatter polygon should be removed retaining any mountain mahogany if encountered. Trees containing raptor nests discovered during project implementation will be retained.","Removal of junipers completed, verified by contract invoice.",Unknown.,Polygon,Confirmed,"Digitized by BLM field office personnel, method unknown",,1482.17,1482.17,,Contractor,Habitat for greater sage grouse,Improve sage-grouse habitat by removing historic and/or encroaching Utah juniper (Juniperus osteosperma) in close proximity to three sage-grouse leks.,,"Points across the project area required reworking; material piles higher than 30 inches, stump heights above 6 inches, some live/dead juniper left standing, and some scattered material left on roadways or leaning against fences.",,,"Total treatment area and timeframe for project adjusted after initial plan and statement of work. Treatment area includes NDOW polygons (2), seperated features can be found in the GIS folder.\r\nIncluded costs are for NDOW portion of treatment.",59:29:00
Model 25,Central Basin and Range,Vegetation disturbance,68991,24506,Implemented,Unknown,2,10/18/2019,11/1/2019,Acres,446,Vegetation/Soil Manipulation,Vegetation Disturbance,Tree/Brush Control: Lop and Scatter,0,No seed list,,,,,,,"Pinyon and juniper woodland thinning by means of manual (i.e., chainsaw) cutting and scattering.","Cut/scatter pinyon and juniper (Live or Dead) within specifications of the unit as shown on the map. Boles (stumps) shall be cut as close to the ground as possible with stump heights not to exceed 6 inches. If obstacles are encountered, such as rocks, stump height may be above the obstacle. Limbs (slash) from thinned trees shall be cut and scattered next to the tree bole or as close as possible while not allowing slash height to exceed 24 inches from ground level. All pinyon and juniper trees within the cut and scatter polygon should be removed retaining any mountain mahogany if encountered. Trees containing raptor nests discovered during project implementation will be retained.","Boone/Indian Creek cut and scatter completed, verified by GIS attribute table.",Unknown.,Polygon,Confirmed,"Digitized by BLM field office personnel, method unknown",1/31/2020,445.67,445.67,,Contractor,Invasion by pinyon-juniper,"Improve mule deer crucial winter habitat by eliminating plant competition. Treatment will also provide an area free of conifers for Greater sage-grouse, eliminating perch sites of predators that prey upon sage-grouse.",,,,,,59:50:00
Model 25,Central Basin and Range,Vegetation disturbance,70456,24979,Implemented,Unknown,2,11/9/2020,12/15/2020,Acres,3323,Vegetation/Soil Manipulation,Vegetation Disturbance,Tree/Brush Control: Pinyon Juniper Removal,0,No seed list,,,,,,,"Juniper and Pinyon pine removal will eliminate plant competition for plants crucial to mule deer winter forage. This action will also benefit greater sage-grouse, by eliminating perch sites for predators.","The removal of single-leaf pinyon pin and Utah juniper trees using chainsaws across the project area, minus leave areas such as old growth conifer stands or other wildlife leave areas. Trunks shall be cut and left as close to the ground as possible, with stumps no taller than 6 inches. No limbs left attached to trunks.\r\n\r\nAdditional stipulations: \r\nRetain any mountain mahogany if encountered.\r\nTrees containing raptor nests will be retained.","Hand cutting of pinyon/juniper completed, verified by GIS attribute table.",Unknown.,Polygon,Confirmed,"Digitized by LTDL data entry personnel, merged map from various sources",6/5/2023,3222.73,3222.57,Treatment acres greater than feature acres because it does not account for leave area.,BLM and Cooperators,"Habitat for mule deer, Encroaching vegetation","Improve crucial winter habitat  for mule deer, which has been reduced by juniper and pinyon pine encroachment.",,,,,,40:01:00
Model 25,Central Basin and Range,Vegetation disturbance,70460,24979,Implemented,Unknown,2,11/9/2020,12/15/2020,Acres,3323,Vegetation/Soil Manipulation,Vegetation Disturbance,Tree/Brush Control: Lop and Scatter,0,No seed list,,,,,,,"Juniper and Pinyon pine removal will eliminate plant competition for plants crucial to mule deer winter forage. This action will also benefit greater sage-grouse, by eliminating perch sites for predators.","Once the trees are cut, they will be lopped and scattered in pieces less than 4 feet in length, so that no tree slash is piled or protruding higher than 24 inches from the ground. Slash shall be cut into pieces less than 4 ft long.\r\n\r\nAdditional stipulations:\r\nDragging of material should be limited to what is necessary to meet the 24-inch depth requirement.","Lop and scatter of pinyon/juniper slash completed, verified by GIS attribute table.",Unknown.,Polygon,Confirmed,"Digitized by LTDL data entry personnel, merged map from various sources",6/5/2023,3222.73,3222.57,,BLM and Cooperators,"Habitat for mule deer, Encroaching vegetation","Improve crucial winter habitat  for mule deer, which has been reduced by juniper and pinyon pine encroachment.",,,,,,18:32:00
Model 25,Central Basin and Range,Vegetation disturbance,70637,3256,Implemented,Partially Successful,2,1/28/2015,2/20/2015,Acres,1479,Vegetation/Soil Manipulation,Vegetation Disturbance,Tree/Brush Control: Pinyon Juniper Removal - Hand Cutting,0,No seed list,,,,,,,Enhance sagebrush habitat for sage-grouse and other sagebrush dependent species,Pinyon/junipers would be cut with hand and small mechanized tools. Trees would be cut and lopped and scattered on site.,"Lop and scatter was completed through a service contract, confirmed by GIS attribute table and performance profile.",The tree cover prior to treatment was 15.5%. The tree cover in 2017 was 7.3% and in 2019 is was 5.2%. Re-treatment will be scheduled to maintain tree cover under 5%. Perennial forb and grass cover increased from 17.1% pre-treatment to 23% in 2019. This could be a result of the treatment or the amount of precipitation or a combination of both. Further analysis and comparison of similar treatments will need to be completed to identify trends.,Polygon,Confirmed,"Digitized by BLM field office personnel, method unknown",8/3/2023,1480.03,1479.8,,Contractor,"Forage for wildlife, Habitat for mule deer, Habitat for sage grouse,  Invasion by pinyon-juniper","The primary purpose of the Proposed Action is to improve availability, quantity, and quality of sagebrush, woodland, and wet meadow/riparian habitats that multiple wildlife species, wild horses, and livestock depend on.\r\n\r\nThe first need is to restore and enhance degraded sage-grouse habitat stemming from pinyon/juniper (PJ) expansion into sagebrush and quality brood rearing habitats and/or excessive horse use. Healthy, resilient springs/wet meadows support abundant and diverse forb and insect populations. Sage-grouse chicks are critically dependent on the protein for survival, and in turn, recruitment into breeding-capable adults. In particular, wet meadows in Dalton Canyon are degraded from PJ expansion coupled with heavy wild horse use, as well as permitted livestock grazing use of meadows, and a wet meadow in Porter Canyon is degraded from PJ expansion. This has changed the hydrology that in turn has led to decreased plant diversity and declining sage-grouse use.\r\n\r\nThe second need is to decrease density of PJ that has been identified as a primary factor in mule deer population declines as well as several woodland dependent bird species. Mule deer, pinyon jays, mountain chickadees, and scrub jays depend on woodland landscapes that have a more open canopy and park-like structure with a robust understory of forbs, grasses, and shrubs. In highly dense PJ stands, the understory has been eliminated or is in decline. Increasing density and encroachment is also degrading springs/wet meadows in mule deer habitat and aspen stands in riparian areas.\r\n\r\nThe third need is to reduce the high fire risk stemming from increased PJ density and to restore a cheatgrass dominated landscape near Cold Springs that has resulted from previous fires. The Fire Regime Condition Class (FRCC) is a numerical rating representing the degree of departure from the historical fire regime and vegetation conditions, or in other words, fire frequency and severity.",,,,,Bassie Canyon,56:27:00
Model 25,Central Basin and Range,Vegetation disturbance,70647,25017,Implemented,Successful,2,10/4/2016,10/30/2016,Acres,1295,Vegetation/Soil Manipulation,Vegetation Disturbance,Tree/Brush Control: Pinyon Juniper Removal - Hand Cutting,0,No seed list,,,,,,,The objective for this treatment is to remove the tree component and improve the understory in high value wildlife habitat.,"The Smith Creek One Vegetation Treatment is a 1,295-acre cutting vegetation treatment in the Desatoya Mountains of western Nevada.","Lop and scatter was completed through a service contract, confirmed by GIS attribute table and invoice.\r\n\r\nTreatment consisted of cutting down all trees and cutting branches, so they lay no more than 24 inches off the ground.",The tree cover prior to treatment was 10.5%. The tree cover in 2018 was 4%. Currently the treatment is at 5.7%. Re-treatment will be scheduled because the tree cover is over 5%. Perennial forb and grass cover increased from 8.5% pre-treatment to 13.4% in 2019. This could be a result of the treatment or the amount of precipitation or a combination of both. Further analysis and comparison of similar treatments will need to be completed to identify trends.,Polygon,Confirmed,"Digitized by BLM field office personnel, method unknown",8/3/2023,1421.5,1421.5,,Contractor,"Hazardous fuels reduction, Habitat for wildlife, Forage quality","The objective for these treatments is to modify fire intensity by removing the tree component, create a wildlife corridor and improve the understory in high value wildlife habitat. Increasing PJ encroachment into sagebrush communities has been shown to result in the decline of shrubs and herbaceous vegetation which has often resulted in negative impacts to soil resources, plant community structure and composition, forage availability, water and nutrient cycles, and wildlife habitat.",,,,,Smith Creek Valley 1\r\n\r\nGIS treatment acres vary significantly from those on invoice and monitoring report.,49:14:00
Model 25,Central Basin and Range,Vegetation disturbance,70676,25020,Implemented,Successful,2,10/1/2019,11/17/2020,Acres,2896,Vegetation/Soil Manipulation,Vegetation Disturbance,Tree/Brush Control: Pinyon Juniper Removal - Hand Cutting,0,No seed list,,,,,,,The objective for this treatment is to remove the tree component and improve the understory in high value wildlife habitat.,"Drop and lop 2,896 acres of pinyon/juniper trees in 3 treatment units.","Lop and scatter was completed through a service contract, confirmed by GIS attribute table and invoice.",Photo report shows visual and successful change in the landscape.,Polygon,Confirmed,"Digitized by BLM field office personnel, method unknown",8/4/2023,2897.53,2897.53,,Contractor,"Hazardous fuels reduction, Habitat for wildlife, Forage quality","The objective for these treatments is to modify fire intensity by removing the tree component, create a wildlife corridor and improve the understory in high value wildlife habitat. Increasing PJ encroachment into sagebrush communities has been shown to result in the decline of shrubs and herbaceous vegetation which has often resulted in negative impacts to soil resources, plant community structure and composition, forage availability, water and nutrient cycles, and wildlife habitat.",,,,,"Stoker/Able, Bassie",53:39:00
Model 25,Central Basin and Range,Vegetation disturbance,70873,7529,Implemented,Unknown,1,10/1/2015,9/5/2016,Acres,2412,Vegetation/Soil Manipulation,Vegetation Disturbance,Tree/Brush Control: Pinyon Juniper Removal - Hand Cutting,0,No seed list,,,,,,,"Reduce hazardous fuels, improve wildlife habitat","Cutting and lopping all pinyon and juniper trees on 2,412 acres to improve sage grouse habitat characteristics and reduce fire intensity potential.","Lop and scatter was completed, confirmed by invoice.",Unknown,Polygon,Confirmed,"Digitized by BLM field office personnel, method unknown",8/18/2023,2411.25,2411.25,,Contractor,"Habitat for sage grouse, Hazardous fuels accumulation, Hazardous fuels reduction, Invasion by pinyon-juniper, Pinon-juniper","The purpose of this contract is to secure the service of cutting and lopping all pinyon and juniper trees on 2,210 acres to improve sage grouse habitat characteristics and reduce fire intensity potential.",,,,,Mill Canyon 2,10:23:00
Model 25,Central Basin and Range,Vegetation disturbance,71061,25077,Implemented,Unknown,2,8/24/2015,9/15/2015,Acres,770,Vegetation/Soil Manipulation,Vegetation Disturbance,Tree/Brush Control: Pinyon Juniper Removal - Hand Cutting,0,No seed list,,,,,,,Remove pinyon-juniper trees to enhance sage-grouse habitat.,Lop and scatter.  Permitee (NRCS EQIP).,"Cut and lop was completed, confirmed by completion report.",Unknown,Polygon,Confirmed,"Digitized by BLM field office personnel, method unknown",8/31/2023,769.81,769.69,,Other Agency,"Habitat for sage grouse, Invasion by pinyon-juniper, Hazardous fuels reduction",Vegetation treatment for the purpose of sage-grouse habitat maintenance and enhancement.,,,,,Crest,16:57:00
Model 25,Central Basin and Range,Vegetation disturbance,71062,25077,Implemented,Unknown,2,10/2/2017,11/2/2017,Acres,250,Vegetation/Soil Manipulation,Vegetation Disturbance,Tree/Brush Control: Pinyon Juniper Removal - Hand Cutting,0,No seed list,,,,,,,Remove pinyon-juniper trees to enhance sage-grouse habitat.,"100% of the pinyon-juniper trees within the units, whether live or standing dead, will be completely severed from the stumps. Stump height will not exceed 6 inches. No live limbs will be left on the stumps of cut trees. Material from the cut live trees will be treated so that it lays no higher than 24 inches above the ground. Standing dead trees just need to be severed from stumps (tipped). No mountain mahogany is to be cut. Where pinyon-juniper trees within mountain mahogany stands, no need to cut them.","Cut and lop of pinyon-junipers was performed, confirmed by completion report.",Unknown,Polygon,Confirmed,"Digitized by BLM field office personnel, method unknown",8/31/2023,247.45,247.45,,BLM,"Habitat for sage grouse, Invasion by pinyon-juniper, Hazardous fuels reduction",Vegetation treatment for the purpose of sage-grouse habitat maintenance and enhancement.,,,,,Crest 2,19:07:00
Model 25,Central Basin and Range,Vegetation disturbance,71085,25083,Implemented,Unknown,1,10/6/2017,10/20/2017,Acres,1155,Vegetation/Soil Manipulation,Vegetation Disturbance,Tree/Brush Control: Pinyon Juniper Removal - Hand Cutting,0,No seed list,,,,,,,The purpose of this contract is to improve sage grouse habitat characteristics.,"Manually cut 100% of the pinyon and juniper trees, live and standing dead, on 1,155 acres to improve sage grouse habitat characteristics. 100% of the pinyon and juniper trees within the project boundary, whether live or standing dead, will be completely severed from the stumps. Stump height will not exceed 6 inches. No live limbs will be left on the stumps of cut trees. A minimum of one crew member will utilize hand loppers to cut the smallest trees and lowest live limbs on the larger trees that can\u2019t safely/effectively be cut with a chainsaw. One crew member utilizing hand loppers per six crew members utilizing chainsaws is recommended. Material from the cut live trees will be treated so that it lays no higher than 36 inches above the ground. Cut standing dead trees just need to be severed from stumps. Trees with obvious signs of wildlife use, such as cavities in the trunks or large stick nests, will not be cut.","Pinyon-juniper cutting was complete, dates confirmed by contract diary.",Unknown,Polygon,Confirmed,"Digitized by BLM field office personnel, method unknown",9/5/2023,1154.4,1019.82,,Contractor,"Habitat for sage grouse, Invasion by pinyon-juniper",Pinyon-juniper encroachment expanding uphill toward the crest of the Pine Nut Mountains is reducing the quality and dimensions of the sage-grouse movement corridors.,,,,,Slaters JC29,13:57:00
Model 25,Central Basin and Range,Vegetation disturbance,71134,25099,Implemented,Unknown,1,6/1/2011,10/1/2011,Acres,400,Vegetation/Soil Manipulation,Vegetation Disturbance,Tree/Brush Control: Lop and Scatter,0,No seed list,,,,,,,Reduce hazardous fuels and improve forest health.,Lop and scatter.  Service contract.,"Cut and lop was implemented, confirmed by completion report.",Unknown,Polygon,Confirmed,"Digitized by BLM field office personnel, method unknown",9/7/2023,400.21,400.21,,BLM,"Forest health, Hazardous fuels reduction",Reduce hazardous fuels and improve forest health.,,,,,,55:13:00
Model 25,Central Basin and Range,Vegetation disturbance,71470,25210,Implemented,Unknown,2,11/29/2021,12/17/2021,Acres,961,Vegetation/Soil Manipulation,Vegetation Disturbance,Vegetation Disturbance: Mowing,0,No seed list,,,,,,,Mowing maintenance of the Spring Creek North Fuelbreak.,Unknown.,"Fuelbreak mowed, verified by GIS attribute table and as built treatment map.",Unknown.,Polygon,Confirmed,"Digitized by BLM field office personnel, method unknown",2/18/2022,961.77,948.74,,Unknown,Hazardous fuels reduction,Fuelbreak maintenance,,,,,,59:58:00
Model 25,Central Basin and Range,Vegetation disturbance,71485,25216,Implemented,Unknown,2,10/1/2019,10/30/2019,Acres,133,Vegetation/Soil Manipulation,Vegetation Disturbance,Vegetation Disturbance: Mowing,0,No seed list,,,,,,,Maintain the Beaver Creek fuelbreak.,Unknown.,"Mowing of the Beaver Creek fuelbreak completed, verified by GIS attribute table.",Unknown.,Polygon,Confirmed,"Digitized by BLM field office personnel, method unknown",4/2/2020,133.28,133.28,,See Cooperators List,Hazardous fuels reduction,Fuelbreak Maintenance,,,,,,04:23:00
Model 25,Central Basin and Range,Vegetation disturbance,71486,25217,Implemented,Successful,2,10/1/2019,10/30/2019,Acres,163,Vegetation/Soil Manipulation,Vegetation Disturbance,Vegetation Disturbance: Mowing,0,No seed list,,,,,,,Fuelbreak Maintenance,Unknown.,"Mowing maintenance of the Double Mountain fuelbreak completed, verified by GIS attribute table.",Unknown.,Polygon,Confirmed,"Digitized by BLM field office personnel, method unknown",4/2/2020,163.26,163.26,,Unknown,Hazardous fuels reduction,Fuelbreak Maintenance,,,,,,12:16:00
Model 25,Central Basin and Range,Vegetation disturbance,71501,25221,Implemented,Unknown,2,10/1/2019,10/30/2019,Acres,992,Vegetation/Soil Manipulation,Vegetation Disturbance,Vegetation Disturbance: Mowing,0,No seed list,,,,,,,Fuelbreak maintenance.,Unknown.,"Mowing maintenance of the Tabor Creek Fuelbreak completed, verified by GIS attribute table.",Unknown.,Polygon,Confirmed,"Digitized by BLM field office personnel, method unknown",4/2/2020,992.2,950.91,,Unknown,Hazardous fuels reduction,Fuelbreak Maintenance,,,,,,40:03:00
Model 25,Central Basin and Range,Vegetation disturbance,71504,6894,Implemented,Unknown,2,10/22/2018,9/11/2019,Acres,871,Vegetation/Soil Manipulation,Vegetation Disturbance,Vegetation Disturbance: Mowing,0,No seed list,,,,,,,Long Field Fuelbreak Maintenance.,Unknown.,"Mowing maintenance completed, verified by GIS attribute table.",Unknown.,Polygon,Confirmed,"Digitized by BLM field office personnel, method unknown",1/28/2020,871.47,850.72,,Unknown,"Fire hazard, Hazardous fuels reduction","The fuel break would require periodic maintenance, which would consist of mechanically removing and mowing brush sprouts within the treated area in the original action, every three to six years to remain effective.",,,,,,24:53:00
Model 25,Central Basin and Range,Vegetation disturbance,71657,25198,Implemented,Unknown,2,11/2/2020,11/13/2020,Acres,339,Vegetation/Soil Manipulation,Vegetation Disturbance,Vegetation Disturbance: Mowing,0,No seed list,,,,,,,Mowing maintenance around the community of Ten Mile.,Unknown.,"Mowing maintenance of fuel break completed, verified by GIS attribute table.",Unknown.,Polygon,Confirmed,"Digitized by BLM field office personnel, method unknown",4/6/2021,339.05,319.45,,Unknown,Hazardous fuels accumulation,Mowing maintenance of the fuel break.,,,,,,36:55:00
Model 25,Central Basin and Range,Vegetation disturbance,71687,25274,Implemented,Unknown,2,11/17/2019,12/12/2019,Acres,421,Vegetation/Soil Manipulation,Vegetation Disturbance,Vegetation Disturbance: Mowing,0,No seed list,,,,,,,Mowing maintenance of the Spring Creek South/Southside Fuel break,Unknown.,"Mowing maintenance of fuel break completed, verified by GIS attribute table.",Unknown.,Polygon,Confirmed,"Digitized by BLM field office personnel, method unknown",4/2/2020,420.74,417.64,,Unknown,"Wildland Urban Interface, Fire hazard",Fuel break maintenance,,,,,,58:54:00
Model 25,Central Basin and Range,Vegetation disturbance,71806,25326,Implemented,Successful,2,2/15/2016,6/5/2016,Acres,1575.9,Vegetation/Soil Manipulation,Vegetation Disturbance,Vegetation Disturbance: Mastication,0,No seed list,,,,,,,"Mechanical mastication (Grinding) of 1,500 acres of pinyon and juniper trees to reduce fire intensity potential and improve ecosystem health. Live and standing skeletons, as well as snags of dead pinyon and juniper trees will be masticated.","Trees will be severed on the stump, no higher than six inches above the ground and treated to lie within 12 inches of the ground. The product of grinding will be a mulch layer less than 3 inches deep, consisting of material less than 3 feet in length and 4 inches in diameter. If obstacles such as rocks are encountered the Contractor may raise the cutter height to clear the obstacle.\r\n\r\nTree spacing will be adjusted to approximately 80 feet between individual trees or groups of trees. Tree thinning will target smaller diameter trees, retaining primarily larger pinyon pine trees. All mountain mahogany trees will be retained. Trees containing raptor nests discovered during project implementation will be retained. Patches of brush and trees varying in size and spacing will be identified by the government and left untreated. Where applicable, trees will be retained in small groups with openings between the groups. Areas with healthy shrubs and grasses will be the target locations for openings.","Mastication of juniper and pinyon completed, verified by master improvement report and GIS attribute table.",Unknown.,Polygon,Confirmed,"Digitized by BLM field office personnel, method unknown",5/24/2019,1575.81,1575.81,,Contractor,"Hazardous fuels reduction, Pinon-juniper","To improve vegetation diversity, improve wildlife\r\nhabitat, and decrease hazardous fuels loading.",,,,,"It is unclear if the 100 acres chain masticated in 2015 (Treatment ID 71803) were included in the SWEAT contract. GIS polygons are overlapping but it seems unlikely that the 100 acres would need to be masticated again in such a short time, however it may have been done in preparation for phase II of the aerial seeding. Invoices are only dated for 2016, and they only specify a precentage of the unit complete not acreage.",08:56:00
Model 25,Central Basin and Range,Vegetation disturbance,71815,25330,Implemented,Unknown,2,12/10/2018,2/15/2019,Acres,376,Vegetation/Soil Manipulation,Vegetation Disturbance,Vegetation Disturbance: Thinning,0,No seed list,,,,,,,Hand thinning would occur on sites where vegetation removal needs to be highly selective or on sites requiring minimal to no ground disturbance. These sites range\r\nfrom overstocked pinyon and juniper woodlands with little desired understory vegetation to woodlands with adequate desired understory vegetation that is at risk of being out\r\ncompeted from the site.,"All pinyon and juniper trees within the cut and scatter polygon should be removed retaining any mountain mahogany if encountered. Trees containing raptor nests discovered during project implementation will be retained.\r\n\r\nSpecifications for manual thinning are as follows:\r\n\u2022 Cut/scatter juniper within specifications of the unit as shown on the map.\r\n\u2022 Boles (stumps) shall be cut as close to the ground as possible with stump heights not to exceed 6\r\ninches.\r\n\u2022 If obstacles are encountered, such as rocks, stump height may be above the obstacle.\r\n\u2022 Limbs (slash) from thinned trees shall be cut and scattered next to the tree bole or as close as\r\npossible while not allowing slash height to exceed 30 inches from ground level","Manual hand thinning completed, verified by GIS attribute table and As-Built treatment map.",Unknown.,Polygon,Confirmed,"Digitized by BLM field office personnel, method unknown",1/27/2020,375.44,375.44,,Unknown,"Establishment of seeded species, Invasion by pinyon-juniper","Studies show that the expansion of pinyon-juniper has more than tripled in the areas dominated by pinyon-juniper woodlands within the last 150 years. Although pinyon and juniper woodlands have increased dramatically in the last 150 years, they currently occupy far less than they are capable of under current climatic conditions (Miller & Tausch, 2001). These changes have generally coincided with the introduction of heavy livestock grazing, tree utilization by the mining industry, and fire suppression that followed settlement of the region. An increase in tree dominance results in a loss of understory. A loss of understory further reduces the fuel and further decreases the fire frequency. Altered disturbance regimes and climate change have resulted in major changes in plant community compositions. Since the 1860\u2019s, many bunchgrass and sagebrush-bunchgrass communities, which dominated the Intermountain West, have shifted to pinyon and juniper woodland or introduced annual-dominated communities (West 1984, Miller\r\net al. 1994). Studies conclude that barring some major environmental change or management action, continued forage reduction and decreased fire frequency will continue until trees dominate most of the sites favorable to their survival. This continued tree dominance then jeopardizes the historic woodland sites because under the right conditions, a crown fire could result in a stand replacement wildfire with catastrophic consequences because of continuous tree canopy. Studies further show that in pinyon-juniper communities that are overstocked, the ability of the understory to respond after a fire is dramatically reduced and potentially opens the site to the invasion by exotics.\r\n\r\nThe need for action is to:\r\n\u25cf Reverse expansion of pinyon-juniper woodlands because of the negative effects on wildlife\r\nhabitat quality.\r\n\u25cf Prevent large-scale wildland fire resulting from the buildup of fuels and the conversion of fuel\r\ntype based on prediction from historic assessments.\r\n\u25cf Improve species composition and diversity.\r\n\u25cf Reverse the decreasing quality of wildlife habitat and forage due to damage from wildfires.\r\n\u25cf Prevent the establishment and expansion of invasive non-native species.",,,,,,10:25:00
Model 25,Central Basin and Range,Vegetation disturbance,71816,25330,Implemented,Unknown,2,12/15/2018,3/10/2019,Acres,573,Vegetation/Soil Manipulation,Vegetation Disturbance,Vegetation Disturbance: Mastication,0,No seed list,,,,,,,Mastication of pinyon-juniper in conjunction with seeding treatment to allow for growth of understory and habitat improvement.,"The contractor will be required to remove all live pinyon and juniper trees, standing skeletons and snags of dead pinyon and juniper trees, as well as all recent blow down trees through the means of mastication.\r\n\r\nWork specifications applicable to the project area are as follows:\r\n\u2022 Sever and masticate all pinyon and juniper trees within the project area not identified as leave trees. If obstacles are encountered (i.e. large rocks) during treatment, the mastication attachment may be raised to clear the obstacle.\r\n\u2022 Mulch, being the bi-product of mechanical mastication, will not cover the ground to a depth of greater than 6 inches, and no residual piece of mulch shall be greater than two feet in length or 4 inches in diameter. All stumps shall be ground so they are no greater than 6 inches in height on the uphill side above mineral soil.\r\n\u2022 Implementation will terminate in the event wet conditions arise and the ground is saturated where equipment is causing excessive rutting (>3 inches) and disturbance. Work can resume when the ground is sufficiently dry and with the concurrence of the government.\r\n\u2022 Operators of equipment will make every attempt to take different paths to and from the base camp to work area in order to limit the amount of disturbance upon a single path. In the event a single path is utilized to the extent that it resembles a road, it is the responsibility of the contractor to implement reclamation of the disturbance to a state resembling the rest of the treatment.\r\n\u2022 Trees containing raptor nests discovered during project implementation shall be retained.\r\n\u2022 All mountain mahogany trees will be left untreated.\r\n\u2022 Active mining claim markers or stakes shall be avoided. Active mining claim markers that are destroyed by operations would be the Contractors responsibility to re-stake using a legal mining claim marker. The re-staking of mining claim markers would occur in coordination with the existing mining claimants to ensure accurate, legal staking procedures that would minimize damage to claims.\r\n\u2022 All Contract equipment will be inspected by the Government or designated Project Inspector prior to equipment being offloaded from its transport. The inspection location needs to be pre-arranged to best serve both contractor and government representatives.","Mastication (grinding) completed, verified by GIS attribute table and As-Built treatment map.",Unknown.,Polygon,Confirmed,"Digitized by BLM field office personnel, method unknown",1/27/2020,572.77,572.77,,Unknown,"Establishment of seeded species, Invasion by pinyon-juniper","Studies show that the expansion of pinyon-juniper has more than tripled in the areas dominated by pinyon-juniper woodlands within the last 150 years. Although pinyon and juniper woodlands have increased dramatically in the last 150 years, they currently occupy far less than they are capable of under current climatic conditions (Miller & Tausch, 2001). These changes have generally coincided with the introduction of heavy livestock grazing, tree utilization by the mining industry, and fire suppression that followed settlement of the region. An increase in tree dominance results in a loss of understory. A loss of understory further reduces the fuel and further decreases the fire frequency. Altered disturbance regimes and climate change have resulted in major changes in plant community compositions. Since the 1860\u2019s, many bunchgrass and sagebrush-bunchgrass communities, which dominated the Intermountain West, have shifted to pinyon and juniper woodland or introduced annual-dominated communities (West 1984, Miller\r\net al. 1994). Studies conclude that barring some major environmental change or management action, continued forage reduction and decreased fire frequency will continue until trees dominate most of the sites favorable to their survival. This continued tree dominance then jeopardizes the historic woodland sites because under the right conditions, a crown fire could result in a stand replacement wildfire with catastrophic consequences because of continuous tree canopy. Studies further show that in pinyon-juniper communities that are overstocked, the ability of the understory to respond after a fire is dramatically reduced and potentially opens the site to the invasion by exotics.\r\n\r\nThe need for action is to:\r\n\u25cf Reverse expansion of pinyon-juniper woodlands because of the negative effects on wildlife\r\nhabitat quality.\r\n\u25cf Prevent large-scale wildland fire resulting from the buildup of fuels and the conversion of fuel\r\ntype based on prediction from historic assessments.\r\n\u25cf Improve species composition and diversity.\r\n\u25cf Reverse the decreasing quality of wildlife habitat and forage due to damage from wildfires.\r\n\u25cf Prevent the establishment and expansion of invasive non-native species.",,,,,"Mastication SOW outlines guidelines for treatment, including leave of specific islands of trees. Location of leave islands are mapped out in the Mastication SOW.",23:21:00
Model 25,Central Basin and Range,Vegetation disturbance,71852,25339,Implemented,Successful,2,10/28/2014,11/19/2014,Acres,136,Vegetation/Soil Manipulation,Vegetation Disturbance,Vegetation Disturbance: Mastication,0,No seed list,,,,,,,"Native communities can only be reestablished if the density of pinyon and juniper is  reduced and desired native species have an adequate seed bank or are seeded. Changes in\r\ntree density can range from near complete stand removal to limited thinning. Chaining and other mechanical treatments are substitutes to natural tree control most frequently attained by wildfires. The objectives of most improvement projects should not be to remove all trees, but to remove sufficient numbers to allow recovery of the understory species and to facilitate artificial seeding.","The Contractor is expected to modify approximately 95 percent of the structure, amount and continuity of the pinyon and juniper trees through mechanical grinding in order to reduce fire intensity potential and improve ecosystem health. Trees will be severed on the stump, no higher than six inches above the ground and treated to lie within 12 inches of the ground. The product of grinding will be a mulch layer less than 12 inches deep, consisting of material less than 3 feet in length and 4 inches in diameter. \nTree spacing will be adjusted to approximately 80 feet between individual trees or groups of trees. Tree thinning will target smaller diameter trees, retaining primarily larger Pinyon pine trees. All Mountain mahogany trees will be retained. Patches of brush and trees varying in size and spacing will be identified by the government and left untreated. Where applicable trees will be retained in small groups with openings between the groups. Areas with healthy shrubs and grasses will be the target locations for openings. \r\nShrubs and trees will be severed on the stump, no higher than six inches above the ground and treated to lie within 12 inches of the ground. \r\n\r\n\tTrees containing raptor nests discovered during project implementation will be retained \tIf obstacles are encountered, such as rocks, the Contractor may raise the cutter height to clear the obstacle. Implementation will be limited to daylight hours.","The mastication contract was completed, verified by record of completion, GIS attribute table, and contract invoice.","Coyote East Mastication Summary (2015) - Overall, foliar cover was estimated at 30.75% for the masticated and aerially seeded area. Shrub cover was the largest component of foliar cover, with 23.25% average cover consisting mostly of rabbitbrush (Chyrsothamnun visidiflorus sbsp. Visidiflorus) and black sage (Artemesia nova) as well as some horsebrush (Tetradymia canescans). Perennial grasses, both existing growth and seeded species comprise 5.75% of estimate foliar cover. Bareground comprised 14.75% of the area, less prevalent than in the chaining areas. Litter however was less common with only 13.25% cover.\r\n\r\nDensity survey results revealed three seeded species. Basin wildrye was observed at 0.25 per meter squared, Sainfoin at 0.25 per meter squared, and Snake river wheatgrass at half a meter squared. However, seeded small burnet, arrowleaf balsamroot, and Indian ricegrass were also observed in the monitoring plot and the seeding area.\r\n\r\nSpecies richness and diversity was very high for the site - twenty four different species were recorded.\r\n\r\nMule deer scat was observed but no grazing was seen by mule deer or any other ungulate species. Invasive plants, including cheatgrass, were observed with <1% cover in the area.\r\n\r\n\r\nRecommendations - Due to the need to further establish more seed species it is recommended that the project area remained closed to cattle grazing for at least two more growing season in order for seeded perennial bunchgrasses, forbs, and shrubs to establish.",Polygon,Confirmed,"Digitized by BLM field office personnel, method unknown",5/24/2019,135.74,135.74,,Contractor,"Habitat for wildlife, Invasion by pinyon-juniper, Loss of desirable species, Seedbed preparation, Wildlife in treated area, Establishment of seeded species","To improve vegetation diversity, improve wildlife\r\nhabitat, and decrease hazardous fuels loading.",,,,,Treatment dates and acres vary by completion records.,38:19:00
Model 25,Central Basin and Range,Vegetation disturbance,71925,25360,Implemented,Unknown,2,10/16/2017,11/30/2017,Acres,803,Vegetation/Soil Manipulation,Vegetation Disturbance,Tree/Brush Control: Lop and Scatter,0,No seed list,,,,,,,Hand thinning would occur on sites where vegetation removal needs to be highly selective or on sites requiring minimal to no ground disturbance. These sites range\r\nfrom overstocked pinyon and juniper woodlands with little desired understory vegetation to woodlands with adequate desired understory vegetation that is at risk of being out\r\ncompeted from the site.,"Cut/scatter juniper within specifications of the unit as shown on the map. Boles (stumps) shall be cut as close to the ground as possible with stump heights not to\r\nexceed 6 inches. If obstacles are encountered, such as rocks, stump height may be above the obstacle. Limbs (slash) from thinned trees shall be cut and scattered next to the tree bole or as close as possible while not allowing slash height to exceed 30 inches from ground level. Slash material shall not exceed 8 feet in length. All trees should be removed including all pinyon, juniper and mountain mahogany. Trees containing raptor nests discovered during project implementation will be retained.","Hand thinning, lop and scatter completed, confirmed by GIS attribute table and Riparian Improvement Report.",Unknown.,Polygon,Confirmed,"Digitized by BLM field office personnel, method unknown",None,802.6,802.6,,BLM and Cooperators,"Habitat for wildlife, Hazardous fuels reduction, Invasion by pinyon-juniper, Loss of riparian vegetation,  Rangeland health","A portion of this project area was chained with an Ely Chain in 1970. Since this chaining has occurred pinyon and juniper have reestablished within the treatment. Desired shrub and understory vegetation does occur on this site; however, increased reforestation of pinyon and juniper threatens to out compete desired understory vegetation. Due to the success of the previous treatments the BLM is proposing to maintain the original treatment area as well as expand outside of original treatment boundaries into adjacent forested stands. The adjacent stands lack desired understory vegetation and contains very high fuel loading. The expansion areas are at high risk of a large-scale, stand replacing wildfire that would negatively impact the entire watershed. This polygon is described as \u201cyear round\u201d habitat for mule deer.",,,,,Estimated cost calculated from rate of $84.60 per acre.,54:06:00
Model 25,Central Basin and Range,Vegetation disturbance,71933,25368,Implemented,Unknown,2,10/22/2018,3/1/2019,Acres,462,Vegetation/Soil Manipulation,Vegetation Disturbance,Vegetation Disturbance: Mastication,0,No seed list,,,,,,,"Reverse expansion of pinyon-juniper to allow for improvement in species composition and diversity, increasing the quality of wildlife habitat and forage.","The Contractor shall modify approximately 95 percent of the structure, amount and continuity of the pinyon and juniper trees through mechanical grinding in order to improve ecosystem health. Where designated, trees will be retained in small groups/islands with openings between the groups. Islands or stringers of juniper and pin yon pine will be identified with flagging as leave areas by government personnel. All brush and mountain mahogany shall be left untreated. The contractor shall take all necessary steps to limit the amount of damage to non-target vegetation (sagebrush, bitterbrush, mahogany, etc.) during mastication operations.","Mastication of Phase II of the Westside Lower portions of the Spruce Restoration Project completed, verified by GIS attribute table and Range Improvement Report.",Unknown.,Polygon,Confirmed,"Digitized by BLM field office personnel, method unknown",6/17/2019,462.74,462.74,,Contractor,"Habitat for mule deer, Hazardous fuels reduction, Invasion by pinyon-juniper, Loss of native vegetation, Rangeland health","Increased  fuel loading on these sites poses an increased threat of large-scale wildland fires within the treatment polygon. A portion of this polygon is described as ""crucial winter"" habitat for\r\nmule deer, while the rest of the polygons are described as ""winter range"" habitat for mule\r\ndeer.",,,,,,21:25:00
Model 25,Central Basin and Range,Vegetation disturbance,73134,11824,Implemented,Successful,1,10/1/2018,11/30/2018,Acres,458,Vegetation/Soil Manipulation,Vegetation Disturbance,Vegetation Disturbance: Mowing,0,No seed list,,,,,,,Fuel Break Maintenance,Unknown.,"Mowing maintenance of Toano Fuel Break, completed Fall 2018, verified by GIS attribute table..",Unknown,Polygon,Confirmed,"Digitized by BLM field office personnel, method unknown",8/13/2020,457.68,457.29,,BLM,"Fire hazard, Habitat for wildlife, Rangeland health, Public Safety, Nesting bird species, Migratory Birds, Habitat for mule deer","Fuel breaks are strategically located wide blocks or strips of land in which vegetation of lower fuel volume or flammability is managed to aid in the control of wildfires, thus reducing the risk of catastrophic wildfire.  Maintaining fuel volume and/or fire-resistant vegetation will help protect surrounding areas at risk of damage from wildfire.  The purpose of this fuel break is to protect big game habitat, specifically critical deer winter range. Currently large areas of continuous mature sagebrush occupy the treatment area. Once constructed, the fuel break would be maintained under the BLM hazardous fuels program by using mechanical or biological means when determined necessary through on-going monitoring of fuel loadings in the treatment area.",,,,,,15:30:00
