Model,Ecoregion,Treatment,Trt_ID,Prj_ID,Plan_Imp,Success,Dates_Confirmed,Init_Date,Comp_Date,Units,Num_Units,Trt_Type_Major,Trt_Type_Sub,Treatment_Type,Treatment_Seeded,Seed_List,Seed_Mix_Name,Seeds_or_Seedlings,Seed_List_Confirmed,Control_Areas,Seed_Application_Rate,Seed_Notes,Objectives,Planned_Implementation,Actual_Implementation,Treatment_Effect_and_Results,Trt_Feature_Type,Feature_Status,How_Feature_Created,Feature_Creation_Date,Total_Acres,BLM_Acres,GIS_Notes,Initiated_By,Trt_Concerns,Trt_Concerns_Desc,Problems_Apply_Trt,Problems_Apply_Trt_Desc,Conditions_At_Trt,Conditions_At_Trt_Desc,Trt_Notes,User_Updated
Model 17,Nothern Basin and Range,Post-burn aerial seeding,471,164,Implemented,Partially Successful,2,1/00/2007,1/00/2007,Acres,6212.75,Seeding,Aerial Seeding,Aerial Seeding: Rotor Wing,-1,Confirmed seed list,Aerial Wildlife (low elevation),Seeds,Confirmed on Paper,Unknown,Unknown,,"The primary objective of the treatment is to aerially seed areas of the fire that are critical to wildlife, or most at risk for long-term irreversible damage due to the effects of the fire. Sagebrush was seeded, primarily over areas of previous drill seeding treatments to add vegetation structure and species richness to the treatment areas.",This treatment was done in January with a helicopter by a contract agreement. AgNav maps of the aerial seeding were completed for the project file. Aerial seeding was monitored to ensure that seed was being dispersed in the proper area and at the specified rate. A project inspector was present throughout the process to ensure the treatment met contract specifications.,"The data for this study is averaged from three study sites; AZWI-03, AZWI-02, AZWI-01. This treatment has had very high native release. According to data from the National Oceanic and Atmospheric Administration (NOAA), rainfall in the Elko region was just 53% of normal which likely had an effect on seeded and native species germination and vigor. It is likely to see improvement in subsequent years.\r\n\r\nWyoming Big Sage was observed at a frequency of .03 plants per square meter. Native Release on the monitoring sites was high, with species observed with the following frequency:\r\nSandburg\u2019s Bluegrass 19.54\r\nIdaho Fescue 1.06\r\nBlue Bunch Wheatgrass .51\r\nSquirreltail/bluebunch hybrid .32\r\nSquirreltail .35\r\nCrested Wheat .39.\r\nObserved total native release species per meter was 22.17\r\nTotal Perennial plants per meter squared: 22.2","BLM monitoring personnel assess the seeding areas yearly to evaluate treatment success.  Effectiveness is based on establishment of three seeded plants per square meter rooted firmly in the soil with consideration to site selection factors such as soils, topography, native release of desirable species, and the potential for seedling establishment. Monitoring data is shared with range staff to provide comparisons with unburned reference sites.",Polygon,Confirmed,"Digitized by BLM field office personnel, using an aircraft GPS unit",,6216.959911,6201.403146,,,"Erosion, Livestock in treated area, Noxious Weeds, Invasion by Cheatgrass, Migratory Birds, Provide forage for wildlife, Special Status Species, Watershed degradation, Provide cover for wildlife, Provide forage for livestock, Habitat for wildlife","The purpose of the proposed action described in the emergency stabilization and rehabilitation plans and this EA is to protect the burned area from livestock and wild horses grazing, seed the burned area to stabilize the soils and prevent the establishment of annual, invasive nonnative plant and noxious weed species, allow the undamaged plant species time to reestablish, and treat the invasive nonnative plant and noxious weed species to prevent spreading.  The need for the proposed action is to stabilize and prevent unacceptable degradation to natural and cultural resources, to minimize threats to life or property resulting from the effects of the fire, to construct physical improvements necessary to prevent degradation of land or resources, and to prescribe cost effective post-fire stabilization and rehabilitation measures necessary to protect human life, property, and critical cultural and natural resources.",None,,None,,,23:05:00
Model 17,Nothern Basin and Range,Post-burn aerial seeding,1017,383,Implemented,Failure,2,2/18/2003,3/11/2003,Acres,30600,Seeding,Aerial Seeding,Aerial Seeding: Fixed Wing,-1,Planned seed list,,Seeds,Plan,Unknown,Unknown,"The seed mix did not indicate whether bulk or PLS rates were used, therefore, unknown has been listed and all seed mix information has been entered into the Bulk category.",The purpose was to insure a population of Wyoming sagebrush was in the area because of sagegrouse and mule deer habitat lost in the fire.,Bitterbrush seedlings and/or bitterbrush seed and sagebrush seed may be planted by hand or broadcast\r\naerially on areas which formerly supported stands of these species. All transport of plants off designated\r\nways to the reintroduction sites and all seedling planting would be via non-motorized modes.,"We used a fixed wing aircraft to fly on a mix of sagebrush in February, over no snow cover.","Sagebrush aerial seeding was a failure.\r\nWe had very poor results, where we only flew on the seed and need to ascertain why",Polygon,Confirmed,"Digitized by BLM field office personnel, using a GPS unit on the ground",00/00/0000,29236.70874,29200.55757,,Contractor,"Invasion by non-native annuals, Provide cover for wildlife, Threatened Species, Loss of cultural sites, Noxious Weeds, Provide forage for wildlife","Vegetation- Reestablishing perennial vegetation before invasive grass species such as cheatgrass and medusahead ryegrass invade and dominate newly disturbed range sites.\r\nLivestock- Implementing adequate rest from livestock grazing to allow vegetation to adequately establish and recover to levels which may sustain livestock grazing and provide site stability.\r\nWildlife- loss of prey species for raptors such as golden eagles and ferruginous hawks, loss of food and cover for mule deer, bighorn sheep and pronghorn, loss of nesting habitat for loggerhead shrike, sage sparrow, Brewer&$s sparrow, sage thrasher, western meadowlark, lark sparrow, mourning dove, mallard, ring-necked pheasant, chukar, and gray partridge, loss of cover for great basin rattlesnake, striped whipsnake, racer, gopher snake, long-nosed snake, western ground snake, common garter snake, and Mojave collared lizard, whiptail, leopard lizard, side-botched lizard, sagebrush lizard and fence swift and a loss of cover and feeding area for many migratory songbirds.\r\nSensitive Plant Species- Habitat for the numerous special status plant species that occur in the burned area could be compromised if invasive species dominate or if over-aggressive rehabilitation treatments are used.  Four special plants have been identified within or near the burn area:  grimy ivesia, Ertter&$s senecio, sterile milkvetch, and Owyhee clover.\r\nCultural Resources- Short and long term integrity of cultural sites and artifacts.\r\nWatershed and soils- The proper hydrologic function of upland watersheds to capture, store, and safely release rainfall and snowmelt and the ability of streams to meet State of Oregon water quality standards may be impaired, as a result of the wildfire.\r\nNoxious Weeds and Invasive Species- Reestablishing perennial vegetation before noxious weeds such as Scotch thistle, Russian knapweed, yellow starthistle, halogeton, rush skeletonweed and perennial pepperweed and whitetop and invasive grass species such as cheatgrass and medusahead ryegrass invade and dominate these newly disturbed range sites.\r\nSpecial Management Areas- Wildnerness Study Areas and Areas of Critical Environmental Concern- Minimize impacts to values for which special management areas were designated from wildfire and rehabilitation activities.",None,,None,,"Native broadcast and Harrow\r\nThe area seeded is different than that listed in the report.  This area, 962 acres, matches the area of the shapefile.",37:41:00
Model 17,Nothern Basin and Range,Post-burn aerial seeding,1502,564,Implemented,Partially Successful,2,2/28/2008,3/16/2008,Acres,4274,Seeding,Aerial Seeding,Aerial Seeding: Fixed Wing,-1,Confirmed seed list,ES Aerial Mix,Seeds,Confirmed on Paper,Unknown,Species Specific,,Establish at least 5 desirable perennial plants per 10 sqft within the seed areas over the three years of the project.,"The aerial seeding project was completed February 29, 2008. The project was done in conjunction with the Egley Fire seeding project. Seeding was done over snow at higher elevations. The seeded area received 0.75 inches of precipitation three days after the\xb7 completion of the seeding project.","The aerial seeding project was completed February 29, 2008. The project was done in conjunction with the Egley Fire seeding project. Seeding was done over snow at higher elevations. The seeded area received 0.75 inches of precipitation three days after the\xb7 completion of the seeding project.",,Polygon,Confirmed,"Digitized by BLM field office personnel, method unknown",,3699.448465,3380.760538,,,"Erosion, Invasion by non-native annuals",The seeding will help to increase ground cover rapidly and help to reduce the potential for erosion and establishment of invasive species.,None,,None,,RIPS and MonFund_2009 are not consistent.,13:44:00
Model 17,Nothern Basin and Range,Post-burn aerial seeding,1957,725,Implemented,,2,2/28/2015,2/28/2015,Acres,2800,Seeding,Aerial Seeding,Aerial Seeding: Rotor Wing,-1,Confirmed seed list,Aerial Seed Mix,Seeds,Confirmed on Paper,Unknown,Species Specific,,"To establish perennial native and desirable non-native vegetation within the burn perimeter in order to\r\n1)stabilize soils on the site, 2)compete with annual grass and noxious weed establishment, 3)promote proper\r\nhydrologic functioning (tied to soil stabilization), 4)enhance biotic integrity by establishing a diversity of\r\nfunctional groups, and 5)augment succession back towards a sagebrush-steppe system. The treatment objective\r\nwould be met when perennial grass densities are greater than 3/m2.","Approximately 2,800 acres within the Beaver Creek Fire will be aerially seeded with a native/non-native mix. This seeding will help stabilize soils, reduce the potential for wind/water erosion on the site, and decrease opportunities for medusahead spread and establishment. Seeding will be done utilizing fixed wing aircraft or helicopter. Seeding will occur in the winter of 2014-2015, which is the time Burns District along with ODFW and private landowners have been most successful for these seeded species. In the last four years these species have been used in rehabilitation of prescribed fires, wild fires, and\r\ncrested seeding maintenance with a success rate greater than 75%. Successful projects include Miller Homestead ESR aerial seeding along Hwy 205 (January 2013), Five Creeks aerial seeding rehab of drier sights (December 2011 ), and ODFW Tom Segal aerial seeding in burned medusahead monocultures at Jordan Valley (2011).","Seed for this treatment was purchased and mixed through Boise\r\nRegional Seed Warehouse (BRSW) using their contract and\r\nprocess. This seed was stored and the BRSW until the aerial\r\nseeding contractor picked it up to begin work. A total of 33,600\r\npounds of seed was purchased and used for this treatment. There\r\nwas a costs savings on seed purchased due to changes in seed\r\ncosts. There was also cost savings in transportation and storage\r\nof seed as the seed was able to remain at BRSW until the aerial\r\nseeding contractor picked it up.\r\nAerial seeding contract (which also included units in other\r\nproject areas) was completed February 28, 2015. The total\r\nplanned acres were aerial seeded. Seeding was done by\r\nhelicopter. The cost of the aerial seeding contract was less than\r\nplanned which resulted in cost savings in this area.","Aerial Seeding Treatment Area\r\nPlot 5221-01\r\nPlot 5221-01 was not monitored in 2015 for unknown reasons. This plot was selected (an existing monitoring\r\nplot) in fall 2014 following the fire. The interns completing the work in 2014 were unable to find the existing\r\nplot location so selected a location near the coordinates and pictures were taken there. Apparently no plot was\r\nre-established at the time and due to the notes in the file made in 2014 the interns doing the monitoring in 2015\r\ndid not attempt to monitor this site. This was not realized by BLM staff working on this ESR plan until recently\r\nand it is felt data would not be suitable so late in the year. This plot is planned to be re-established in FY16 and\r\nmonitored at that time. (Due to the lack of monitoring crews no monitoring was completed on any plots on this\r\nfire in 2016 but was re-established and monitored in 2017).\r\n\r\nPlot 5223-02; UTM Coordinates: 0388192 E X 4783956 N\r\nThis site is located in a loamy 10-12\u201d ecological site which is conducive to Wyoming big sagebrush (Artemisia\r\ntridentate, wyomingensis), and Thurber\u2019s needlegrass (Achnatherum thurberianum). Sandberg bluegrass was\r\nthe most common plant on this site but several seeded species as well as squirreltail (which was not seeded). A\r\nperennial forb was also recorded. There were no annual grasses recorded when monitoring this site.",Polygon,Confirmed,"Digitized by BLM field office personnel, method unknown",,2731.39,2724.31,,Contractor,"Loss of sagebrush, Loss of vegetation, Erosion, Habitat for sage grouse, Invasion by cheatgrass,  Invasion by non-native annuals, Habitat for wild horses","The goal of the treatment is to establish protective ground cover of perennial vegetation to protect the exposed soils from wind and water erosion, and to prevent the area from becoming dominated by annual grasses. Seeding will increase ground cover and reduce the potential for erosion and establishment of invasive plant species. Species and method selected have proven to be successful in the area. Failure to complete seeding operations will decrease the ability of the site to provide suitable habitat for wildlife in the future.",None,,None,,,14:27:00
Model 17,Nothern Basin and Range,Post-burn aerial seeding,2409,878,Implemented,Partially Successful,2,1/24/2003,1/24/2003,Acres,2554,Seeding,Aerial Seeding,Aerial Seeding: Rotor Wing,-1,Confirmed seed list,Aerial Mix,Seeds,Confirmed on Paper,,,,"2,529 acres will be aerial seeded. Aerial seeding operations will start on or about December 15, 2002, after the start snowfall season.","2,554 acres were aerial seeded by Thomas Helicopter on January 24th, 2003.","Results were marginal, but somewhat successful. All seeded species were observed, though limited in density within the 3 study sites of the burn. However, our results probably could have been better if we took measures to bury the seed by some means.","Overall, all native grasses and forbs have recovered and all three aerially seeded species are responding somewhat exceptionally well these past two years. Also, all of the plan objectives for this burn have been met in accordance with monitoring detection methods.",Polygon,Confirmed,"Digitized by BLM field office personnel, method unknown",,2555.139164,2545.151534,,,Habitat for wildlife,The purpose was to replenish lost forbs and Wyoming sagebrush in the burn which was good sage grouse and mule deer habitat.,None,,Other (See Trt Notes),"Weather conditions were clear with a south/east wind of 3-4 mph thru out the seeding, temperatures were a minimum of 30 degrees to a maximum of the low 39, site and ground conditions were damp and firm.",,40:06:00
Model 17,Nothern Basin and Range,Post-burn aerial seeding,2494,916,Implemented,See Comments,2,1/27/2012,2/3/2012,Acres,63100,Seeding,Aerial Seeding,Aerial Seeding,-1,Confirmed seed list,Aerial Seed Mix,Seeds,Confirmed on Paper,Unknown,Not Available,,"The objective is to establish sagebrush, increase forb diversity, and establish early germinating cool season grasses that will reduce the expansion of invasive grasses and weeds on the site as well as prevent erosion to susceptible areas.","A seed mix containing Wyoming big sagebrush, yarrow, and other native forbs would be aerially broadcast seeded across the majority of the area burned in the Big Hill fire during late fall or winter of 2011/2012. Timing of the seed application will ensure seed-to-soil contact prior to winter snow fall or precipitation. These species are paramount to the areas ability to support viable populations of sage-grouse. Seed would be broadcast using an end product contract by either a helicopter or fixed-wing aircraft.","BLM aerial seeding of 63,100 acres using 2 fixed wing Ag-Thrush aircraft.\r\nSeeding of project began on 1/27/2012 and was completed on 2/3/2012. During project, a few days were short or cancelled due to high winds. Fixed wing aircraft used county road as runway.\r\nSeed (grass/forb/shrub mix) was applied at a rate of 2.7 bulk lbs/acre on 63,100 acres. Fuel break seeding was also done with forage kochia at a rate of 4.6 bulk lbs/acre on 65 acres.\r\nGround conditions were clear of snow; soil was moist with a few rain events occurring during application.","Objective(s)\r\n1. Attain a density of one sagebrush seedling per 10m\xb2 in suitable areas. Conduct Aerial\r\nSeeding Shrub Hoop monitoring.\r\n2. Quantitative objectives were not tied to aerially seeded forb or grass germination and\r\nsurvivorship; qualitatively the objective for these groups is to increase forb diversity and\r\nestablish sagebrush and cool season (early germinating) perennial grasses. Conduct\r\nAerial Seeding and Line Point Intercept monitoring and Site Assessments.\r\n\r\n2021 Results: \r\nThe objective of one sagebrush (Artemisia tridentata ssp. wyomingensis) seedling per 10m2 has not been met 5 or 10 years post-fire. Seeded sagebrush were uncommon across the burned area in both 2016 and 2021. In 2012, average sagebrush seedling density was less than 0.1 per 10m2, and only trace amounts (<2%) mature sagebrush were seen in 2013 but no seedlings were observed. In 2014 the entire area was surveyed for shrubs with a focus on areas most suitable for sagebrush seedling establishment in the south and east of the fire perimeter. Trace amounts of seedlings were observed in the eastern portion of the fire; none were seed in the southern portion. Sagebrush foliar cover from line point intercept was also trace; 1% in 2012, 0.7% in 2013 and 0.3% in 2014. Small patches of remnant shrubs were observed in the Center allotment in an area that had been both drill and aerially seeded.\r\n\r\nDrill and aerially seeded cool season grass cover has not changed substantially between 2014 and 2021 based on qualitative site assessments. Seeded perennial forb species observed in 2012, 2013, 2014 and 2021 included alfalfa, Western yarrow, and Lewis\u2019 flax. Sandberg bluegrass was a subdominant or minor component of the plant community at each plot monitored in 2021 except CP03. Few sagebrush seedlings were observed in suitable sites; therefore, the objective to establish sagebrush is not being met (See photos below).\r\nAerially seeded locations (including areas also drill seeded) were meeting the objective of cool season perennial grass establishment in 2012, 2013 and 2014. Although aerially seeded grass germination was low, particularly for sand dropseed, Sandberg bluegrass and historically seeded crested/Siberian wheatgrass have recovered. In 2014, site assessments indicated that perennial vegetation was the dominant cover and grasses were in good vigor over the majority of the seeded area; annuals were dominant cover at only three monitoring plots. Overall Sandberg bluegrass was the most abundant cover, other perennial grasses observed in subdominant (10-40%) or dominant composition were bottlebrush squirreltail, Snake River wheatgrass bluebunch wheatgrass. Small patches of existing sagebrush were present throughout. Where annuals were dominant, cheatgrass was the most common annual species and bare soil ranged from a quarter to half of the site.\r\nPerennial forb diversity is also meeting the objective, and although abundance was low across the landscape this was expected because of the low seeding rates Table (8-8). Naturally occurring forbs including hawksbeard (Crepis sp.), phlox (Phlox sp.), globemallow (Sphaeralcea sp.), milkvetch (Astragalus sp.) and wild onion (Allium sp.) larkspur (Delphinium sp.), deathcamas (Zigadenus venosus), buckwheat (Eriogonum sp.), and dusty maiden (Chaenactis douglasii) were present in trace amounts.",Polygon,Confirmed,"Digitized by BLM field office personnel, method unknown",,62886.73632,62546.719,,Contractor,"Habitat for greater sage grouse, Habitat for wildlife, Invasive species, Rangeland health, Sagebrush, Erosion","These treatments are needed to stabilize soils, suppress invading annuals, and provide adequate habitat for greater sage-grouse, mule deer, pronghorn antelope, and several sensitive species. To complete project treatments and administrative functions associated with the project, limited off-road travel by vehicles, off-highway vehicles, and equipment may be necessary.",None,,None,,,24:41:00
Model 17,Nothern Basin and Range,Post-burn aerial seeding,2632,961,Implemented,See Comments,1,1/00/2002,1/00/2002,Acres,7190,Seeding,Aerial Seeding,Aerial Seeding,-1,Confirmed seed list,,Seeds,Confirmed on Paper,Unknown,Unknown,Based on GIS attributes.,,"Initially the Big Stick fire was seeded in the fall of 2001 following the fire. Four seed mixtures were used on different areas of the fire. A total of 3.640 acres were drilled and 7,190 acres were aerial seeded with big sagebrush. The drilled seed was a mixture of crested wheatgrass and several native species.\r\n\r\nAerial seeding occurred during January 2002 with a light snow cover over part of the area.","Few to no native species established from seed. Patches of crested wheatgrass did establish, but only in depressions. Because of the extremely low establishment of perennials, introduced annual plants dominated the site.\r\n\r\nInitial seeding did not meet management objectives. Less than one plant per 10 ft2 established across the seeded area. No sagebrush seedlings could be found in area that could be attributed to aerial seeding.","Few to no native species established from seed. Patches of crested wheatgrass did establish, but only in depressions. Because of the extremely low establishment of perennials, introduced annual plants dominated the site.",Polygon,Confirmed,"Digitized by BLM field office personnel, method unknown",,7114.632017,7020.226354,,Contractor,None,,None,,Snow on Ground,Aerial seeding occurred during January 2002 with a light snow cover over part of the area.,Sagebrush Seeding.,04:21:00
Model 17,Nothern Basin and Range,Post-burn aerial seeding,4998,1795,Implemented,Fully Successful,1,00/00/2006,00/00/2007,Acres,7387,Seeding,Aerial Seeding,Aerial Seeding,-1,Planned seed list,Aerial Sage,Seeds,Plan,Unknown,Species Specific,,"...aerial seeding approximately 7,387 acres of burned vegetation with Basin big sagebrush.",Implementation of aerial seeding would be monitored through contract administration. The Contract Officer and his/her representative (COTR) would ensure seed is purchased and meets BLM Standards. Inspections would be documented by the COTR in an inspection diary.,"Seed was purchased for BAR revegetation treatments on 8/28.\r\n\r\nThe seed lot that was purchased on 8/28 was sent to a certified seed laboratory for testing to meet BLM Standards (i.e., no Idaho noxious weeds and minimum 0.765 PLS).\r\n\r\n- - - - - 2007 MonFund - - - - -\r\n\r\nThe aerial seeding was monitored during the 2007.\r\n\r\n- - - - - 2008 MonFund - - - - -\r\n\r\nThe aerial seeding was monitored during the 2007 and 2008 field seasons.\r\n\r\nMonitoring in 2008 consisted of 2 transects in chained and seeded areas, and 3 transects in drill-seeded areas and 3 transects in reference areas that were burned but not seeded (see Fig. 1). Each transect was 20 x 300 ft., thereby covering a total area of 6,000 ft. Big sagebrush (Artemisia tridentata) plants were counted within transects. Yarrow, flax and penstemon were not monitored in 2008.","Monitoring conducted in the chained area showed that this area had the highest diversity of perennial grass species.  This area had very little crested wheatgrass present, however there was little present prior to the fire.  Monitoring showed that the aerial seeding objective was achieved at the excellent level. \r\n\r\nThe transects that were conducted in the acres of the seeding, found the existing burned vegetation recovering, but found very little of the seeded species. However, it may be just too soon to tell how well this seeding will take. More monitoring will be done in 2008 and provide a better overall picture on results.\r\n\r\nThere were sage brush, white yarrow, Lewis flax, and Wasatch penstemon seedlings found through out the burn, although it is almost impossible to tell if they are natural or from the aerial seeding. This area will be monitored next year to assess the effectiveness of the aerial seeding.\r\n\r\nSagebrush seeding monitoring was done by reading sagebrush density belt transects at each of the eight previously established transect sites. A three hundred foot baseline tape was stretched at the site, and three transects were read at random points along the baseline. Each belt transect was three hundred feet long and 16 feet wide. One sagebrush plant was found in the burned, drill-seeded site in 2008. No other sagebrush plants were counted in reference, drill- or aerial-seeded sites (Table 1). The dominant and almost exclusive vegetation is crested wheatgrass. Clearly these aerial and drill-seeding methods are not effective and should be reviewed before further implementation at other sites.\r\n\r\nLessons learned:\r\nThe practice of chaining dead juniper trees was particularly devastating on soil structure and revegetation. Fig. 2 (below) shows an unchained area allowed to naturally recover. While damage from the burn is still apparent, reasonable revegetation compared with surrounding reference sites occurred. Chained areas (Figs. 3-6), although seeded with native vegetation, show lower levels of both native and exotic revegetation and often present large patches of bare ground (Figs. 3 and 4). In areas with gentle slopes, water runoff combined with disturbances from cattle have caused large gullies through the loose soil (Figs. 5 and 6).",Polygon,Confirmed,"Digitized by BLM field office personnel, method unknown",,6977.554482,6773.481812,,Contractor,"Loss of vegetation, Establishment of seeded species, Habitat quality, Loss of desirable species, Loss of sagebrush, Vegetal cover","There was loss of approximately 7,387 acres of Basin big sagebrush habitat.",None,,None,,,54:34:00
Model 17,Nothern Basin and Range,Post-burn aerial seeding,5235,1900,Implemented,Unknown,1,10/00/1974,1/00/1975,Acres,420,Seeding,Aerial Seeding,Aerial Seeding,-1,Planned seed list,Camelback,Seeds,Plan,Unknown,Species Specific,"The seed mix did not indicate whether bulk or PLS rates were used, therefore, unknown has been listed and all seed mix information has been entered into the Bulk category. \r\n\r\nAn additional 0.3 lbs./ac. Planned of mixed seed.",#NAME?,"- - - - - Plan - - - - - \r\n\r\n[see seed mix data]\r\n\r\n- - - - - JDR - - - - - \r\n\r\nBLM portion of burned area.  Approx. 14# per acre of mixed grass, forbs, and browse seeds to be seeded on 420 acres of BLM lands.",- - - - - JDR - - - - - \r\n\r\nCompletion Data\r\nUnits: 420\r\nTime: first third of FY75,,Polygon,Confirmed,"Digitized by BLM field office personnel, method unknown",,505.5995965,494.7362768,,,"Erosion, Habitat for wildlife, Provide forage for livestock","The fire burned approximately 740 acres immediately east of Pocatello, between the North and South Forks of Pocatello Creek on September 8, 1974.  Of the total, 420 acres of national resource land were consumed...Several homes narrowly missed being consumed by the fire, and will be subjected to the effects of watershed damage.\r\n\r\n...prevent on-site erosion and subsequent site degradation in terms of both watershed and aesthetic values...prevent downstream damage from siltation...re-establish the vegetation [for] wildlife habitat and livestock forage...prevention of undesirable species invading the area.",None,,None,,,13:26:00
Model 17,Nothern Basin and Range,Post-burn aerial seeding,5632,2064,Implemented,Unknown,1,00/00/2007,00/00/2010,Acres,4578,Seeding,Aerial Seeding,Aerial Seeding,-1,Not Determined,,,,,,,Stabilize soils and limit erosion on upper elevation steep slopes within the burn area to reduce sedimentation into the S. Fork of the Little Humboldt River and to re-establish habitat for BLM listed sensitive species (Sage Grouse).,,Winds were minimal and weather was good. Adequate snow cover and even distribution of seeded species looked good.,"S-3 & R-3\u2014Aerial seeding. We found seeded species (predominately small burnet and forage kochia)\r\nto be widely spaced (2 -10 meters) but evenly distributed across all the areas traveled through in route to\r\nour randomly selected monitoring sites. Only density was read the initial year. Using the USGS monitoring\r\nmethodology (Modified from: Monitoring Manuel for Grasses, Shrublands and Savanah Ecosystems,\r\nHerrick et al 2005.) being recommended for ESR, the average for each site was the following: Site 1=0.4\r\nrooted plants/m\xb2. Although this falls below our original objective: 3 rooted plants/m\xb2, I believe our\r\nobjective was too high for this project in that our goal was to stabilize exposed soils in addition to reestablishing\r\nand/or improving forage for wildlife, not to create a vegetation community structure stand\r\nchange. Given the degree of natural recovery of surviving grasses, the establishment of small burnet and\r\nforage kochia (forage) and Wyoming Big sagebrush seedlings(Sage grouse crucial habitat) observed on\r\nmuch of the project (but not showing up in transects), we concluded this first year was partially successful\r\nin achieving our goals if not our objectives. We further believe this seeding will enhance and quicken the\r\nrecovery of this burned area.",Polygon,Confirmed,"Digitized by BLM field office personnel, method unknown",,4569.929787,4569.486704,,,"Habitat for sage grouse, Threatened Species, Habitat for mule deer, Invasion by Cheatgrass","The fire burned portions of the watersheds feeding into the S. Fork of the Little Humboldt River, Designated Critical habitat for Lahontan Cutthroat Trout (LCT), a listed, threatened species.",None,,None,,,56:21:00
Model 17,Nothern Basin and Range,Post-burn aerial seeding,6046,2213,Implemented,Partially Successful,2,1/00/2007,1/00/2007,Acres,4296.25,Seeding,Aerial Seeding,Aerial Seeding: Fixed Wing,-1,Confirmed seed list,WLSM High Elevation,Seeds,Confirmed on Paper,Unknown,Species Specific,"A seed list dated January 19, 2007 titled Charleston Fire Rehabilitation Mountain Mix is listed above.  The Acreage on it is different than that on the MonFund reports.","The primary objective of the treatment is to aerially seed areas of the fire that are critical to wildlife, or most at risk for long-term irreversible damage due to the effects of the fire. The high elevation areas treated with this mix are especially susceptible to permanent habitat conversion as they do not respond well to fire and are slow to reestablish.","Aerially seed approximately 4296 acres with a high elevation wildlife mix of Western Yarrow and Mountain Big Sagebrush.\r\n\r\nThis plan calls for EVERY THIRD SWATH seeding over 14,976 acres FOR A TOTAL OF 4992 ACRES.  All public lands.",Sagebrush and yarrow were seeded to add vegetation structure and species richness to treated areas.  \r\nThe aerial wildlife seeding was completed in January via fixed wing through an aircraft rental agreement. The ground crew consisted of BLM helitack and a project inspector. AG Nav maps of the aerial seeding were completed for the project file.  Aerial seeding was monitored to ensure the correct seed mixture was dispersed over the target area at the specified rate.  A project inspector was present to ensure treatment met contract specifications.,"BLM monitoring personnel assess the seeding areas yearly to evaluate treatment success.  Effectiveness is based on establishment of three seeded plants per square meter rooted firmly in the soil with consideration to site selection factors such as soils, topography, native release of desirable species, and the potential for seedling establishment. Monitoring data is shared with range staff to provide comparisons with unburned reference sites.\r\n\r\nThe Charleston Aerial Wildlife (High Elevation) Seeding was monitored at three separate locations. One was specifically established to monitor this treatment (CHWH \u2013 01), one was established to monitor the Aerial Watershed Protection Seeding where it is overlapped by the Aerial Wildlife (High Elevation) Seeding (CHWS \u2013 03), and one was established to monitor native release on a Mountain Ridge range site within the high elevation wildlife seeding (CHNR \u2013 05). \r\n\r\nMonitoring Results: \r\n2007 \u2013 At CHWH \u2013 01, Western Yarrow was present at a density near one and three-quarters plants square meter (exceeding the objective density of one plant per square meter), Mountain Big Sagebrush was recorded at a density approaching one-half plant per square meter.  At CHWS \u2013 03, Western Yarrow appeared to increase to a density approaching three plants per square meter (well exceeding the objective density of one plant per square meter), Mountain Big Sagebrush was present at a density near one-third plant per square meter.  At CHNR \u2013 05 neither Western Yarrow nor Mountain Big Sagebrush were recorded. \r\n2008 \u2013 At CHWH \u2013 01, Western Yarrow appeared to decline in density by more than one plant per square meter, Mountain Big Sagebrush was not recorded.  At CHWS \u2013 03, Western Yarrow maintained a density near two and one-half plants per square meter but Mountain Big Sagebrush was not recorded.  Fluctuations should be evaluated cautiously because individual quadrat frames are not absolutely repeatable from year to year along a paced transect.  At CHNR \u2013 05 Western Yarrow was not recorded but Mountain Big Sagebrush approached a density of one-half plant per square meter. \r\n2009 \u2013 Monitoring plot CHNR \u2013 05  was specifically established to monitor native release at the request of the Elko range staff and only monitored ESR treatments incidentally.  It was not re-read by ESR staff during the final year of monitoring.  \r\nWestern Yarrow exceeded the objective density of three plants per square meter at CHWS \u2013 03 during the final year of monitoring.  Western Yarrow was observed in abundance in the areas surrounding CHWS \u2013 03, visible in parallel whitish \u201cstripes\u201d across the upland landscape that indicated flight paths.  Since Western Yarrow was \u201cdouble seeded\u201d at the CHWS \u2013 03 monitoring location (that is, seeded with both the Aerial Wildlife (high elevation) Seeding and the Aerial Watershed Protection Seeding that overlapped there,) an exact determination of which treatment provided the yarrow that was recorded cannot be made.  However, evidence of both seedings was clear where a slightly broader whitish stripe ran diagonally to the upland parallel stripes, down the middle of the V-shaped intermittent drainage seeded during the watershed protection treatment.  Western Yarrow was recorded at a moderate density exceeding one-third plant per square meter at CHWH \u2013 01; Mountain Big Sagebrush was not recorded.  Success varied between monitoring locations and throughout the monitoring period.  The Charleston Aerial Wildlife (high elevation) Seeding may be considered partially successful based upon solely upon observations and recorded density for Western Yarrow at CHWS \u2013 03.   Mountain Big Sagebrush was generally less successful, but was recorded at several locations at low-to-moderate density over the monitoring period, and fluctuations may result from absolute non-repeatability of individual quadrats along the paced transects used to monitor this treatment.",Polygon,Confirmed,"Digitized by BLM field office personnel, using an aircraft GPS unit",,4297.715391,4200.861984,,,"Erosion, Habitat for antelope, Habitat for mule deer, Habitat for sage grouse, Impact on Cultural Resources, Invasion by Cheatgrass, Livestock in treated area, Loss of cultural sites, Noxious Weeds","Implementation of the proposed action described in the Emergency Stabilization and Rehabilitation Plan DNA for the Charleston Complex will protect soils in the burned area, including preventing potential loss of soil due to wind and water erosion&* will reduce potential invasion and establishment of noxious weeds and cheatgrass&* will provide quality forage for livestock and wildlife&* and will facilitate meeting established standards and guidelines for livestock grazing.  \r\n\r\nExclusion of livestock grazing is necessary to allow seedling establishment, restore plant vigor and seed production, and to allow reestablishment of preferred species and to deter invasion of undesirable species.  The proposed fence will be constructed around the burn perimeter to keep grazing animals off the recovering burn to allow establishment of seeded and pre-fire vegetation species.  This temporary fencing will be used in conjunction with existing fences to protect the burn area from grazing.  This fencing and subsequent rest from grazing will allow for plants to re-establish and develop effective root depths and root reserves.  Vegetation establishment will help reduce the risk of dust and ash storms decreasing visibility on Interstate 80.  Vegetation establishment will help reduce the risk of accelerated soil erosion and mud flows into Mary&$s River and other areas of concern and provide for soil stabilization.  Vegetation associated with wetlands, riparian zones, and floodplains will be allowed to reestablish. \r\n\r\nThe broadcast seedings within drainages and low lying areas and aerial seeding on slopes will provide for soil stabilization and will reduce the potential invasion of cheatgrass, and any other nonnative noxious weeds.  The seedings will also provide cover and forage for area wildlife populations and nesting habitat for migratory birds.  Successful seeding of some drainages and the low lying areas near the South Fork of the Humboldt River and its tributaries will help reduce runoff and trap sediment, which will help prevent further degradation to the water quality.  Successful seeding of the drainages and low lying areas will also help protect aquatic species habitat from receiving excessive amounts of sediment and provide for streambank stabilization.\r\n\r\nControl of noxious weeds is consistent with the management plans for the resource and will help protect the ecological integrity, biodiversity, and site productivity of this shrub-steppe plant community.  Treatment of noxious weeds is necessary to comply with Nevada State Laws, to implement the Integrated Weed Management Program of the Elko Field Office, and to be responsible neighbors to the adjacent private landowners.  Working cooperatively with local weed management groups and private landowners will achieve better weed management.\r\n\r\nThe proposed action conforms to the 1985 Wells Resource Management Plan (RMP), as it was amended for fire management on September 29, 2004.  The decision for fire rehabilitation from the Approved Fire Management Amendment, page 20, is to \u201cConduct fire rehabilitation activities to emulate historic or pre-fire ecosystem structure, functioning, diversity and/or to restore a healthy stable ecosystem.\u201d  The proposed action is consistent with resource objectives of the plan and with other Federal, state, local and tribal laws, regulations, policies and plans to the maximum extent possible.",None,,None,,WLSM High Elevation,17:18:00
Model 17,Nothern Basin and Range,Post-burn aerial seeding,6050,2213,Implemented,Fully Successful,2,1/00/2007,1/00/2007,Acres,10062.15,Seeding,Aerial Seeding,Aerial Seeding: Fixed Wing,-1,Confirmed seed list,Aerial Watershed Protection,Seeds,Confirmed on Paper,Unknown,Unknown,ESR and BAR seeds located from monitoring summary.,"The primary objective of the treatment is to seed watershed areas of the burn that are at highest risk for significant erosion and non-native species invasion. Watersheds are especially at risk as they generally had the greatest build up of vegetation pre-fire, causing the fire to burn hot and destroy all vegetation and species in the seedbank. \r\nEstablish three seeded plants per square meter rooted firmly in soil with consideration for site selection factors of soils, topography, native release of desirable species, and potential for seedling establishment.  Protect watershed areas from erosion.","Aerially seed approximately 10062 acres with a watershed protection mixture (\u201cCharleston Watershed Mix\u201d) of \u201cSherman\u201d Big Bluegrass, \u201cBannock\u201d Thickspike Wheatgrass, \u201cSecar\u201d Snake River Wheatgrass, and \u201cMagnar\u201d Basin Wildrye.\r\n\r\nAdd Western Yarrow and Basin Big Sagebrush to the watershed protection seed mixture (\u201cCharleston watershed mix\u201d) of native grasses.","Due to the availability of water and other resources necessary for regrowth, a mix of both native and non-native species (Snake River wheatgrass, Sherman big bluegrass, Magnar and trailhead Basin wild rye, Bluebunch wheatgrass, Siberian wheatgrass, Idaho Fescue, and Schwendimar and Bannock thickspike wheatgrass) was selected. Additional shrubs were added to the mix, and are discussed in the Burned Area Rehabilitation treatment monitoring section.\r\n\r\nImplementation Monitoring:  \r\nThe aerial watershed protection seeding was completed during January via fixed wing through an aircraft rental agreement. The ground crew consisted of BLM helitack and a project inspector.  AG Nav maps of the aerial seeding were completed for the project file.  Aerial seeding was monitored to ensure the correct species seed mixture was dispersed over the targeted area at the specified rate. The project inspector ensured treatment met contract specifications.\r\n\r\nBAR addition of western yarrow and sagebrush:\r\n\u201cDelar\u201d Small Burnet may have been substituted for Western Yarrow at some indeterminate locations. \r\nBecause implementation was done concurrently with the aerial watershed protection seeding applied under emergency stabilization, only seed costs are reflected here.","BLM monitoring personnel assess the seeding areas yearly to evaluate treatment success.  Effectiveness is based on establishment of three seeded plants per square meter rooted firmly in the soil with consideration to site selection factors such as soils, topography, native release of desirable species, and the potential for seedling establishment. Monitoring data is shared with range staff to provide comparisons with unburned reference sites.\r\n\r\nThe Charleston Aerial Watershed Protection Seeding was monitored at seven separate locations (CHWS \u2013 01, CHWS \u2013 02, CHWS \u2013 03, CHWS \u2013 04, CHWS \u2013 05, CHWS \u2013 06, CHWS \u2013 07) specifically established to monitor this treatment on all range grazing allotments affected by the fire. \r\n\r\nMonitoring Results: \r\n2007 \u2013 Total seeded species density exceeded the objective density of three plants per square meter at all monitoring locations.  Thickspike Wheatgrass typically made the greatest contribution to total seeded species density.  Basin Wildrye was also very successful\r\n2008 \u2013 Total seeded species density continued to exceed the objective density of three plants per square meter at CHWS \u2013 01, CHWS \u2013 02, CHWS \u2013 03, and CHWS \u2013 05, appearing to increase slightly at CHWS \u2013 01 CHWS \u2013 02, and CHWS \u2013 03.  Total seeded species density appeared to decline at CHWS \u2013 04, CHWS \u2013 05, CHWS \u2013 05, and CHWS \u2013 07.  Thickspike Wheatgrass continued to make the greatest contribution to total seeded species density.  All other seeded species declined dramatically and were not recorded, except at CHWS \u2013 04, where Basin Wildrye was recorded at moderate density.  Downward trend in seeded species at CHWS \u2013 04 and CHWS \u2013 05 appears unrelated to competition from native release Sandberg\u2019s Bluegrass: at these monitoring locations Sandberg\u2019s Bluegrass density varied from very high to low-moderate. \r\nThe apparent disappearance of the majority of the seeded species of grasses during the second year of monitoring is problematic, and may be the result of a variety of causes.  Different technicians read the plots at different times of year between 2007 and 2008.  Seedlings may have become established the first year that later died off or went dormant because of persistent drought.  \u201cQuadrat drift\u201d along the paced transects used to monitor this treatment may also have played a role: density fluctuations should be evaluated cautiously.  Disappearance of most seeded species of grasses from the monitoring record the second year may not actually reflect their loss.  Data collected during the third monitoring year may help clarify these problems. \r\n2009 \u2013 Thickspike Wheatgrass density at CHWS \u2013 01 exceeded the target density by nearly four times.  Thickspike Wheatgrass density at CHWS \u2013 02 exceeded the target density by nearly five times.  Total seeded species density for CHWS \u2013 03 approaches the target density, with Thickspike wheatgrass making the greatest contribution.  Thickspike Wheatgrass density for CHWS \u2013 04 exceeds the target density by almost five times.  At CHWS \u2013 05, only one specimen of Snake River Wheatgrass was recorded, other seeded species were not recorded.  At CHWS \u2013 06, Thickspike Wheatgrass exceeded the target density.  At CHWS \u2013 07 Basin Wildrye achieved a density of one and one-half plant per square meter during the final year: other seeded species were not recorded.  Abundant spring rains in later May and early June apparently benefited the establishment and success of this treatment with the monitoring period.  Thickspike Wheatgrass typically made the greatest contribution to seeded species density, exceeding the target density of three plants per square meter by four to five times at CHWS \u2013 01, CHWS \u2013 02, and CHWS \u2013 04.  The other seeded grass species appeared to return during the final year of monitoring, suggesting that their absence during 2008 only reflected dormancy and not extirpation.  Many previously unrecorded species appeared in the native release at monitoring sites across the treatment, also reflecting the abundant later spring precipitation.  \u201cOn average,\u201d considering the extremely high densities recorded for Thickspike Wheatgrass at many of the monitoring locations and how well established many seeded species appear to be across the treatment, the Charleston Aerial watershed Protection Seeding should be considered fully successful. \r\n\r\nBAR addition:\r\n2007 \u2013 Total seeded species density exceeded the objective density of three plants per square meter at all monitoring locations.  Thickspike Wheatgrass typically made the greatest contribution to total seeded species density.  \r\n2008 \u2013 Total seeded species density continued to exceed the objective density of three plants per square meter at CHWS \u2013 01, CHWS \u2013 02, and CHWS \u2013 03, appearing to increase slightly at CHWS \u2013 01 and CHWS \u2013 02, and appearing to decline slightly at CHWS \u2013 03.  Thickspike Wheatgrass continued to make the greatest contribution to total seeded species density.  \r\nMinor density fluctuations should be evaluated cautiously: they may result from non-repeatability of individual quadrats along a paced transect.  At CHWS \u2013 04 and CHWS \u2013 05 total seeded species densities appeared to undergo steep declines.  Causes of opposite fluctuations in seeded densities between monitoring locations are unknown.  Downward trend in seeded species at CHWS \u2013 04 and CHWS \u2013 05 appears unrelated to competition from native release Sandberg\u2019s Bluegrass: at these monitoring locations Sandberg\u2019s Bluegrass density varied from very high to low-moderate. \r\n2009 \u2013 Small Burnet went unrecorded during the final monitoring year.  It\u2019s presence in the seed mixture was not uniform, and lack of record for the presence of the species the final year may be the result of \u201cquadrat drift\u201d along the paced transects used to monitor this treatment.  Basin Big Sagebrush appeared to be well established at low to moderate densities at most monitoring locations by the close of the monitoring period.  Western Yarrow exceeded the objective density at CHWS \u2013 03, but the species was \u201cdouble seeded\u201d at this location (as discussed in the analysis of the treatment above.)  At other locations Western Yarrow appeared well-established at low to moderate densities by the final year.  Basin Big Sagebrush and Western Yarrow were both recorded at low density at CHWS \u2013 05. Basin Big Sagebrush was recorded at very low density and Western Yarrow was not recorded at CHWS \u2013 07.  Results varied at the  numerous monitoring locations, but we may consider the addition of sagebrush and yarrow to the Charleston Aerial Watershed Protection Seeding partially successful. \r\nRegarding native release, reasons for the apparent precipitous decline in Sandberg\u2019s Bluegrass density at CHWS \u2013 03 from 2008 to 2009 are not known, but may reflect non-repeatability of individual quadrats along the paced transect.  Many previously unrecorded species were encountered at CHWS \u2013 03 during 2009: they may have out-competed the Sandberg\u2019s Bluegrass.  Alternately, the Prairie Junegrass and Kentucky Bluegrass identified during 2009 may have been previously misidentified as Sandberg\u2019s Bluegrass.",Polygon,Confirmed,"Digitized by BLM field office personnel, using an aircraft GPS unit",,10066.10747,9251.196463,,,"Erosion, Habitat for antelope, Habitat for mule deer, Habitat for sage grouse, Impact on Cultural Resources, Invasion by Cheatgrass, Livestock in treated area, Loss of cultural sites, Noxious Weeds","Implementation of the proposed action described in the Emergency Stabilization and Rehabilitation Plan DNA for the Charleston Complex will protect soils in the burned area, including preventing potential loss of soil due to wind and water erosion&* will reduce potential invasion and establishment of noxious weeds and cheatgrass&* will provide quality forage for livestock and wildlife&* and will facilitate meeting established standards and guidelines for livestock grazing.  \r\n\r\nExclusion of livestock grazing is necessary to allow seedling establishment, restore plant vigor and seed production, and to allow reestablishment of preferred species and to deter invasion of undesirable species.  The proposed fence will be constructed around the burn perimeter to keep grazing animals off the recovering burn to allow establishment of seeded and pre-fire vegetation species.  This temporary fencing will be used in conjunction with existing fences to protect the burn area from grazing.  This fencing and subsequent rest from grazing will allow for plants to re-establish and develop effective root depths and root reserves.  Vegetation establishment will help reduce the risk of dust and ash storms decreasing visibility on Interstate 80.  Vegetation establishment will help reduce the risk of accelerated soil erosion and mud flows into Mary&$s River and other areas of concern and provide for soil stabilization.  Vegetation associated with wetlands, riparian zones, and floodplains will be allowed to reestablish. \r\n\r\nThe broadcast seedings within drainages and low lying areas and aerial seeding on slopes will provide for soil stabilization and will reduce the potential invasion of cheatgrass, and any other nonnative noxious weeds.  The seedings will also provide cover and forage for area wildlife populations and nesting habitat for migratory birds.  Successful seeding of some drainages and the low lying areas near the South Fork of the Humboldt River and its tributaries will help reduce runoff and trap sediment, which will help prevent further degradation to the water quality.  Successful seeding of the drainages and low lying areas will also help protect aquatic species habitat from receiving excessive amounts of sediment and provide for streambank stabilization.\r\n\r\nControl of noxious weeds is consistent with the management plans for the resource and will help protect the ecological integrity, biodiversity, and site productivity of this shrub-steppe plant community.  Treatment of noxious weeds is necessary to comply with Nevada State Laws, to implement the Integrated Weed Management Program of the Elko Field Office, and to be responsible neighbors to the adjacent private landowners.  Working cooperatively with local weed management groups and private landowners will achieve better weed management.\r\n\r\nThe proposed action conforms to the 1985 Wells Resource Management Plan (RMP), as it was amended for fire management on September 29, 2004.  The decision for fire rehabilitation from the Approved Fire Management Amendment, page 20, is to \u201cConduct fire rehabilitation activities to emulate historic or pre-fire ecosystem structure, functioning, diversity and/or to restore a healthy stable ecosystem.\u201d  The proposed action is consistent with resource objectives of the plan and with other Federal, state, local and tribal laws, regulations, policies and plans to the maximum extent possible.",None,,None,,Watershed Seeding\r\n***BAR addition of sagebrush and western yarrow was only partially successful. ***,37:05:00
Model 17,Nothern Basin and Range,Post-burn aerial seeding,6159,2257,Implemented,Unknown,2,12/00/1985,12/00/1985,Acres,2156,Seeding,Aerial Seeding,Aerial Seeding: Fixed Wing,-1,Confirmed seed list,High Elevation Seed Mix,Seeds,Confirmed on Paper,Unknown,Unknown,The Orchard grass used was Paiute Orchard grass.  Crested wheatgrass was a total of 1 lb./ac.  equal portions per plan was used.,"Prevent accelerated erosion, gullying and excessive loss of topsoil.","The proposed action is to apply seed by helicopter or fixed wing aircraft to 6454 acres of public land. Two seed mixtures would be used. A low elevation and high elevation mix could be applied as follows.\r\n\r\nAfter the seed is applied, two cats would drag a light (approximately 30 1b/1ink) anchor chain over as much of the area as possible. This would total approximately 3500 acres.","The Cherry Springs Fire was seeded by fixed wing aircraft to the following grasses and forbs the week of Dec. 19, 1985.",Unknown,Polygon,Confirmed,Digitized by LTDL data entry personnel using a confirmed map,4/14/2011,2927.638544,2896.437565,,Unknown,"Erosion, Habitat for mule deer, Invasion by Cheatgrass, Invasion by non-native annuals, Noxious Weeds, Livestock in treated area, Establishment of seeded species, Loss of desirable species, Loss of sagebrush, Loss of vegetation, Loss of native species, Loss of native vegetation, Vegetal cover","The Idaho Department of Fish and Game has identified the burn area as one of the most urgent wildlife concerns in southern Idaho. The loss of a majority of the shrubs from the critical deer winter range may cause depredation problems in nearby farmlands, require initiation of a winter feeding program, or result in starvation of a portion of the population. Other wildlife needs, although not as dramatic, are also considered to be of utmost importance. The local television station, other news media, wildlife organizations, and the general public have expressed a strong interest in what will be done to restore the area.\r\n\r\nAt least 30 percent perennial vegetative cover is needed to prevent accelerated erosion, gullying and excessive loss of topsoil. Reseeding is needed to restore this cover, especially on the 5700 acres of highly erosive soils. The burn area has already contributed to several severe dust storms this summer in southern Idaho. Depending upon timing and intensity of spring runoff, sediment from the burn area could greatly compound already-severe problems in the Lower Rock Creek Watershed. Occasional heavy rainstorms, as well as spring runoff, could cause accelerated soil loss and gullying on the steep, denuded slopes.\r\n\r\nPast fires on similar areas which have not been reseeded are now dominated by cheatgrass. Once established, cheatgrass greatly reduces the opportunity for desirable perennials to come back into an area. Due to highly combustible nature of this grass, repeated burns are common. Noxious weeds, which are a major concern in southern Idaho, are also likely to invade untreated burned areas. Reseeding of these areas promptly is the only feasible technique to establish perennial plants that will preclude site domination by annual grasses and other undesirable species.",None,,None,,South Portion : High Elevation,03:31:00
Model 17,Nothern Basin and Range,Post-burn aerial seeding,6429,2346,Implemented,Partially Successful,2,2/00/2007,2/00/2007,Acres,3868,Seeding,Aerial Seeding,Aerial Seeding,-1,Confirmed seed list,,Seeds,Confirmed on Paper,Unknown,Unknown,"The seed mix did not indicate whether bulk or PLS rates were used, therefore, unknown has been listed and all seed mix information has been entered into the Bulk category.","To re-vegetate a fire damaged and highly disturbed native rangeland area\r\nwith essentially a native seed mixture of grasses and shrubs in order to stabilize the soils and\r\nmaintain the area for the betterment of wildlife habitat and watershed enrichment. Treatment\r\nobjectives would be met when at least one sagebrush seedling and 5 individuals of other seeded\r\nspecies are established per nine m2 (0.11 and 1.1 plants/m2, respectively), and 50 percent of\r\nnative perennial grass plants are producing seed heads.","The majority of public lands (2,200 acres) in the burned area will be\r\naerially broadcast seeded with a seed mixture comprised primarily of mountain big sagebrush,\r\nIdaho fescue, bluebunch wheatgrass, Sandberg bluegrass, Lewis flax and western yarrow. The\r\naerial application occurred in February 2007 by Thomas Helicopters Inc., End Product Contract.",The treatment area was aerial broadcast seeded in February 2007 with a perennial species seed mixture,"Treatment Effectiveness: BLM monitoring crews visited the area in July 2007, establishing and\r\nmeasuring 3 monitoring plots and two shrub density (shrub-hoop) transects. Crews recorded\r\nplant species and density, vegetative cover, and canopy gaps using quadrat, line-point intercept\r\nand gap intercept methods respectively.\r\nTreatment Results: At this time objectives have been partially met. Density of all perennial\r\ngrasses is 40 plants /m\xb2 with seed heads on 58%. Seeded perennial grass density is 13.7; 30.5% of\r\nthese have seed heads. Only one species of the seeded forbs was observed, western yarrow; mean\r\ndensity was 1.2 plants / m\xb2 with no seed heads.\r\n\r\n2009 \u2013 The third growing season, monitoring indicate treatment objectives are being met.  Monitoring recorded the density of all perennial grasses at 11.7/m2. Seeded basin and mountain Wyoming big sagebrush was recorded at 1.1/9 m2, and seeded perennial forbs + grasses were 5.5/m2 with 10% producing seed heads. The resumption of livestock use had been authorized after the second growing season, and the low seed head production is reflective of livestock use and not plant vigor. Overall the site has very few invasive species and a good diversity of perennial grasses, forbs, and shrubs.  The site is recovering well and meeting objectives.",Polygon,Confirmed,"Digitized by BLM field office personnel, method unknown",,3868.074373,2061.708328,,Unknown,"Habitat for sage grouse, Habitat for wildlife, Provide cover for wildlife, Provide forage for wildlife, Rangeland health","The Chubby Spain fire occurred in an area of priority sage grouse habitat.\r\nThe primary objective is to conserve and maintain sage grouse populations in the county\r\nby complying with the requirements of the Owyhee County Sage Grouse LWG Plan to\r\nrestoring habitat for sage grouse on the 2,174 private acres involved in the burn. The\r\nburn, which occurred in the summer of2006, affected 6011 total acres including 2,311\r\nBLM and 1,526 State. The burned area contained an active lek and at least six active leks\r\nare known to exist within 3 miles of the burned area perimeter.\r\nProject funding will be used to restore sagebrush and understory species and to prevent\r\ninvasion by weed species in an area previously identified as priority sage grouse habitat.\r\nFunding approval and expeditious release of funds is urgent because late fall of 2006\r\nwould be the best time to do the seeding and would coincide with the seeding and\r\nrestoration proposed by BLM under their fire rehabilitation plan for the federal lands\r\naffected by this burn.",None,,None,,,31:35:00
Model 17,Nothern Basin and Range,Post-burn aerial seeding,7005,2539,Implemented,,1,2/00/2000,2/00/2000,Acres,500,Seeding,Aerial Seeding,Aerial Seeding,-1,Planned seed list,Aerial Mix,Seeds,Plan,Unknown,Species Specific,"The seed mix did not indicate whether bulk or PLS rates were used, therefore, unknown has been listed and all seed mix information has been entered into the Bulk category.",- - - - - EFRP - - - - -\r\nAerial seeding 500 acres...,"- - - - - EFRP - - - - -\r\n...at 9 lbs./acre, applied during February, 2000.\r\nThe treatment will be completed during the peak winter moisture season.\r\n\r\n- - - - - Seeding Plan - - - - -\r\nUtilize a helicopter for aerial seeding...\r\nProposed project dates are February 16-18,2000.",,"- - - - - Monitoring 2004 - - - - - \r\nvisited on May 3, 2004 as a follow up of previous visits to ascertain the success of the aerial seeding.\r\n\r\nSeeded vegetation occurred in areas of juniper and sagebrush which do not sprout and where the seedbank was depauperate of seed, especially where the canopies were thick...the seeded forbs which are early successional species were more apparent during the first couple years, and then they were replaced by latter successional species. The volunteer native vegetation is doing well...about 30% of the existing vegetation is now seeded crested wheatgrass, Russian wildrye and Basin wildrye. Volunteer species is mostly Bluebunch wheatgrass and other naturally occurring forbs and grasses for the site.",Polygon,Confirmed,"Digitized by LTDL data entry personnel, merged map from various sources",6/13/2013,689.718964,689.3538736,"Polygon created by buffering helicopter GPS, available in the source data folder\\GIS.",Contractor,"Erosion, Invasive species",...reduce excessive soil erosion along with the invasion of undesirable plants.,None,,None,,,55:23:00
Model 17,Nothern Basin and Range,Post-burn aerial seeding,8347,3000,Implemented,Unknown,2,4/10/1986,4/10/1986,Acres,650,Seeding,Aerial Seeding,Aerial Seeding: Fixed Wing,-1,Confirmed seed list,Area A,Seeds,Confirmed on Paper,Unknown,Species Specific,The alfalfa was inoculated with Dormal dry inoculant.,Seed 1% of the burn (650 acres) to a mixture of perennial grasses.,Area A - Consisted of 650 acres of aerial seeding over the West Fork Bruneau River Canyon.,"- - - - - Contract Diary - - - - - \r\n\r\nSeeding was done by contractor, Dicks Flying Service under the East Fork Aerial Seeding contract (ID910-CT6-031).\r\n\r\n12:00 Contractor lands at new location near  Crows Nest Area.  Charles Priest points out land marks in the East Fort Bruneau canyon (Clover Creek) where Contractor is to fly.  Contractor returns to seed truck.\r\n1:00 I arrive back at seed truck and we calibrate hopper with 2 fly-overs. I say OK and we agree to time seeding over Crow nest Area which now starts.  Contractor can load 750 lbs. or 15 sacks of seed (average).\r\n1:00-4:30 contractor delivers 5 loads of seed (3900 lbs.) to the Crow's Nest seeding area F244.  No problems.",Unknown,Polygon,Confirmed,"Digitized by BLM field office personnel, method unknown",,14422.15,14405.59,,Contractor,"Habitat for antelope, Habitat for mule deer, Provide forage for wildlife, Habitat for sage grouse, Erosion, Loss of Perenials, Invasion by non-native annuals, Invasion by Cheatgrass","1. Long-term soil protection will be provided beginning within one year as perennial vegetation becomes established. A 50-60% canopy cover is expected within three years.\r\n\r\n2. Livestock forage will be increased in the area, but will not be available until an adequate canopy cover of perennial vegetation becomes established.\r\n\r\n3. Wildlife habitat will be reestablished. Mule deer travel and winter areas along the East Fork of the Bruneau River will be replanted to shrubs to provide food and cover. A mix of palatable grasses, forbs, and shrubs will be planted over most of the area. This will provide food for antelope. The new lower vegetative structure may also encourage greater use by antelope of the burn area after it is seeded. Sage grouse will benefit from the planting of forbs for their spring/summer diet. In addition, the judicious planting of sagebrush blocks will restore a portion of the nesting habitat.\r\n\r\n4. Fire hazard will be minimized by preventing annual plant species from dominating the site. Progressive depletion of perennial species by repeated fires will be prevented.\r\n\r\n5. The estimated pre-burn grazing capacity of the burned area was 7,200 AUMs, 6,100 AUMs in the Saylor Creek Allotment, and 1,100 AUMs in the Three Creek Allotment. Average grazing capacity was about 15 ac/AUM. In the Three Creek Allotment, the two unburned fields would be adequate to satisfy Simplot Livestock Company&$s licensed use for the next two years (2,984 AUMs vs. 2,933 AUMs grazing capacity). With the proposed protection fencing, about 900 AUMs will be available to satisfy the demand of the Leguineche and Frank Bachman livestock operations (921 AUMs).",,,Other (See Trt Notes),Weather was good and the contractor did a good job.,,36:28:00
Model 17,Nothern Basin and Range,Post-burn aerial seeding,9075,3246,Implemented,,2,2/18/2015,2/19/2015,Acres,405,Seeding,Aerial Seeding,Aerial Seeding,-1,Planned seed list,Grasses Mix,Seeds,Plan,Unknown,Species Specific,"The seed mix did not indicate whether bulk or PLS rates were used, therefore, unknown has been listed and all seed mix information has been entered into the Bulk category.","The fire removed shrub cover, and will greatly advantage non-native invasive annual grasses in and adjacent to areas in which these species represented a significant portion of the grass/forb community before burning. The proposed seed mix, after successful germination and establishment, will provide competition with non-native invasive annual grasses, increased forage and cover for multiple wildlife species, opportunities for pollinator species, and resilience to climate change and wildfire.","The treatment will broadcast or broadcast and harrow seed, a total of 350 acres with\r\ncompetitive perennial grasses. The 350 acres are identified outside of the WSA and as\r\nhaving a high potential for wind erosion and non-native species invasion. Broadcast and\r\nharrow may occur if terrain allows and cultural resources are cleared. Sagebrush will also\r\nbe applied to ground-seeded areas as part of the aerial seeding treatment.","Aerial seeded with Sandberg\u2019s bluegrass (Poa secunda), thickspike\r\nwheatgrass (Elymus lanceolatus), squirreltail (Elymus elymoides),\r\nand rocky mountain beeplant (Cleome serrulata).","Conclusions:\r\nThe third year of monitoring shows that all four AIM plots meet ESR and livestock\r\nclosure objectives. Perennial cover decreased slightly, from 34.7% to 30% over the previous\r\nyear\u2019s total average. Half of the plots met the density objective, but close to no seeded species\r\nwere found in two plots. Seedling survival was 37.3% across all monitored areas. Hand plantings\r\nmay provide the only sagebrush regeneration in much of the burned area.\r\nThe second year of monitoring shows that all four AIM plots meet ESR and livestock\r\nclosure objectives. Perennial cover increase by an average of 34.7% over the previous year\u2019s\r\ntotal average. Half of the plots met the density objective, but close to no seeded species were\r\nfound in two plots. Seedling survival was 37.3% across all monitored areas. Hand plantings may\r\nprovide the only sagebrush regeneration in much of the burned area.\r\nThe first season of monitoring after the Denio Basin Fire has shown that most plots do\r\nnot meet the objective for density of seeded species. Two plots meet the ESR and livestock\r\nclosure objectives for perennial cover. Perennial cover still exists in significant amounts in some\r\nareas of the fire, and includes a fair variety of bunchgrasses, forbs, and shrubs.",Polygon,Confirmed,Digitized by LTDL data entry personnel using a confirmed map,9/6/2019,405.45,405.45,,Unknown,"Rangeland health, Loss of native species, Loss of native vegetation, Loss of perennials, Loss of sagebrush, Loss of vegetation, Habitat for desert bighorn sheep, Habitat for sage grouse, Habitat for greater sage grouse",,None,,None,,Treatment 37,14:25:00
Model 17,Nothern Basin and Range,Post-burn aerial seeding,9076,3246,Implemented,,2,2/18/2015,2/19/2015,Acres,1740,Seeding,Aerial Seeding,Aerial Seeding,-1,Planned seed list,Sagebrush Mix,Seeds,Plan,Unknown,Species Specific,,"This treatment will add sagebrush to the burned area to provide perennial shrub cover to\r\nexposed soils (shelter from wind and rain), and restore resources important to Greater Sage\r\nGrouse, California bighorn, and mule deer year round habitat. The Greater Sage Grouse is\r\nlisted as a candidate species. The California bighorn is a BLM special status species, Nevada\r\nState protected, and Nevada game species. This treatment will assist in re-establishing the\r\nnecessary forage and cover for these important wildlife species.","Aerially seed 1,931 acres with sagebrush seed (mountain sagebrush and Wyoming\r\nsagebrush). Aerial seeding may be accomplished by augmenting some areas by hand or as\r\npart of ground seeding depending on availability of labor force. Seeding by hand improves\r\nthe quality of application, since seed can be more carefully directed towards microsites\r\nwhich are conducive to germination","Aerial seeded with Mountain sagebrush (Artemisia tridentata ssp.\r\nvaseyana), Wyoming sagebrush (Artemisia tridentata ssp.","Conclusions:\r\nThe third year of monitoring shows that all four AIM plots meet ESR and livestock\r\nclosure objectives. Perennial cover decreased slightly, from 34.7% to 30% over the previous\r\nyear\u2019s total average. Half of the plots met the density objective, but close to no seeded species\r\nwere found in two plots. Seedling survival was 37.3% across all monitored areas. Hand plantings\r\nmay provide the only sagebrush regeneration in much of the burned area.\r\nThe second year of monitoring shows that all four AIM plots meet ESR and livestock\r\nclosure objectives. Perennial cover increase by an average of 34.7% over the previous year\u2019s\r\ntotal average. Half of the plots met the density objective, but close to no seeded species were\r\nfound in two plots. Seedling survival was 37.3% across all monitored areas. Hand plantings may\r\nprovide the only sagebrush regeneration in much of the burned area.\r\nThe first season of monitoring after the Denio Basin Fire has shown that most plots do\r\nnot meet the objective for density of seeded species. Two plots meet the ESR and livestock\r\nclosure objectives for perennial cover. Perennial cover still exists in significant amounts in some\r\nareas of the fire, and includes a fair variety of bunchgrasses, forbs, and shrubs.",Polygon,Confirmed,Digitized by LTDL data entry personnel using a confirmed map,9/6/2019,1739.93,1739.93,,Unknown,"Rangeland health, Loss of native species, Loss of native vegetation, Loss of perennials, Loss of sagebrush, Loss of vegetation, Habitat for desert bighorn sheep, Habitat for sage grouse, Habitat for greater sage grouse",,None,,None,,Treatment 36,20:20:00
Model 17,Nothern Basin and Range,Post-burn aerial seeding,9277,3304,Implemented,Unknown,2,1/7/2001,1/7/2001,Acres,490,Seeding,Aerial Seeding,Aerial Seeding,-1,Confirmed seed list,"Aerial Seeding, Grasses",Seeds,Confirmed on Paper,Unknown,Species Specific,,To control cheatgrass invasion.,"Approximately 490 acres previously characterized by generally fair\r\ncondition juniper is in need of aerial seeding, due to risk of\r\ncheatgrass expansion. Aerial seeding is necessary because numerous\r\nburned juniper skeletons preclude drill-seeding. Chaining would be cost\r\nprohibitive. Aerial seeding is expected to succeed due to soil surface\r\nroughness, numerous small crevices and the presence of soft ash/burned\r\nduff around the burned junipers. These factors should provide an\r\nadequate niche for the small seeds to lodge in and germinate.\r\nPre-burn herbaceous species included Sandberg's bluegrass, predominantly,\r\nwith bluebunch wheatgrass, Idaho fescue, western wheatgrass, Koeleria,\r\nand Thurber&$s needlegrass present in varying amounts depending on aspect\r\nand topographic position. Drill seeding is precluded due to the\r\npresence of numerous juniper skeletons. The grass seed mix selected\r\n(Sherman big bluegrass, Canbar Canby bluegrass, Covar sheep fescue,\r\nKoeleria) are well-adapted to the site, and are expected to successfully\r\nestablish. Small seeded species such as these are often recommended for\r\naerial seedings and where there is likelihood that seeds will lodge in\r\nsoil crevices","This project consisted of aerial seeding 490 acres. Grass seed mix was applied at a rate of 4.25\r\npounds bulk seed per acre. The seed was applied to 100% snow covered ground, see the attached\r\nmap for the project location. The contractor was Reeder Flying Service of Twin Falls, ID. Pilot for the\r\nseeding was Dick Reeder. The project was completed using a helicopter and two sling type buckets.\r\nThe project was started and completed on 01/07/01.",Unknown,Polygon,Confirmed,Digitized by LTDL data entry personnel using a confirmed map,4/28/2011,505.9191429,505.6000796,Shapefile provided by the BLM did not match the paper map. I created this polygon to match the paper map. The BLM provided shapefile is included in the source data folder.,Contractor,"Invasion by Cheatgrass, Brush control, Competition for resources, Encroaching vegetation, Establishment of seeded species, Loss of desirable species, Loss of native species, Loss of vegetation, Vegetal cover",To control cheatgrass invasion.,None,,Snow on Ground,The seed was applied to 100% snow covered ground,Cost is only based on seed,25:29:00
Model 17,Nothern Basin and Range,Post-burn aerial seeding,10806,3855,Implemented,None,1,00/00/1983,00/00/1984,Acres,19942,Seeding,Aerial Seeding,Aerial Seeding,-1,Unknown seed list,Aerial Seed Mix,Seeds,Unknown Seed List Origin,Unknown,Unknown,"The seed mix did not indicate whether bulk or PLS rates were used, therefore, unknown has been listed and all seed mix information has been entered into the Bulk category.",,,,,Polygon,Confirmed,Digitized by LTDL data entry personnel using a confirmed map,1/30/2012,13417.52448,13411.14906,,,"Erosion, Loss of vegetation, Habitat for mule deer, Habitat for wildlife, Habitat for sage grouse",Massive soil movement by wind and water due to loss of vegetation cover.,None,,None,,,28:47:00
Model 17,Nothern Basin and Range,Post-burn aerial seeding,10824,3861,Implemented,See Comments,2,2/24/2009,2/24/2009,Acres,800,Seeding,Aerial Seeding,Aerial Seeding: Rotor Wing,-1,Confirmed seed list,Aerial Mix,Seeds,Confirmed in GIS,Unknown,Species Specific,,"The burned area was previously known to be Low Sage and Mountain big sagebrush with native bunchgrass understory, verified by the Jarbidge Vegetation Map. Sagebrush has a minimal survival rate following intense fires. The areas of this fire that burned severely were sagebrush areas. Aerial seedlings are intended to be an effective means for \r\nestablishment of sagebrush.",Aerial seeding of 800 acres of Mountain big sagebrush\r\nwithin drainages and swells that burned at high severity. The seeding will occur in the fall of 2008.,"To date the majority of East Slide fire rehab work is completed leaving only the aerial sagebrush seeding to\r\nbe done this winter.\r\nThe project consisted of aerially seeding Wyoming big sagebrush to 800 acres within drainages and swells that burned at high severity. Seeding occurred in late fall of 2008.\r\nThe Twin Falls District Operations staff ensured that all contract specifications were met during these aerial seeding operations, that the areas planned for sagebrush seeding got done and that all work was completed in an efficient and timely manner.","2009 summary: General observations by the monitoring crew were made this year. There were some seedlings present within the seeded area, but it is too soon to tell if the seeding is successful. Belt transects will be added to the monitoring protocol next year to determine the presence of seedlings.",Polygon,Confirmed,"Digitized by BLM field office personnel, method unknown",,801.1198866,772.7414367,,Contractor,Habitat for wildlife,"The burned area was previously known to be Low Sage and Mountain big sagebrush with native bunchgrass understory, verified by the Jarbidge Vegetation Map. Sagebrush has a\r\nminimal survival rate following intense fires. The areas of this fire that burned severely were sagebrush areas. Aerial seedlings are intended to be an effective means for establishment of sagebrush. The treatment is resource effective in that it is rehabilitating a sagebrush area towards its previous state. Arial seeding will have no damage to any resources, while improving habitat for Sage grouse and other sagebrush obligates.\r\n\r\nSage grouse are being considered for listing under the Endangered Species Act. The fire burned in designated sage grouse nesting, brood rearing and winter range habitat. The fire removed sagebrush cover critical for sage grouse forage during the winter and nesting habitat during the spring. There are five sage grouse leks located within 2 miles from the burn area and the majority (70%) of sage grouse nest within 3.2 miles of a lek. The area is also used by sage-grouse as brood habitat in the summer and early fall.",,,,,,00:53:00
Model 17,Nothern Basin and Range,Post-burn aerial seeding,12458,4458,Implemented,Unknown,2,11/9/1964,12/13/1964,Acres,1980,Seeding,Aerial Seeding,Aerial Seeding,-1,Confirmed seed list,Fredonyer Peak FiRe Rehab Mix,Seeds,Confirmed on Paper,Unknown,Overall,,"1980 acres were completely burned over on October 5 and 9, 1964.  Seeding is necessary to re-establish perennial grasses for erosion control, livestock and game forage.",Aerial reseeding of Fredonyer Peak Fire burn. The total acreage will be seeded under one contract. The private land-owners (who are also permittees) have contributed funds for the seeding costs on the private land.,Aerial seeding of a burned over area. Grass seed was applied in a mixture of six pounds per acre.,,Polygon,Confirmed,Digitized by LTDL data entry personnel using a confirmed map,1/3/2013,2261.14962,2257.890248,,BLM and Cooperators,None,,None,,None,,,32:39:00
Model 17,Nothern Basin and Range,Post-burn aerial seeding,13683,4920,Implemented,Unknown,1,00/00/1989,1/25/1990,Acres,440,Seeding,Aerial Seeding,Aerial Seeding,-1,Confirmed seed list,Aerial Mix,Seeds,Confirmed on Paper,Unknown,Species Specific,"The seed mix did not indicate whether bulk or PLS rates were used, therefore, unknown has been listed and all seed mix information has been entered into the Bulk category.",,The Wyoming big sagebrush would be aerial applied in the same manner and same rate.,1/4 lb. per acre was seeded on 3 inches of snow. Wing speed 0-3 mph seed flew from Jackpot Airport,Unknown,Polygon,Confirmed,"Digitized by BLM field office personnel, method unknown",,600.17,588.15,,Contractor,"Erosion, Habitat for wildlife, Invasion by Cheatgrass, Invasion by non-native annuals, Loss of Perennials, Loss of vegetation, Provide cover for wildlife, Provide forage for wildlife, Watershed degradation","The Twin Falls Management Framework Plan, completed in 1981, identifies the need to maintain or improve the area for wildlife and watershed values. The fire occurred in a yearlong antelope range and in sage grouse critical winter and yearlong ranges as well as in critical nesting and brood reading areas. Other MFP objectives include, but are not limited to, maintain existing perennial forage plants, maintain and protecting soil stability and increasing the availability of perennial forage plants.\r\n\r\nSince the perennial vegetative was lost due to fire, annuals will colonize this 2000 acre site. Without competition from perennials, Halogeton, tumble mustard and cheatgrass will establish themselves to the exclusion of more desirable perennials. Reseeding the feasible areas with perennials will achieve more effectively the objectives of reducing soil erosion, increasing available water holding of the soil and increasing the short and long term productivity.",None,,Snow on Ground,3 inches of snow on ground,,57:30:00
Model 17,Nothern Basin and Range,Post-burn aerial seeding,14107,5070,Implemented,None,2,2/25/2013,2/25/2013,Acres,5812,Seeding,Aerial Seeding,Aerial Seeding,-1,Confirmed seed list,,Seeds,Confirmed on Paper,Unknown,Species Specific,,"Without treatment the burned areas are extremely susceptible to exotic annual dominance; this would jeopardize the greater sage grouse, mule deer herds and other wildlife that depend on this area year-round and especially in the winter months. Seeding occurred on sites that do not have the likelihood of naturally recovering from the fire. Areas were seeded with perennial species to reduce the dominance of Bromus tectorum. The application cost of aerial seeding is fairly high, but the risk of not seeding is the loss of species and structural diversity that will reduce the overall short and long-term value of the land. Objective: The objectives for cover will be to obtain 70% of all perennial plant cover found in the associated reference site, or, when not possible, achieve 50% of the lowest value for perennial cover associated with the appropriate ecological or range site by the end of the third year. Density objectives for aerially seeded areas will be based on having one seeded species firmly rooted per square meter by first or second growing season following seeding.",,Aerial Seeding of Sage Grouse PPH. Nevada Department of Wildlife contributed forage kochia seed. Ruby Mitigation fund contributed Mtn. Sage seed. NGO (private) contributors helped fund aircraft time for seeding.,"T3-A1MiddleField-HAN-14\r\nTreatment: aerially seeded with A.tridentata ssp. vaseyana and A. millefolium.\r\n2015: This plot was not monitored in 2015.\r\n2014: Plot does meet both ESR and livestock closure percent perennial cover objectives,\r\nbut not density objectives. Deep-rooted, perennial grasses are significantly reduced at\r\nplot. Annual species are common throughout the plots, and both B. tectorum and T.\r\ncaput-medusae are present and common to dominant. There are unburned A. arbuscula\r\nand P. tridentata shrubs throughout the plot.\r\n\r\nT3-A1MoreyCreek-HAN-14\r\nTreatment: aerially seeded with A. tridentata ssp. vaseyana and A. millefolium.\r\n2015: The plot\u2019s density of seeded species does not meet the objective. Plot does not\r\nmeet ESR or livestock closure percent perennial cover objectives. Perennial coverage has\r\ndecreased since 2014. Plot appears to be on a A tridentata ssp. wyomingensis plot, and\r\ndoes not support A. tridentata ssp. vaseyana. B. tectorum and E. cicutarium dominate\r\nplot, and C. testiculata is also present. For an overview of line 3 see Figure 22.\r\n\r\nT3-A2SouthSingus-HAN-14\r\nTreatment: aerially seeded with A. tridentata ssp. vaseyana and A. millefolium.\r\n2015: Plot does not meet density cover objective. No seeded species were found along\r\nany of the transects. Perennial cover has decreased since 2014 and does not meet the\r\nlivestock closure objective. However, percent perennial cover does meet ESR objectives.\r\nB. tectorum and E. cicutarium are common to co-dominant on this plot. Livestock were\r\nseen grazing within a half mile of this plot. For an overview of line 3 see Figure 20.\r\n\r\nT3-A2NorthSingus-HAN-14\r\nTreatment: aerially seeded with A. tridentata ssp. vaseyana and A. millefolium.\r\n2015: Seeded species density on this plot does not meet the objective. Percent perennial\r\ncoverage meets both ESR and livestock closure objectives. This plot is dominated by P.\r\nspicata and E. elymoides, but B. tectorum is common to co-dominant in the understory.\r\nFor an overview of line 3 see Figure 18.\r\n\r\nT3-A1WestField-HAN-14\r\nTreatment: aerially seeded with A. tridentata ssp. vaseyana and A. millefolium.\r\n2015: This plot was not monitored in 2015.\r\n2014: Plot does meet both ESR and livestock closure objectives. Deep-rooted perennial\r\ngrasses are significantly reduced at plot. Annual species are dominant throughout the\r\nplot, and both B. tectorum and T. caput-medusae are present. There are scattered,\r\nunburned A. arbuscula and P. tridentata shrubs throughout the plot.\r\n\r\nT3-A1SouthSingus-HAN-14\r\nTreatment: aerially seeded with A. tridentata ssp. vaseyana and A. millefolium.\r\n2015: Plot does not meet density of seeded species objective. Perennial coverage meets\r\nboth the ESR and livestock closure objectives. There is some unburned sagebrush on this\r\nplot, and E. elymoides is dominant. B tectorum is present but not common. Slight\r\npedestaling was observed. C. testiculata and E. cicutarium are becoming more prevalent\r\non this plot. For an overview of line 3 see Figure 7.\r\n\r\nT3-A1NorthSingus-HAN-14\r\nTreatment: aerially seeded with A. tridentata ssp. vaseyana and A. millefolium.\r\n2015: Plot does not meet the seeded species density objective. Perennial coverage has\r\ndecreased since 2014, but still meets both ESR and livestock closure objectives. Some\r\nperennial vegetation on this plot exhibited slight pedestaling. B tectorum and S.\r\naltissimum are present on this plot. There were antelope and Greater Sage-grouse signs\r\non this plot. For a photo of line 3 see Figure 5.\r\n\r\nT3-25XY17-HAN-13\r\nTreatment: aerially seeded with A. tridentata ssp. vaseyana and Achillea millefolium.\r\n2015: This plot did not meet the objective for seeded species density, though the density\r\nhas increased very slightly each year since 2013. The percentage of perennial coverage\r\non this plot has decreased since 2014. It does not meet the livestock closure objectives. It\r\nmeets the ESR perennial coverage objective. There was some evidence of large mammal\r\ngrazing on this plot, as well as cattle signs. There was also evidence of antelope on this\r\nplot. There was perennial Lupinus on plot. Invasives include T. caput-medusae, B\r\ntectorum, and C. testiculata. For an overview of line 3 see Figure 2.",Polygon,Confirmed,"Digitized by BLM field office personnel, method unknown",,5812.25,5703.63,,Contractor,"Habitat for sage grouse, Habitat for mule deer, Habitat for desert bighorn sheep, Habitat For Lahontan Cutthroat Trout, Loss of native vegetation, Loss of perennials, Loss of sagebrush",,None,,None,,Treatment 3,09:16:00
Model 17,Nothern Basin and Range,Post-burn aerial seeding,14108,5070,Implemented,None,2,3/16/2013,3/16/2013,Acres,1352.67,Seeding,Aerial Seeding,Aerial Seeding,-1,Confirmed seed list,,Seeds,Confirmed in GIS,Unknown,Species Specific,"The seed mix did not indicate whether bulk or PLS rates were used, therefore, unknown has been listed and all seed mix information has been entered into the Bulk category.",,,"Data obtained from this treatment's GIS Attribute Table - ARTRW8, BAPR5, Artemisia tridentata ssp. wyomingensis, Bassia prostrata - Hanson Fire - Aerial Seeding - partner dollars (3/16/2013).",,Polygon,Confirmed,"Digitized by BLM field office personnel, method unknown",,1353.676324,1097.760581,,,"Habitat for sage grouse, Habitat for mule deer, Habitat for desert bighorn sheep, Habitat For Lahontan Cutthroat Trout, Loss of native vegetation, Loss of perennials, Loss of sagebrush",,None,,None,,This project was implemented with partner dollars. Other information for this treatment is unclear. See GIS attribute table for the only implementation data.,28:09:00
Model 17,Nothern Basin and Range,Post-burn aerial seeding,14971,5415,Implemented,See Comments,2,2/21/2013,2/21/2013,Acres,6404.4,Seeding,Aerial Seeding,Aerial Seeding: Fixed Wing,-1,Confirmed seed list,,Seeds,Confirmed on Paper,Unknown,Species Specific,Treatment 5.,"The objectives for cover will be to obtain 70% of all perennial plant cover found in the associated reference site, or, when not possible, achieve 50% of the lowest value for perennial cover associated with the appropriate ecological or range site by the need of the third year. Density objectives for aerially seeded areas will be based on having one seeded species firmly rooted per square meter by first or second growing season following seeding.","Aerial seeding was vital in mitigating the potential loss of Greater sage grouse habitat in the Montana, Granite, and Bilk Creek mountain ranges. Without treatment the burned areas are extremely susceptible to exotic annual dominance; this would jeopardize the Greater sage grouse, mule deer herds and other wildlife that depend on this area year-round and especially in the winter months. The areas selected are predominantly upland areas where topography is unsuitable for drill seeding due to slope and accessibility. All aerial seeding occurred in sage grouse PPH or PGH that was severely burned. Sage grouse habitat in the Bilk, Trout Creek, and Montana Mountains is widely regarded as being exceptionally productive when compared with other areas designated as sage grouse PPH. The application cost of aerial seeding is fairly high, but the risk of not seeding is the loss of species and structural diversity that will reduce the overall short and long-term value of the land.","Original ESR-funded aerial contract was for 45,284 acres. Since contract bid was based on pounds of seed, not acres, some leftover seed from original project (avoided unburned islands) was used to increase treatment area with ESR funds. Nevada Dept. of Wildlife, Ruby Mitigation Fund, and NGO private contributors also contributed seed and aircraft time to increase accomplishments.","See interim Report 2012 - Plot ID's: T5-A4-HOL-13, T5-23XY18-HOL-13, T5-A1-HOL-13, T5-A2-HOL-13, T5-A3-HOL-13, TD-BASCO-HOL-13, T5-A5ColdSprings-HOL-14.\r\n\r\nT5-A4-HOL-13\r\nTreatment: Aerially seeded A. tridentata ssp. vaseyana, L. lewisii, A. millefolium, P.\r\nspicata and P. tridentata.\r\n2015: Plot meets the ESR and livestock closure objectives for perennial cover. It does not\r\nmeet the monitoring objective for density of seeded species. This plot has high species\r\ndiversity and high density of vegetation. B. tectorum and S. altissimum have become more\r\nprevalent than in past years.\r\n\r\nT5-23XY18-HOL-13\r\nTreatment: Aerially seeded A. tridentata ssp. vaseyana, L. lewisii, A. millefolium, P.\r\nspicata and P. tridentata.\r\n2015: Plot meets the ESR perennial cover objective, but does not meet the livestock closure\r\nobjective for perennial cover. The plot meets the monitoring objective for density of\r\nseeded species. The soil stability value is lower than expected for this plot. This is\r\nevidenced by a decreased soil surface resistance to erosion, obvious pedestals on many P.\r\nsecunda, and water flow patterns in steeper areas of the plot. The site is dominated by B.\r\ntectorum. Perennial bunchgrasses are present, but not common.\r\n\r\nT5-A1-HOL-13\r\nTreatment: Aerially seeded A. tridentata ssp. vaseyana, L. lewisii, A. millefolium, P.\r\nspicata and P. tridentata.\r\n2015: Density of seeded species does not meet the monitoring objective. Plot meets the\r\nESR and livestock objectives for perennial cover. Deep-rooted, cool-season perennial\r\nbunchgrasses are slightly reduced and B. tectorum is scattered throughout the plot. Some\r\nsoil loss was observed along with soil deposition and instability. Water-flow patterns are\r\nmore numerous than expected.\r\n\r\nT5-A2-HOL-13\r\nTreatment: Aerially seeded A. tridentata ssp. vaseyana, L. lewisii, A. millefolium, P.\r\nspicata and P. tridentata.\r\n2015: Plot meets the ESR and livestock closure objectives for perennial cover. It does not\r\nmeet the objective for density of seeded species. Deep-rooted, cool-season perennial\r\nbunchgrasses are dominant. B. tectorum and S. altissimum are common to scattered\r\nthroughout the plot.\r\n\r\nT5-A3-HOL-13\r\nTreatment: Aerially seeded A. tridentata ssp. vaseyana, L. lewisii, A. millefolium, P.\r\nspicata and P. tridentata.\r\n2015: The plot meets both the ESR and livestock closure objectives for perennial cover.\r\nThe plot also meets the density of seeded species objective. P. spicata is the most\r\ncommonly occurring seeded species. B. tectorum and S. altissimum are co-dominant at the\r\nplot. The plot has a strong bunchgrass component, with P. secunda being the most\r\ncommon. On the steeper parts of the plot there are slight pedestals and terracettes.\r\n\r\nTD-BASCO-HOL-13\r\nTreatment: Aerially seeded A. tridentata, L. cinereus, L. lewisii, and A. millefolium.\r\n2015: Plot does not meet the objective for density of seeded species. Perennial cover on\r\nthis plot was 12.7%. S. altissimum and B. tectorum were almost completely dominant on\r\nthis plot, with a combined coverage of over 90%. Native vegetation was rare with I.\r\naxillaris and L. cinereus being comparatively the most common. This plot exhibited some\r\npossible deposition from upstream due to past rain or storms. There were numerous hawks,\r\nowls, and chukar observed near this plot, and three Greater Sage-grouse (GSG) were also\r\nobserved within 60m ESE from plot center\u2019s UTM coordinates (refer to Table 3 for\r\ncoordinates).",Polygon,Confirmed,"Digitized by BLM field office personnel, method unknown",,18627.0879,18544.20678,,Contractor,"Habitat for antelope, Habitat for desert bighorn sheep, Habitat for wildlife, Invasion by cheatgrass, Invasion by non-native annuals, Invasive species, Loss of native vegetation, Loss of perennials, Loss of sagebrush, Loss of vegetation, Watershed health","The BLM has made the determination that as a result of the Holloway Fire, affected vegetative communities, particularly sage brush communities within Sage Grouse Preliminary Priority Habitat (PPH) and Preliminary General Habitat (PGH), are at risk from long term habitat degradation due to the presence of invasive annual grasses and other noxious weeds within new\r\ndisturbance. In addition to impacts to Sage Grouse, habitat values for Lahontan cutthroat trout, bighorn sheep, pronghorn antelope, mule deer, migratory birds, and pollinator species have also been seriously compromised. Soil resources are at risk from combined wind and water erosion, wildlife habitat values have been unacceptably compromised with limited potential for natural recovery, and other resources on the public lands are at immediate risk of erosion or other damage.",None,,None,,GIS acres and treated acres are not the same.,39:00:00
Model 17,Nothern Basin and Range,Post-burn aerial seeding,14972,5415,Implemented,None,2,2/21/2013,2/21/2013,Acres,2028.93,Seeding,Aerial Seeding,Aerial Seeding: Fixed Wing,-1,Confirmed seed list,,Seeds,Confirmed on Paper,Unknown,Species Specific,Treatment 6.,"The objectives for cover will be to obtain 70% of all perennial plant cover found in the associated reference site, or, when not possible, achieve 50% of the lowest value for perennial cover associated with the appropriate ecological or range site by the need of the third year. Density objectives for aerially seeded areas will be based on having one seeded species firmly rooted per square meter by first or second growing season following seeding.","Aerial seeding was vital in mitigating the potential loss of Greater sage grouse habitat in the Montana, Granite, and Bilk Creek mountain ranges. Without treatment the burned areas are extremely susceptible to exotic annual dominance; this would jeopardize the Greater sage grouse, mule deer herds and other wildlife that depend on this area year-round and especially in the winter months. The areas selected are predominantly upland areas where topography is unsuitable for drill seeding due to slope and accessibility. All aerial seeding occurred in sage grouse PPH or PGH that was severely burned. Sage grouse habitat in the Bilk, Trout Creek, and Montana Mountains is widely regarded as being exceptionally productive when compared with other areas designated as sage grouse PPH. The application cost of aerial seeding is fairly high, but the risk of not seeding is the loss of species and structural diversity that will reduce the overall short and long-term value of the land.","Original ESR-funded aerial contract was for 45,284 acres. Since contract bid was based on pounds of seed, not acres, some leftover seed from original project (avoided unburned islands) was used to increase treatment area with ESR funds. Nevada Dept. of Wildlife, Ruby Mitigation Fund, and NGO private contributors also contributed seed and aircraft time to increase accomplishments.","See interim Report 2012 - Plot ID's: HOU-18, T6-A1-HOL-13, T6-A2-HOL-13, T6-A1FiveMileNative-HOL-14, T6-A1LogCabin-HOL-14\r\n\r\nT6-A1-HOL-13\r\nTreatment: Aerially seeded A. tridentata ssp. vaseyana, A. millefolium, P. tridentata, P.\r\nspicata and L. lewisii.\r\n2015: The plot meets both the ESR and livestock closure objectives for perennial cover.\r\nThe plot meets the objective for density of seeded species. P. spicata is the most\r\nsuccessful seeded species. The plot is dominated by P. secunda; B. tectorum is subdominant.\r\nThe bunchgrass component is not as strong as expected. There is a small\r\namount of pedestalling on P. spicata, and the soil surface resistance to erosion is slightly\r\nlower than expected.\r\n2014: The plot meet both ESR and livestock closure objectives for perennial cover. The\r\nplot does not meet the density of seeded species objective. The plot is dominated by\r\nshallow-rooted plants, primarily P. secunda. Native forbs and shrubs are common\r\nthroughout the plot, and B. tectorum is common in areas. Deep-rooted, perennial grasses\r\nare greatly reduced. L. lewisii is the only seeded species not present on the plot.\r\n2013: Density of seeded species does not meet the monitoring objective. Plot meets the\r\nESR and livestock closure percent perennial cover objectives. From the LPI data, percent\r\nperennial cover species include: B. sagittata, E. elmoides, Lupinus, P. secunda and P.\r\nspicata. P. secunda co-dominates the site constituting 24% of the perennial cover, while\r\nthe plot had 18% of the annual invasive B. tectorum, which also co-dominates. One A.\r\ntridentata ssp. vaseyana and 23 P. spicata were found along the belt transect. Seedlings\r\nwere scattered around plot, especially at the end of line 3 that crossed into a drainage. Plot\r\nalso had a rock outcrop with Symphoricarpos re-sprouting.\r\n\r\nT6-A2-HOL-13\r\nTreatment: Aerially seeded A. tridentata ssp. vaseyana, A. millefolium, P. tridentata, P.\r\nspicata and L. lewisii.\r\n2015: The plot meets the ESR objective for perennial cover, but does not meet the\r\nlivestock closure objective. The density of seeded species does not meet the monitoring\r\nobjective. This plot has a large shrub component, mostly consisting of Chrysothamnus\r\nviscidiflorus and Symphoricarpos sp. The forb component has decreased, and B. tectorum\r\nhas increased since last monitored. The deep-rooted bunchgrasses have been heavily\r\ngrazed.\r\n2014: The plot meets both ESR and livestock closure objectives for perennial cover. The\r\nplot also meets the density of seeded species objective. The plot is a highly diverse, north facing\r\nslope. Many perennial grasses, forbs, and shrubs cover the plot. Many shrubs,\r\nespecially Symphoricarpos sp., are recovering from burnt bases. All seeded species are\r\npresent except P. spicata. No invasive annual species are growing on the plot. Recent cattle\r\ntracks and scat are present, but grazing intensity is low.\r\n2013: Density of seeded species does not meet the monitoring objective. Plot meets the\r\nESR and livestock closure percent perennial cover objectives. From the LPI data, percent\r\nperennial cover species includes 14 species. Site was very diverse and dominated by cool season,\r\ndeep-rooted, perennial grasses and re-sprouting shrubs, especially Symphoricarpos\r\nsp. with 10% cover and combined perennial grass with 6% cover. A. millefolium seedlings\r\nwere common on site with 135 seedlings encountered within the belt transect. Two P.\r\nspicata and one P. tridentata was also encountered along the belt transects. Very few\r\nannual invasive plants present on plot. The very end of line 3 crossed into a different\r\nRangeland Ecological Site dominated by P. secunda and A. arbuscula.\r\n\r\nT6-A1FiveMileNative-HOL-14\r\nTreatment: Aerially seeded A. tridentata ssp. vaseyana, L. lewisii, A. millefolium, P.\r\nspicata and P. tridentata.\r\n2015: Plot does not meet the ESR or livestock closure objectives for perennial cover. It\r\ndoes not meet the objective for density of seeded species. B. tectorum dominates the plot.\r\nPseudoroegneria spicata is the most common perennial plant on the plot.\r\n2014: Density of seeded species does not meet the monitoring objective. Plot meets the\r\nESR percent perennial cover objective. Plot does not meet the livestock closure percent\r\nperennial cover objective. Seeded species include fifteen P. spicata and one P. tridentata.\r\nDeep-rooted, cool-season, perennial bunchgrasses are significantly reduced, and B.\r\ntectorum dominates plot, reducing infiltration and compromising the area\u2019s biotic integrity.\r\n\r\nT6-A1LogCabin-HOL-14\r\nTreatment: Aerially seeded A. millefolium, A. tridentata, P. spicata, L. lewisii, and P.\r\nTridentata\r\n2015: The plot meets the ESR objective for perennial cover, but does not meet the\r\nobjective for livestock closure. The plot meets the objective for density of seeded species.\r\nA. millefolium is the most successful seeded species. The plot is completely dominated by\r\nS. altissimum, but deep-rooted bunchgrasses and some shrubs exist in the understory.\r\n2014: The plot meets perennial cover objectives for both ESR and livestock closure. The\r\nplot also meets the density of seeded species objective. The plot is heavily vegetated with a\r\nhigh diversity of grasses, forbs and shrubs. Invasive annuals such as B. tectorum, S.\r\naltissimum, and D. pinnata are nearly equal with native perennials. Three of the seeded\r\nspecies, A. millefolium, A. tridentata, and P. spicata have been established on the site while\r\ntwo species, L. lewisii and P. tridentate, are absent.",Polygon,Confirmed,"Digitized by BLM field office personnel, method unknown",,9829.614722,9526.062031,,Contractor,"Habitat for antelope, Habitat for desert bighorn sheep, Habitat for wildlife, Invasion by cheatgrass, Invasion by non-native annuals, Invasive species, Loss of native vegetation, Loss of perennials, Loss of sagebrush, Loss of vegetation, Watershed health","The BLM has made the determination that as a result of the Holloway Fire, affected vegetative communities, particularly sage brush communities within Sage Grouse Preliminary Priority Habitat (PPH) and Preliminary General Habitat (PGH), are at risk from long term habitat degradation due to the presence of invasive annual grasses and other noxious weeds within new\r\ndisturbance. In addition to impacts to Sage Grouse, habitat values for Lahontan cutthroat trout, bighorn sheep, pronghorn antelope, mule deer, migratory birds, and pollinator species have also been seriously compromised. Soil resources are at risk from combined wind and water erosion, wildlife habitat values have been unacceptably compromised with limited potential for natural recovery, and other resources on the public lands are at immediate risk of erosion or other damage.",None,,None,,GIS acres and treated acres are not the same.,20:32:00
Model 17,Nothern Basin and Range,Post-burn aerial seeding,14973,5415,Implemented,See Comments,2,3/15/2013,3/15/2013,Acres,6780,Seeding,Aerial Seeding,Aerial Seeding: Fixed Wing,-1,Confirmed seed list,,Seeds,Confirmed on Paper,Unknown,Species Specific,Treatment 7.,"The objectives for cover will be to obtain 70% of all perennial plant cover found in the associated reference site, or, when not possible, achieve 50% of the lowest value for perennial cover associated with the appropriate ecological or range site by the need of the third year. Density objectives for aerially seeded areas will be based on having one seeded species firmly rooted per square meter by first or second growing season following seeding.","Aerial seeding was vital in mitigating the potential loss of Greater sage grouse habitat in the Montana, Granite, and Bilk Creek mountain ranges. Without treatment the burned areas are extremely susceptible to exotic annual dominance; this would jeopardize the Greater sage grouse, mule deer herds and other wildlife that depend on this area year-round and especially in the winter months. The areas selected are predominantly upland areas where topography is unsuitable for drill seeding due to slope and accessibility. All aerial seeding occurred in sage grouse PPH or PGH that was severely burned. Sage grouse habitat in the Bilk, Trout Creek, and Montana Mountains is widely regarded as being exceptionally productive when compared with other areas designated as sage grouse PPH. The application cost of aerial seeding is fairly high, but the risk of not seeding is the loss of species and structural diversity that will reduce the overall short and long-term value of the land.","Original ESR-funded aerial contract was for 45,284 acres. Since contract bid was based on pounds of seed, not acres, some leftover seed from original project (avoided unburned islands) was used to increase treatment area with ESR funds. Nevada Dept. of Wildlife, Ruby Mitigation Fund, and NGO private contributors also contributed seed and aircraft time to increase accomplishments.","See interim Report 2012 - Plot ID's: KNT7-A2-HOL-13, T7-A2-HOL-13, KNT7-A1-HOL-13, T7-A1-HOL-13, LHC1, T7-A4LittleHorse-HOL-14.\r\n\r\nKNT7-A2-HOL-13\r\nTreatment: Aerially seeded A. tridentata ssp. vaseyana, P. tridentata, A. millefolium and P.\r\npalmeri.\r\n2015: Plot meets the ESR the livestock closure objectives for percent perennial cover. It\r\ndoes not meet the required objective for density of seeded species. This plot was not\r\nrandomly chosen, but was used as a way to gauge seedling effectiveness as seeding was\r\nvisually confirmed at the time of seeding application. B. tectorum and S. altissimum are\r\ncommon throughout the plot, especially in the understory.\r\n2014: Density of seeded species does not meet the monitoring objective, with one A.\r\ntridentata ssp. vaseyana seedling and one P. tridentata encountered along the belt\r\ntransects. Plot meets the ESR and livestock closure percent perennial cover objectives. This\r\nplot was not randomly chosen, but was used as a way to gauge seedling effectiveness as\r\nseeding was visually confirmed at the time of seeding application. From the LPI data,\r\npercent perennial cover species include: B. sagittata, L. cinereus, A. arbuscula, P. spicata\r\nPhlox longifolia, and P. secunda. L. cinereus and P. secunda co-dominate the plot with the\r\nannual invasive plants B. tectorum and S. altissimum common but not dominant.\r\n2013: Density of seeded species does not meet the monitoring objective and one A.\r\ntridentata ssp. vaseyana seedling was encountered within the belt transects. Plot meets the\r\nESR and livestock closure percent perennial cover objectives. This plot was not randomly\r\nchosen, but was used as a way to gauge seedling effectiveness as seeding was visually\r\nconfirmed at the time of seeding application. From the LPI data, percent perennial cover\r\nspecies include: B. sagittata, E. elymoides, L. cinereus, P. longifolia, and P. secunda. L.\r\ncinereus common on plot along with P. secunda with 7.3% and 12% of the 21% perennial\r\ncover, respectively. Annual invasive plants, B. tectorum and S. altissimum are common, but\r\nnot dominant, constituting about 6% cover. Though not found within the belt transects,\r\nthere were about ten seedlings of A. tridentata ssp. vaseyana and a handful of seedlings of\r\nP. tridentata at plot.\r\n\r\nT7-A2-HOL-13\r\nTreatment: Aerially seeded A. tridentata ssp. vaseyana, P. tridentata, A. millefolium and P.\r\npalmeri.\r\n2015: Plot meets the ESR and livestock closure objectives for percent perennial cover. It\r\ndoes not meet the objective for density of seeded species. Soil stability is reduced, and\r\nthere is evidence of both pedestalling and wind scouring. B. tectorum has become codominant\r\non the plot, but deep-rooted, cool-season, perennial bunchgrasses are still\r\ncommon.\r\n2014: Density of seeded species does not meet the monitoring objective. Plot meets both\r\nthe ESR and livestock closure objectives for percent perennial cover. P. palmeri was\r\nencountered within the belt transects. From the LPI data, percent perennial cover species\r\ninclude: E. elymoides, A. thurberianum, Lupinus, P. spicata, P. longifolia, and P.secunda.\r\nDeep-rooted, cool-season perennial grasses are greatly reduced. B. tectorum is common\r\nthroughout the plot.\r\n2013: Density of seeded species does not meet the monitoring objective. Plot meets the\r\nESR percent perennial cover objective. Plot does not meet the livestock closure percent\r\nperennial cover objective. No seeded species were encountered within the belt transects.\r\nFrom the LPI data, percent perennial cover species include: B. sagittata, E. elymoides,\r\nLupinus, P. longifolia, and P.secunda. Plot is visually dominated by P. secunda, though\r\nonly constituted 2% of cover based on LPI data. Deep-rooted, cool-season perennial\r\ngrasses greatly reduced. B. tectorum scattered through plot, but not common at 13.3%.\r\nThough not found in plot, A. tridentata ssp. vaseyana seedlings found on the hike up a\r\nsteep north slope to plot.\r\n\r\nKNT7-A1-HOL-13\r\nTreatment: Aerially seeded A. tridentata ssp. vaseyana, P. tridentata, A. millefolium and P.\r\npalmeri.\r\n2015: Density of seeded species does not meet the monitoring objective. Plot meets the\r\nESR and livestock closure percent perennial cover objectives. The percent perennial cover\r\nhas decreased since last year. Soil stability is slightly reduced and invasive plants,\r\nespecially Bromus tectorum, are becoming dominant.\r\n2014: Density of seeded species does not meet the monitoring objective. Plot meets the\r\nESR and livestock closure percent perennial cover objectives. Leymus cinereus,\r\nAchnatherum lettermanii and Symphoricarpos species dominate plot.\r\n2013: Density of seeded species does not meet the monitoring objective, and only five A.\r\ntridentata ssp. vaseyana seedlings were encountered along the belt transects. Plot meets the\r\nESR and livestock closure percent perennial cover objectives. This plot was not randomly\r\nchosen, but was used as a way to gauge seeding effectiveness as seeding was visually\r\nconfirmed at the time of seed application. Plot crossed into multiple Rangeland Ecological\r\nSites; center portion of plot was on a more productive north-facing slope, which likely\r\nresulted in high percent perennial cover, while surrounding portion was on the\r\nR023XY008NV Rangeland Ecological Site. P. secunda was the dominant grass with 22%\r\ncover at plot, but there was also high cover of Lupinus, Symphoricarpos, L. cinereus, and\r\nseveral other perennial forbs and grasses. Several game trails crossed plot.\r\n\r\nT7-A1-HOL-13\r\nTreatment: Aerially seeded A. tridentata ssp. vaseyana, P. tridentata, A. millefolium and\r\nPenstemon palmeri.\r\n2015: Plot meets the ESR and livestock closure objectives for perennial cover. It does not\r\nmeet the required objective for density of seeded species. Both density and perennial cover\r\nhave increased since 2014. This plot had slightly reduced soil stability. The\r\nfunctional/structural groups were mostly intact.\r\n2014: Density of seeded species does not meet the monitoring objective. Plot meets the\r\nESR and livestock closure percent perennial cover objectives. Both density and percent\r\nperennial cover increased from 2013.\r\n2013: Density of seeded species does not meet the monitoring objective. Plot meets the\r\nESR and livestock closure percent perennial cover objectives. No seeded species were\r\nfound along the belt transect, and only one A. millefolium plant was found in plot. Seeded\r\nspecies were found in drainages near the plot. P. secunda is the dominant species. Plot has\r\nareas of unburned A. arbuscula present. Plot shows signs of ungulate grazing on perennial\r\ngrasses.\r\n\r\nT7-A4LittleHorse-HOL-14\r\nTreatment: Aerially seeded A. tridentata ssp. vaseyana, P. tridentata, A. millefolium, and P.\r\nPalmeri\r\n2015: Plot meets the ESR objective for perennial cover, but does not meet the livestock\r\nclosure objective. This plot does not meet the monitoring objective for density of seeded\r\nspecies. Perennial bunchgrass and shrubs are diverse and abundant, but B. tectorum is\r\ncommon in the understory. There are areas of slight soil deposition.\r\n2014: Density of seeded species does not meet the monitoring objective. Plot exceeds ESR\r\nand livestock closure objectives for percent perennial cover. Overall plot is dominated by\r\nperennial forbs and grasses. B. tectorum is present on the plot but does not significantly\r\naffect the area\u2019s rangeland health.",Polygon,Confirmed,"Digitized by BLM field office personnel, method unknown",,7046.187008,7046.1932640000005,,Contractor,"Habitat for antelope, Habitat for desert bighorn sheep, Habitat for wildlife, Invasion by cheatgrass, Invasion by non-native annuals, Invasive species, Loss of native vegetation, Loss of perennials, Loss of sagebrush, Loss of vegetation, Watershed health","The BLM has made the determination that as a result of the Holloway Fire, affected vegetative communities, particularly sage brush communities within Sage Grouse Preliminary Priority Habitat (PPH) and Preliminary General Habitat (PGH), are at risk from long term habitat degradation due to the presence of invasive annual grasses and other noxious weeds within new\r\ndisturbance. In addition to impacts to Sage Grouse, habitat values for Lahontan cutthroat trout, bighorn sheep, pronghorn antelope, mule deer, migratory birds, and pollinator species have also been seriously compromised. Soil resources are at risk from combined wind and water erosion, wildlife habitat values have been unacceptably compromised with limited potential for natural recovery, and other resources on the public lands are at immediate risk of erosion or other damage.",None,,None,,GIS acres and treated acres are not the same.,39:20:00
Model 17,Nothern Basin and Range,Post-burn aerial seeding,14975,5415,Implemented,See Comments,2,2/15/2013,2/15/2013,Acres,4733.8,Seeding,Aerial Seeding,Aerial Seeding: Fixed Wing,-1,Confirmed seed list,,Seeds,Confirmed on Paper,Unknown,Species Specific,Treatment 9.,"The objectives for cover will be to obtain 70% of all perennial plant cover found in the associated reference site, or, when not possible, achieve 50% of the lowest value for perennial cover associated with the appropriate ecological or range site by the need of the third year. Density objectives for aerially seeded areas will be based on having one seeded species firmly rooted per square meter by first or second growing season following seeding.","Aerial seeding was vital in mitigating the potential loss of Greater sage grouse habitat in the Montana, Granite, and Bilk Creek mountain ranges. Without treatment the burned areas are extremely susceptible to exotic annual dominance; this would jeopardize the Greater sage grouse, mule deer herds and other wildlife that depend on this area year-round and especially in the winter months. The areas selected are predominantly upland areas where topography is unsuitable for drill seeding due to slope and accessibility. All aerial seeding occurred in sage grouse PPH or PGH that was severely burned. Sage grouse habitat in the Bilk, Trout Creek, and Montana Mountains is widely regarded as being exceptionally productive when compared with other areas designated as sage grouse PPH. The application cost of aerial seeding is fairly high, but the risk of not seeding is the loss of species and structural diversity that will reduce the overall short and long-term value of the land.","Original ESR-funded aerial contract was for 45,284 acres. Since contract bid was based on pounds of seed, not acres, some leftover seed from original project (avoided unburned islands) was used to increase treatment area with ESR funds. Nevada Dept. of Wildlife, Ruby Mitigation Fund, and NGO private contributors also contributed seed and aircraft time to increase accomplishments.","See interim Report 2012 - Plot ID's: T9-A1-HOL-13, T9-A1RodeoFlat-HOL-14.\r\n\r\nT9-A1-HOL-13\r\nTreatment: Aerially seeded A. tridentata ssp. wyomingensis, P. secunda, L. cinereus, A.\r\nhymenoides, A. cristatum, A. canescens, and B. prostrata\r\n2015: Seeded density does not meet the objective. Plot does not meet the ESR or livestock\r\nclosure objectives for perennial cover. The plot was dominated by B. tectorum and E.\r\ncicutarium (39.3% total coverage) with P. spinosus and P. spicata accounting for slightly\r\nless than 5% total cover. A number of forb species were observed on this plot, but in\r\nnegligible numbers.\r\n2014: The plot meets the perennial cover objective for ESR but not livestock closure. The\r\nplot does not meet the density of seeded species objective. Vegetation cover is thin and\r\nconsists primarily of B. tectorum and P. secunda. The plot\u2019s density of P. secunda\r\nincreased from 2013 and was the only seeded species recorded in the belt transect. A.\r\ntridentata ssp. wyomingensis is the only other seeded species growing on the plot. Soil\r\nstability is reduced, and water-flow patterns are present.\r\n2013: Density of seeded species does not meet the monitoring objective. Plot meets the\r\nESR percent perennial cover objective. Plot does not meet the livestock closure percent\r\nperennial cover objective. Only one seeded A. tridentata ssp. wyomingensis seedling was\r\nobserved along the belt transect. No other seeded species was observed. Deep-rooted, coolseason\r\nperennial bunchgrass cover is less than expected but are re-sprouting well. B.\r\ntectorum is present on plot and constitutes 9% cover. Perennial forbs constitute 7% of the\r\n8% perennial cover.\r\n\r\nT9-A1RodeoFlat-HOL-14\r\nTreatment: Aerially seeded with A. hymenoides, A. cristatum, A. tridentata ssp.\r\nwyomingensis, A. canescens, B. prostrata, L. cinereus, and P. secunda.\r\n2015: Density of seeded species at this plot was 10.267 plants/m2 and greatly exceeded the\r\nstated objective. Perennial coverage at this plot was 24.0%, which exceeded the ESR\r\nobjective but does not meet the livestock closure objective. The high density of seeded\r\nspecies was almost entirely due to a proliferation of P. secunda on the plot, and it was\r\nimpossible to determine if the counted individuals were from the 2013 seeding or natural\r\nrecruitment and regeneration. B. tectorum was still dominant on this plot (51.3%), but P.\r\nsecunda coverage was 23.3% and Amsinckia coverage was 10.7%. Litter was also very\r\nhigh at this site (90.0%), especially considering this plot was monitored in mid-July while\r\nthe growing season was still ongoing. S. altissimum, D. pinnata, S. tragus, and E.\r\ncicutarium were also present on this plot.\r\n2014: The plot does not meet ESR or livestock closure objectives for perennial cover. The\r\nplot meets the objective for density of seeded species. Annual species B. tectorum and\r\nAmsinckia sp. dominate the plot. P. secunda and L. cinereus are common on the site. Soil\r\nstability is reduced, and extensive water-flow patterns and pedestals on perennial plants\r\nindicate that soil loss is occurring by both water and wind erosion.",Polygon,Confirmed,"Digitized by BLM field office personnel, method unknown",,4736.376458,4736.374897,,Contractor,"Habitat for antelope, Habitat for desert bighorn sheep, Habitat for wildlife, Invasion by cheatgrass, Invasion by non-native annuals, Invasive species, Loss of native vegetation, Loss of perennials, Loss of sagebrush, Loss of vegetation, Watershed health","The BLM has made the determination that as a result of the Holloway Fire, affected vegetative communities, particularly sage brush communities within Sage Grouse Preliminary Priority Habitat (PPH) and Preliminary General Habitat (PGH), are at risk from long term habitat degradation due to the presence of invasive annual grasses and other noxious weeds within new\r\ndisturbance. In addition to impacts to Sage Grouse, habitat values for Lahontan cutthroat trout, bighorn sheep, pronghorn antelope, mule deer, migratory birds, and pollinator species have also been seriously compromised. Soil resources are at risk from combined wind and water erosion, wildlife habitat values have been unacceptably compromised with limited potential for natural recovery, and other resources on the public lands are at immediate risk of erosion or other damage.",None,,None,,,39:40:00
Model 17,Nothern Basin and Range,Post-burn aerial seeding,14976,5415,Implemented,See Comments,2,2/15/2013,2/16/2013,Acres,2953.4,Seeding,Aerial Seeding,Aerial Seeding: Fixed Wing,-1,Confirmed seed list,,Seeds,Confirmed on Paper,Unknown,Species Specific,"Area was seeded with additional Wyoming big sage, which is why there is two entries for this treatment.\r\n\r\nTreatment 10.","The objectives for cover will be to obtain 70% of all perennial plant cover found in the associated reference site, or, when not possible, achieve 50% of the lowest value for perennial cover associated with the appropriate ecological or range site by the need of the third year. Density objectives for aerially seeded areas will be based on having one seeded species firmly rooted per square meter by first or second growing season following seeding.","Aerial seeding was vital in mitigating the potential loss of Greater sage grouse habitat in the Montana, Granite, and Bilk Creek mountain ranges. Without treatment the burned areas are extremely susceptible to exotic annual dominance; this would jeopardize the Greater sage grouse, mule deer herds and other wildlife that depend on this area year-round and especially in the winter months. The areas selected are predominantly upland areas where topography is unsuitable for drill seeding due to slope and accessibility. All aerial seeding occurred in sage grouse PPH or PGH that was severely burned. Sage grouse habitat in the Bilk, Trout Creek, and Montana Mountains is widely regarded as being exceptionally productive when compared with other areas designated as sage grouse PPH. The application cost of aerial seeding is fairly high, but the risk of not seeding is the loss of species and structural diversity that will reduce the overall short and long-term value of the land.","Original ESR-funded aerial contract was for 45,284 acres. Since contract bid was based on pounds of seed, not acres, some leftover seed from original project (avoided unburned islands) was used to increase treatment area with ESR funds. Nevada Dept. of Wildlife, Ruby Mitigation Fund, and NGO private contributors also contributed seed and aircraft time to increase accomplishments.","See interim Report 2012 - Plot ID's: T10-A1-HOL-13, T10-A1FiveMileNative-HOL-14. \r\n\r\nT10-A1-HOL-13\r\nTreatment: Aerially seeded A. tridentata ssp. wyomingensis, P. secunda, L. cinereus, A.\r\nhymenoides, A. cristatum, and A. canescens.\r\n2015: Seeded species density at this plot exceeded the objective. Percent perennial cover\r\nexceeded the ES&R objective but does not meet the livestock closure objective. B.\r\ntectorum was the most dominant species with 40.0% cover. P. secunda and P. spicata\r\nconstituted 17.3% cover, and there was approximately 2% coverage each for several other\r\nperennial forbs and grasses. S. altissimum and D. pinnata were also present.\r\n2014: Density of seeded species does meet the monitoring objective. Two L. cinereus\r\nspecies and 31 P. secunda species were observed within the 1m x 1m quadrats along the\r\ntransects. Plot does meet the ESR percent perennial cover objective but fails to meet the\r\nlivestock closure objective. From the LPI data, percent perennial cover species include: A.\r\nthurberianum, B. sagittata, C. acuminata, Lupinus, Phacelia hastata, L. cinereus, E.\r\nelymoides, C. viscidiflorus, and P. spicata. Deep-rooted, cool-season perennial grasses\r\nslightly reduced, and B. tectorum is common throughout the plot, affecting the expected\r\nfunctional/structural vegetation groups.\r\n2013: Density of seeded species does not meet the monitoring objective and only 8 L.\r\ncinereus seedlings were observed in the belt transect. Plot does not meet the ESR or\r\nlivestock closure percent perennial cover objectives. From the LPI data, percent perennial\r\ncover species include: A. hymenoides, B. sagittata, C. acuminata, Lupinus, P. hastata and\r\nP. spicata. Deep-rooted, cool-season perennial grasses slightly reduced and co-dominate\r\nthe plot, especially P. spicata, L. cinereus, and A. hymenoides. Grasses are re-sprouting.\r\n\r\nT10-A1FiveMileNative-HOL-14\r\nTreatment: Aerially seeded A. tridentata ssp. wyomingensis, P. secunda, L. cinereus, A.\r\nhymenoides, A. cristatum, and A. canescens, Bassia prostrate, and P. spicata\r\n2015: Seeded species density, at 2.133 plants/m2, exceeded the objective. At 8.0%,\r\nperennial cover fell short of both ES&R and livestock closure objectives. B. tectorum was\r\ndominant on this plot, with S. altissimum, H. glomeratus, and S. tragus also present.\r\n2014: Density of seeded species does meet the monitoring objective for the plot. Seeded\r\nspecies includes P. spicata and P. secunda. Plot does not meet either the ESR or livestock\r\nclosure objectives for percent perennial cover. B. tectorum and H. glomeratus are present\r\non the plot.",Polygon,Confirmed,"Digitized by BLM field office personnel, method unknown",,4249.879274,4249.896961,,Contractor,"Habitat for antelope, Habitat for desert bighorn sheep, Habitat for wildlife, Invasion by cheatgrass, Invasion by non-native annuals, Invasive species, Loss of native vegetation, Loss of perennials, Loss of sagebrush, Loss of vegetation, Watershed health","The BLM has made the determination that as a result of the Holloway Fire, affected vegetative communities, particularly sage brush communities within Sage Grouse Preliminary Priority Habitat (PPH) and Preliminary General Habitat (PGH), are at risk from long term habitat degradation due to the presence of invasive annual grasses and other noxious weeds within new\r\ndisturbance. In addition to impacts to Sage Grouse, habitat values for Lahontan cutthroat trout, bighorn sheep, pronghorn antelope, mule deer, migratory birds, and pollinator species have also been seriously compromised. Soil resources are at risk from combined wind and water erosion, wildlife habitat values have been unacceptably compromised with limited potential for natural recovery, and other resources on the public lands are at immediate risk of erosion or other damage.",None,,None,,"It is unclear if the additional ARTRW8 Seeding is also being reported as Treatment 13 or if Treatment 13 is yet another additional ARTRW8 seeding for this area.\r\nPlot ID's: T10-A1-HOL-13, T10-A1FiveMileNative-HOL-14.",40:00:00
Model 17,Nothern Basin and Range,Post-burn aerial seeding,14977,5415,Implemented,See Comments,2,2/15/2013,2/15/2013,Acres,1500.51,Seeding,Aerial Seeding,Aerial Seeding: Fixed Wing,-1,Confirmed seed list,,Seeds,Confirmed on Paper,Unknown,Species Specific,Treatment 12.,"The objectives for cover will be to obtain 70% of all perennial plant cover found in the associated reference site, or, when not possible, achieve 50% of the lowest value for perennial cover associated with the appropriate ecological or range site by the need of the third year. Density objectives for aerially seeded areas will be based on having one seeded species firmly rooted per square meter by first or second growing season following seeding.","Aerial seeding was vital in mitigating the potential loss of Greater sage grouse habitat in the Montana, Granite, and Bilk Creek mountain ranges. Without treatment the burned areas are extremely susceptible to exotic annual dominance; this would jeopardize the Greater sage grouse, mule deer herds and other wildlife that depend on this area year-round and especially in the winter months. The areas selected are predominantly upland areas where topography is unsuitable for drill seeding due to slope and accessibility. All aerial seeding occurred in sage grouse PPH or PGH that was severely burned. Sage grouse habitat in the Bilk, Trout Creek, and Montana Mountains is widely regarded as being exceptionally productive when compared with other areas designated as sage grouse PPH. The application cost of aerial seeding is fairly high, but the risk of not seeding is the loss of species and structural diversity that will reduce the overall short and long-term value of the land.","Original ESR-funded aerial contract was for 45,284 acres. Since contract bid was based on pounds of seed, not acres, some leftover seed from original project (avoided unburned islands) was used to increase treatment area with ESR funds. Nevada Dept. of Wildlife, Ruby Mitigation Fund, and NGO private contributors also contributed seed and aircraft time to increase accomplishments.","T10-A1-HOL-13\r\nTreatment: Artemisia tridentata ssp. wyomingensis, Poa secunda, Leymus\r\ncinereus, Achnatherum hymenoides, Agropyron cristatum, and Atriplex\r\ncanescens.\r\nDensity of seeded species does not meet the monitoring objective and only 8\r\nLeymus cinereus seedlings were observed in the belt transect. Plot does not meet\r\nthe ESR or livestock closure percent perennial cover objectives. From the LPI\r\ndata, percent perennial cover species include: Achnatherum hymenoides,\r\nBalsamorhiza sagittata, Crepis acuminate, Lupinus, Phacelia hastata, and\r\nPseudoroegneria spicata. Deep-rooted, cool-season perennial grasses slightly\r\nreduced and co-dominant the plot, especially P. spicata, L. cinereus, and A.\r\nhymenoides. Grasses are re-sprouting.",Polygon,Confirmed,"Digitized by BLM field office personnel, method unknown",,2440.532018,2440.489956,,Contractor,"Habitat for antelope, Habitat for desert bighorn sheep, Habitat for wildlife, Invasion by cheatgrass, Invasion by non-native annuals, Invasive species, Loss of native vegetation, Loss of perennials, Loss of sagebrush, Loss of vegetation, Watershed health","The BLM has made the determination that as a result of the Holloway Fire, affected vegetative communities, particularly sage brush communities within Sage Grouse Preliminary Priority Habitat (PPH) and Preliminary General Habitat (PGH), are at risk from long term habitat degradation due to the presence of invasive annual grasses and other noxious weeds within new\r\ndisturbance. In addition to impacts to Sage Grouse, habitat values for Lahontan cutthroat trout, bighorn sheep, pronghorn antelope, mule deer, migratory birds, and pollinator species have also been seriously compromised. Soil resources are at risk from combined wind and water erosion, wildlife habitat values have been unacceptably compromised with limited potential for natural recovery, and other resources on the public lands are at immediate risk of erosion or other damage.",None,,None,,,40:57:00
Model 17,Nothern Basin and Range,Post-burn aerial seeding,14979,5415,Implemented,See Comments,2,2/16/2013,2/16/2013,Acres,401.4,Seeding,Aerial Seeding,Aerial Seeding: Fixed Wing,-1,Confirmed seed list,,Seeds,Confirmed on Paper,Unknown,Species Specific,Treatment 13.,"The objectives for cover will be to obtain 70% of all perennial plant cover found in the associated reference site, or, when not possible, achieve 50% of the lowest value for perennial cover associated with the appropriate ecological or range site by the need of the third year. Density objectives for aerially seeded areas will be based on having one seeded species firmly rooted per square meter by first or second growing season following seeding.","Aerial seeding was vital in mitigating the potential loss of Greater sage grouse habitat in the Montana, Granite, and Bilk Creek mountain ranges. Without treatment the burned areas are extremely susceptible to exotic annual dominance; this would jeopardize the Greater sage grouse, mule deer herds and other wildlife that depend on this area year-round and especially in the winter months. The areas selected are predominantly upland areas where topography is unsuitable for drill seeding due to slope and accessibility. All aerial seeding occurred in sage grouse PPH or PGH that was severely burned. Sage grouse habitat in the Bilk, Trout Creek, and Montana Mountains is widely regarded as being exceptionally productive when compared with other areas designated as sage grouse PPH. The application cost of aerial seeding is fairly high, but the risk of not seeding is the loss of species and structural diversity that will reduce the overall short and long-term value of the land.","Original ESR-funded aerial contract was for 45,284 acres. Since contract bid was based on pounds of seed, not acres, some leftover seed from original project (avoided unburned islands) was used to increase treatment area with ESR funds. Nevada Dept. of Wildlife, Ruby Mitigation Fund, and NGO private contributors also contributed seed and aircraft time to increase accomplishments.","See interim Report 2012 - Plot ID's: T10-A1-HOL-13, T11-A1Deepcreek-HOL-14, T10-A1FiveMileNative-HOL-14\r\n\r\nT10-A1-HOL-13\r\nTreatment: Aerially seeded A. tridentata ssp. wyomingensis, P. secunda, L. cinereus, A.\r\nhymenoides, A. cristatum, and A. canescens.\r\n2015: Seeded species density at this plot exceeded the objective. Percent perennial cover\r\nexceeded the ES&R objective but does not meet the livestock closure objective. B.\r\ntectorum was the most dominant species with 40.0% cover. P. secunda and P. spicata\r\nconstituted 17.3% cover, and there was approximately 2% coverage each for several other\r\nperennial forbs and grasses. S. altissimum and D. pinnata were also present.\r\n2014: Density of seeded species does meet the monitoring objective. Two L. cinereus\r\nspecies and 31 P. secunda species were observed within the 1m x 1m quadrats along the\r\ntransects. Plot does meet the ESR percent perennial cover objective but fails to meet the\r\nlivestock closure objective. From the LPI data, percent perennial cover species include: A.\r\nthurberianum, B. sagittata, C. acuminata, Lupinus, Phacelia hastata, L. cinereus, E.\r\nelymoides, C. viscidiflorus, and P. spicata. Deep-rooted, cool-season perennial grasses\r\nslightly reduced, and B. tectorum is common throughout the plot, affecting the expected\r\nfunctional/structural vegetation groups.\r\n2013: Density of seeded species does not meet the monitoring objective and only 8 L.\r\ncinereus seedlings were observed in the belt transect. Plot does not meet the ESR or\r\nlivestock closure percent perennial cover objectives. From the LPI data, percent perennial\r\ncover species include: A. hymenoides, B. sagittata, C. acuminata, Lupinus, P. hastata and\r\nP. spicata. Deep-rooted, cool-season perennial grasses slightly reduced and co-dominate\r\nthe plot, especially P. spicata, L. cinereus, and A. hymenoides. Grasses are re-sprouting.\r\n\r\nT10-A1FiveMileNative-HOL-14\r\nTreatment: Aerially seeded A. tridentata ssp. wyomingensis, P. secunda, L. cinereus, A.\r\nhymenoides, A. cristatum, and A. canescens, Bassia prostrate, and P. spicata\r\n2015: Seeded species density, at 2.133 plants/m2, exceeded the objective. At 8.0%,\r\nperennial cover fell short of both ES&R and livestock closure objectives. B. tectorum was\r\ndominant on this plot, with S. altissimum, H. glomeratus, and S. tragus also present.\r\n2014: Density of seeded species does meet the monitoring objective for the plot. Seeded\r\nspecies includes P. spicata and P. secunda. Plot does not meet either the ESR or livestock\r\nclosure objectives for percent perennial cover. B. tectorum and H. glomeratus are present\r\non the plot.",Polygon,Confirmed,"Digitized by BLM field office personnel, method unknown",,6506.511087,6506.546078,,Contractor,"Habitat for antelope, Habitat for desert bighorn sheep, Habitat for wildlife, Invasion by cheatgrass, Invasion by non-native annuals, Invasive species, Loss of native vegetation, Loss of perennials, Loss of sagebrush, Loss of vegetation, Watershed health","The BLM has made the determination that as a result of the Holloway Fire, affected vegetative communities, particularly sage brush communities within Sage Grouse Preliminary Priority Habitat (PPH) and Preliminary General Habitat (PGH), are at risk from long term habitat degradation due to the presence of invasive annual grasses and other noxious weeds within new\r\ndisturbance. In addition to impacts to Sage Grouse, habitat values for Lahontan cutthroat trout, bighorn sheep, pronghorn antelope, mule deer, migratory birds, and pollinator species have also been seriously compromised. Soil resources are at risk from combined wind and water erosion, wildlife habitat values have been unacceptably compromised with limited potential for natural recovery, and other resources on the public lands are at immediate risk of erosion or other damage.",None,,None,,GIS acreage is inconsistent with claimed treated acreages.,41:15:00
Model 17,Nothern Basin and Range,Post-burn aerial seeding,14980,5415,Implemented,See Comments,2,3/14/2013,3/14/2013,Acres,3218.5,Seeding,Aerial Seeding,Aerial Seeding: Fixed Wing,-1,Confirmed seed list,,Seeds,Confirmed on Paper,Unknown,Species Specific,Treatment 14.,"The objectives for cover will be to obtain 70% of all perennial plant cover found in the associated reference site, or, when not possible, achieve 50% of the lowest value for perennial cover associated with the appropriate ecological or range site by the need of the third year. Density objectives for aerially seeded areas will be based on having one seeded species firmly rooted per square meter by first or second growing season following seeding.","Aerial seeding was vital in mitigating the potential loss of Greater sage grouse habitat in the Montana, Granite, and Bilk Creek mountain ranges. Without treatment the burned areas are extremely susceptible to exotic annual dominance; this would jeopardize the Greater sage grouse, mule deer herds and other wildlife that depend on this area year-round and especially in the winter months. The areas selected are predominantly upland areas where topography is unsuitable for drill seeding due to slope and accessibility. All aerial seeding occurred in sage grouse PPH or PGH that was severely burned. Sage grouse habitat in the Bilk, Trout Creek, and Montana Mountains is widely regarded as being exceptionally productive when compared with other areas designated as sage grouse PPH. The application cost of aerial seeding is fairly high, but the risk of not seeding is the loss of species and structural diversity that will reduce the overall short and long-term value of the land.","Original ESR-funded aerial contract was for 45,284 acres. Since contract bid was based on pounds of seed, not acres, some leftover seed from original project (avoided unburned islands) was used to increase treatment area with ESR funds. Nevada Dept. of Wildlife, Ruby Mitigation Fund, and NGO private contributors also contributed seed and aircraft time to increase accomplishments.","See interim Report 2012 - Plot ID's: T14-A1-HOL-13, T14-A2-HOL-13\r\n\r\nT14-A1-HOL-13\r\nTreatment: Aerially seeded A. tridentata ssp. wyomingensis\r\n2015: The plot meets the ESR objective for percent perennial cover, but does not meet the\r\nlivestock closure objective. The plot does not meet the objective for density of seeded\r\nspecies. B. tectorum dominates the plot, and there is a slight decrease in soil stability.\r\nThere are some remnant A. tridentata ssp. wyomingensis on the plot from before the fire.\r\nSeveral seedlings and juvenile A. tridentata ssp. wyomingensis are scattered throughout the\r\nplot.\r\n2014: The plot meets the perennial cover objective for ESR but not livestock closure. The\r\ndensity objective is not met. Patches of unburnt A. tridentata ssp. wyomingensis remain in\r\nrocky areas where the fire was of low intensity, and several seedlings are present on the\r\nplot. B. tectorum is dominant, but many native, deep-rooted, perennial plants are present on\r\nthe plot.\r\n2013: Density of seeded species does not meet the monitoring objective. Plot meets the\r\nESR percent perennial cover objective. Plot does not meet the livestock closure percent\r\nperennial cover objective. Some sagebrush survived the fire, and patchy areas of unburned\r\nsagebrush communities are scattered throughout. P. spicata, A. thurberianum, and E.\r\nelymoides are also scattered throughout. Deep-rooted, cool-season perennial bunchgrasses\r\nare responding from fire. One seeded A. tridentata ssp. wyomingensis was observed along\r\nthe belt transect, but five more were observed scattered throughout the plot. B. tectorum is\r\ncommon on plot.\r\n\r\nT14-A2-HOL-13\r\nTreatment: Aerially seeded A. tridentata ssp. wyomingensis\r\n2015: The plot meets the ESR objective for perennial cover, but does not meet the\r\nobjective for livestock closure. It does not meet the objective for density of seeded species.\r\nSoil stability is reduced, and invasive species, especially B. tectorum, dominate the plot.\r\n2014: The plot meets the perennial cover objective for ESR, but does not meet the livestock\r\nclosure objective. The plot does not meet the density of seeded species objective. No A.\r\ntridentata ssp. wyomingensis is present on the plot. B. tectorum is common on the plot and\r\ndominant in patches. Most of the plot is cobbly with sparse cover consisting of native\r\nforbs, primarily B. hookeri and P. longifolia. E. elymoides is the only deep-rooted perennial\r\nbunchgrass on the plot.\r\n2013: Density of seeded species does not meet the monitoring objective. Plot meets the\r\nESR percent perennial cover objective. Plot does not meet the livestock closure percent\r\nperennial cover objective. No seeded species were observed along the belt transect or\r\nwithin the plot. However, a healthy stand of unburned sagebrush is located near the plot.\r\nDeep-rooted, cool-season perennial bunchgrasses no longer dominate the plot. B. hookeri\r\nand P. longifolia constitute the 10% perennial cover. Annuals dominate the plot, and B.\r\ntectorum constitutes 18% cover.",Polygon,Confirmed,"Digitized by BLM field office personnel, method unknown",,3163.87606,3163.590705,,Contractor,"Habitat for antelope, Habitat for desert bighorn sheep, Habitat for wildlife, Invasion by cheatgrass, Invasion by non-native annuals, Invasive species, Loss of native vegetation, Loss of perennials, Loss of sagebrush, Loss of vegetation, Watershed health","The BLM has made the determination that as a result of the Holloway Fire, affected vegetative communities, particularly sage brush communities within Sage Grouse Preliminary Priority Habitat (PPH) and Preliminary General Habitat (PGH), are at risk from long term habitat degradation due to the presence of invasive annual grasses and other noxious weeds within new\r\ndisturbance. In addition to impacts to Sage Grouse, habitat values for Lahontan cutthroat trout, bighorn sheep, pronghorn antelope, mule deer, migratory birds, and pollinator species have also been seriously compromised. Soil resources are at risk from combined wind and water erosion, wildlife habitat values have been unacceptably compromised with limited potential for natural recovery, and other resources on the public lands are at immediate risk of erosion or other damage.",None,,None,,,41:25:00
Model 17,Nothern Basin and Range,Post-burn aerial seeding,14981,5415,Implemented,See Comments,2,2/16/2013,2/16/2013,Acres,2100.2,Seeding,Aerial Seeding,Aerial Seeding: Fixed Wing,-1,Confirmed seed list,,Seeds,Confirmed on Paper,Unknown,Species Specific,Treatment 15,"The objectives for cover will be to obtain 70% of all perennial plant cover found in the associated reference site, or, when not possible, achieve 50% of the lowest value for perennial cover associated with the appropriate ecological or range site by the need of the third year. Density objectives for aerially seeded areas will be based on having one seeded species firmly rooted per square meter by first or second growing season following seeding.","Aerial seeding was vital in mitigating the potential loss of Greater sage grouse habitat in the Montana, Granite, and Bilk Creek mountain ranges. Without treatment the burned areas are extremely susceptible to exotic annual dominance; this would jeopardize the Greater sage grouse, mule deer herds and other wildlife that depend on this area year-round and especially in the winter months. The areas selected are predominantly upland areas where topography is unsuitable for drill seeding due to slope and accessibility. All aerial seeding occurred in sage grouse PPH or PGH that was severely burned. Sage grouse habitat in the Bilk, Trout Creek, and Montana Mountains is widely regarded as being exceptionally productive when compared with other areas designated as sage grouse PPH. The application cost of aerial seeding is fairly high, but the risk of not seeding is the loss of species and structural diversity that will reduce the overall short and long-term value of the land.","Original ESR-funded aerial contract was for 45,284 acres. Since contract bid was based on pounds of seed, not acres, some leftover seed from original project (avoided unburned islands) was used to increase treatment area with ESR funds. Nevada Dept. of Wildlife, Ruby Mitigation Fund, and NGO private contributors also contributed seed and aircraft time to increase accomplishments.","See interim Report 2012 - Plot ID's: KNT15-A3-HOL-13, T15-A3-HOL-13, T15-A2-HOL-13 , T15-A1-HOL-13\r\n\r\nKNT15-A3-HOL-13\r\nTreatment: Aerially seeded A. tridentata ssp. vaseyana, A. tridentata ssp. wyomingensis, P.\r\nsecunda, L. lewisii and A. millefolium.\r\n2015: The plot meets the ESR objective for perennial cover, but does not meet the livestock\r\nclosure objective for perennial cover. The plot does not meet the monitoring objective for\r\ndensity of seeded species. B. tectorum is the dominant species on the plot. Perennial\r\nplants are present, but not dominant. There is a small amount of terracetting occurring\r\nthroughout the plot.\r\n2014: The plot meets the perennial cover objective for ESR but not livestock closure. The\r\nplot does not meet the objective for density of seeded species. B. tectorum dominates the\r\nplot, although many perennial species are present at low densities. Of the five seeded\r\nspecies, A. tridentata ssp. vaseyana, P. secunda, and A. millefolium are present, and A.\r\ntridentata ssp. wyomingensis and L. lewisii are absent. Soil stability is reduced, and soil is\r\nbeing lost from the plot as shown by water-flow patterns and pedestals on perennial plants.\r\n2013: Density of seeded species does not meet the monitoring objective. Plot does not meet\r\nthe ESR or livestock closure percent perennial cover objectives. This plot was not\r\nrandomly chosen, but was used as a way to gauge seeding effectiveness as seeding was\r\nvisually confirmed at the time of seeding application. The only seeded species observed\r\nalong the belt transect was P. secunda with 121 seedlings encountered, but some Artemisia\r\nsp. seedlings were observed elsewhere in the plot. Perennial forbs constitute 4% of the 5%\r\nperennial cover. Deep-rooted, cool-season perennial bunchgrasses are less than expected\r\nand co-dominate plot with annuals. Active rill formation is present on steeper portions of\r\nthe plot.\r\n\r\nT15-A2-HOL-13\r\nTreatment: Aerially seeded A. tridentata ssp. vaseyana, A. tridentata ssp. wyomingensis, P.\r\nsecunda, L. lewisii and A. millefolium.\r\n2015: Seeded species density, at 2.367 plants/m2, exceeded the objective. Perennial cover\r\ndoes not meet either the ES&R or livestock closure objectives. B. tectorum and S.\r\naltissimum dominated the plot, with P. secunda (5.3%) being the only native with coverage\r\nover 2%. There were some native forbs and shrubs on this plot, but in very low numbers.\r\n2014: Density of seeded species meets the monitoring objective. Plot meets the ESR\r\nobjective but not the livestock closure objective for percent perennial cover. One Artemisia\r\nsp. seedling was observed within the 1m x 1m quadrats along the transects, and the\r\nremaining species hits were from P. secunda with 34 species encountered. However, it is\r\ndifficult to differentiate seeded P. secunda from those plants re-sprouting from roots or\r\nplant bases. Deep-rooted, cool-season perennial bunchgrasses no longer dominate, and\r\nannuals dominate the plot. B. tectorum co-dominates the plot. Soil deposition is common,\r\nand rill formation was observed. Slight active pedestalling was observed along with some\r\nterracettes forming.\r\n2013: Density of seeded species meets the monitoring objective. Plot does not meet the\r\nESR or livestock closure percent perennial cover objectives. One Artemisia sp. seedling\r\nwas observed within the 1m x 1m quadrats along the transects, and the remaining species\r\nhits were from P. secunda with 139 seedlings encountered. However, it is difficult to\r\ndifferentiate seeded P. secunda from those plants re-sprouting from roots or plant bases.\r\nDeep-rooted, cool-season perennial bunchgrasses no longer dominate, and annuals\r\ndominate the plot. P. secunda constitutes 8% of the 13% perennial cover. Invasive plants\r\nco-dominate with native annuals, and B. tectorum constitutes 16% cover. Soil deposition is\r\ncommon, and rill formation was observed along line 2. Slight active pedestalling was\r\nobserved along with some terracettes forming.\r\n\r\nT15-A1-HOL-13\r\nTreatment: Aerially seeded A. tridentata ssp. vaseyana, A. tridentata ssp. wyomingensis, P.\r\nsecunda, L. lewisii and A. millefolium.\r\n2015: Plot meets the ESR objective for perennial cover, but does not meet the livestock\r\nclosure objective. It does not meet the objective for density of seeded species. Deep-rooted\r\ncool-season perennial bunchgrasses are reduced. The plot is dominated by S.\r\naltissimum, with B. tectorum also being present.\r\n2014: Density of seeded species does not meet the monitoring objective. Plot meets both\r\nthe ESR and livestock closure percent perennial cover objectives. Ten P. secunda and two\r\nA. millefolium seedlings were observed along the belt transect. This plot is located on a\r\nnorth-facing slope. Deep-rooted, cool-season perennial bunchgrasses dominate the plot and\r\ndisplay a large diversity with L. cinereus, A. thurberianum, E. elymoides, F. idahoensis,\r\nMelica bulbosa, and P. spicata all present. Perennial grasses constitute 15% of the 25%\r\nperennial cover for this plot. B. tectorum co-dominates the plot, significantly affecting the\r\nrangelands hydrologic function and biotic integrity.\r\n2013: Density of seeded species does not meet the monitoring objective. Plot meets both\r\nthe ESR and livestock closure percent perennial cover objectives. Two P. secunda and six\r\nA. millefolium seedlings were observed along the belt transect. Artemisia sp. seedlings were\r\nobserved elsewhere in the plot, but no L. lewisii was found anywhere within the plot. This\r\nplot is located on a north-facing slope. Deep-rooted, cool-season perennial bunchgrasses\r\ndominate the plot and display a large diversity with L. cinereus, A. thurberianum, E.\r\nelymoides, F. idahoensis, Melica bulbosa, and P. spicata all present. Perennial grasses\r\nconstitute 15% of the 25% perennial cover for this plot. B. tectorum is scattered throughout\r\nthe plot. Rill formation is moderately defined, and deposition areas and cuts are common\r\non plot. More water-flow patterns and terracettes are present than expected. See reference\r\nsheet for what is expected for this Rangeland Ecological Site (Attachment 3).\r\n\r\nT15-A3-HOL-13\r\nTreatment: Aerially seeded A. tridentata ssp. vaseyana, A. tridentata ssp. wyomingensis, P.\r\nsecunda, L. lewisii and A. millefolium.\r\n2015: The plot meets the ESR objective for perennial cover, but does not meet the\r\nobjective for livestock closure. The plot does not meet the objective for density of seeded\r\nspecies. The density has dropped from 1.166 to 0.467 seeded plants per square meter in the\r\npast year. Bunchgrasses and shrubs are present, but the plot is dominated by B. tectorum\r\nand S. altissimum. Soil surface resistance to erosion is lower than expected.\r\n2014: The plot meets the perennial cover objective for ESR but not livestock closure. The\r\nplot meets the density of seeded species objective. B. tectorum, much thicker than last year,\r\nco-dominates the plot along with native, perennial bunchgrasses. P. secunda is well\r\nestablished, and A. tridentata ssp. vaseyana and A. tridentata wyomingensis are also\r\npresent. L. lewisii and A. millefolium are not present on the plot. Some soil loss may still be\r\noccurring as indicated by water-flow patterns and pedestals on perennial plants.\r\n\r\n2013: Density of seeded species does not meet the monitoring objective. Plot meets the\r\nESR percent perennial cover objective. Plot does not meet livestock closure percent\r\nperennial cover objective. The only seeded species observed within the 1m x 1m quadrats\r\nalong the transects was P. secunda with 25 seedlings encountered, but some Artemisia sp.\r\nseedlings were observed elsewhere in the plot. Deep-rooted, cool-season perennial\r\nbunchgrasses no longer dominate and are reduced with L. cinereus constituting about 3%\r\nand E. elymoides about 1% cover. Annuals dominate the plot, and B. tectorum is common.\r\nMore water-flow patterns were observed than what is expected.",Polygon,Confirmed,"Digitized by BLM field office personnel, method unknown",,2077.112996,2077.113585,,Contractor,"Habitat for antelope, Habitat for desert bighorn sheep, Habitat for wildlife, Invasion by cheatgrass, Invasion by non-native annuals, Invasive species, Loss of native vegetation, Loss of perennials, Loss of sagebrush, Loss of vegetation, Watershed health","The BLM has made the determination that as a result of the Holloway Fire, affected vegetative communities, particularly sage brush communities within Sage Grouse Preliminary Priority Habitat (PPH) and Preliminary General Habitat (PGH), are at risk from long term habitat degradation due to the presence of invasive annual grasses and other noxious weeds within new\r\ndisturbance. In addition to impacts to Sage Grouse, habitat values for Lahontan cutthroat trout, bighorn sheep, pronghorn antelope, mule deer, migratory birds, and pollinator species have also been seriously compromised. Soil resources are at risk from combined wind and water erosion, wildlife habitat values have been unacceptably compromised with limited potential for natural recovery, and other resources on the public lands are at immediate risk of erosion or other damage.",None,,None,,,41:37:00
Model 17,Nothern Basin and Range,Post-burn aerial seeding,14982,5415,Implemented,See Comments,2,2/18/2013,2/18/2013,Acres,2411.28,Seeding,Aerial Seeding,Aerial Seeding: Fixed Wing,-1,Planned seed list,,Seeds,Plan,Unknown,Species Specific,"Interim Report of 2012 - Treatment 16 reported seeding of other (unknown seed) of 1,100 lbs.","The objectives for cover will be to obtain 70% of all perennial plant cover found in the associated reference site, or, when not possible, achieve 50% of the lowest value for perennial cover associated with the appropriate ecological or range site by the need of the third year. Density objectives for aerially seeded areas will be based on having one seeded species firmly rooted per square meter by first or second growing season following seeding.","Aerial seeding was vital in mitigating the potential loss of Greater sage grouse habitat in the Montana, Granite, and Bilk Creek mountain ranges. Without treatment the burned areas are extremely susceptible to exotic annual dominance; this would jeopardize the Greater sage grouse, mule deer herds and other wildlife that depend on this area year-round and especially in the winter months. The areas selected are predominantly upland areas where topography is unsuitable for drill seeding due to slope and accessibility. All aerial seeding occurred in sage grouse PPH or PGH that was severely burned. Sage grouse habitat in the Bilk, Trout Creek, and Montana Mountains is widely regarded as being exceptionally productive when compared with other areas designated as sage grouse PPH. The application cost of aerial seeding is fairly high, but the risk of not seeding is the loss of species and structural diversity that will reduce the overall short and long-term value of the land.","Original ESR-funded aerial contract was for 45,284 acres. Since contract bid was based on pounds of seed, not acres, some leftover seed from original project (avoided unburned islands) was used to increase treatment area with ESR funds. Nevada Dept. of Wildlife, Ruby Mitigation Fund, and NGO private contributors also contributed seed and aircraft time to increase accomplishments.","See interim Report 2012 - Plot ID's: TD-RODEOCREEK-HOL-13, TD-BASCO-HOL-13, TD-HORSECREEK-HOL-13\r\n\r\n\r\nTD-RODEOCREEK-HOL-13\r\nTreatment: Aerially seeded A. tridentata, L. cinereus, L. lewisii, and A. millefolium.\r\n2015: Plot does not meet the objective for density of seeded species. Perennial cover was\r\nhigh at this plot, with a total coverage of 61.3% and comprised mostly of D. spicata\r\n(saltgrass), P. secunda, and C. viscidiflorus. Invasive coverage was minimal (<10%) and\r\nconsisted of B. tectorum and S. altissimum. Sampled seeded species density was only 0.073\r\nplants/m2, but A. millefolium, L. cinereus, and A. tridentata were observed on the plot.\r\nOverall, the riparian vegetation at this plot seems to be recovering, and there are large areas\r\nof unburned sagebrush on other side of creek that may serve as a seed source for natural\r\nrecruitment. The plot also had plenty of deep-rooted, perennial bunchgrasses.\r\n2014: The plot does not meet the density of seeded species objective. The plot is dominated\r\nby diverse perennial plants with some B. tectorum scattered throughout the plot. Seedlings\r\nof A. tridentata, L. cinereus, and A. millefolium are growing throughout the site, while the\r\nother seeded species, L. lewisii, is absent from the plot.\r\n2013: Density of seeded species does not meet the monitoring objective. From the belt\r\ntransects, 63 seeded Artemisia seedlings were observed. No other seeded species was found\r\nalong the belt transects. Most of the seeded Artemisia was near the creek, and as the line\r\nmoved perpendicularly away from the creek, fewer seedlings were observed. One A. millefolium was observed on the plot but not within the belt transects. B. tectorum is\r\npresent in disturbed areas.\r\n\r\nTD-BASCO-HOL-13\r\nTreatment: Aerially seeded A. tridentata, L. cinereus, L. lewisii, and A. millefolium.\r\n2015: Plot does not meet the objective for density of seeded species. Perennial cover on\r\nthis plot was 12.7%. S. altissimum and B. tectorum were almost completely dominant on\r\nthis plot, with a combined coverage of over 90%. Native vegetation was rare with I.\r\naxillaris and L. cinereus being comparatively the most common. This plot exhibited some\r\npossible deposition from upstream due to past rain or storms. There were numerous hawks,\r\nowls, and chukar observed near this plot, and three Greater Sage-grouse (GSG) were also\r\nobserved within 60m ESE from plot center\u2019s UTM coordinates (refer to Table 3 for\r\ncoordinates).\r\n2014: The plot meets the objective for density of seeded species. Vegetation on the plot is\r\nthick with lots of annual mustards and Iva. axillaris. Several perennial grasses are scattered\r\nthroughout the plot at moderate density. Two seeded species, L. cinereus and A.\r\nmillefolium are successfully established on the plot, while the other two species, A.\r\ntridentata and L. lewisii, are not present on the plot.\r\n2013: Density of seeded species meets the monitoring objective. 35 A. millefolium, 8 L.\r\nlewisii and one L. cinereus were observed within the 1m x 1m quadrats along the transects.\r\nDeep-rooted, cool-season perennial bunchgrasses are re-sprouting. B. tectorum is present in\r\ndisturbed areas.\r\nTD-HORSECREEK-HOL-13\r\nTreatment: Aerially seeded A. tridentata, L. cinereus, L. lewisii, and A. millefolium.\r\n2015: Plot does not meet the objective for density of seeded species. The only species with\r\nnoticeable coverage was a small annual forb that was dead beyond recognition. Most of the\r\ncover on the plot was loose litter. There is a road that runs through this plot, and there were\r\nsome signs of recent erosion in the stream channel. There were also signs of trampling by\r\nlarge animals on the plot.\r\n2014: Density of seeded species does not meet the monitoring objective. No seeded species\r\nwere observed along the belt transects. B. tectorum dominates the plot, and perennial plants\r\nare rare outside the ditch. L. cinereus and A. tridentata are the only seeded species present\r\non the plot. The plot shows signs of heavy ungulate hoof traffic (Figure 29).\r\n2013: Density of seeded species does not meet the monitoring objective. No seeded species\r\nwere observed along the belt transects. Two A. tridentata seedlings were found in the plot\r\nbut not along the belt transects. Deep-rooted, cool-season perennial bunchgrasses are resprouting\r\nfrom the burn. B. tectorum is scattered throughout the plot and constitutes 5%\r\ncover. Due to drift issues, only L. cinereus and L. lewisii made it to the riparian area. Cows\r\nwere observed within the burn before monitoring was conducted. Perennial vegetation had\r\nbeen grazed by cattle",Polygon,Confirmed,"Digitized by BLM field office personnel, method unknown",,2118.698563,2116.470934,,Contractor,"Habitat for antelope, Habitat for desert bighorn sheep, Habitat for wildlife, Invasion by cheatgrass, Invasion by non-native annuals, Invasive species, Loss of native vegetation, Loss of perennials, Loss of sagebrush, Loss of vegetation, Watershed health","The BLM has made the determination that as a result of the Holloway Fire, affected vegetative communities, particularly sage brush communities within Sage Grouse Preliminary Priority Habitat (PPH) and Preliminary General Habitat (PGH), are at risk from long term habitat degradation due to the presence of invasive annual grasses and other noxious weeds within new\r\ndisturbance. In addition to impacts to Sage Grouse, habitat values for Lahontan cutthroat trout, bighorn sheep, pronghorn antelope, mule deer, migratory birds, and pollinator species have also been seriously compromised. Soil resources are at risk from combined wind and water erosion, wildlife habitat values have been unacceptably compromised with limited potential for natural recovery, and other resources on the public lands are at immediate risk of erosion or other damage.",None,,None,,,41:57:00
Model 17,Nothern Basin and Range,Post-burn aerial seeding,14983,5415,Implemented,See Comments,2,3/14/2013,3/14/2013,Acres,1664.7,Seeding,Aerial Seeding,Aerial Seeding: Fixed Wing,-1,Confirmed seed list,,Seeds,Confirmed on Paper,Unknown,Species Specific,Treatment 17.,"The objectives for cover will be to obtain 70% of all perennial plant cover found in the associated reference site, or, when not possible, achieve 50% of the lowest value for perennial cover associated with the appropriate ecological or range site by the need of the third year. Density objectives for aerially seeded areas will be based on having one seeded species firmly rooted per square meter by first or second growing season following seeding.","Aerial seeding was vital in mitigating the potential loss of Greater sage grouse habitat in the Montana, Granite, and Bilk Creek mountain ranges. Without treatment the burned areas are extremely susceptible to exotic annual dominance; this would jeopardize the Greater sage grouse, mule deer herds and other wildlife that depend on this area year-round and especially in the winter months. The areas selected are predominantly upland areas where topography is unsuitable for drill seeding due to slope and accessibility. All aerial seeding occurred in sage grouse PPH or PGH that was severely burned. Sage grouse habitat in the Bilk, Trout Creek, and Montana Mountains is widely regarded as being exceptionally productive when compared with other areas designated as sage grouse PPH. The application cost of aerial seeding is fairly high, but the risk of not seeding is the loss of species and structural diversity that will reduce the overall short and long-term value of the land.","Original ESR-funded aerial contract was for 45,284 acres. Since contract bid was based on pounds of seed, not acres, some leftover seed from original project (avoided unburned islands) was used to increase treatment area with ESR funds. Nevada Dept. of Wildlife, Ruby Mitigation Fund, and NGO private contributors also contributed seed and aircraft time to increase accomplishments.","See interim Report 2012 - Plot ID's: HA-1, TPD-CHINA-HOL-13.\r\n\r\n**HA-1\r\nTreatment: NA (in 2011 plot was aerially seeded with A. tridentata ssp. wyomingensis.)\r\n2015: Density at this plot does not meet the objective at 0.003 plants/m2. ESR and livestock\r\ncoverage perennial cover objectives also were not met at 4.7%. B. tectorum and S.\r\naltissimum dominated this plot with a total coverage of 55.4%. P. longifolia was the only\r\nnative with coverage of more than 2%. E. cicutarium and Onopodrdum acanthium was also\r\npresent on this plot. Part of this plot extended down into the edge of a drainage and\r\ncontained riparian vegetation such as Juncus sp.\r\n2014: Density of seeded species does not meet the monitoring objective. Plot does not meet\r\nthe ESR or livestock closure percent perennial cover objectives. This plot was established\r\nin 2011 to monitor the ESR treatment in the Horse Creek fire which also burned in 2010.\r\nDeep-rooted, cool-season perennial bunchgrasses are greatly reduced, and plot is\r\ndominated by B. tectorum and S. altissimum, resulting in extensive changes to the\r\nfunctional/structural vegetation groups.\r\n2013: Plot does not meet the ESR or livestock closure percent perennial cover objectives.\r\nThis plot was established in 2011 to monitor the ESR treatment in the Horse Creek fire\r\nwhich also burned in 2010. Deep-rooted, cool-season perennial bunchgrasses are greatly\r\nreduced, and detrimental plant changes have occurred. This plot is dominated by P.\r\nsecunda and annuals. B. tectorum and S. altissimum are common throughout the plot. The\r\npercent perennial cover species are P. secunda, Iva axillaris, Distichlis spicata, Lomatium\r\nsp., P. longifolia, Senecio integerrimus, and Viola beckwithii.\r\n\r\nTPD-CHINA-HOL-13\r\nTreatment: Aerially seeded A. tridentata and A. tridentata ssp. wyomingensis.\r\n2015: Plot does not meet the objective for density of seeded species. S. altissimum visually\r\ndominated the plot and was the dominant species, with 62% coverage. B. tectorum and\r\nLupinus were the next most dominant species, with a combined coverage of 11.3%. This\r\nplot contained a lot of incised/cut banks. Some have been fairly well stabilized by\r\nvegetation, while others are very loose, steep, and unprotected. We gauged that significant\r\nbank removal/erosion may have occurred between this year's monitoring date and last\r\nyear's monitoring date.\r\n2014: Density of seeded species does not meet the monitoring objective. The plot is\r\ndominated by B. tectorum and S. altissimum. Artemisia sp. seedlings are present on the\r\nplot.\r\n2013: Density of seeded species does not meet the monitoring objective. From the belt\r\ntransects, 23 seeded Artemisia sp. seedlings were observed. Deep-rooted, cool-season\r\nperennial bunchgrasses are re-sprouting. B. tectorum was scattered throughout the plot and\r\nconstituted 9% cover.",Polygon,Confirmed,"Digitized by BLM field office personnel, method unknown",,2758.776211,2719.891816,,Contractor,"Habitat for antelope, Habitat for desert bighorn sheep, Habitat for wildlife, Invasion by cheatgrass, Invasion by non-native annuals, Invasive species, Loss of native vegetation, Loss of perennials, Loss of sagebrush, Loss of vegetation, Watershed health","The BLM has made the determination that as a result of the Holloway Fire, affected vegetative communities, particularly sage brush communities within Sage Grouse Preliminary Priority Habitat (PPH) and Preliminary General Habitat (PGH), are at risk from long term habitat degradation due to the presence of invasive annual grasses and other noxious weeds within new\r\ndisturbance. In addition to impacts to Sage Grouse, habitat values for Lahontan cutthroat trout, bighorn sheep, pronghorn antelope, mule deer, migratory birds, and pollinator species have also been seriously compromised. Soil resources are at risk from combined wind and water erosion, wildlife habitat values have been unacceptably compromised with limited potential for natural recovery, and other resources on the public lands are at immediate risk of erosion or other damage.",None,,None,,,42:09:00
Model 17,Nothern Basin and Range,Post-burn aerial seeding,14984,5415,Implemented,See Comments,2,1/24/2014,1/27/2014,Acres,5218.1,Seeding,Aerial Seeding,Aerial Seeding: Fixed Wing,-1,Confirmed seed list,,Seeds,Confirmed on Paper,Unknown,Species Specific,"Treatment 23.\r\nBulk seed reported on the Interim Report 2013 - 4,422.1 lb/ac.","The objectives for cover will be to obtain 70% of all perennial plant cover found in the associated reference site, or, when not possible, achieve 50% of the lowest value for perennial cover associated with the appropriate ecological or range site by the need of the third year. Density objectives for aerially seeded areas will be based on having one seeded species firmly rooted per square meter by first or second growing season following seeding.","Aerial seeding was vital in mitigating the potential loss of Greater sage grouse habitat in the Montana, Granite, and Bilk Creek mountain ranges. Without treatment the burned areas are extremely susceptible to exotic annual dominance; this would jeopardize the Greater sage grouse, mule deer herds and other wildlife that depend on this area year-round and especially in the winter months. The areas selected are predominantly upland areas where topography is unsuitable for drill seeding due to slope and accessibility. All aerial seeding occurred in sage grouse PPH or PGH that was severely burned. Sage grouse habitat in the Bilk, Trout Creek, and Montana Mountains is widely regarded as being exceptionally productive when compared with other areas designated as sage grouse PPH. The application cost of aerial seeding is fairly high, but the risk of not seeding is the loss of species and structural diversity that will reduce the overall short and long-term value of the land.",R3 Aerial seeding Wyoming sagebrush (Artemisia tridentata ssp. wyomingensis) and bluebunch wheatgrass (Pseudoroegeria spicata).,"See interim Report 2013 - Plot ID's: LC-18, T23-A1LogCabin-HOL-14, T23-A1KingRiver-HOL-14, T23-A2LogCabin-HOL-14\r\n\r\nLC-18: no data.\r\n\r\nT23-A1Logcabin-HOL-14\r\nTreatment: Aerially seeded A. tridentata ssp. vaseyana, and P. spicata.\r\n2015: Plot meets the ESR objective for perennial cover, but does not meet the livestock\r\nclosure objective. Plot meets the monitoring objective for density of seeded species. P.\r\nspicata accounts for most of the success with the seeding treatment; only one A. tridentata\r\nssp. vaseyana was found in the plant density survey. Perennial bunchgrasses are common\r\non the plot, with P.spicata being the most common. B. tectorum is very common on the\r\nplot, but mostly occupies the understory. Soil stability values are lower than expected.\r\n2014: Density of seeded species does not meet the monitoring objective; however it was\r\nwithin 0.1 plants per square meter away from reaching it, consisting of only P. spicata\r\nspecies. Plot does meet the ESR percent perennial cover objective. Plot does not meet the\r\nlivestock closure objective for percent perennial cover. Perennial species consists of C.\r\nviscidiflorus, P. spicata, P. Secunda, and Lupinus.\r\n\r\nT23-A1KingRiver-HOL-14: no data\r\n\r\nT23-A2LogCabin-HOL-14: no data",Polygon,Confirmed,"Digitized by BLM field office personnel, method unknown",,5220.723755,5220.550268,,Contractor,"Habitat for antelope, Habitat for desert bighorn sheep, Habitat for wildlife, Invasion by cheatgrass, Invasion by non-native annuals, Invasive species, Loss of native vegetation, Loss of perennials, Loss of sagebrush, Loss of vegetation, Watershed health","The BLM has made the determination that as a result of the Holloway Fire, affected vegetative communities, particularly sage brush communities within Sage Grouse Preliminary Priority Habitat (PPH) and Preliminary General Habitat (PGH), are at risk from long term habitat degradation due to the presence of invasive annual grasses and other noxious weeds within new\r\ndisturbance. In addition to impacts to Sage Grouse, habitat values for Lahontan cutthroat trout, bighorn sheep, pronghorn antelope, mule deer, migratory birds, and pollinator species have also been seriously compromised. Soil resources are at risk from combined wind and water erosion, wildlife habitat values have been unacceptably compromised with limited potential for natural recovery, and other resources on the public lands are at immediate risk of erosion or other damage.",None,,None,,,42:22:00
Model 17,Nothern Basin and Range,Post-burn aerial seeding,14985,5415,Implemented,See Comments,2,1/27/2014,1/30/2014,Acres,4541.8,Seeding,Aerial Seeding,Aerial Seeding: Fixed Wing,-1,Confirmed seed list,,Seeds,Confirmed on Paper,Unknown,Species Specific,Treatment 24.,"The objectives for cover will be to obtain 70% of all perennial plant cover found in the associated reference site, or, when not possible, achieve 50% of the lowest value for perennial cover associated with the appropriate ecological or range site by the need of the third year. Density objectives for aerially seeded areas will be based on having one seeded species firmly rooted per square meter by first or second growing season following seeding.","Aerial seeding was vital in mitigating the potential loss of Greater sage grouse habitat in the Montana, Granite, and Bilk Creek mountain ranges. Without treatment the burned areas are extremely susceptible to exotic annual dominance; this would jeopardize the Greater sage grouse, mule deer herds and other wildlife that depend on this area year-round and especially in the winter months. The areas selected are predominantly upland areas where topography is unsuitable for drill seeding due to slope and accessibility. All aerial seeding occurred in sage grouse PPH or PGH that was severely burned. Sage grouse habitat in the Bilk, Trout Creek, and Montana Mountains is widely regarded as being exceptionally productive when compared with other areas designated as sage grouse PPH. The application cost of aerial seeding is fairly high, but the risk of not seeding is the loss of species and structural diversity that will reduce the overall short and long-term value of the land.",R3 Aerial seeding Wyoming sagebrush (Artemisia tridentata ssp. wyomingensis) and bluebunch wheatgrass (Pseudoroegneria spicata).,"See interim Report 2013 - Plot ID's: T24-A1GraniteCrk-HOL-14, T24-A2GraniteCrk-HOL-14, T24-A3GraniteCrk-HOL-14 (No data)\r\n\r\nT24-A1GraniteCrk-HOL-14\r\nTreatment: Aerially seeded A. tridentata ssp. vaseyana.\r\n2015: The plot does not meet the ESR or livestock closure objectives for perennial cover.\r\nIt does not meet the objective for density of seeded species. This plot has high species\r\ndiversity, but is dominated by B. tectorum and S. altissimum. Bunchgrasses are rare, and\r\nunburnt shrubs are common in rock inclusions.\r\n2014: The plot does not meet ESR or livestock closure objectives for perennial cover. The\r\nplot does not meet ESR objectives for density of seeded species. The plot is dominated by\r\nB. tectorum and S. altissimum. Some patches of unburnt shrubs remain in rocky areas. A.\r\ntridentata ssp. vaseyana seedlings are common throughout the area. Deep-rooted, perennial plants are greatly reduced. Some soil degradation has occurred, including reduction in soil\r\nstability and lightening of color due to loss of organic matter.\r\n\r\nT24-A2GraniteCrk-HOL-14\r\nTreatment: Aerially seeded A. tridentata ssp. vaseyana and P. spicata.\r\n2015: Plot does not meet density objectives. Perennial cover was 14.7%, and did not meet\r\neither the ES&R or livestock closure objectives. B. tectorum dominated this site, with P.secunda, L. cinereus, and C. viscidiflorus being the only perennials with coverage of more\r\nthan 2% each.\r\n2014: Density of seeded species does not meet the monitoring objective. Plot does meet the\r\nESR objective but fails to meet the livestock closure objective for percent perennial cover.\r\nB. tectorum co-dominates the plot, affecting the hydrologic function and biotic integrity of\r\nthe rangeland health.",Polygon,Confirmed,"Digitized by BLM field office personnel, method unknown",,4544.372852,4525.69576,,Contractor,"Habitat for antelope, Habitat for desert bighorn sheep, Habitat for wildlife, Invasion by cheatgrass, Invasion by non-native annuals, Invasive species, Loss of native vegetation, Loss of perennials, Loss of sagebrush, Loss of vegetation, Watershed health","The BLM has made the determination that as a result of the Holloway Fire, affected vegetative communities, particularly sage brush communities within Sage Grouse Preliminary Priority Habitat (PPH) and Preliminary General Habitat (PGH), are at risk from long term habitat degradation due to the presence of invasive annual grasses and other noxious weeds within new\r\ndisturbance. In addition to impacts to Sage Grouse, habitat values for Lahontan cutthroat trout, bighorn sheep, pronghorn antelope, mule deer, migratory birds, and pollinator species have also been seriously compromised. Soil resources are at risk from combined wind and water erosion, wildlife habitat values have been unacceptably compromised with limited potential for natural recovery, and other resources on the public lands are at immediate risk of erosion or other damage.",None,,None,,,42:34:00
Model 17,Nothern Basin and Range,Post-burn aerial seeding,16564,5980,Implemented,Unknown,2,4/16/1973,4/23/1973,Acres,4667,Seeding,Aerial Seeding,Aerial Seeding,-1,Planned seed list,,Seeds,Plan,Unknown,Unknown,"The seed mix did not indicate whether bulk or PLS rates were used, therefore, unknown has been listed and all seed mix information has been entered into the Bulk category.",Restore vegetation to burned area to improve summer big game habitat.,"Seed the burn with high protein forbs and protect the area from grazing by livestock to assure a good mixed stand of vegetation, and to keep the area for deer summer range.\r\n\r\n1. Treatment - To aerial seed approximately 6,000 acres of the area where the fire burned clean and destroyed the browse and forbs. This would ensure Summer forbs (protein) for. The present wildlife population.\r\n2. Management - To remove all livestock grazing until revegetation is established. Repair existing fence to control cattle grazing in the area.",,,Polygon,Confirmed,"Digitized by BLM field office personnel, method unknown",,8490.876284,7808.414877,,,None,,None,,None,,,13:59:00
Model 17,Nothern Basin and Range,Post-burn aerial seeding,16566,5981,Implemented,See Comments,2,2/27/2014,2/27/2014,Acres,6835,Seeding,Aerial Seeding,Aerial Seeding,-1,Confirmed seed list,2014 Aerial Seed Mix,Seeds,Confirmed on Paper,Unknown,Species Specific,,"Goal: Increase diversity of desirable grasses, forbs, and shrubs to preserve and maintain habitat for sensitive\r\nwildlife species, as well as prevent erosion in susceptible areas.","Seed mixtures comprised of native shrubs and stabilizing mixes of native grasses would be\r\naerial broadcast seeded.  Aerial seeding of shrubs is proposed as an ES treatment to augment\r\nthe development of vegetative structure across the burned landscape to further reduce\r\nsediment movement from wind and water erosion, which will aid in restoring habitat for\r\nsage-grouse and several other BLM sensitive wildlife species associated with the sagebrush\r\nsteppe. The area was also important habitat for bighorn sheep and is utilized by mule deer\r\nand antelope.","Perimeter of seeding area 13,670 acres, strip seeded at 50%\r\ncoverage for 6,835 acres with a swath width of 250\u2019. Ground\r\nconditions were dry and dusty with rain predicted following the\r\nseeding.","Objectives and Results\r\n1. Attain a density of 1 sagebrush seedling per 10m\xb2 in suitable areas. Conduct density\r\nmonitoring.\r\nSagebrush density monitoring was not conducted in 2017.\r\nThis objective was met in 2015 due to the reseeding in February of 2014. In August of 2015, in\r\nsuitable sites, six transects of density hoop monitoring were conducted in areas that were aerially\r\nseeded with sagebrush. Locations seeded with Wyoming big sagebrush were meeting the\r\nobjective with a density of 7.1 seedlings per 10m2. Low sagebrush seeding areas (Artemisia\r\narbuscula) were not monitored.\r\nLarge patches of sagebrush seedlings were noted at grass monitoring plots 1-2, 1-2, 2-3, 2-5, 4-1,\r\nand 5-1, and in the wilderness plot 3-1. Seedlings were 1-18\u201d in height and appeared healthy;\r\nmany were beginning to flower. Trace amounts of sagebrush were found in areas seeded with\r\nlow sagebrush.\r\n2. Attain a density of 2.5 perennial seeded grass plants per square meter (in\r\ngrass/sagebrush seed mix non-wilderness area). Conduct density monitoring.\r\nGrass density monitoring was not conducted in 2017.\r\nSite assessments were conducted in areas favorable for germination and establishment of\r\nperennial seeded grasses. No seedlings were observed in 2013, even in highly suitable areas\r\nwhere terrain would have naturally collected seed (e.g., crevices, near drainages).\r\nOverall, this objective was met in 2015. Areas seeded with Mix 1 in 2013 were surveyed for\r\nSandberg bluegrass and Idaho fescue grass density in 2015. Seeded grass density ranged from 1\r\nto 22 Sandberg bluegrass plants per 1 m2 and 0 to 8 Idaho fescue plants per 1 m2. Idaho fescue\r\nplants were noted in 5 quadrats of 9 total quadrats surveyed.\r\n3. 80% of canopy gaps less than 50cm. Conduct canopy gap monitoring.\r\nCanopy gap of aerially seeded species was not conducted in 2017.\r\n\r\n\r\nESR Monitoring Report 2022\r\nS3 Aerial Seeding \r\nTreatment(s) \r\nPockets of suitable planting sites, areas where the seeded species would typically grow under normal conditions, were present across fire perimeter. Suitable sites are often difficult to delineate post-fire, covering the entire area better ensured all suitable sites were seeded. \r\nContractors initially seeded 14,569 acres by helicopter on January 19, 2013; 473 acres were seeded with the grass/sagebrush mix- mix 1 (100% coverage), 6,392 acres were seeded with the forb/sagebrush mix - mix 2 (70% coverage - 375\u2019 swath width), and 7,704 acres were seeded with the sagebrush mix - mix 3 (100% coverage). Aerial seeding density was not conducted in 2013; however, ESR personnel made numerous site visits to look for germination of seeded species during installation of vegetation recovery monitoring plots. Seven of the eleven \r\nContractors re-treated 6,835 acres on February 27, 2014 (see re-treatment rationale for more information). Wyoming big sagebrush was seeded by helicopter (50% coverage \u2013 250\u2019 swath width, skip seeding). \r\n\r\n2014 Aerial Seeding Mix\r\nSagebrush density monitoring was not conducted in 2017. \r\nThis objective was met in 2015 due to the reseeding in February of 2014. In August of 2015, in suitable sites, six transects of density hoop monitoring were conducted in areas that were aerially seeded with sagebrush. Locations seeded with Wyoming big sagebrush were meeting the objective with a density of 7.1 seedlings per 10m2. Low sagebrush seeding areas (Artemisia arbuscula) were not monitored. \r\nLarge patches of sagebrush seedlings were noted at grass monitoring plots 1-2, 1-2, 2-3, 2-5, 4-1, and 5-1, and in the wilderness plot 3-1. Seedlings were 1-18\u201d in height and appeared healthy; many were beginning to flower. Trace amounts of sagebrush were found in areas seeded with low sagebrush.\r\n\r\nGrass density monitoring was not conducted in 2017. \r\nSite assessments were conducted in areas favorable for germination and establishment of perennial seeded grasses. No seedlings were observed in 2013, even in highly suitable areas where terrain would have naturally collected seed (e.g., crevices, near drainages). \r\nOverall, this objective was met in 2015. Areas seeded with Mix 1 in 2013 were surveyed for Sandberg bluegrass and Idaho fescue grass density in 2015. Seeded grass density ranged from 1 to 22 Sandberg bluegrass plants per 1 m2 and 0 to 8 Idaho fescue plants per 1 m2. Idaho fescue plants were noted in 5 quadrats of 9 total quadrats surveyed.\r\n\r\nCanopy gap of aerially seeded species was not conducted in 2017.\r\n\r\nOther Results \r\nIn late June 2022, ESR staff qualitatively monitored four plots. \r\nThe aspen (Populus tremuloides) stand at plot G1MKPPASP1 showed very good recovery with trees 6-8 feet tall (photo below). Snowbrush ceanothus (Ceanothus velutinus) was in poor condition due to heavy browse by elk. Due to landscape position and elevation snow sits longer at this plot. Plant phenology was a few weeks behind communities in the flat; bottlebrush squirreltail (Elymus elymoides) was just beginning to bloom on June 29th. Yarrow (Achillea millefolium) was abundant across the site. Large patches of bare soil persist but they have not filled in with either cheatgrass or noxious weeds. Though a few shrubs have resprouted, the area is functionally a grassland.\r\n\r\nA former low sagebrush (Artemisia arbuscula) site, the plant community at plot G1MKT02 is now primarily Sandberg bluegrass (Poa secunda), bluebunch wheatgrass (Psuedoroegneria spicata) and bottlebrush squirreltail (photos below). Many of the bluebunch bases had dead inner cores which may have occurred due to the drought in 2021. A handful of sagebrush seedlings were found. Forb diversity included lava aster (Ionactis alpina), lupine (Lupinus sp.), willowherb (Epilobium brachycarpum), hawksbeard (Crepis sp.), pale agoseris (Agoseris glauca), hatless daisy (Erigeron aphanactis), and longleaf phlox (Phlox longifolia). Sandberg bluegrass was subdominant (10-40% abundance) across the site interspersed with small gravel.\r\n\r\nPlot G1MKT05 falls in a small draw in Owens Pasture 1 which was representative of draws within the pasture. The plot was heavily invaded with cheatgrass and tall tumblemustard (Sisimbrium altissimum) (photos below). Bottlebrush squirreltail and yellow rabbitbrush (Chrysothamnus viscidiflorus) were present at low abundance. A few crested wheatgrass (Agropyron cristatum) plants were also noted at this plot.\r\n\r\nG1MKNT04 was not treated as part of the Jacks ESR plan. Sandberg bluegrass and bottlebrush squirreltail have recovered well though cheatgrass fills interspaces in the gravel soil surface in 2022.\r\n\r\nRECOMMENDATIONS/CONCLUSIONS \r\nCanopy gap objectives were not met in either Owens or Northwest allotments though most pastures were within 6% of the objective. Invasive non-native annuals have increased significantly at some plots, particularly in pasture 12 of the Northwest allotment. Perennial grasses have increased in size since 2013, were producing seed heads and plants were in good vigor. Overall, site assessments and photos indicate that perennial grasses have recovered in both treated and natural recovery areas. Grazing was resumed in Owens Allotment in June 2015 (see Part 12: Additional Information). Monitoring ten years post-fire shows very good grass recovery across the burned area. Though there are some patches of cheatgrass present, no large expanses occur in the fire perimeter. \r\nThe aerial sagebrush seeding objective was met in 2015 due to the reseeding in February of 2014. Moisture in February and March of 2014 were above average as was late summer and fall moisture; this likely helped with the establishment and growth of the seeded sagebrush. Sagebrush seedlings may have been missed or not yet germinated and emerged during monitoring in 2014 but were picked up during monitoring of 2015. Few sagebrush seedlings were found during ten-year monitoring in 2022. Much of the Jacks fire is now functionally a grassland. \r\nCanada thistle is common throughout the Big Jacks Creek riparian corridor and due its extent, chemical treatment will not be implemented. These sites will be targeted for biological control releases in the future. A population of Scotch thistle detected at the reservoir in 2014 was treated in 2015. It is expected this treatment will be effective but both sites will require continued monitoring to prevent re-establishment. Although the most likely areas for invasion have been inventoried, continued monitoring of treatment sites and the burned area is recommended. Continued monitoring should focus on travel corridors and highly disturbed sites",Polygon,Confirmed,"Digitized by BLM field office personnel, method unknown",,13677.61,13676.61,Reported GIS is roughly half the VTRT acreage due to the area being strip seeded.,Contractor,"Cover for wildlife, Forage for wildlife, Habitat for mule deer, Habitat for wildlife, Habitat productivity, Invasion by cheatgrass, Invasion by non-native annuals","Maintain and/or enhance unique or special habitats to retain and/or improve their character and value for wildlife, research, and human enjoyment. Protect habitats supporting nongame wildlife with high public and/or biological interest&*\r\nMaintain stability of 408,300 acres classified as moderate, high, and critical erosion hazard by reducing or minimizing wind and water erosion&*\r\nProtect and/or improve endangered species habitat within the BPU&*\r\nManage 520,000 acres of sage-grouse range in the BPU to improve nesting, brood\r\nrearing, and winter habitats by: improving all poor and fair big sagebrush, meadow,\r\nand riparian ecological sites to good ecological condition&*\r\nManage sensitive species habitat in the BPU to maintain or increase existing and\r\npotential populations&*\r\nManage 1,079,000 acres of pronghorn habitat in the BPU, within IMP guidelines where\r\napplicable, to provide sufficient forage, water, cover, and space&*\r\nManage mule deer spring, summer, and fall, and winter range, and pronghorn habitat\r\nin the BPU to obtain good ecological condition, and to provide adequate food, cover,\r\nand water.",None,,Snow on Ground,,,24:35:00
Model 17,Nothern Basin and Range,Post-burn aerial seeding,17307,6263,Implemented,Fully Successful,2,3/10/2006,3/11/2006,Acres,3105,Seeding,Aerial Seeding,Aerial Seeding: Rotor Wing,-1,Confirmed seed list,Aerial Sage,Seeds,Confirmed on Paper,Unknown,Species Specific,,"Aerially seeding Basin big sagebrush to supplement natural re-vegetation...\r\n\r\nRe-establish healthy stands of Basin big sagebrush and Threetip sagebrush on a minimum of\r\n1,000 acres within burned area.","Basin big sagebrush would be aerially seeded during the winter of 2005/2006 at a rate of 1 lb./acre.  All of the 3,105 acres that burned would be seeded with Basin big sagebrush. Ideally, the seed would be flown on while the ground is covered with snow.",Basin big Sagebrush was aerially seeded using a helicopter in March 2006.,"This treatment was fully successful.\r\nBasin big Sagebrush was aerially seeded using a helicopter in March 2006. Monitoring was\r\ndone in three types of range sites: Utah juniper/grass, Utah juniper, and grass. The sites that\r\nwere established in 2006 were burned in the Cow Canyon Fire, but new ones were established in\r\n2007, and the data is compared in Table 1 and Table 2.",Polygon,Confirmed,"Digitized by BLM field office personnel, method unknown",,3099.168614,3099.171501,,Contractor,"Habitat for sage grouse, Establishment of seeded species, Habitat quality, Loss of desirable species, Loss of sagebrush, Loss of vegetation, Vegetal cover","Several fires have occurred in this immediate area over the past 15 years, resulting in a significant loss of native vegetation in crucial sage grouse habitat. It appears that Basin big sagebrush and Threetip were two common shrub species that burned in the fire. Considering that the fire did not burn very hot, Threetip sagebrush will likely re-sprout following the fire, but the Basin big sagebrush was probably killed.",None,,None,,,37:52:00
Model 17,Nothern Basin and Range,Post-burn aerial seeding,17423,6311,Implemented,Partially Successful,1,00/00/2007,00/00/2010,Acres,10680,Seeding,Aerial Seeding,Aerial Seeding,-1,Confirmed seed list,Aerial Stabilization Mix,Seeds,Confirmed on Paper,Unknown,Species Specific,,Stabilize soils and limit erosion on upper elevation steep slopes within the burn area to reduce sedimentation into the S. Fork of the Little Humboldt River and to re-establish habitat for BLM listed sensitive species (Sage Grouse). 3 rooted plants per m\xb2.,,Seeding was completed by Morris Ag Air. Timing was good and Morris had very good distribution of the seed. The ground was snow covered and the winds calm.,"S-3 Aerial seeding- This stabilization aerial seeding on the upper parts of the Kelly Ck project returned an average of 0.5 seeded species per square meter, all of which was forage kochia. This did not meet our initial objective of 3 plants per square meter, which we now believe to be unrealistic. Our experience, particularly with forage kochia, has demonstrated to us that we often will not get a \u2018good signal\u2019 on germination and establishment until the 2nd or 3rd. year following the treatment.  We did observe a good distribution of seeded plants in the areas we traveled through, including our sites, to have good confidence in coverage and eventual establishment. These plants will reduce herbivory impacts on recovering grasses, plants responsible for the majority of soil surface stability.\r\n2010 Summary results:\r\nAerial Stabilization Results:\r\nDensity: Seeded species in this treatment area were present yet broadly spaced\r\n(35-50 meters) with KOPR80 being the dominant seeded species and MESA occurring in\r\ntrace amounts.\r\nSA-1 was established in 2009 with density results consisting exclusively of KOPR80.\r\n(Note; Livestock were found congregating at the end of the transect during monitoring.) All\r\nseeded species had been grazed, but seemed to have some seedling recruitment. 2010 \r\nmonitoring showed a decrease in density and approximately 85% of the recorded KOPR80\r\nshowed signs of herbivory.\r\nSA-2 was established in 2010, therefore, no previous data exists for trend analysis.\r\nMonitoring had a similar outcome as SA-1 with KOPR80 as the only seeded species\r\nrecorded--also heavily grazed--and livestock were observed throughout the area during\r\nmonitoring. Both densities were below objectives, however, when assessing the success of\r\nthese sites it is important to consider that both fall within a lower precipitation zone (8-\r\n10"") than the Aerial Rehabilitation sites in addition to the challenges posed to seedling\r\nestablishment by unauthorized grazing.\r\nFoliar Cover: Values exceeded objectives at both sites. SA-1 showed good recovery\r\nof native grasses and forbs during 2009 monitoring with 3.3% of the total foliar cover\r\nconsisting of KOPR80. 2010 monitoring showed some diversity loss and KOPR80 was not\r\nrecorded during line point intercept, however, foliar cover objectives were still surpassed.\r\nDuring 2010 SA-2 monitoring it was noted that there was very good native grass\r\nrecovery, which is also reflected in the data sheets. The site had also been grazed and\r\nseemed to have a more dominant cheatgrass understory than SA-1. KOPR80 was recorded\r\nduring line point intercept as . 7% of the foliar cover.\r\nAlthough the average density is below objective, the foliar cover objectives were\r\nexceeded. A high degree of natural recovery and seeded species establishment have\r\nstabilized the soils and prevented erosion, therefore this treatment was moderately\r\nsuccessful. Continued monitoring by the interdisciplinary team is suggested in order to\r\nobserve any changes in annual/perennial cover and conduct Rangeland Health\r\nAssessments in five year intervals from the ESR closeout date of this fire.",Polygon,Confirmed,"Digitized by BLM field office personnel, method unknown",,10687.5053,10366.49182,,Contractor,"Erosion, Habitat for sage grouse, Invasion by Cheatgrass, Invasion by non-native annuals, Livestock in treated area, Noxious Weeds, Threatened Species","Soil/Water Stabilization\r\nDominant Rangeland Ecological Sites within the burned area are: Claypan 12-16 PZ, 025XY017NV (approx. 70%), a soil type subject to flashy overland flow, funneling water energy and flows onto the second major soil type (30%), Loamy 8-10 024XY005, causing moderate sheet and rilling erosion on lower slopes , negatively affecting drainages that support Lahontan Cutthroat Trout, a threatened species.\r\nDesignated Critical Habitat for Federal/State Listed, Proposed, or Candidate Species\r\nThis fire burned through a large portion of winter, summer and nesting sage grouse habitat. Also active leks are within a third of a mile away. The rest of the burned area\u2019s shrub and bunchgrass community was recovering from the Humboldt Fire of 1996 and the Chimney Fire of 1997. \r\nThe Kelly Creek fire burned a large portion of the Tuscarora Sage grouse population management unit (PMU). This and a related fire, Red Hills, burned the same week, impacting more habitat in this same PMU. Cumulative effects of last year\u2019s Winters Fire along with this year\u2019s fires in this area will severely impact the sage grouse populations. This sage grouse population management unit has been developed to protect, restore, improve and manage habitat for sage grouse, which is a BLM sensitive species. This fire also impacted watershed areas of fisheries in First Creek and the S. Fork of the Little Humboldt River, Designated Critical habitat for Lahontan Cutthroat Trout (LCT), a listed, threatened species.\r\nInvasive Plants\r\nThe burned area consisted primarily of recovering Wyoming sage brush/Bunchgrass community (70%) and intact Wyoming sage brush/Bunchgrass Community (30%). These community types have become increasingly more vulnerable to burning followed by conversion to invasive annuals and noxious weeds.  Non-native invasive annual grasses, mostly cheatgrass (Bromus tectorum), are present in the vicinity of the burned area, and were present within the burned area pre-fire.  It is highly likely that seeds of this species remain viable within the seedbank in the burned area post-fire. Hoary cress (Cardaria draba), Tall Whitetop (Lepidium latifolium), Scotch thistle (Onopordum acanthium L.) and Tamarisk (Tamarix L.) are located along roads that lead into the burned area and now pose a threat to increase substantially within the burned area.",None,,None,,"Cost of both aerial seeding totals $309,704 and treatments are related.",28:38:00
Model 17,Nothern Basin and Range,Post-burn aerial seeding,17428,6311,Implemented,Partially Successful,1,00/00/2007,00/00/2010,Acres,2850,Seeding,Aerial Seeding,Aerial Seeding,-1,Confirmed seed list,Morris Ag. Air,Seeds,Confirmed on Paper,Unknown,Species Specific,,To re-establish habitat for BLM sensitive species (Sage Grouse),,Stabilize soils and limit erosion on upper elevation steep slopes within the burn\r\narea to reduce sedimentation into the S. Fork of the Little Humboldt River and to re-establish habitat for\r\nBLM listed sensitive species (Sage Grouse).,"This rehabilitation aerial seeding on the upper parts of the Kelly Ck project returned an average\r\nof 0.01 seeded species per square meter, all of which was forage kochia. This did not meet our\r\ninitial objective of 3 plants per square meter, which we now believe to be unrealistic. Our\r\nexperience, particularly with forage kochia, has demonstrated to us that we often will not get a\r\n\u2018good signal\u2019 on germination and establishment until the 2nd or 3rd. year following the treatment.\r\nThis is probably true of small burnet as well. We did observe a good distribution of seeded plants\r\n(both forage kochia and small burnet) in the areas we traveled through, including our sites, to\r\nhave good confidence in coverage and eventual establishment. These plants will reduce\r\nherbivory impacts on recovering grasses, plants responsible for the majority of soil surface\r\nstability, while increasing forage for both wildlife and livestock.\r\n2010 Summary results:\r\nAerial Rehabilitation Results:\r\nDensity: Overall, the treatment area has good establishment and recruitment of\r\nseeded species. KOPR80 seems to be the most prevalent and consistently spread with\r\nARTRW8 establishing sparsely but with even distribution.\r\nRA-Al density monitoring during 2008 showed trace amounts of KOPR80 within the\r\ntransect, with no other seeded species present. Second year monitoring revealed an\r\nincrease in KOPR80 density as well as the establishment of SAMI, while ARTRW8 was\r\npresent along, but not within, the transect. By 2010, KOPR80 density had increased from\r\n2009 totals, and ARTRW8 had established within the transect signaling progress towards\r\nthe re-establishment of a Wyoming sagebrush community. Seeded species success was\r\nhigh as density objectives were exceeded at this site.\r\nRA-A2 was not established until 2010, so baseline data is not available for\r\ncomparison or trend analysis, however, KOPR80 was present within the transect and\r\nARTRW8 seedlings were observed nearby during 2010 monitoring. This transect is located\r\nwithin a few stands of unburned sagebrush, so natural and seeded ARTRW8 recruitment is\r\nlikely to occur.\r\nFoliar Cover: All foliar objectives were exceeded and a high degree of natural\r\nrecovery was evident in Aerial Rehabilitation sites; all perennial species recorded are\r\ncongruent with the major plant species associated with this ecological site (R025XY017NV)\r\nwhile annuals provided a small percentage of the total cover.\r\nThe average density value for both sites is just shy of meeting objectives. Seeded\r\nspecies have established well throughout this treatment area within a short time which has\r\nmitigated soil erosion and sedimentation transportation to nearby -streams. Moreover\r\nseeded species were recorded along transects during line point intercept studies\r\nsuggesting that they are now components of the vegetation structure providing forage to\r\nsupport the wildlife in the area. The combination of density and foliar cover values led us\r\nto rank this treatment as moderately successful",Polygon,Confirmed,"Digitized by BLM field office personnel, method unknown",,2848.220762,2689.248419,,Contractor,"Erosion, Habitat for sage grouse, Invasion by Cheatgrass, Invasion by non-native annuals, Livestock in treated area, Noxious Weeds, Threatened Species","Soil/Water Stabilization\r\nDominant Rangeland Ecological Sites within the burned area are: Claypan 12-16 PZ, 025XY017NV (approx. 70%), a soil type subject to flashy overland flow, funneling water energy and flows onto the second major soil type (30%), Loamy 8-10 024XY005, causing moderate sheet and rilling erosion on lower slopes , negatively affecting drainages that support Lahontan Cutthroat Trout, a threatened species.\r\nDesignated Critical Habitat for Federal/State Listed, Proposed, or Candidate Species\r\nThis fire burned through a large portion of winter, summer and nesting sage grouse habitat. Also active leks are within a third of a mile away. The rest of the burned area\u2019s shrub and bunchgrass community was recovering from the Humboldt Fire of 1996 and the Chimney Fire of 1997. \r\nThe Kelly Creek fire burned a large portion of the Tuscarora Sage grouse population management unit (PMU). This and a related fire, Red Hills, burned the same week, impacting more habitat in this same PMU. Cumulative effects of last year\u2019s Winters Fire along with this year\u2019s fires in this area will severely impact the sage grouse populations. This sage grouse population management unit has been developed to protect, restore, improve and manage habitat for sage grouse, which is a BLM sensitive species. This fire also impacted watershed areas of fisheries in First Creek and the S. Fork of the Little Humboldt River, Designated Critical habitat for Lahontan Cutthroat Trout (LCT), a listed, threatened species.\r\nInvasive Plants\r\nThe burned area consisted primarily of recovering Wyoming sage brush/Bunchgrass community (70%) and intact Wyoming sage brush/Bunchgrass Community (30%). These community types have become increasingly more vulnerable to burning followed by conversion to invasive annuals and noxious weeds.  Non-native invasive annual grasses, mostly cheatgrass (Bromus tectorum), are present in the vicinity of the burned area, and were present within the burned area pre-fire.  It is highly likely that seeds of this species remain viable within the seedbank in the burned area post-fire. Hoary cress (Cardaria draba), Tall Whitetop (Lepidium latifolium), Scotch thistle (Onopordum acanthium L.) and Tamarisk (Tamarix L.) are located along roads that lead into the burned area and now pose a threat to increase substantially within the burned area.",None,,None,,"Cost of both aerial seeding totals $309,704 and treatments are related.",11:10:00
Model 17,Nothern Basin and Range,Post-burn aerial seeding,18948,6887,Implemented,None,2,2/25/2013,2/25/2013,Acres,11284,Seeding,Aerial Seeding,Aerial Seeding,-1,Confirmed seed list,,Seeds,Confirmed on Paper,Unknown,Species Specific,,"The objectives for cover will be to obtain 70% of all perennial plant cover found in the associated reference site, or, when not possible, achieve 50% of the lowest value for perennial cover associated with the appropriate ecological or range site by the end of the third year. Density objectives for aerially seeded areas will be based on having one seeded species firmly rooted per square meter by first or second growing season following seeding.","This project proposes to aerially seed approximately 13,284 acres of PPH or PGH with seeds based on availability, adaptation, and probability of success consistent with the National Technical Team 2011 Sage-Grouse Conservation Measures; the seed mix would\r\ninclude yarrow, perennial flax, mountain big sagebrush, Wyoming big sagebrush, and antelope bitterbrush. Other site-adapted native plant species will be included in addition to, or as an alternative to the identified species, depending on seed cost and/or availability. This seeding would occur between December 2012 and March 2013.\r\nThis project also proposes to aerially seed Wyoming big sagebrush over the ""cheatgrass die-off' drill seeding project area. Other site-adapted native plant species may be utilized, depending on availability and cost. Approximately 2539 acres will be seeded,\r\nand this seeding would occur between December 2012 and March 2013.","Aerially seeded, by a contractor, 11,284 acres of Sage Grouse Preliminary Priority Habitat and/or Preliminary General Habitat with mountain sagebrush, western yarrow and Sandberg\u2019s bluegrass. The main purpose of this treatment was to stabilize wildlife habitat, with an emphasis on Sage Grouse crucial winter habitat.","T4-A2-SalientPeak-LOCY-14\r\nTreatment: aerially seeded with A. tridentata ssp. vaseyana, P. secunda, and A.\r\nmillefolium\r\n2015: The plot does not meet the perennial cover objectives for ESR or livestock closure.\r\nThe plot meets the objective for density of seeded species. The plot has a diverse\r\npopulation of deep-rooted, perennial bunchgrasses (Figure 13). Invasive plants are\r\nscattered throughout the plot. There is some evidence of grazing, and many plants are\r\nnot producing seeds. Soil stability is reduced, and there is more bare ground than\r\nexpected. Areas of soil deposition are apparent on the plot.\r\n\r\nT4-A2-LOCY-13\r\nTreatment: aerially seeded with A. tridentata ssp. vaseyana, P. secunda, and A.\r\nmillefolium\r\n2015: The plot meets the ESR objective for perennial cover. It does not meet the\r\nlivestock closure objective. The plot meets the objective for density of seeded species.\r\nThe flora is relatively diverse in this plot. B. tectorum is common to codominant and\r\noccupies much of the understory. Some soil degradation has occurred, as shown by\r\nconnected water-flow patterns, reduced soil stability, and pedestalling on perennial\r\nplants.\r\n\r\nT4-Lower Indian Springs1-LOCY-14\r\nTreatment: aerially seeded with A. tridentata ssp. vaseyana, P. secunda, and A.\r\nmillefolium.\r\n2015: The plot meets the ESR objective for perennial cover and the objective for density\r\nof seeded species. The plot does not meet the livestock closure objective for perennial\r\ncover. Annual invasives, B.tectorum and S.altissimum, dominate the site. P.secunda is\r\nthe most successful seeded species.\r\n\r\n*Jordan Meadows Salient Peak 3.938\r\nTreatment: aerially seeded with A. tridentata ssp. vaseyana, P. secunda, and A.\r\nmillefolium.\r\n2015: The plot meets the ESR objective for perennial cover and the objective for density\r\nof seeded species. It does not meet the livestock closure objective for perennial cover.\r\nP.secunda is the only seeded species present. Annual invasives are common on the plot\r\nand are dominant in some areas (Figure 4). Pedestals are common in some areas of the\r\nplot. Dead centers are common in bunchgrasses. There is one noticeable water flow\r\npattern on the plot.\r\n\r\nT4-A1-LOCY-13\r\nTreatment: aerially seeded with Artemisia tridentata ssp. vaseyana, P. secunda, and\r\nAchillea millefolium.\r\n2015: Density of seeded species meets the objective. Plot meets both the ESR and\r\nlivestock closure perennial cover objectives. B. tectorum is codominant with P. secunda\r\non this plot (Figure 1). All of the P. secunda on the plot are slightly pedestalled, and\r\nmany have dead centers. Other deep-rooted bunchgrasses are rare.",Polygon,Confirmed,"Digitized by BLM field office personnel, method unknown",,9737.134008,9722.621851,,,"Habitat for antelope, Habitat for desert bighorn sheep, Habitat for greater sage grouse, Habitat for mule deer, Loss of perennials, Loss of native vegetation, Loss of riparian vegetation, Loss of sagebrush, Loss of vegetation, Invasive species",,None,,None,,,37:24:00
Model 17,Nothern Basin and Range,Post-burn aerial seeding,18959,6892,Implemented,Unsuccessful,2,3/4/2013,3/4/2013,Acres,20000,Seeding,Aerial Seeding,Aerial Seeding: Rotor Wing,-1,Confirmed seed list,Aerial Seed Mix,Seeds,Confirmed on Paper,Unknown,Species Specific,,"The objectives of the aerial seedings, separate from the sagebrush only aerial seeding, is to prevent erosion by reducing bare ground and establishing desirable perennial vegetation. The specific monitoring objectives to determine success are: 1) by the end of the third growing season following implementation of the seedings the density of perennial seeded species is at\r\nleast 1.5 plants per square meter. The objective of the sagebrush application treatments is by the end of the third growing season there is 1.5 live sagebrush plants per 50 square meters.","Aerial seeding objectives vary across the burned area, depending on: likelihood of success given soil and environmental conditions when followed by chaining, avoidance of ground disturbance in critical sage-grouse habitat, and avoidance of impacting lands found to possess wilderness characteristics. The burn area includes some of the west\u2019s greatest densities of Greater sage-grouse, along with what was some of the most intact, contiguous extents of Preliminary Priority Habitat, in addition to Preliminary General Habitat. Approximately 28,366 acres of public land in the burned area would be aerially seeded followed by chaining to incorporate the seed into the soil with multiple seed mixes. Specific treatments and seed mixes are discussed in detail below. All treatments will be completed during the fall of 2012","Sagebrush seeding only. Completed 20000 acres around known sage grouse leks, and packed down using rollers in a mosaic pattern.","FY15: Aerial seeding of sagebrush was not successful. Plans were\r\nimplemented for the growth of sagebrush seedlings in 2015 and\r\n2016 for planting through 2017.\r\n\r\n\r\nThe specific objective of the ground seeding treatment is that by the end of the third growing season following treatment that the density of deep rooted perennial grasses (seeded or natural recovery) will be at least 1.5 plants/m2. Three seed mixes were utilized as shown above in Part 5. The objective of the sagebrush application treatments is by the end of the third growing season there is 1.5 live sagebrush plants per 50 square meters. The table listed below shows the FY13 monitoring data. Results of this data are inconclusive at this point, and need continued monitoring information to further evaluate treatment results.\r\n\r\n2022 Monitoring Data\r\nSagebrush Aerial Seeding\r\nThe aerial seeding of Wyoming sagebrush to restore sagebrush cover for Greater Sage Grouse habitat occurred in the spring of 2013. Direct success of the treatment is unclear, according to the data collected prior to the data that was collected by USGS. However, with time and natural encroachment of sagebrush from unburn stands and sagebrush that surrounded the burn perimeter, the sagebrush foliar cover in the burned areas is now at 6%. The only objective that is currently being met for the deep-rooted perennial grasses in density (Table 7-4). Foliar cover has slowly been on the rise and is now at 15.67% with the majority of foliar cover coming from Thurber\u2019s needle grass (Table 7-5).",Polygon,Confirmed,"Digitized by BLM field office personnel, method unknown",,20805.21772,20805.63099,,Contractor,"Habitat for greater sage grouse, Loss of sagebrush, Loss of vegetation, Erosion, Invasion by cheatgrass, Invasion by non-native annuals, Rangeland health",Management of big sagebrush cover in seedings and on native rangeland to meet the life history requirements of sagebrush-dependent wildlife is described on page 40 of the Southeastern Oregon Resource Management Plan (SEORMP). Managing shrub overstory for multiple-use has significant benefits for wildlife. The character of upland vegetation influences wildlife habitat quality and productivity. This treatment is further provided for on page 50 under the wildlife and wildlife habitat objectives.,None,,None,,,28:33:00
Model 17,Nothern Basin and Range,Post-burn aerial seeding,19842,7236,Implemented,None,2,11/1/2011,11/3/2011,Acres,2405,Seeding,Aerial Seeding,Aerial Seeding: Rotor Wing,-1,Confirmed seed list,,Seeds,Confirmed on Paper,Unknown,Species Specific,"The seed mix did not indicate whether bulk or PLS rates were used, therefore, unknown has been listed and all seed mix information has been entered into the Bulk category.","The objectives for cover will be to obtain 70% of all perennial plant cover found in the associated reference site,\r\nor, when not possible, achieve 50% of the lowest value for perennial cover associated with the appropriate ecological or range site by the end of the third year.\r\nDensity objectives for aerially seeded areas will be based on having one seeded species firmly rooted per square meter by first or second growing season following seeding.","Involves aerially seeding Wyoming sagebrush over 2400 acres of burned area, not to include the forage kochia treatment area (See Treatment Map). This species has proven important to wildlife habitat and is competitive against non-native invasive species.","Aerial Seeded 2,405 acres with Wyoming big sagebrush (Artemisia tridentata ssp. wyomingensis).",,Polygon,Confirmed,"Digitized by BLM field office personnel, method unknown",,2404.755587,2402.073668,,,"Habitat for greater sage grouse, Habitat for desert bighorn sheep, Habitat for antelope, Habitat for mule deer, Invasion by cheatgrass, Invasion by non-native annuals, Rangeland health, Loss of perennialsLoss of sagebrush, Loss of vegetation",,None,,None,,,28:38:00
Model 17,Nothern Basin and Range,Post-burn aerial seeding,19843,7236,Implemented,None,2,11/1/2011,11/3/2011,Acres,330,Seeding,Aerial Seeding,Aerial Seeding: Rotor Wing,-1,Confirmed seed list,,Seeds,Confirmed on Paper,Unknown,Species Specific,"The seed mix did not indicate whether bulk or PLS rates were used, therefore, unknown has been listed and all seed mix information has been entered into the Bulk category.","The objectives for cover will be to obtain 70% of all perennial plant cover found in the associated reference site,\r\nor, when not possible, achieve 50% of the lowest value for perennial cover associated with the appropriate ecological or range\r\nsite by the ned of the third year.\r\nDensity objectives for aerially seeded areas will be based on having one seeded species firmly rooted per square meter by first\r\nor second growing season following seeding.",Aerially seed forage kochia across approximately 330 acres on an area that was the ignition point for this fire and the Martin Creek Fire of 2007.,Aerial Seeded 330 acres with forage kochia (Bassia prostrata).,,Polygon,Confirmed,"Digitized by BLM field office personnel, method unknown",,327.4288891,327.4291944,,,"Habitat for greater sage grouse, Habitat for desert bighorn sheep, Habitat for antelope, Habitat for mule deer, Invasion by cheatgrass, Invasion by non-native annuals, Rangeland health, Loss of perennialsLoss of sagebrush, Loss of vegetation",,None,,None,,,29:44:00
Model 17,Nothern Basin and Range,Post-burn aerial seeding,22513,8220,Implemented,Unknown,1,10/00/2005,3/00/2006,Acres,337,Seeding,Aerial Seeding,Aerial Seeding: Fixed Wing,-1,Planned seed list,Mix B,Seeds,Plan,Unknown,Species Specific,,"The purpose is to aerially broadcast a stabilization seed mix across the upper, less accessible slopes.",,The aerial seeding was completed by Morris Ag Air Contract #FCP060009,,Polygon,Confirmed,"Digitized by BLM field office personnel, method unknown",,308.2426643,297.2418494,,Contractor,"Invasion by Cheatgrass, Invasion by non-native annuals, Noxious Weeds,","These areas, if not treated, would become dominated by invasive annual weeds (cheatgrass). Once conversion to a monotype cheatgrass community occurs, it becomes extremely difficult and expensive to recover these sites back to a Sagebrush scrub community.",None,,None,,Area B,26:46:00
Model 17,Nothern Basin and Range,Post-burn aerial seeding,22881,8365,Implemented,None,1,10/00/2013,12/00/2013,Acres,2085,Seeding,Aerial Seeding,Aerial Seeding: Rotor Wing,-1,Planned seed list,,Seeds,Plan,Unknown,Species Specific,,"The seeding will help increase ground cover rapidly and help to reduce the potential for erosion and establishment of invasive plant species. Species and method selected have proven to be successful in the area. The goal of the treatment is to establish protective ground cover of perennial vegetation to protect the exposed soils from wind and water erosion, and to prevent the area from becoming dominated by annual grasses. Failure to complete seeding operations will leave the burn area open to erosion and proliferation of invasive plants, decreasing the ability of the site to provide suitable habitat for wildlife in the future.","Forage Kochia has been removed from this plan and seed table. \r\nApproximately 2,000 acres within the Olympus Fire will be aerially seeded with forage kochia (Bassia prostrata) and Ladak alfalfa (Medicago sativa). This seeding will help stabilize soils, reduce the potential for wind/water erosion on the site, and decrease opportunities for medusahead spread and established. Seeding will be done utilizing fixed wing aircraft or\r\nhelicopter. Seeding will occur in the winter of 2013-2014, which is the time Burns District along with ODFW and private landowners have been most successful for these seeded species. In the last four years these species have been used in rehabilitation of prescribed fires, wild fires, and crested seeding maintenance with a success rate greater than 75%.\r\nSuccessful projects include Miller Homestead ESR aerial seeding along Hwy 205 (January 2013), Five Creeks aerial seeding rehab of drier sights (December 2011), Crow's Nest (January 2010) and Hamilton (January 2011) drill seeding with tubes polled for crested seeding maintenance in both establish crested and cheatgrass monocultures, and ODFW Tom Segal aerial seeding in burned medusahead monocultures at Jordan Valley (2011). Forage Kochia is a desirable non-native forb that has been shown to suppress invasive annual grass species, coexist with sage-steppe plant communities and stabilize disturbed\r\nsoils (Monaco et al. 2003; Newhall et al. 2004; Harrison et al. 2000; Clements et al. 1997). Past experience with the use of forage kochia on the Burns District has shown a high probability of success at using this species in fire and invasive annual grass restoration projects. Its drought tolerance, combined with extensive root systems and good seedling vigor, make this species ideal for reclamation in areas receiving 9 to 12 inches annual precipitation. Ladak alfalfa is a desirable non-native forb used for improved erosion control, forage, nutrient cycle, and cover. This forb adds diversity to the seed mix and performs\r\nwell in low precipitation zones. Ladak alfalfa and forage kochia are both considered excellent food sources for wildlife and livestock.",Ladak Alfalfa was aerial seeded last winter however it appears that it failed with the below average precipitation in conjunction with Medusahead Rye competition.,None,Polygon,Confirmed,"Digitized by BLM field office personnel, method unknown",8/17/2021,2085.23,2085.09,,,"Habitat for elk, Habitat for mule deer, Habitat for sage grouse, Habitat for antelope, Loss of sagebrush, Loss of vegetation, Rangeland health, Invasion by non-native annuals","The Olympus Fire burned across low sagebrush (Artemisia arbuscula), Wyoming big sagebrush (Artemisia tridentata ssp.\r\nWyomingensis), and medusahead invaded plant communities. Topography over the burned area is a mix of steep mountainous slopes and low gradient slopes starting at approximately 4000 feet in elevation and ending at 4500 feet in elevation. The predominate ecological site is described as a Clayey (9-12 PZ). There is a state of emergency to the Burns District that natural recovery would not occur because of the noxious weed medusahead, and it is expected that areas with low or no levels of infestations would be threatened from by the conversion to annual grassland",Unknown,No documentation.,Unknown,No documentation.,,10:41:00
Model 17,Nothern Basin and Range,Post-burn aerial seeding,24277,8908,Implemented,Unknown,2,10/31/2011,10/31/2011,Acres,917,Seeding,Aerial Seeding,Aerial Seeding: Fixed Wing,-1,Confirmed seed list,,Seeds,Confirmed on Paper,Unknown,Species Specific,,"The objective of the seeding treatments is to establish a perennial dominated plant community within 3 years. The results are based on site potential. The aerial seed treatment of bitterbrush and sagebrush would be considered effective if: 1) Bitterbrush and sagebrush seedlings average 0.1 seedlings per square meter across all density plots; or 2) In qualitative surveys they are found to be common.\r\n\r\nObjective 2 of the FMDA\u2019s objective and management actions is to maintain, protect, and expand sage grouse source habitats. Following wildland fire, use seeding treatments with appropriate plant materials to attempt to stabilize sites and prevent dominance of invasive, annual vegetation, and noxious weeds. Therefore, aerial seeding sagebrush meets this objective and is in conformance with the MFP as amended by the FMDA.",The entire burned area was identified to be aerial seeded\r\nwith a mixture of native grass and shrub plant species. The seed will be applied aerially followed\r\nby a dozer pulling a Dixie Harrow or Ely Chain attached to a draw bar in portions of the burn\r\nthat are accessible to the dozer to make a seed to soil contact. The area is rocky and rough. The\r\nterrain is not suitable for a tractor and a rangeland drill. The amount of stobs would cause\r\nproblems while attempting to drill seed. This is proposed to be accomplished in late FY11 or\r\nearly FY12. Appropriate cultural resource inventories/surveys will be complete prior to\r\nimplementing these specific projects.,"This project consisted of aerial seeding 917 acres within the Pointe fire as part of the Emergency Stabilization Plan. Rate of application was approximately 7.88 pounds bulk seed per acre. The seed was applied to moist ground, see the attached map for the project location. The contractor was Thomas Helicopters, Inc of Gooding, Idaho. The project was completed using one fixed wing plane. The project was started and completed on October 31, 2011.",Unknown,Polygon,Confirmed,"Digitized by BLM field office personnel, method unknown",,917.34,917.34,,Contractor,"Habitat for sage grouse, Habitat for sharptail grouse, Habitat for antelope, Invasion by non-native annuals, Invasion by cheatgrass, Invasive species, Loss of native vegetation, Loss of sagebrush, Rangeland health","This treatment will\r\naid in the re-establishment of pre-fire vegetation. The burn area has a great chance of invasion\r\nof cheatgrass due to topography and by adjacent lands infested by annual grasses. The\r\ndesirable perennial grass and shrub community closely matches the structural, species\r\ncomposition, and diversity of the native plant community to help achieve a healthy functioning\r\nrangeland. Accelerating the rate of reestablishment of sagebrush and native grasses is\r\nimportant to maintaining the value of the area as sage grouse breeding and mule deer wintering\r\nhabitat. Sagebrush is also an important component of suitable habitat for a number of sensitive\r\nsagebrush obligate species.",None,,Other (See Trt Notes),The seed was applied to moist ground,,45:38:00
Model 17,Nothern Basin and Range,Post-burn aerial seeding,24997,13617,Implemented,See Comments,1,10/00/1996,2/00/1997,Acres,200,Seeding,Aerial Seeding,Aerial Seeding,-1,Confirmed seed list,Shrub Seed Mix,Seeds,Confirmed on Paper,,Species Specific,,1. Restore habitat for wildlife\r\n2. Prevent loss of soil through erosion\r\n3. prevent invasion of annual species,Aerial seed 200 acres with a shrub/forb mix.,,1998 Photos and line intercept exist for this project. Please contact the LTDL for access to these documents.,Polygon,Confirmed,"Digitized by BLM field office personnel, method unknown",,869.0785819,823.595702,,,"Loss of Perenials, Other (See Trt Notes), Erosion, Invasion by non-native annuals","Natural recovery of Wyoming big sagebrush communities\r\nis 50 to 75 years. Drill and aerial seeding is proposed\r\nto hasten shrub recovery. This area is crucial habitat\r\nfor sage grouse, antelope, mule deer and chukar. Areas\r\nproposed for seeding were in mid seral ecological\r\nstatus.",None,,None,,,50:51:00
Model 17,Nothern Basin and Range,Post-burn aerial seeding,25210,9278,Implemented,Unknown,2,2/13/2002,2/14/2002,Acres,1656,Seeding,Aerial Seeding,Aerial Seeding: Rotor Wing,-1,Confirmed seed list,Aerial Seeding Lower Bench,Seeds,Confirmed on Paper,Unknown,Species Specific,,"The purpose of the seeding is to provide forage and cover for wildlife, particularly, for sage grouse nesting and summer/brood rearing habitat, and winter range for mule deer and pronghorn antelope. California big horn sheep habitat would also benefit from this seeding. Seeding this area would reduce the potential for the invasion of non-native invasive\r\nweed species.","Wildlife Aerial/Broadcast Seeding:\r\nLower Bench Forage Kochia Seeding: Every other swath within 1,500 acres, which equals 750 acres, would be seeded with forage kochia, Western yarrow and rice hulls (seed carrier).\r\nWhen possible, seed would be broadcast on snow to aid in germination and reduce seed consumption by rodents and birds.","On February 13, 2002 the Ranch Fire Aerial Wildlife, Lower Bench Kochia/Yarrow Seeding began. The seeding was done via rental agreement with EI Aero. EI Aero supplied a helicopter and pilot, seed buckets, fuel truck with crew and seed mixer. BLM supplied the ground crew (six people) and one project inspector. The seed was sprayed with fertilizer in the mixer by a\r\nrepresentative from Germ-N-8. The plan called for 1,950 lbs. of Forage Kochia and 250 lbs. of Western Yarrow on full coverage at a rate of 1.45 bulk lbs./acre.\r\nSeeding began at 15:40 after moving the staging area to the gravel pit off of Jake's Creek Rd. Due to the short amount of time left and the terrain I did not follow on the ATV. Seeding finished for the day at 16:33. The day&$s totals were 520 lbs. of seed over 370 acres averaging 1.41 lbs./acre\r\nOn February 14 seeding resumed at approximately 8:15. I was able to observe seeding of the eastern portion from the ATV. I could see a good flow from the bucket and with a light breeze it wasn&$t drifting much. The ground surface was bare and dry. There were a number of unburned islands within the area. It was difficult to follow the helicopter in the central and northern\r\nportions due to terrain, fences and time. Seeding was finished by approximately 11 :00. The day&$s totals were 1,570 lbs. over 1,286 acres averaging 1.2 lbs./acre. The totals for the project were 2,090 lbs. over 1,656 acres averaging 1.3 lbs./acre which is slightly less than the plan called for. This was probably due to running low on Kochia toward the end of this project.","2002\r\n: The monitoring results for LHAW showed 0.08 (KOPR) per square meter.\r\n\r\n2003\r\nLHAW Aerial Wildlife seeding\r\nSeeded species per square meter: kochia-0.02, yarrow-0.02..\r\nNative Release species per sq. meter: Sandberg\u2019s bluegrass-5.86, Shadscale-0.02, Bottlebrush Squirreltail-0.06, Astragalus-0.02.  This area is dominated by cheatgrass\r\n\r\n2004\r\nLHAW Aerial Wildlife seeding\r\nSeeded species per square meter: kochia-0.18.\r\nNative Release species per sq. meter: Sandberg\u2019s bluegrass-0.88, Shadscale-0.28, Bottlebrush Squirreltail-0.06, Bluebunch wheatgrass-0.28.  This area is dominated by cheatgrass.",Polygon,Confirmed,"Digitized by BLM field office personnel, using an aircraft GPS unit",,1208.60473,1171.695003,,,"Invasion by Cheatgrass, Habitat for sage grouse, Habitat for mule deer, Habitat for antelope, Erosion, Habitat for desert bighorn sheep, Migratory Birds, Provide forage for livestock, Provide forage for wildlife, Watershed degradation","The purpose of the seeding is to provide forage and cover for wildlife, particularly, for sage grouse nesting and summer/brood rearing habitat, and winter range for mule deer and pronghorn antelope. California big horn sheep habitat would also benefit from this seeding. Seeding this area would reduce the potential for the invasion of non-native invasive\r\nweed species.\r\nThe purpose of this seeding is to promote vegetation response within the drainages, which would reduce erosion and stabilize banks over time.",None,,None,,,58:12:00
Model 17,Nothern Basin and Range,Post-burn aerial seeding,25534,9396,Implemented,Unknown,2,1/19/2014,2/11/2014,Acres,4506,Seeding,Aerial Seeding,Aerial Seeding,-1,Planned seed list,BLM Mountain Mix,Seeds,Plan,Unknown,Species Specific,,"Prior to the Red Cow Fire the area supported heavy densities of sagebrush and mountain browse and as a result burned intensely. Without seeding, these areas are highly susceptible to erosion and to invasions by cheatgrass and other exotic weed species. Broadcast seeding of perennial grass species along terraces and benches will provide for soil stabilization and\r\nwill reduce chances of invasive weeds becoming established. Seeded grasses will also aid in sediment trapping and dissipation of flow energies associated with runoff, resulting in improved water quality in downstream areas that support populations of LCT and redband trout. In addition, deep rooted perennial grasses will act to stabilize easily erodible terraces.\r\nPast experience with aerial seeding of drainage bottoms on the District has proven to be very effective due in part to the deeper soils and more favorable moisture regimes characteristic of these areas.","Aerial seed approximately 4,334 acres with a mix of Mountain big sagebrush and western yarrow. The areas have been selected based on ecological site descriptions and burned area assessments. Application will be conducted using a every other swath pattern.\r\n\r\nThe proposed seeding of the public portions of the burn using aerial techniques between November and February has proven to be an effective technique with successful results documented through post fire treatment monitoring. Aerial seeding application would try to be scheduled when there is snow on the ground as observed to be more effective on past\r\ntreatments. Precipitation averages 12-20 inches annually throughout the burned area, providing an adequate amount to establish the proposed seed mixes.",See Contract Diary.,,Polygon,Confirmed,"Digitized by BLM field office personnel, method unknown",2/18/2014,4509.631844,3948.476466,,BLM and Cooperators,"Cover for wildlife, Erosion, Habitat for greater sage grouse, Habitat For Lahontan Cutthroat Trout, Habitat for wildlife, Habitat productivity, Invasive species, Loss of sagebrush, Watershed degradation","Without seeding, these areas are highly susceptible to erosion and to invasions by cheatgrass and other exotic weed species. Broadcast seeding of perennial grass species along terraces and benches will provide for soil stabilization and\r\nwill reduce chances of invasive weeds becoming established. Seeded grasses will also aid in sediment trapping and dissipation of flow energies associated with runoff, resulting in improved water quality in downstream areas that support populations of LCT and redband trout. In addition, deep rooted perennial grasses will act to stabilize easily erodible terraces.\r\nPast experience with aerial seeding of drainage bottoms on the District has proven to be very effective due in part to the deeper soils and more favorable moisture regimes characteristic of these areas.",Mechanical problems during seed application,We only used one bucket for the day because the other bucket was not working. We tried multiple times to get it out and lost a lot of time in doing so\u2026. We again only used one bucket due to the fact the other bucket was not working appropriately and continued to throw the chain off the sprocket. We only completed four buckets due to having continued bucket failures\u2026.,Snow on Ground,"4-6 inches of snow at project site, helispot muddy","According to the Contract Diary there were four total seedings over different areas. Costs were not broken down by seeding area. \r\n\r\nTotal contract cost was $24,668.88. The last day of seeding was completed by NDOW; the RIPS report indicates that NDOW contributed a total of $40,000 in materials/labor/equipment. Planned total seed mix costs were $169,637.31.",44:04:00
Model 17,Nothern Basin and Range,Post-burn aerial seeding,26621,9814,Implemented,Partially Successful,2,2/11/2002,2/12/2002,Acres,7564,Seeding,Aerial Seeding,Aerial Seeding,-1,Confirmed seed list,Low Elevation Shrubs,Seeds,Confirmed on Paper,Unknown,Species Specific,,"To prevent accelerated soil erosion, restore canopy cover and ground cover.","Aerial 8,809 acres of burned rangeland. (some areas seeded twice, once with a grass mixture and then with a shrub mixture,\r\ntreatment are at different times of the year.",This is the Low Elevation Shrub Mix Treatment.  The aerial seeding was done by Thomas Helicopters on 2/11-12/2002. The ground conditions were frozen in the morning thawing in the afternoon with 60-70% snow cover in the higher elevations. The shrub seed was broadcast at high elevations throughout the project and not contour seeded. The grass seed was broadcast in the drainages flying as close as possible for even distribution.,The area is showing good native plant recovery in most areas. The native species pre-fire grasses and forbs have\r\nsuccessfully re-established themselves. The Big Sagebrush seedlings have been established within a portion of the\r\nburned area drainage areas. Observations of sagebrush seedlings were made in portions of the area. The planted\r\nseedling establishment was very favorable in most all of the seeded areas which will provide key forage for many\r\nwildlife species in the area. Soil movement in the steep drainage areas was minimal. Closing pastures and protective\r\nfencing allowed native and seeded species recovery.,Polygon,Confirmed,Digitized by LTDL data entry personnel using a confirmed map,2/3/2020,7175.21,7081.13,Seed Mix #3: Low Elevation Shrubs,Contractor,"Loss of Perennials, Other (See Trt Notes), Erosion, Provide cover for wildlife, Provide forage for wildlife, Habitat for antelope, Habitat for Elk, Habitat for mule deer, Noxious Weeds","The purpose of this project is to reduce the risk of accelerated erosion, restore wildlife habitat, and allow for the recovery of the native vegetation, which burned in the Rough Diamonds fire.  An additional concern was OHV activity in the burned area.\r\n\r\nWildlife- The yellow-billed cuckoo, a candidate species for listing as threatened or endangered could occur. A diversity of other wildlife listed as either BLM ""Sensitive Species"" and/or State of Idaho ""Species of Special Concern"" are known or likely to occur within the area. These include prairie falcon, ferruginous hawk, northern harrier, burrowing owl, sage grouse, loggerhead shrike, willow flycatcher, gray flycatcher, black-throated gray warbler, yellow warbler, MacGillivray\u2019s warbler, green-tailed towhee, sage sparrow, Brewer\u2019s sparrow, grasshopper sparrow, several species of bats, kit fox, longnose snake, western ground snake, Mojave black-collared lizard, western toad, red band trout and possibly others.  Public lands in the vicinity of and within the burn provide crucial winter habitat for mule deer as well as seasonal or yearlong habitat for elk, pronghorn antelope, mountain lion and a diversity of other predators, raptors, nongame birds, small mammals, reptiles and amphibians.\r\n\r\nNoxious weeds- Although noxious weeds were not considered a serious problem within this area prior to the burn, small populations of Scotch thistle (Onopordum acanthium), Canada thistle (Cirsium arvense), and white top (Cardaria draba) are known to exist within and near the burned area.",None,,Snow on Ground,The ground conditions were frozen in the morning thawing in the afternoon with 60-70% snow cover in the higher elevations.,,38:57:00
Model 17,Nothern Basin and Range,Post-burn aerial seeding,26855,13642,Implemented,,1,00/00/2013,00/00/2013,Acres,26000,Seeding,Aerial Seeding,Aerial Seeding: Rotor Wing,-1,Planned seed list,,Seeds,Plan,Unknown,Species Specific,"Seed mix contains two units, both 13,000 acres. Seed list contains duplicate entries for some species. See ES plan for further information.","The removal of above the ground vegetation reduces habitat and forage for many species and eliminates the source of the soil organic layer. This removal also increases overland flow events resulting in high erosion issues. In many places roots are intact and some of the grasses may recover. Fire, no matter the intensity kills the sagebrush species that are present on this field office. This fire has burned a large portion of sage-grouse Preferred Priority Habitat. Re-planting sagebrush and associated grasses in these hard to reach places will improve sage-grouse habitat and provide a small amount of mosaic vegetation patterns for wildlife.\r\nThis treatment will reduce the chances of cheatgrass establishment in places currently dominated by a strong perennial seed bank. Applying perennial species will enhance the native seed bank and allow perennial species to compete with cheatgrass. Due to the amount of variables involved with any seeding project it is difficult to know what the success rate\r\nwill be.","This treatment will require a helicopter to drop a seed mix of about 10 pounds per acre to these identified mapped polygons. This activity will need to occur in the late fall of 2012. \r\nWithin the fire perimeter 26,000 acres have been identified as appropriate for aerial seeding. These places were delineated by soil type, elevation and aspect. Places appropriate for aerial seeding are inaccessible to drill seeding activities. The area involved is also more than hand planting can accomplish.",,,Polygon,Confirmed,"Digitized by BLM field office personnel, method unknown",,23627.99561,23628.09505,,,"Habitat for sage grouse, Habitat for mule deer, Habitat for antelope, Habitat for wild horses, Public safety, Erosion","The purpose of the Proposed Action is to stabilize and rehabilitate lands burned by the Rush Wildfire.  The wildfire created burn impacts on 315,577 acres that require emergency stabilization and rehabilitation actions for the next two to five years.  Vegetation was completely consumed on approximately 243,747 acres within the fire perimeter&* the remaining 71,830 acres contain islands of vegetation that were either not burned or slightly burned.  The fire consumed approximately 77% of the total native vegetation that had previously provided forage for wildlife species, wild horses and burros, and permitted livestock grazing.  The fire consumed a very large portion of the Buffalo Skedaddle Population Management Unit for Greater sage-grouse, and important habitat areas for mule deer and pronghorn.  The fire burned approximately 39% of the Twin Peaks Herd Management Area (HMA), 9% of the Buckhorn HMA, and also burned through nine livestock grazing allotments.\r\n\r\nThe emergency stabilization and rehabilitation measures are needed to reduce soil erosion&* provide watershed stability&* rehabilitate wildlife habitat&* improve water quality&* prevent off-highway vehicle incursions in the burn area&* monitor and protect newly exposed cultural sites&* monitor and prevent invasive plant infestations&* facilitate regeneration of endemic plant species burned in the fire&* and prevent human safety hazards.  Livestock grazing needs to be temporarily closed within the burned portions of nine grazing allotments to allow native and seeded vegetation to recover from fire effects.  The populations of wild horses and burros within the Twin Peaks and Buckhorn Herd Management Areas need to be reduced to prevent the horses and burros from succumbing to starvation, detrimental loss of body condition, and/or injury and disease, and to prevent damage to native rangelands, planned seedings, and priority sage-grouse habitat.  The Rush Fire perimeter and the Burned Area Reflectance Classification for the fire are shown on the following map.",None,,None,,See GIS attribute table for information on the seed lists used for this project.,11:45:00
Model 17,Nothern Basin and Range,Post-burn aerial seeding,28469,10499,Implemented,Partially Successful,1,2/2/2009,2/2/2009,Acres,1750,Seeding,Aerial Seeding,Aerial Seeding: Rotor Wing,-1,Confirmed seed list,Sagebrush Aerial Seed Mix,Seeds,Confirmed in GIS,Unknown,Species Specific,,"The objective of this treatment is to reestablish a desirable perennial plant community that more closely matches the structural and species composition and diversity of the native plant community to help achieve a healthy, functioning rangeland. Accelerating the rate of reestablishment of sagebrush is important to maintaining the value of the area as sage grouse breeding and wintering habitat. Sagebrush is also an important component of suitable habitat for a number of sensitive sagebrush obligate species. The wildfire removed the existing sagebrush cover and sagebrush is not anticipated to recover within the next 10 years without providing a seed source.","Approximately 1,750 acres of the Shoshone Basin wildfire would be aerial seeded with a mixture of Low sagebrush and Wyoming big sagebrush in the winter of 2008/2009.","This project consisted of aerial seeding 1,742 acres.  Rate of application was approximately 1.01 pounds bulk seed per acre.  The seed consisted of 880 pounds of Wyoming Sagebrush and 880 pounds of Low Sagebrush.  The seed was applied to mostly bare ground in strips from northeast to southwest.  The contractor was Thomas Helicopters, Inc of Gooding, ID.  Pilot for the seeding was Rod Thomas.  The project was completed using one helicopter and two sling type buckets.  The project was started and completed on 02/02/09.",Implementation of treatment was supervised and techniques and methods were used. \r\nThe project was completed using customary methods.,Polygon,Confirmed,"Digitized by BLM field office personnel, method unknown",,1741.59,1734.65,,Contractor,"Habitat for mule deer, Habitat for sage grouse, Noxious Weeds, Establishment of seeded species, Loss of desirable species, Loss of native species, Loss of native vegetation, Loss of perennials, Loss of sagebrush, Loss of vegetation, Vegetal cover","The objective of this treatment is to reestablish a desirable perennial plant community that more closely matches the structural and species composition and diversity of the native plant community to help achieve a healthy, functioning rangeland. Accelerating the rate of reestablishment of sagebrush is important to maintaining the value of the area as sage grouse breeding and wintering habitat. Sagebrush is also an important component of suitable habitat for a number of sensitive sagebrush obligate species. The wildfire removed the existing sagebrush cover and sagebrush is not anticipated to recover within the next 10 years without providing a seed source.",None,,Other (See Trt Notes),The seed was applied to mostly bare ground in strips from northeast to southwest.,,51:49:00
Model 17,Nothern Basin and Range,Post-burn aerial seeding,29079,10725,Implemented,None,2,3/00/2004,3/00/2004,Acres,4011,Seeding,Aerial Seeding,Aerial Seeding,-1,Planned seed list,,Seeds,Plan,,Species Specific,"Sagebrush was planned to be a mixture of Mountain and Wyoming sagebrush.  Bottlebrush squirreltail was planned for seeding at 4 lbs per acre, 2000 acres.  Monitoring Summary does not specify exactly how the seeding was done.  Mountain Big Sagebrush was purchased for this project.","Control noxious weeds, restoration after wildfire.","Aerially seed with a mixture of collected native seed, avoiding unburned islands, starting on the south end and working north.",,,Polygon,Confirmed,"Digitized by BLM field office personnel, method unknown",00/00/2004,4007.732326,3987.348211,,,"Loss of vegetation, Noxious Weeds",,None,,None,,,16:16:00
Model 17,Nothern Basin and Range,Post-burn aerial seeding,29153,10748,Implemented,Partially Successful,2,1/00/2007,1/00/2007,Acres,843.69,Seeding,Aerial Seeding,Aerial Seeding: Rotor Wing,-1,Confirmed seed list,Aerial Range/Wildlife Seeding,Seeds,Confirmed on Paper,Unknown,Unknown,Shrubs and grasses flown concurrently.,"The primary objective is to aerially seed burned areas at greatest risk for damage from fire effects.  Establish one seeded plant per square meter rooted firmly in soil with consideration for site selection factors of soils, topography, native release of desirable species, and potential for seedling establishment. \r\n Establish one seeded plant per square meter rooted firmly in soil with consideration for site selection factors of soils, topography, native release of desirable species, and potential for seedling establishment.  Provide cover and forage for wildlife and BLM Special Status Species/migratory birds, including crucial winter habitat for mule deer, and sage grouse habitat.  \r\n\r\nThe aerial seeding will provide soil stabilization, which will reduce runoff and associated sediment loading to intermittent and ephemeral drainages; reduce the potential for invasion nonnative invasive plant species, such as cheatgrass, and noxious weeds; and provide cover and forage for area wildlife populations.  Specifically, this seeding will provide forage for pronghorn antelope and mule deer.  Other sagebrush dependent species such as sage grouse will also benefit.   Migratory birds that utilize shrubs for nesting will also benefit.  Seeding with shrub and grasses will provide deep rooted perennial plants to establish, which will help provide soil stabilization, trap snow and reduce evaporation of the moisture from the soils due to wind.  Shrub establishment will also help the establishment of natural revegetation by capturing snow and providing moisture to grasses and forbs.  The shrubs will also provide sheltered areas from the wind, which will reduce some wind erosion on the site.  All of these functions enhance the herbaceous plant community which protects the soil from potential increased soil erosion that is likely following a fire and reduces the opportunities for increases in invasive nonnative plant or noxious weed species.  Establishment of vegetation helps to stabilize watersheds and upland soils to prevent further degradation to affected resources on lands within the fire perimeter or downstream drainages that may result from short duration, high intensity precipitation events.","Aerially seed approximately 750 acres out of 1,538 acres of public land within the Bucket Flat Allotment, with Snake River wheatgrass, Sherman big bluegrass, Idaho fescue, and Great Basin wildrye.  Seeding would occur in swaths, leaving a nonseeded area between seeded areas.  Aerial seeding will be accomplished using a helicopter and seed bucket or broadcaster.  The seed will be applied when weather conditions are favorable to allow for coverage by snow or adequate moisture, and thus will be applied in late fall or early winter.\r\n\r\nAerially seed approximately 750 acres of mountain big sagebrush and western yarrow with the grass seed mix stated above.  Aerially seed 29 acres of gray low sagebrush and western yarrow on and around (est. 450 foot-radius) fire affected sage grouse lek areas.  Aerial seeding will be accomplished using a helicopter and seed bucket or broadcaster.  The aerial seed will be applied when weather conditions are favorable to allow for coverage by snow or adequate moisture, and thus will be applied in late fall or early winter.\r\n\r\nAerially seed approximately 844 acres with a mix of \u201cSecar\u201d Snake River Wheatgrass, Idaho Fescue, \u201cSherman\u201d Big Bluegrass, and \u201cMagnar\u201d Basin Wildrye.  \r\nAerially seed approximately 844 acres with a seed mix of Western Yarrow, Mountain Big Sagebrush, and Antelope Bitterbrush.","Native grass seeds were applied concurrently with the Snow Canyon Aerial Wildlife Seeding.  \r\nThis treatment was implemented during January via helicopter through an aircraft rental agreement.  AgNav maps of the aerial seeding were completed for the project file.  Aerial seeding was monitored to ensure seed was dispersed over the targeted area at the specified rate.  A project inspector ensured treatment met contract specifications. \r\n\r\nAdditional seed: A mix of forb and shrub seeds was applied concurrently with the Snow Canyon Aerial Range Seeding. .  Because the seed was applied concurrently with the Snow Canyon Aerial Range Seeding, only seed costs are reflected here.","BLM monitoring personnel assess the seeding areas yearly to evaluate treatment success.  Effectiveness is based on establishment of three seeded plants per square meter rooted firmly in the soil with consideration to site selection factors such as soils, topography, native release of desirable species, and the potential for seedling establishment. Monitoring data is shared with range staff to provide comparisons with unburned reference sites.\r\n\r\nThe Snow Canyon Aerial Range Seeding was monitored at the same plot established to monitor the Snow Canyon Aerial Wildlife (low elevation) Seeding. \r\n\r\nMonitoring Results:\r\n2007 \u2013 Of seeded grass species, only Basin Wildrye was recorded, and at low density. \r\n2008 \u2013 No seeded grass species were recorded.   This should be cautiously assessed, because it may result from \u201cquadrat drift,\u201d or non-repeatability of quadrats along a paced transect.  \r\n2009 \u2013 Of seeded grass species, only Basin Wildrye was recorded, and at a low density just slightly higher than that recorded during 2007.  Seeded species density results during 2008 appear to have been anomalous, probably the result of quadrat drift.   Seeded Basin Wildrye is well established at low density.  Reasons for apparent lack of success of other species of grass seeded during this treatment are unknown.  Based upon Basin Wildrye alone we may consider this treatment partially successful.  \r\n\r\nAdditional seed:\r\nMonitoring Results:\r\n2007 \u2013 Antelope Bitterbrush was also seeded with a hand-planting method at the monitoring location. Since Antelope Bitterbrush was \u201cdouble-seeded\u201d at this monitoring location, precise determination of success by treatment is not possible.  Two Antelope Bitterbrush seedlings were recorded.  Recorded Antelope Bitterbrush probably germinated from the hand-plant treatment, not the aerial application.  Mountain Big Sagebrush was not recorded. \r\n2008 \u2013 One seedling of Antelope Bitterbrush and one seedling of Mountain Big Sagebrush were recorded, representing very low densities for both species.  Western Yarrow was not recorded.  \r\n2009 \u2013 Total seeded species were recorded at a moderate density exceeding one-half plant per square meter.  Western Yarrow made the greatest contribution, and appears to be well established at a moderate density near one-half plant per square meter.  One seedling of Antelope Bitterbrush and two seedlings of Mountain Big Sagebrush were recorded, representing very low densities for both species.  On high elevation aerial wildlife seedings implemented across the District, Mountain Big Sagebrush has proven difficult to establish, so any establishment at all is encouraging for this species.  The Snow Canyon Aerial Wildlife Seeding is partially successful.",Polygon,Confirmed,"Digitized by BLM field office personnel, using an aircraft GPS unit",,844.2433368,726.9244698,Range and Wildlife,,"Erosion, Habitat for antelope, Habitat for Elk, Habitat for mule deer, Habitat for sage grouse, Impact on Cultural Resources, Invasion by Cheatgrass, Livestock in treated area, Low Seed Bank, Noxious Weeds, Migratory Birds, Special Status Species","The purpose of the proposed action described in the emergency stabilization and rehabilitation plans and this EA is to protect the burned area from livestock grazing&* to seed the burned area to stabilize the soils&* to identify infestations and prevent the establishment of annual, invasive nonnative plant and noxious weed species, including determining the necessary treatments to prevent them from spreading&* and to allow the undamaged plant species time to reestablish.  The need for the proposed action is to stabilize and prevent unacceptable degradation to natural and cultural resources, to minimize threats to life or property resulting from the effects of the fire, to construct physical improvements necessary to prevent degradation of land or resources, and to prescribe cost effective post-fire stabilization and rehabilitation measures necessary to protect human life, property, and critical cultural and natural resources.",None,,None,,,28:49:00
Model 17,Nothern Basin and Range,Post-burn aerial seeding,29952,11054,Implemented,None,2,10/10/2011,10/10/2011,Acres,5940,Seeding,Aerial Seeding,Aerial Seeding,-1,Confirmed seed list,,Seeds,Confirmed on Paper,Unknown,Species Specific,"The seed mix did not indicate whether bulk or PLS rates were used, therefore, unknown has been listed and all seed mix information has been entered into the Bulk category.","The objectives for cover will be to obtain 70% of all perennial plant cover found in the associated reference site, or, when not possible, to achieve 50% of the lowest value for perennial cover associated with the appropriate ecological or range site by the end of the third year. Density objectives for aerially seeded areas will be based on having one seeded species firmly rooted per square meter by first or second growing season following seeding.",Aerial seeding of Greater Sage Grouse habitat with Wyoming big sagebrush (Artemisia tridentata ssp. wyomingensis).,"Aerial Seeded 5,940 acres with Wyoming big sagebrush (Artemisia tridentata ssp. wyomingensis).","Drought conditions after initial seeding treatment likely contributed to poor response of vegetation. Annual invasive species continue to dominate both plots along with a high cover of P. secunda. After three years of monitoring, neither site met density objectives, and only one of the two sites met the perennial cover objective. Extremely low densities of L. cinereus and A. millefolium were established from seeding treatments, while A. tridentata establishment failed at both plots. Both density of seeded species and perennial cover remained the same for both sites from 2013 to 2014, indicating that the areas may have reached a stable state dominated by shallow-rooted grasses with invasive annual forbs common throughout. Soil loss by wind and water erosion is evident, but not significantly increasing, which suggests that the current vegetation cover may be capable of preventing further soil loss.",Polygon,Confirmed,"Digitized by BLM field office personnel, method unknown",,5929.099504,5908.086089,,,"Habitat for greater sage grouse, Habitat for antelope, Habitat for mule deer, Invasive species, Invasion by cheatgrass, Invasion by non-native annuals, Loss of sagebrush, Loss of perennials, Loss of native vegetation",,None,,None,,,42:58:00
Model 17,Nothern Basin and Range,Post-burn aerial seeding,29989,11069,Implemented,None,2,00/00/1970,00/00/1970,Acres,620,Seeding,Aerial Seeding,Aerial Seeding,-1,Confirmed seed list,,Seeds,Confirmed on Paper,Unknown,Species Specific,,,,"620 acres was seeded in the spring of 1970 to nomad alfalfa, one pound per acre by airplane.",,Polygon,Confirmed,"Digitized by BLM field office personnel, method unknown",,1534.078337,1254.441597,,Contractor,"Watershed degradation, Provide forage for livestock, Provide forage for wildlife",The outcome of this project should be better watershed and grazing conditions,None,,None,,,29:03:00
Model 17,Nothern Basin and Range,Post-burn aerial seeding,29990,11069,Implemented,None,2,00/00/1970,00/00/1970,Acres,90,Seeding,Aerial Seeding,Aerial Seeding,-1,Confirmed seed list,,Seeds,Confirmed on Paper,Unknown,Species Specific,,,,"Wildlife in this area has a better future, due to the fact that 90 acres were seeded with bitterbrush. The job was done by aerial application. Contracted by Vale Flight Service, owned and operated by Clyde Ritter.",,Polygon,Confirmed,"Digitized by BLM field office personnel, method unknown",,1534.078337,1254.441597,,Contractor,"Watershed degradation, Provide forage for livestock, Provide forage for wildlife",The outcome of this project should be better watershed and grazing conditions,None,,None,,,29:20:00
Model 17,Nothern Basin and Range,Post-burn aerial seeding,30471,11239,Implemented,See Comments,1,00/00/2007,00/00/2007,Acres,4600,Seeding,Aerial Seeding,Aerial Seeding,-1,Planned seed list,Basin Big,Seeds,Plan,Unknown,Species Specific,,"Aerial seed Basin big sagebrush (Artemisia tridentata ssp. Tridentata) on approximately 4,600 acres...\r\n\r\nThe monitoring lead or representative would conduct a field reconnaissance of seeded areas approximately one year after seeding has occurred. This would be done to determine general areas of big sagebrush establishment and to delineate these areas on a map. Delineated areas with notable establishment would be digitized into a GIS shapefile and easily sharable. The monitoring lead or representative would measure emergence using belt transects along a triad type plot (Figure 1). This size of individual quadrats would be approximately 1 yrd2 and a total of 198 quadrats would be read per plot. A permanent witness post would be established for each monitoring point. Approximately 1 plot/1000 acres would be systematically established for each treatment. The ES&R team would consider the seeding successful if approximately 0.28 sagebrush plants per square foot are established or a 2% success rate. This equates to approximately 2.8 plants/10 ft2.",Implementation of aerial seeding would be monitored through contract administration. The Contract Officer (CO) and his/her representative (COTR) would ensure seed is purchased and meets BLM Standards. Field inspections of the seeding would be documented by the COTR in an inspection diary. The COTR would ensure the seed is broadcasted on areas as identified.,The aerial seeding was monitored during the 2008 field season.,"Two plots were established in the seeded area in Stone 2. In each plot a range technician walked three 300 ft. transects holding a 16 foot bar and counting sagebrush plants falling within the 16 by 300 foot belt. The three transects were randomly located along a 300 foot line.\r\n\r\nNo sagebrush were found in the first plot. Some big sagebrush, Artemisia tridentata, were found in plot 2, but they were larger plants that likely had survived the fire. Three-tip sage, Artemisia tripartite, was not seeded and was more abundant than was big sagebrush. In plot 2 there were 0.0013 A. tridentata plants per square foot.",Polygon,Confirmed,"Digitized by BLM field office personnel, method unknown",,4645.779926,4645.7841,,Contractor,"Loss of vegetation, Establishment of seeded species, Habitat quality, Loss of desirable species, Loss of sagebrush, Vegetal cover","The burn resulted in significant loss of approximately 4,600 acres of Basin big sagebrush and 2,000 acres of mountain big sagebrush.",None,,None,,Basin Big.,46:44:00
Model 17,Nothern Basin and Range,Post-burn aerial seeding,31201,11506,Implemented,Unknown,2,2/8/2001,2/9/2001,Acres,7963,Seeding,Aerial Seeding,Aerial Seeding: Rotor Wing,-1,Confirmed seed list,Aerial mix,Seeds,Confirmed on Paper,Outside of Treatment,Species Specific,,Establish mountain big sagebrush by aerial seeding (winter 2000 - 2001),Plant mountain big sagebrush throughout entire burn area.\r\n\r\nSagebrush would be seeded by helicopter during the winter of 2000 - 2001.,"This project consisted of aerial seeding 7,963 acres.  Rate of application was approximately 0.25 pound bulk seed per acre. The seed consisted of Mountain Sage. The seed was applied to 100% snow covered ground. The contractor was Thomas Helicopters, Inc. of Gooding, ID. Pilots for the seeding were Rod Thomas and Dale Thomas. The project was completed using two helicopters and three sling type buckets. The project was started on 2.8.01 and completed on 2.9.01.",,Polygon,Confirmed,"Digitized by BLM field office personnel, method unknown",,7957.67,7015.78,,Contractor,Habitat for sage grouse,The...shrubs and tree are major species that Columbian sharp-tailed grouse depend upon for winter survival. Planting sagebrush would ensure reestablishment and provide habitat for the sage grouse.,None,,Snow on Ground,The seed was applied to 100% snow covered ground.,,33:36:00
Model 17,Nothern Basin and Range,Post-burn aerial seeding,31555,13719,Implemented,Unknown,1,1/15/1996,1/31/1996,Acres,2380,Seeding,Aerial Seeding,Aerial Seeding: Rotor Wing,-1,Confirmed seed list,Aerial Mix #1,Seeds,Confirmed on Paper,Unknown,Species Specific,The Wyoming Big Sagebrush was collected from central Utah and had an average PLS of 12%. The Alfalfa and Yellow Sweetclover were inoculated. Agitation was used in the helicopter seeding buckets to prevent Sagebrush from bridging.,"Broadcast seed (Seed mixture No. 3) 2,362 acres, no earlier than October 15, 1995 and ending by February 15, 1996.",Broadcast method: Aerial seeding over 1 inches to 8 inches of snow.,"The aerial seeding was part of the Boise Aerial Seeding Contract, Schedule D, South Clover Aerial Seeding. The aerial seeding was done by Hillsboro Helicopters on approximately 1/15/96 to 1/31/96. Mix #1 was used on the majority of the seeding.",Unknown,Polygon,Confirmed,"Digitized by BLM field office personnel, method unknown",,2220.49,2217.24,,Contractor,"Erosion, Habitat for wildlife, Invasion by Cheatgrass",Rehabilitation Objectives:\r\n1. Stabilize soils\r\n2. Provide vegetative cover and reduce invasion of cheatgrass\r\n3. Restore important wildlife habitat in area,None,,"Cold, Snowing, Windy",The weather was cool and stormy with gusting winds. The ground was frozen with 3-8 inches of snow cover. Repeated snow storms would shut down the contracts due to snowfall and winds.,,37:47:00
Model 17,Nothern Basin and Range,Post-burn aerial seeding,32050,11864,Implemented,None,1,00/00/2003,00/00/2003,Acres,1021,Seeding,Aerial Seeding,Aerial Seeding,-1,Confirmed seed list,Seed Mix #1,,Confirmed on Paper,,Species Specific,,,"Mix # 1 will also be applied aerially\r\nwith a helicopter to approximately 900 acres that burned with a high intensity: 250 acres on Dead Indian Rim burned by the Tool Box Fire in the Dead Indian-Duncan Allotment #709, 40 acres in the Silver Creek canyon and 250 acres of uplands burned by the Silver Fire in the Silver Creek-Bridge Creek #700 and Silver Creek #713 Allotment, and 360 acres of steep, rugged terrain on Monument Rock burned by the Winter Fire in the White Rock #416 Allotment.",,,Polygon,Confirmed,"Digitized by BLM field office personnel, method unknown",,773.0123183,724.3313389,,,None,,None,,None,,Mix #1,17:25:00
Model 17,Nothern Basin and Range,Post-burn aerial seeding,32293,11941,Implemented,None,1,00/00/2006,00/00/2007,Acres,1794,Seeding,Aerial Seeding,Aerial Seeding,-1,Confirmed seed list,Wildlife Aerial Mix,Seeds,Confirmed on Paper,,Species Specific,,Control invasive plants,Aerial seed uplands with forage kochia and Sherman\u2019s big bluegrass,,"-3- Aerial seeding to stabilize soils and restore some forage in the Wyoming sagebrush/Mt. sagebrush communities lost to the fire was partially successful. The forage kochia however has emerged evenly distributed across the ridges and mid slopes, yet is spaced at such distance between plants that our monitoring is unable to capture an establishment \u2018signal\u2019 yet.\r\nBecause of these findings, we propose monitoring results for 1 more growing season.",Polygon,Confirmed,Digitized by LTDL data entry personnel using a map of unknown origin,3/4/2010,1734.859748,1716.898539,,Contractor,"Invasion by non-native annuals, Erosion, Invasion by Cheatgrass",,None,,None,,"Planned for fall of 2006 or winter of 2006-7.\r\n\r\nI drew this shapefile, but it is copied from a GIS map.  Cannot locate the original GIS map.",01:38:00
Model 17,Nothern Basin and Range,Post-burn aerial seeding,32309,11943,Implemented,Little Success,2,2/7/2003,2/12/2003,Acres,40069,Seeding,Aerial Seeding,Aerial Seeding,-1,Confirmed seed list,Seed Mix 4,Seeds,Confirmed on Paper,,Species Specific,Triticale=Pioneer Triticale.,"1. Objective: Soil 1 - Improve unsatisfactory and maintain satisfactory watershed health/condition on\r\nall areas. Page 9-10.\r\nManagement Actions and Allocations:\r\n2. Implement grazing practices that improve or maintain native rangeland species to attain\r\ncomposition, density, aerial cover and vigor appropriate to site potential.\r\n3. Provide a minimum of two growing seasons rest from livestock grazing and other watershed\r\ndisturbing activities following fires.\r\n4.Grazing systems and other activities will be designed to minimize soil erosion caused by surface\r\ndisturbance activities through proper timing with regard to soil moisture content and range\r\nreadiness.\r\n2. Objective: Soil 2 - Achieve stabilization of current, and prevent the potential for future, localized\r\nTrimbly Fire ESR Plan 11\r\naccelerated soil erosion problems ( particularly on stream banks, roads and trails). Localized\r\naccelerated soil erosion is where humans, by their actions, are responsible for the site specific erosive\r\nprocess. Page 10.\r\nManagement Actions and Allocations:\r\n3. Limit surface disturbing activities on soils sensitive to compaction or that have a high soil\r\nerosion potential rating, or that are exhibiting existing accelerated erosion problems.\r\n3. Objective: Water 1 - Meet or exceed State of Idaho water quality standards on all Federally\r\nadministered waters within the Owyhee Resource Area. Page 11.\r\nManagement Actions and Allocations:\r\n7. Provide a minimum of two growing seasons rest from livestock grazing following fires.\r\n4. Objective: Vegetation 1 - Improve unsatisfactory rand maintain satisfactory vegetation\r\nhealth/condition on all areas. Page 13.\r\nManagement Actions and Allocations:\r\n4. Provide a minimum of two growing seasons rest from livestock grazing and other watershed\r\ndisturbing activities following prescribed of wild fire.\r\n5. Objective: Wildlife 1 - Maintain or enhance the condition, abundance structural stage and\r\ndistribution of plant communities and special habitat features required to support a high diversity and\r\ndesired population of wildlife. Page 16.\r\nManagement Actions and Allocations:\r\n5. Reseed burns with a variety of shrubs, forbs and grasses. Rest all burns and seedings from\r\nlivestock grazing for a minimum of two growing seasons following treatment.\r\n6. Objective: Fishery Habitat - Improve or maintain perennial stream/riparian areas to attain\r\nsatisfactory conditions to support native fish. Page 19.\r\nManagement Actions and Allocations:\r\n7. Provide a minimum of two growing seasons rest from livestock grazing following fires.\r\n7. Objective: Livestock Grazing Management - Provide for a sustained level of livestock use\r\ncompatible with meeting other resource objectives. Page 24.\r\nManagement Actions and Allocations:\r\n6. Use a minimal level of rangeland developments (e.g., fences, water facilities) to adjust livestock\r\ngrazing practices to achieve multiple use resource objectives and meet standards for rangeland\r\nhealth.\r\n8. Objective: Fire 2 - Decrease soil erosion and sediment yield, restore forage values, and restore\r\nupland habitat values and riparian values using fire rehabilitation procedures following a wildfire.\r\nPage 26.\r\nManagement Actions and Allocations:\r\n3. Apply rehabilitation seed mixtures to meet watershed, wildlife and riparian objectives.\r\n4. Rest all rehabilitated areas, with the exception of firelines, from livestock grazing for at least two\r\ngrowing seasons.\r\n9. Objective: Visual 2 - Manage public lands for visual resource values under Visual Resource\r\nTrimbly Fire ESR Plan 12\r\nManagement (VRM) classifications. Page 44.\r\nManagement Actions and Allocations:\r\n1. Classify and manage public lands under the following VRM classifications.\r\nClass I, Class II, Class II-IMP, Class III, and Class IV areas. See Map VISL-1, page M-48.\r\n10. Objective: Cultural 2 - Provide special management emphasis for the protection and conservation\r\nof significant cultural resource sites and values. Page 45.\r\nManagement Actions and Allocations:\r\n4. Identify, evaluate, and nominate sites/areas that quality to the National Register of Historic\r\nPlaces and prepare Cultural Resource Management Plans for those sites. See Map Cult-1 page M-\r\n50.\r\n11. Objective: WHRS 1 - Maintain wild and free-roaming horses in the Owyhee Wild Horse Herd\r\nManagement Areas (HMAs) at appropriate management levels (AML) within a thriving natural\r\necological balance.\r\nManagement Actions and Allocations:\r\n4. Manage wild free-roaming horses as a component of the public lands in a manner that maintains\r\nor improves the rangeland ecosystem.\r\n12. Objective: SSPS 1 - Manage special status species and habitats to increase or maintain populations\r\nat levels where their existence is no longer threatened and there is no need for listing under the\r\nEndangered Species Act of 1973, as amended.\r\nManagement Actions and Allocations:\r\n2. Limit adverse impacts of various land use activities, management actions, and land tenure\r\nadjustments to special status plant and animal species populations and habitats.\r\n3. Protect and enhance habitat for a diversity of special status species.\r\n13. Objective: ACEC 1 - Retain existing and designate new areas of critical environmental concern\r\n(ACECs) where relevance and importance criteria are met and where special management is needed to\r\nprotect the values identified.\r\nManagement Actions and Allocations:\r\n3. Manage designated ACECs with the special management actions identified: surface disturbing\r\nequipment and non-native plant materials may be used, with protection and maintenance of the\r\nidentified resource values given priority.","A combination of aerial, drill, and hand planting methods would be used. Seed mixes are described\r\nbelow. Upland seed mixtures 1, 2 and 3 would be applied with standard rangelands drills pulled\r\nalong by tractors. Seed mixture 4, 5 and 6 would be aerially applied by either helicopter or fixed\r\nwing aircraft. Habitats for special status plants would be protected from drill seeding impacts by\r\nhaving the Owyhee Field Office botanist on site to ensure avoidance. All unburned patches,\r\nregardless of size, would also be avoided during drill seeding. The Jump Creek ACEC and an\r\nadjacent area would be seeded with native species through a combination of drill, aerial, and hand\r\napplications. Drill seeding would not occur within the ACEC. Support vehicles will be required to\r\nstay on existing roads in the area to be seeded with seed mixture 3 within the ACEC. The\r\nfollowing native species will be used: bluebunch wheatgrass; Snake River wheatgrass; thickspike\r\nwheatgrass; great basin wild rye; Wyoming big sagebrush; shadscale; fourwing saltbush; red osier\r\ndogwood; yellow willow; serviceberry; choke cherry.","This treatment uses Aerial mix 4.\r\n\r\n40,069 acres were aerial seeded by Thomas Helicopter on February 7-12th, 2003. The helicopter\r\nused was a Hughes 500 N1091W. Buckets used for seed dispersal were specifically designed for\r\nsage brush seed using a air induction system. Weather conditions were clear with calm to light\r\nwinds (2-5 mph) thru out the seeding, temperatures were a minimum of 16 degrees to a\r\nmaximum of 46 degrees, site and ground conditions consisted of frozen soils in the mornings and\r\nthawing soils in the afternoon. The ground was partially snow covered from February 7-10th and\r\nopen ground (no snow) cover February 11-12th.",,Polygon,Confirmed,"Digitized by BLM field office personnel, method unknown",,40101.46382,39724.6371,Aerial Seed Mix #4,,"Invasion by Cheatgrass, Invasion by non-native annuals, Provide cover for wildlife, Provide forage for wildlife, Threatened Species, Noxious Weeds","Vegetation - Reestablishing bunchgrasses before invasive grass species such as cheatgrass and medusahead ryegrass invade and dominate these newly disturbed range sites. Of further concern would be the loss of the sagebrush component and its post-fire reestablishment.\r\nLivestock - Implementing reductions and adequate rest from livestock grazing to allow vegetation to adequately establish and recover to levels which may sustain livestock grazing and provide site stability.\r\nWildlife - Loss of prey species for raptors such as golden eagles and ferruginous hawks, loss of food and cover for mule deer and pronghorn, loss of nesting habitat for loggerhead shrike, sage sparrow, Brewer\u2019s sparrow, sage thrasher, western meadowlark, lark sparrow, mourning dove, mallard, ring-necked pheasant, chukar, and gray partridge, loss of cover for great basin rattlesnake, striped whipsnake, racer, gopher snake, long-nosed snake, western ground snake, common garter snake, and Mojave collared lizard, whiptail, leopard lizard, side-botched lizard, sagebrush lizard and fence swift and a loss of cover and feeding area for many migratory song birds.\r\nHabitats for the 8 BLM sensitive plant species that may occur in this area could be compromised if invasive species dominate or if over-aggressive rehabilitation treatments are used.\r\nCultural and Paleontological Resources - The majority of the fire area has not been surveyed for cultural or paleontological sites. The known cultural content of adjacent areas, and geological strata, within the fire area, similar to those in the vicinity which contain fossil materials, indicate survey must be done to assess the content of areas where ground disturbing treatments will be applied.\r\nWatershed and Soils - The proper hydrologic function of upland watersheds to capture, store, and safely release rainfall and snowmelt runoff and the ability of streams to meet State of Idaho water quality standards may be impaired, as a result of the wild fire.\r\nNoxious Weeds and Invasive Species - Reestablishing increaser and decrease bunchgrasses before noxious weeds such as Scotch thistle, Russian knapweed, jointed goatgrass, and whitetop and invasive grass species such as cheatgrass and medusahead ryegrass invade and dominate these newly disturbed range sites.",None,,None,,,06:22:00
Model 17,Nothern Basin and Range,Post-burn aerial seeding,33273,12332,Implemented,None,2,1/18/2011,1/18/2011,Acres,669,Seeding,Aerial Seeding,Aerial Seeding,-1,Confirmed seed list,,Seeds,Confirmed on Paper,Unknown,Species Specific,"The seed mix did not indicate whether bulk or PLS rates were used, therefore, unknown has been listed and all seed mix information has been entered into the Bulk category.","The objectives for cover will be to obtain 70% of all perennial plant cover found in the associated reference site, or, when not possible, achieve 50% of the lowest value for perennial cover associated with the appropriate ecological or range site by the end of the third year. Density objectives for aerially seeded areas will be based on having one seeded species firmly rooted per square meter by first or second growing season following seeding.",,Aerial Seeded 669 acres with Wyoming Big Sagebrush,,Polygon,Confirmed,"Digitized by BLM field office personnel, method unknown",,669.1298083,666.1934105,,Contractor,"Habitat for antelope, Habitat for mule deer, Invasion by cheatgrass, Invasion by non-native annuals, Loss of perennials, Loss of native vegetation, Loss of sagebrush","The Virgin Creek fire was a lightning caused fire which started on 08/08/2010 and was contained on 08/09/2010. This fire burned across lower drainages to foothill areas of the Pine Forest Range.  Vegetation burned was comprised primarily of Wyoming sagebrush communities. These areas were either partially invaded with cheatgrass or are areas where cheatgrass has populated some fraction of the under-story. Seeding is critical for re-establishing the Wyoming sagebrush community, re-establishing wildlife habitat and increasing perennial grass competition to prevent the establishment and spread of annual invasive grasses and noxious weeds.\r\nThe area in which the fire burned is important mule deer winter range and year round pronghorn antelope use.",None,,None,,"The final monitoring report states this project was funded with ESR funds, but the BAR costs lists this treatment as funded by BAR plans.",43:41:00
Model 17,Nothern Basin and Range,Post-burn aerial seeding,33800,12538,Implemented,Unknown,2,1/11/2008,2/29/2008,Acres,6170,Seeding,Aerial Seeding,Aerial Seeding: Rotor Wing,-1,Confirmed seed list,Low Elev. WLSM,Seeds,Confirmed on Paper,Unknown,Unknown,Seed list confirmed via 2008 MonFund.,The primary objective of the treatment is to seed areas of the burn that are at high risk for significant erosion and non-native species invasion. To improve vegetation structure and reintroduce the shrub component to improve habitat.,"\u2022\tLow Elevation Seeding - This seeding will consist of Wyoming big sagebrush and Western yarrow and will be aerially applied over approximately 6,125 acres of Wyoming sagebrush sites that are located below 5,500 feet through the bottomlands of the burned area.  This area is occupied by sage grouse, mule deer, and pronghorn antelope, which are all Resource Management Plan-featured species.  The Low Elevation Seed Mix will be aerially seeded with an every other swath pattern comprising of 12,250 acres.",A low elevation mix of Wyoming big sagebrush and Sanfoin was selected to improve vegetation structure and reintroduce the shrub component to improve habitat.\r\nThis treatment was done in December with a helicopter through and aircraft rental agreement. AgNav maps of the aerial seeding were completed for the project file. Aerial seeding was monitored to ensure that seed was being dispersed in the proper area and at the specified rate. A project inspector was present throughout the process to ensure the treatment met contract specifications.,"BLM monitoring personnel assess the seeding areas yearly to evaluate treatment success.  Effectiveness is based on establishment of three seeded plants per square meter rooted firmly in the soil with consideration to site selection factors such as soils, topography, native release of desirable species, and the potential for seedling establishment. Monitoring data is shared with range staff to provide comparisons with unburned reference sites.\r\n\r\nOn the high (low?) elevation aerial treatment (WBS2-01, WBS2-02 and WBS2-03), seeded species per square meter were observed with the following density: \r\nSanfoin, .24\r\nTotal seeded species observed per meter:  .24\r\n\r\nThe following native release species were also observed within the transects: POSE, SIHY, AGSP, CHVI-8, STTH, ALLIU, AMTE, PHHO, CHDO, PHLO, GARA, LUPIN, ASTRA, OPPR, CRAC, BAHO, EPBR, PEGA, AGGL, ZYPA and ASTER\r\n\r\nThe following invasive/ potentially invasive species were observed within the transect: BRTE, IVAX, LEPE and DEPI",Polygon,Confirmed,"Digitized by BLM field office personnel, using an aircraft GPS unit",,6169.896958,6165.87269,,Contractor,"Erosion, Habitat for sage grouse, Impact on Cultural Resources, Noxious Weeds, Habitat for Elk, Habitat for mule deer, Migratory Birds, Provide cover for wildlife, Provide forage for wildlife, Special Status Species, Watershed degradation","The purpose of the proposed action described in the emergency stabilization and rehabilitation plans and this EA is to protect the burned area from livestock grazing, seed the burned area to stabilize the soils and prevent the establishment of annual invasive nonnative and noxious plant species, allow the undamaged plant species time to re-establish, and treat the invasive nonnative and noxious plant species to prevent spreading.  The need for the proposed action is to stabilize and prevent unacceptable degradation to natural and cultural resources, to minimize threats to life or property resulting from the effects of the fire, to construct physical improvements necessary to prevent degradation of land or resources, and to prescribe cost effective post-fire stabilization measures necessary to protect human life, property, and critical cultural and natural resources.\r\n\r\nThe proposed seeding would help stabilize watersheds and upland soils to prevent further degradation to affected resources on lands within the fire perimeter or downstream drainages that may result from short duration, high intensity precipitation events&* reduce the potential for invasive nonnative and noxious weeds and competitive annual plant species&* help provide forage, cover, and habitat for wildlife, including but not limited to, BLM designated special status species, migratory birds, mule deer, pronghorn antelope, and sage grouse.",None,,None,,Low WLSM\r\n\r\n2008 MonFund under the R3 section Monitoring Results has the High Elev. WLSM listed twice.  The first appears to be for the High Elev WLSM and the second for the low elevation due to the affiliated monitoring sites.,10:49:00
Model 17,Nothern Basin and Range,Post-burn aerial seeding,33801,12538,Implemented,Unknown,2,12/11/2008,2/29/2009,Acres,5203,Seeding,Aerial Seeding,Aerial Seeding: Rotor Wing,-1,Confirmed seed list,Mid Elev. WLSM,Seeds,Confirmed on Paper,Unknown,Unknown,Seed list confirmed via 2008 MonFund.,"The primary objective of the treatment is to seed areas of the burn that are at high risk for significant erosion and non-native species invasion. To improve vegetation structure and reintroduce the shrub component to improve habitat.\r\n\r\nThe fire killed vast portions of the shrub component within the burn perimeter.   The goal of reseeding the treatment areas with shrub species is to help provide cover and forage for wildlife; reduce water erosion hazards by stabilizing soils; increase the rate at which native riparian vegetation is restored; maintain a healthy, productive, and diverse plant community; and minimize the establishment of exotic annual plants.","\u2022\tMid Elevation #1 Drainage Bottom Seeding \u2013 This will be an aerial seeding of Basin big sagebrush over 1,830 acres shadowing watershed drainages that were not identified in the Watershed Seeding in the ES Plan.  Treatment acres were identified by incorporating GIS data, soil maps, and ecological site descriptions, as well emphasizing areas around known sage grouse lek areas.\r\n\r\n\u2022\tMid Elevation #2 Slopes and Ridges \u2013 Seed approximately 3,000 acres with Wyoming big sagebrush and Western yarrow targeting areas on slopes and ridges that had pre-existing Wyoming sagebrush communities.  Treatment acres were identified by incorporating GIS data, soil maps, and ecological site descriptions, as well emphasizing areas around known sage grouse lek areas.",A mid elevation mix of Wyoming and Basin big sagebrush and Blue flax was selected to improve vegetation structure and reintroduce the shrub component to improve habitat.\r\n:  This treatment was done in December with a helicopter through and aircraft rental agreement. AgNav maps of the aerial seeding were completed for the project file. Aerial seeding was monitored to ensure that seed was being dispersed in the proper area and at the specified rate. A project inspector was present throughout the process to ensure the treatment met contract specifications.,"BLM monitoring personnel assess the seeding areas yearly to evaluate treatment success.  Effectiveness is based on establishment of three seeded plants per square meter rooted firmly in the soil with consideration to site selection factors such as soils, topography, native release of desirable species, and the potential for seedling establishment. Monitoring data is shared with range staff to provide comparisons with unburned reference sites.\r\n\r\nOn the mid elevation aerial treatment (WBS3/M-01. WBS3/M-02 and WBS3/M-03), seeded species per square meter were observed with the following density: \r\nSanfoin, .05\r\nWyoming big sagebrush, .01\r\nTotal seeded species observed per meter:  .06\r\n\r\nThe following native release species were also observed within the transects: POSE, SIHY, AGSP, CHVI-8, CHNA, ASTRA, CRAC, TRDU, LUPIN, PHLO, ALLIU, PHHO, BASA, AGGL, PEGA, BAHO and ZYPA\r\n\r\nThe following invasive/ potentially invasive species were observed within the transect: BRTE, IVAX, LEPE and DEPI",Polygon,Confirmed,"Digitized by BLM field office personnel, using an aircraft GPS unit",,5202.862781,5196.461887,,Contractor,"Erosion, Habitat for sage grouse, Impact on Cultural Resources, Noxious Weeds, Habitat for Elk, Habitat for mule deer, Migratory Birds, Provide cover for wildlife, Provide forage for wildlife, Special Status Species, Watershed degradation","The purpose of the proposed action described in the emergency stabilization and rehabilitation plans and this EA is to protect the burned area from livestock grazing, seed the burned area to stabilize the soils and prevent the establishment of annual invasive nonnative and noxious plant species, allow the undamaged plant species time to re-establish, and treat the invasive nonnative and noxious plant species to prevent spreading.  The need for the proposed action is to stabilize and prevent unacceptable degradation to natural and cultural resources, to minimize threats to life or property resulting from the effects of the fire, to construct physical improvements necessary to prevent degradation of land or resources, and to prescribe cost effective post-fire stabilization measures necessary to protect human life, property, and critical cultural and natural resources.\r\n\r\nThe proposed seeding would help stabilize watersheds and upland soils to prevent further degradation to affected resources on lands within the fire perimeter or downstream drainages that may result from short duration, high intensity precipitation events&* reduce the potential for invasive nonnative and noxious weeds and competitive annual plant species&* help provide forage, cover, and habitat for wildlife, including but not limited to, BLM designated special status species, migratory birds, mule deer, pronghorn antelope, and sage grouse.",None,,None,,Mid Elev. WLSM,20:28:00
Model 17,Nothern Basin and Range,Post-burn aerial seeding,33802,12538,Implemented,Unknown,2,1/11/2008,2/29/2008,Acres,3688,Seeding,Aerial Seeding,Aerial Seeding: Rotor Wing,-1,Confirmed seed list,High Elev. WLSM,Seeds,Confirmed on Paper,Unknown,Unknown,Seed list confirmed via 2008 MonFund.,"The primary objective of the treatment is to seed areas of the burn that are at high risk for significant erosion and non-native species invasion. To improve vegetation structure and reintroduce the shrub component to improve habitat.\r\nThe fire killed vast portions of the shrub component within the burn perimeter.   The goal of reseeding the treatment areas with shrub species is to help provide cover and forage for wildlife; reduce water erosion hazards by stabilizing soils; increase the rate at which native riparian vegetation is restored; maintain a healthy, productive, and diverse plant community; and minimize the establishment of exotic annual plants.","\u2022\tHigh Elevation Seeding \u2013 Aerially seed approximately 3,700 acres with a mix which consists of Mountain big sagebrush, Basin big sagebrush, and Western yarrow.  Treatment emphasis was placed on the most critical areas for mule deer yearlong range using ecological sites based on vegetation mortality, soil types, pre-fire vegetation condition, and consultation with the Nevada Department of Wildlife.",A high elevation mix of Mountain and Basin big sagebrush and Small burnett was selected to improve vegetation structure and reintroduce the shrub component to improve habitat.\r\nThis treatment was done in December with a helicopter through and aircraft rental agreement. AgNav maps of the aerial seeding were completed for the project file. Aerial seeding was monitored to ensure that seed was being dispersed in the proper area and at the specified rate. A project inspector was present throughout the process to ensure the treatment met contract specifications.,"BLM monitoring personnel assess the seeding areas yearly to evaluate treatment success.  Effectiveness is based on establishment of three seeded plants per square meter rooted firmly in the soil with consideration to site selection factors such as soils, topography, native release of desirable species, and the potential for seedling establishment. Monitoring data is shared with range staff to provide comparisons with unburned reference sites.\r\nIn the first year post-fire and post-treatment, both seeded and native species were recorded in the study plots on the West Basin Fire. \r\n\r\nOn the high elevation aerial treatment (WBS3/H-01) seeded species per square meter were observed with the following density: \r\nBasin big sagebrush, .06\r\nSanfoin, .02\r\nTotal seeded species observed per meter:  .08\r\n\r\nThe following native release species were also observed within the transects: POSE, SIHY, AGSP, AGDA, CHVI-8, KRLA, PHHO, CRAC, CALOC, PEGA, LODI, ARNO, AMTE, AGGL, CHDO and ERSP\r\n\r\nThe following invasive/ potentially invasive species were observed within the transect: BRTE, IVAX, LEPE and DEPI",Polygon,Confirmed,"Digitized by BLM field office personnel, using an aircraft GPS unit",,3688.311194,3684.091507,,Contractor,"Erosion, Habitat for sage grouse, Impact on Cultural Resources, Noxious Weeds, Habitat for Elk, Habitat for mule deer, Migratory Birds, Provide cover for wildlife, Provide forage for wildlife, Special Status Species, Watershed degradation","The purpose of the proposed action described in the emergency stabilization and rehabilitation plans and this EA is to protect the burned area from livestock grazing, seed the burned area to stabilize the soils and prevent the establishment of annual invasive nonnative and noxious plant species, allow the undamaged plant species time to re-establish, and treat the invasive nonnative and noxious plant species to prevent spreading.  The need for the proposed action is to stabilize and prevent unacceptable degradation to natural and cultural resources, to minimize threats to life or property resulting from the effects of the fire, to construct physical improvements necessary to prevent degradation of land or resources, and to prescribe cost effective post-fire stabilization measures necessary to protect human life, property, and critical cultural and natural resources.\r\n\r\nThe proposed seeding would help stabilize watersheds and upland soils to prevent further degradation to affected resources on lands within the fire perimeter or downstream drainages that may result from short duration, high intensity precipitation events&* reduce the potential for invasive nonnative and noxious weeds and competitive annual plant species&* help provide forage, cover, and habitat for wildlife, including but not limited to, BLM designated special status species, migratory birds, mule deer, pronghorn antelope, and sage grouse.",None,,None,,High Elev. WLSM\r\n\r\n2008 MonFund under the R3 section Monitoring Results has the High Elev. WLSM listed twice.  The first appears to be for the High Elev WLSM and the second for the low elevation due to the affiliated monitoring sites.,34:09:00
Model 17,Nothern Basin and Range,Post-burn aerial seeding,33807,12538,Implemented,Unknown,1,1/00/2009,1/00/2009,Acres,813,Seeding,Aerial Seeding,Aerial Seeding,-1,Confirmed seed list,Sagegrouse HLI,Seeds,Confirmed on Paper,Unknown,Species Specific,,This seed was to be made available to all of the Nevada BLM offices to be used this year to support fire rehab in occupied sage-grouse habitat.,"The Nevada State Office provided the Elko District a sum of $70,000 in Healthy Lands Initiative funding to purchase sagebrush seed during the 2008 Summer Seed Buy.  This seed was to be made available to all of the Nevada BLM offices to be used this year to support fire rehab in occupied sage-grouse habitat.","813 acres were aerially seeded within the 2007 West Basin Fire. Through coordination with NDOW Biologists the highest priority areas were selected for treatment based on the amount of available seed purchased through HLI funds. 1,320 lbs. of Wyoming big sagebrush was seeded on West Basin.",,Polygon,Confirmed,"Digitized by BLM field office personnel, using an aircraft GPS unit",,813.0827904,812.880049,,,"Erosion, Habitat for sage grouse, Impact on Cultural Resources, Noxious Weeds, Habitat for Elk, Habitat for mule deer, Migratory Birds, Provide cover for wildlife, Provide forage for wildlife, Special Status Species, Watershed degradation","The purpose of the proposed action described in the emergency stabilization and rehabilitation plans and this EA is to protect the burned area from livestock grazing, seed the burned area to stabilize the soils and prevent the establishment of annual invasive nonnative and noxious plant species, allow the undamaged plant species time to re-establish, and treat the invasive nonnative and noxious plant species to prevent spreading.  The need for the proposed action is to stabilize and prevent unacceptable degradation to natural and cultural resources, to minimize threats to life or property resulting from the effects of the fire, to construct physical improvements necessary to prevent degradation of land or resources, and to prescribe cost effective post-fire stabilization measures necessary to protect human life, property, and critical cultural and natural resources.\r\n\r\nThe proposed seeding would help stabilize watersheds and upland soils to prevent further degradation to affected resources on lands within the fire perimeter or downstream drainages that may result from short duration, high intensity precipitation events&* reduce the potential for invasive nonnative and noxious weeds and competitive annual plant species&* help provide forage, cover, and habitat for wildlife, including but not limited to, BLM designated special status species, migratory birds, mule deer, pronghorn antelope, and sage grouse.",None,,None,,,33:12:00
Model 17,Nothern Basin and Range,Post-burn aerial seeding,33811,12538,Implemented,Unknown,2,12/00/2007,12/00/2007,Acres,500,Seeding,Aerial Seeding,Aerial Seeding: Rotor Wing,-1,Confirmed seed list,Kochia,Seeds,Confirmed on Paper,Unknown,Unknown,Seed mix confirmed via 2008 MonFund. \r\nMix acres = GIS data\r\nPlanned amount/acre.,"In order to minimize the future spread of wildfire, forage kochia will be seeded aerially along the road systems within the lower elevation areas of the fire.  The seeding of kochia will also compete and minimize the spread of cheatgrass in these areas.\r\nThe primary objective of the treatment is to aerially seed areas that are most at risk for long-term irreversible damage due to the effects of the fire.",Kochia Seeding \u2013 Aerial seed approximately 572 acres with forage kochia along the main County Road near the Idaho State Line.,"Additionally, Kochia was aerially applied alongside major travel corridors within the burned area. This treatment was done in December with a helicopter through and aircraft rental agreement. AgNav maps of the aerial seeding were completed for the project file. Aerial seeding was monitored to ensure that seed was being dispersed in the proper area and at the specified rate. A project inspector was present throughout the process to ensure the treatment met contract specifications.","BLM monitoring personnel assess the seeding areas yearly to evaluate treatment success.  Effectiveness is based on establishment of three seeded plants per square meter rooted firmly in the soil with consideration to site selection factors such as soils, topography, native release of desirable species, and the potential for seedling establishment. Monitoring data is shared with range staff to provide comparisons with unburned reference sites.\r\n\r\nFor the kochia treatment (WBS3/K-01), seeded species per square meter were observed with the following density: \r\nKochia, 1.58\r\nTotal seeded species observed per meter: 1.58\r\n\r\nThe following native release species were also observed within the transects: POSE, SIHY, AGSP, CHVI-8, STTH, ALLIU, AMTE, PHHO, CHDO, PHLO, GARA, LUPIN, ASTRA, OPPR, CRAC, BAHO, EPBR, PEGA, AGGL, ZYPA and ASTER\r\n\r\nThe following invasive/ potentially invasive species were observed within the transect: BRTE, IVAX, HAGL, LEPE, SAKA, SIAL and DEPI",Polygon,Confirmed,"Digitized by BLM field office personnel, using an aircraft GPS unit",,499.5112618,499.0691553,,BLM and Cooperators,"Erosion, Habitat for sage grouse, Impact on Cultural Resources, Noxious Weeds, Habitat for Elk, Habitat for mule deer, Migratory Birds, Provide cover for wildlife, Provide forage for wildlife, Special Status Species, Watershed degradation","The purpose of the proposed action described in the emergency stabilization and rehabilitation plans and this EA is to protect the burned area from livestock grazing, seed the burned area to stabilize the soils and prevent the establishment of annual invasive nonnative and noxious plant species, allow the undamaged plant species time to re-establish, and treat the invasive nonnative and noxious plant species to prevent spreading.  The need for the proposed action is to stabilize and prevent unacceptable degradation to natural and cultural resources, to minimize threats to life or property resulting from the effects of the fire, to construct physical improvements necessary to prevent degradation of land or resources, and to prescribe cost effective post-fire stabilization measures necessary to protect human life, property, and critical cultural and natural resources.\r\n\r\nThe proposed seeding would help stabilize watersheds and upland soils to prevent further degradation to affected resources on lands within the fire perimeter or downstream drainages that may result from short duration, high intensity precipitation events&* reduce the potential for invasive nonnative and noxious weeds and competitive annual plant species&* help provide forage, cover, and habitat for wildlife, including but not limited to, BLM designated special status species, migratory birds, mule deer, pronghorn antelope, and sage grouse.",None,,None,,Kochia Seeding\r\n\r\nAcres used is from the GIS data due to no differentiation of data on 2008 Monitoring Summary and Funding Request (MonFund).\r\n\r\nThe sum of the acres for the Watershed and Kochia seedings from the GIS data is not consistent with the 2008 MonFund.,53:11:00
Model 17,Nothern Basin and Range,Post-burn aerial seeding,33934,12589,Implemented,Unknown,2,12/00/2007,12/00/2007,Acres,975,Seeding,Aerial Seeding,Aerial Seeding: Rotor Wing,-1,Confirmed seed list,Mule Deer North Slope Mix,Seeds,Confirmed on Paper,Unknown,Unknown,Seed list confirmed via 2008 MonFund.,"The fire killed the shrub component within the burn perimeter.   The goal of reseeding the treatment areas with shrub species is to help provide cover and forage for wildlife; reduce water erosion hazards by stabilizing soils; increase the rate at which native riparian vegetation is restored; maintain a healthy, productive, and diverse plant community; and minimize the establishment of exotic annual plants.  \r\n\r\nThe primary objective of the treatment is to seed areas of the burn that are at high risk for significant erosion and non-native species invasion.","\u2022\tNorth Slope Seeding - Aerially seed approximately 1,000 acres with antelope bitterbrush and Idaho fescue in the areas that are important to wintering deer and that are not being treated mechanically or by hand seeding due to difficult access.  Emphasis will be placed on seeding north slopes above 5,500 feet that have the optimal environmental conditions for seeding success.","A North slope mix of Idaho fescue, Small burnett and Antelope bitterbrush was applied to the fire.\r\nThis treatment was done in December with a helicopter through and aircraft rental agreement. AgNav maps of the aerial seeding were completed for the project file. Aerial seeding was monitored to ensure that seed was being dispersed in the proper area and at the specified rate. A project inspector was present throughout the process to ensure the treatment met contract specifications.","BLM monitoring personnel assess the seeding areas yearly to evaluate treatment success.  Effectiveness is based on establishment of three seeded plants per square meter rooted firmly in the soil with consideration to site selection factors such as soils, topography, native release of desirable species, and the potential for seedling establishment. Monitoring data is shared with range staff to provide comparisons with unburned reference sites.\r\n\r\nOn the North slope aerial treatment (WFS3/W-01, WFS3/W-02 and WFS3/W-03), seeded species per square meter were observed with the following density: \r\nIdaho fescue, .11\r\nAntelope bitterbrush, .03\r\nTotal seeded species observed per meter:  .14\r\n\r\nThe following native release species were also observed within the transects: POSE, SIHY, AGSP, AGDA, CHVI-8, PHHO, CRAC, CALOC, PEGA, ZYPA, ARNO, AMTE, AGGL, CHDO and ERSP\r\n\r\nThe following invasive/ potentially invasive species were observed within the transect: BRTE, SIAL, LEPE and DEPI",Polygon,Confirmed,"Digitized by BLM field office personnel, using an aircraft GPS unit",,975.0715756,928.845601,,BLM and Cooperators,"Erosion, Habitat for antelope, Habitat for Elk, Habitat for mule deer, Habitat for sage grouse, Impact on Cultural Resources, Noxious Weeds, Migratory Birds, Special Status Species, Provide cover for wildlife, Watershed degradation","The purpose of the proposed action described in the emergency stabilization and rehabilitation plans and this EA is to protect the burned area from livestock grazing, seed the burned area to stabilize the soils and prevent the establishment of annual invasive nonnative and noxious plant species, allow the undamaged plant species time to re-establish, and treat the invasive nonnative and noxious plant species to prevent spreading. The need for the proposed action is to stabilize and prevent unacceptable degradation to natural and cultural resources, to minimize threats to life or property resulting from the effects of the fire, to construct physical improvements necessary to prevent degradation of land or resources, and to prescribe cost effective post-fire stabilization measures necessary to protect human life, property, and critical cultural and natural resources.\r\nThe proposed seeding would help stabilize watersheds and upland soils to prevent further degradation to affected resources on lands within the fire perimeter or downstream drainages that may result from short duration, high intensity precipitation events&* reduce the potential for invasive nonnative and noxious weeds and competitive annual plant species&* help provide forage, cover, and habitat for wildlife, including but not limited to, BLM designated special status species, migratory birds, mule deer, pronghorn antelope, and sage grouse.",None,,None,,Mule Deer North Slope\r\nCost is for seeds.,10:23:00
Model 17,Nothern Basin and Range,Post-burn aerial seeding,33935,12589,Implemented,Unknown,2,12/00/2007,12/00/2007,Acres,25541,Seeding,Aerial Seeding,Aerial Seeding: Rotor Wing,-1,Confirmed seed list,Low Elevation mix,Seeds,Confirmed on Paper,Unknown,Species Specific,Seed list confirmed via 2008 MonFund.\r\nAmounts planned.,"The fire killed the shrub component within the burn perimeter.   The goal of reseeding the treatment areas with shrub species is to help provide cover and forage for wildlife; reduce water erosion hazards by stabilizing soils; increase the rate at which native riparian vegetation is restored; maintain a healthy, productive, and diverse plant community; and minimize the establishment of exotic annual plants.  \r\nThe primary objective of the treatment is to seed areas of the burn that are at high risk for significant erosion and non-native species invasion.","\u2022\tLow Elevation Seeding - This seeding will consist of Wyoming big sagebrush and Western yarrow and will be applied over approximately 25,470 acres of Wyoming sagebrush sites that are located below 5,500 feet through the bottomlands of the burned area.  This area is occupied by sage grouse, mule deer, elk, and pronghorn antelope, which are all Resource Management Plan-featured species.  The Low Elevation Seed Mix will be aerially seeded with an every other swath pattern comprising of 50,940 acres.",A low elevation treatment of Wyoming big sage and Western Yarrow was applied to the fire. \r\nThis treatment was done in December with a helicopter through and aircraft rental agreement. AgNav maps of the aerial seeding were completed for the project file. Aerial seeding was monitored to ensure that seed was being dispersed in the proper area and at the specified rate. A project inspector was present throughout the process to ensure the treatment met contract specifications.,"BLM monitoring personnel assess the seeding areas yearly to evaluate treatment success.  Effectiveness is based on establishment of three seeded plants per square meter rooted firmly in the soil with consideration to site selection factors such as soils, topography, native release of desirable species, and the potential for seedling establishment. Monitoring data is shared with range staff to provide comparisons with unburned reference sites.\r\n\r\nOn the low elevation aerial treatment (WFS2-01, WFS2-02, WFS2-03), seeded species per square meter were observed with the following density: \r\nWyoming big sagebrush, .01\r\nWestern yarrow, .01\r\nTotal seeded species observed per meter:  .02\r\n\r\nThe following native release species were also observed within the transects: POSE, SIHY, AGSP, AGDA CHVI-8, STTH, ELCI, ALLIU, AMTE, PHHO, CHDO, PHLO, GARA, LUPIN, ASTRA, OPPR, CRAC, BAHO, EPBR, PEGA, AGGL, ZYPA and ASTER\r\n\r\nThe following invasive/ potentially invasive species were observed within the transect: BRTE, IVAX, HAGL, SIAL, LEPE and DEPI",Polygon,Confirmed,"Digitized by BLM field office personnel, using an aircraft GPS unit",,25528.43325,25503.64942,,BLM and Cooperators,"Erosion, Habitat for antelope, Habitat for Elk, Habitat for mule deer, Habitat for sage grouse, Impact on Cultural Resources, Noxious Weeds, Migratory Birds, Special Status Species, Provide cover for wildlife, Watershed degradation","The purpose of the proposed action described in the emergency stabilization and rehabilitation plans and this EA is to protect the burned area from livestock grazing, seed the burned area to stabilize the soils and prevent the establishment of annual invasive nonnative and noxious plant species, allow the undamaged plant species time to re-establish, and treat the invasive nonnative and noxious plant species to prevent spreading. The need for the proposed action is to stabilize and prevent unacceptable degradation to natural and cultural resources, to minimize threats to life or property resulting from the effects of the fire, to construct physical improvements necessary to prevent degradation of land or resources, and to prescribe cost effective post-fire stabilization measures necessary to protect human life, property, and critical cultural and natural resources.\r\nThe proposed seeding would help stabilize watersheds and upland soils to prevent further degradation to affected resources on lands within the fire perimeter or downstream drainages that may result from short duration, high intensity precipitation events&* reduce the potential for invasive nonnative and noxious weeds and competitive annual plant species&* help provide forage, cover, and habitat for wildlife, including but not limited to, BLM designated special status species, migratory birds, mule deer, pronghorn antelope, and sage grouse.",None,,None,,Low Elev. WLSM\r\nCost is for seeds.,19:10:00
Model 17,Nothern Basin and Range,Post-burn aerial seeding,33936,12589,Implemented,Unknown,2,12/00/2007,12/00/2007,Acres,5821,Seeding,Aerial Seeding,Aerial Seeding: Rotor Wing,-1,Confirmed seed list,Mid Elevation,Seeds,Confirmed on Paper,Unknown,Unknown,Seed list verified via 2008 MonFund.\r\nPlanned amounts.,"The primary objective of the treatment is to seed areas of the burn that are at high risk for significant erosion and non-native species invasion. \r\nThe fire killed the shrub component within the burn perimeter.   The goal of reseeding the treatment areas with shrub species is to help provide cover and forage for wildlife; reduce water erosion hazards by stabilizing soils; increase the rate at which native riparian vegetation is restored; maintain a healthy, productive, and diverse plant community; and minimize the establishment of exotic annual plants.","\u2022\tMid Elevation #1 Drainage Bottom Seeding \u2013 This will be an aerially seeding of Basin big sagebrush over 3,300 acres shadowing watershed drainages that were not identified in the Watershed Seeding in the ES Plan.  Treatment acres were identified by incorporating GIS data, soil maps, and ecological site descriptions, as well emphasizing areas around known sage grouse lek areas.\r\n\u2022\tMid Elevation #2 Slopes and Ridges \u2013 Seed approximately 2,650 acres with Wyoming big sagebrush and Western yarrow targeting areas on slopes and ridges that had pre-existing Wyoming sagebrush communities.  Treatment acres were identified by incorporating GIS data, soil maps, and ecological site descriptions, as well emphasizing areas around known sage grouse lek areas.",A mid elevation treatment of Basin and Wyoming big sagebrush and Western yarrow was applied to the fire. \r\nThis treatment was done in December with a helicopter through and aircraft rental agreement. AgNav maps of the aerial seeding were completed for the project file. Aerial seeding was monitored to ensure that seed was being dispersed in the proper area and at the specified rate. A project inspector was present throughout the process to ensure the treatment met contract specifications.,"BLM monitoring personnel assess the seeding areas yearly to evaluate treatment success.  Effectiveness is based on establishment of three seeded plants per square meter rooted firmly in the soil with consideration to site selection factors such as soils, topography, native release of desirable species, and the potential for seedling establishment. Monitoring data is shared with range staff to provide comparisons with unburned reference sites. \r\n\r\nOn the mid elevation aerial treatment (WFS3/M-01), seeded species per square meter were observed with the following density: \r\nWyoming big sagebrush, .02\r\nBasin big sagebrush, .01\r\nWestern Yarrow, .10\r\nTotal seeded species observed per meter:  .13\r\n\r\nThe following native release species were also observed within the transects: POSE, SIHY, AGSP, AGDA, CHVI-8, PHHO, CRAC, CALOC, PEGA, ZYPA, ARNO, AMTE, AGGL, CHDO and ERSP\r\n\r\nThe following invasive/ potentially invasive species were observed within the transect: BRTE, SIAL, LEPE and DEPI",Polygon,Confirmed,"Digitized by BLM field office personnel, using an aircraft GPS unit",,5821.414949,5806.977073,,BLM and Cooperators,"Erosion, Habitat for antelope, Habitat for Elk, Habitat for mule deer, Habitat for sage grouse, Impact on Cultural Resources, Noxious Weeds, Migratory Birds, Special Status Species, Provide cover for wildlife, Watershed degradation","The purpose of the proposed action described in the emergency stabilization and rehabilitation plans and this EA is to protect the burned area from livestock grazing, seed the burned area to stabilize the soils and prevent the establishment of annual invasive nonnative and noxious plant species, allow the undamaged plant species time to re-establish, and treat the invasive nonnative and noxious plant species to prevent spreading. The need for the proposed action is to stabilize and prevent unacceptable degradation to natural and cultural resources, to minimize threats to life or property resulting from the effects of the fire, to construct physical improvements necessary to prevent degradation of land or resources, and to prescribe cost effective post-fire stabilization measures necessary to protect human life, property, and critical cultural and natural resources.\r\nThe proposed seeding would help stabilize watersheds and upland soils to prevent further degradation to affected resources on lands within the fire perimeter or downstream drainages that may result from short duration, high intensity precipitation events&* reduce the potential for invasive nonnative and noxious weeds and competitive annual plant species&* help provide forage, cover, and habitat for wildlife, including but not limited to, BLM designated special status species, migratory birds, mule deer, pronghorn antelope, and sage grouse.",None,,None,,Mid Elev. WLSM\r\nCost for seeds.,26:47:00
Model 17,Nothern Basin and Range,Post-burn aerial seeding,33939,12589,Implemented,Unknown,2,12/00/2007,12/00/2007,Acres,2120,Seeding,Aerial Seeding,Aerial Seeding: Rotor Wing,-1,Confirmed seed list,Watershed Mix,Seeds,Confirmed on Paper,Unknown,Unknown,Seed list confirmed via 2008 MonFund.,"Prior to the West Fork Fire, terraces and benches associated with drainage bottoms supported heavy densities of sagebrush and as a result burned intensively.  Without seeding, these areas are highly susceptible to erosion and to invasions by cheatgrass and other exotic weed species.  Broadcast seeding of perennial grass species along terraces and benches will provide for soil stabilization and will reduce chances of invasive weeds becoming established.  Seeded grasses will also aid in sediment trapping and dissipation of flow energies associated with runoff, resulting in improved water quality in downstream areas. In addition, deep rooted perennial grasses will act to stabilize easily erodible terraces. \r\n\r\nThe primary objective of the treatment is to aerially seed areas that are most at risk for long-term irreversible damage due to the effects of the fire.","Watershed Seeding - Aerial seed approximately 2,425 acres with Western yarrow, Bannock thickspike wheatgrass, Snake River Wheatgrass, Magnar Great Basin wildrye, and Sherman big bluegrass.  Seeding will target drainages and tributaries that burned with moderate to high severity.  Basin big sagebrush will also be added to the mix under the Rehabilitation Plan.","A watershed mix of Snake River wheatgrass, Streambank wheatgrass, Idaho fescue, Basin Wildrye, Thickspike wheatgrass, Big bluegrass, Sanfoin and Basin big sagebrush was applied to the fire. \r\nThis treatment was done in December with a helicopter through and aircraft rental agreement. AgNav maps of the aerial seeding were completed for the project file. Aerial seeding was monitored to ensure that seed was being dispersed in the proper area and at the specified rate. A project inspector was present throughout the process to ensure the treatment met contract specifications.","BLM monitoring personnel assess the seeding areas yearly to evaluate treatment success.  Effectiveness is based on establishment of three seeded plants per square meter rooted firmly in the soil with consideration to site selection factors such as soils, topography, native release of desirable species, and the potential for seedling establishment. Monitoring data is shared with range staff to provide comparisons with unburned reference sites.\r\n\r\nIn the first year post-fire and post-treatment, both seeded and native species were recorded in the study plots on the West Fork Fire. \r\n\r\nOn the aerial watershed treatment (WFS3/D-01 and WFS3/D-02), seeded species per square meter were observed with the following density: \r\nSnake River wheatgrass, .25\r\nThickspike wheatgrass, .86\r\nStreambank wheatgrass, .44\r\nBasin wildrye, 13\r\nBig bluegrass, .05\r\nSanfoin, .01\r\nBasin big sagebrush, .26\r\nTotal seeded species observed per meter: 2.0\r\n\r\nThe following native release species were also observed within the transects: POSE, SIHY, AGSP, CHVI-8, BASA, PHHO, LUPIN, AMTE, LARE, PHLO and GARA\r\n\r\nThe following invasive/ potentially invasive species were observed within the transect: BRTE, IVAX, LEPE and DEPI",Polygon,Confirmed,"Digitized by BLM field office personnel, using an aircraft GPS unit",,2120.334841,2090.175983,,BLM and Cooperators,"Erosion, Habitat for antelope, Habitat for Elk, Habitat for mule deer, Habitat for sage grouse, Impact on Cultural Resources, Noxious Weeds, Migratory Birds, Special Status Species, Provide cover for wildlife, Watershed degradation","The purpose of the proposed action described in the emergency stabilization and rehabilitation plans and this EA is to protect the burned area from livestock grazing, seed the burned area to stabilize the soils and prevent the establishment of annual invasive nonnative and noxious plant species, allow the undamaged plant species time to re-establish, and treat the invasive nonnative and noxious plant species to prevent spreading. The need for the proposed action is to stabilize and prevent unacceptable degradation to natural and cultural resources, to minimize threats to life or property resulting from the effects of the fire, to construct physical improvements necessary to prevent degradation of land or resources, and to prescribe cost effective post-fire stabilization measures necessary to protect human life, property, and critical cultural and natural resources.\r\nThe proposed seeding would help stabilize watersheds and upland soils to prevent further degradation to affected resources on lands within the fire perimeter or downstream drainages that may result from short duration, high intensity precipitation events&* reduce the potential for invasive nonnative and noxious weeds and competitive annual plant species&* help provide forage, cover, and habitat for wildlife, including but not limited to, BLM designated special status species, migratory birds, mule deer, pronghorn antelope, and sage grouse.",None,,None,,Watershed Seeding\r\nESR/BAR Coop.\r\nAll costs combined for watershed treatments.,40:15:00
Model 17,Nothern Basin and Range,Post-burn aerial seeding,33947,12589,Implemented,Unknown,2,12/00/2007,12/00/2007,Acres,11218,Seeding,Aerial Seeding,Aerial Seeding: Rotor Wing,-1,Confirmed seed list,Mule Deer Winter Range Mix,Seeds,Confirmed on Paper,Unknown,Species Specific,Seed list confirmed via 2008 MonFund.\r\nAmounts from BAR planned seed list.,"The fire killed the shrub component within the burn perimeter.   The goal of reseeding the treatment areas with shrub species is to help provide cover and forage for wildlife; reduce water erosion hazards by stabilizing soils; increase the rate at which native riparian vegetation is restored; maintain a healthy, productive, and diverse plant community; and minimize the establishment of exotic annual plants.  \r\n\r\nEmphasis of these rehabilitation seedings have been placed on mule deer, antelope, and sage grouse.  Application of sagebrush seed will target areas that had the existing vegetation community that is being seeded.  \r\n\r\nThe primary objective of the treatment is to seed areas of the burn that are at high risk for significant erosion and non-native species invasion.","\u2022\tMule Deer Winter Range Seeding \u2013 Aerially seed approximately 11,550 acres with a mix which consists of Mountain big sagebrush, Basin big sagebrush, and Western yarrow.  Treatment emphasis was placed on the most critical areas for mule deer winter range using ecological sites based on vegetation mortality, soil types, precondition vegetation, and consultation with the Nevada Department of Wildlife.",A Mule Deer Winter Range mix of Mountain and Basin big sagebrush and Western Yarrow was applied. \r\nThis treatment was done in December with a helicopter through and aircraft rental agreement. AgNav maps of the aerial seeding were completed for the project file. Aerial seeding was monitored to ensure that seed was being dispersed in the proper area and at the specified rate. A project inspector was present throughout the process to ensure the treatment met contract specifications.,"BLM monitoring personnel assess the seeding areas yearly to evaluate treatment success.  Effectiveness is based on establishment of three seeded plants per square meter rooted firmly in the soil with consideration to site selection factors such as soils, topography, native release of desirable species, and the potential for seedling establishment. Monitoring data is shared with range staff to provide comparisons with unburned reference sites.\r\n\r\nIn the first year post-fire and post-treatment, both seeded and native species were recorded in the study plots on the West Fork Fire. \r\n\r\nOn the Mule deer winter range aerial treatment (WFS3/W-01, WFS3/W-02 and WFS3/W-03) seeded species per square meter were observed with the following density: \r\nWestern yarrow, .24\r\nBasin big sagebrush, .04\r\nMountain big sagebrush, .01\r\nTotal seeded species observed per meter:  .29\r\n\r\nThe following native release species were also observed within the transects: POSE, SIHY, AGSP, AGDA, CHVI-8, PHHO, CRAC, CALOC, PEGA, ZYPA, ARNO, AMTE, AGGL, CHDO and ERSP\r\n\r\nThe following invasive/ potentially invasive species were observed within the transect: BRTE, SIAL, LEPE and DEPI",Polygon,Confirmed,"Digitized by BLM field office personnel, using an aircraft GPS unit",,11217.55168,10839.09663,,Contractor,"Erosion, Habitat for antelope, Habitat for Elk, Habitat for mule deer, Habitat for sage grouse, Impact on Cultural Resources, Noxious Weeds, Migratory Birds, Special Status Species, Provide cover for wildlife, Watershed degradation","The purpose of the proposed action described in the emergency stabilization and rehabilitation plans and this EA is to protect the burned area from livestock grazing, seed the burned area to stabilize the soils and prevent the establishment of annual invasive nonnative and noxious plant species, allow the undamaged plant species time to re-establish, and treat the invasive nonnative and noxious plant species to prevent spreading. The need for the proposed action is to stabilize and prevent unacceptable degradation to natural and cultural resources, to minimize threats to life or property resulting from the effects of the fire, to construct physical improvements necessary to prevent degradation of land or resources, and to prescribe cost effective post-fire stabilization measures necessary to protect human life, property, and critical cultural and natural resources.\r\nThe proposed seeding would help stabilize watersheds and upland soils to prevent further degradation to affected resources on lands within the fire perimeter or downstream drainages that may result from short duration, high intensity precipitation events&* reduce the potential for invasive nonnative and noxious weeds and competitive annual plant species&* help provide forage, cover, and habitat for wildlife, including but not limited to, BLM designated special status species, migratory birds, mule deer, pronghorn antelope, and sage grouse.",None,,None,,Mule Deer Winter\r\nCost is seed cost.,06:02:00
Model 17,Nothern Basin and Range,Post-burn aerial seeding,34970,12982,Implemented,Partially Successful,1,10/00/2005,3/00/2006,Acres,16424,Seeding,Aerial Seeding,Aerial Seeding,-1,Confirmed seed list,Aerial Wildlife Seeding,Seeds,Confirmed on Paper,Unknown,Unknown,"Only two bags of Great Basin Wildrye. \r\nThe seed mix did not indicate whether bulk or PLS rates were used, therefore, unknown has been listed and all seed mix information has been entered into the Bulk category.","To establish three seeded plants per square meter rooted firmly in the soil with consideration to site selection factors such as soils, topography, native release of desirable species, and the potential for seedling establishment; to provide cover and forage for wildlife.\r\n\r\nOverall Seeding Application\r\nBroadcast seed on approximately 12,699 acres with the two different seed mixtures shown below.  Treatments would be completed aerially such as use of a helicopter with seed broadcast bucket.  Seeding  grasses and forbs within drainages would allow for watershed protection and will reduce erosion potential.  The seeding of big sagebrush and Western yarrow would help provide cover and forage for approximately 200 wildlife species that inhabit sagebrush habitats including sage grouse and mule deer (both Resource Management Plan-featured species), migratory birds and Special Status Species.  It would also provide vegetation needed for ecological site dynamics.","Aerially seed approximately 14,500 acres with Wyoming big sagebrush and Western yarrow. \r\n\r\n\r\nWyoming Big Sagebrush/Western Yarrow Mix Portion of  Overall Seeding Application\r\nBroadcast seed on every third 60-foot swath which would equal approximately 12,219 acres within 37,026 acres. Wyoming big sagebrush and Western yarrow would be applied at 0.25 pounds pure live seed (PLS) per acre an 0.15 pounds PLS per acre, respectively.  This consideration includes a \u201cno seeding\u201d buffer of 400 feet on main roads and two-tracks for potential future fuel break planning, private lands and the estimated 10% unburned areas within the perimeter.","The Aerial Wildlife seed mixture included Basin Wildrye, Western Yarrow, and Wyoming Big Sagebrush.  Basin Wildrye was only added to two of the bags used in this treatment.","The aerial wildlife seeding on the Wilson burn was monitored at three sites, one in each allotment affected by the fire. \r\nMonitoring Results: \r\n2006 \u2013 Success of the Wilson aerial wildlife seeding varied from monitoring plot to monitoring plot.  The first year of monitoring indicated generally low rates of germination and establishment for Western Yarrow and Wyoming Big Sagebrush.  Treatment success was higher in the Petan-Owyhee Unit range allotment: there the soil surface seemed to have undergone less erosion and appeared to offer a better seedbed than on the YP and Owyhee grazing allotments.  In the YP and Owyhee allotments, seeded species establishment was low after first year of growth.  No seeded species were observed outside quadrats or off transect in the YP Allotment, though an effort was made to locate the transect within the seeding aircraft\u2019s flight path. On both the YP grazing allotment and Owyhee grazing allotment monitoring sites, there appeared to be considerable surface erosion, with pedestaling of Sandberg\u2019s Bluegrass that survived the fire.  The exposed soil surface between pedestaled grass crowns was smooth and seemed relatively impervious to penetration of broadcast seed under normal circumstances.  Except for surface cracking initiated by high clay content, favorable seedbed appeared scarce.  There is little or no Cheatgrass on the monitoring sites, and cheatgrass establishment on uplands across the Wilson burn is generally low.  Failure of Cheatgrass to establish on burn uplands may result from the same unfavorable soil surface factors that appear to have retarded establishment of aerially seeded species. \r\n2007 \u2013 Changes in recorded densities of seeded species appear insignificant, and result from inability to replicate quadrat placement precisely along paced transects from year to year.  Native release species remain at densities comparable to those recorded during 2006. \r\n2008 \u2013 Success of the Aerial Wildlife Seeding across the wide areas treated on the Wilson Burn was variable but generally poor and appeared to respond to conditions such as ground surface conditions relative to seedbed favorability, localized drought, and competition from preexisting vegetation.  Germination and establishment rates for all seeded species were low, especially in the YP and Owyhee grazing allotments.  Fluctuations were insignificant and densities remained at very low levels throughout the monitoring period.  On the Petan-Owyhee Unit grazing allotment germination and establishment rates for aerially seeded species were slightly higher, and appeared to decline over the monitoring period. \r\nThe monitoring plot (WIWI-01) was established as a paced transect to monitor the Aerial Wildlife Seeding applied at this location. The monitoring plot is located on a flat tableland (Peterson Table), a stable geomorphic surface subject to very little erosion or deposition.  The soil surface appears to have lost about one-half inch of topsoil, leaving a polished fine-textured surface high in clay and low in organic matter in plant interspaces.  The site appears to be high- to mid-seral and Sandberg\u2019s Bluegrass-dominated, but range condition may be good at this site.  Bluebunch Wheatgrass contributes substantially to the visual aspect here, and density numbers for the species suggest this species remains a major component of the vegetation at this location.  Idaho Fescue and Letterman\u2019s Needlegrass are also present.  \r\nAERIAL WILDLIFE SEEDING\r\nThe Aerial Wildlife seed mixture included Basin Wildrye, Western Yarrow, and Wyoming Big Sagebrush.  Basin Wildrye was only added to two of the bags used in this treatment.   Such limited application might not be recorded at randomly selected study plots.  The exact area of the aerial broadcast of the bags containing Basin Wildrye was unknown when plots were established.  Basin Wildrye was neither recorded nor observed at this location, either as seeded or native release plants.  \r\nWestern Yarrow appears to have germinated at very low density, and then was not recorded during the second two years of monitoring.  Fluctuations may result from lack of repeatability of individual quadrats along a paced transect, so conclusions regarding success or failure of any given seeded species based upon fluctuating density numbers may be confounded by sampling error resulting from non-repeatability of individual quadrats along a paced transect.  Taking this into account, if we are confident in numbers suggesting decrease of Western Yarrow here, it is likely that localized persistent drought interfered with establishment of Western Yarrow Seedlings subsequent to germination. \r\nWyoming Big Sagebrush was recorded at very low density during the second year of monitoring only.  Wyoming Big Sagebrush was the only species aerially seeded for wildlife on the Wilson burn.  Over large areas affected by the Wilson burn the shrub component of the potential natural community (PNC) on bench lands and at middle elevations is Basin Big Sagebrush.  For unknown reasons across these areas peripheral to the Owyhee Desert, Basin Big Sagebrush appears to have filled the niche normally occupied by Wyoming Big Sagebrush. Wyoming Big Sagebrush seems to be more difficult to establish than Basin Big Sagebrush.  It may be more susceptible to drought stress during the seedling stage than Basin Big Sagebrush.  Wyoming Big Sagebrush appears to have a narrower ecological tolerance than Basin Big Sagebrush.  \r\nThe Aerial Wildlife Seeding was only marginally successful at this location based upon very low density of Western Yarrow appearing to decrease by the end of the three-year monitoring period, and very low density of Wyoming Big Sagebrush.  Western Yarrow was observed off transect at very low densities.  Ultimate establishment of seeded Wyoming Big Sagebrush on this site is not assured, and seems unlikely since the local PNC includes Basin Big Sagebrush instead.  Competition from dense, well-established Sandberg\u2019s Bluegrass and soil surface factors contributing to an unfavorable seedbed may have also limited success of the aerially broadcast seeding at this location. \r\nThe monitoring plot (WIWI-02) was established as a paced transect to monitor the Aerial Wildlife Seeding applied at this location.  The monitoring plot is located on a flat tableland, a stable geomorphic surface subject to little erosion or deposition.  Little surface soil loss appears to have occurred at this location.  The transect runs north within the flight path of the aircraft that was used for the aerial broadcast, nearly parallel to the access road.  Vegetation appears to be seral and degraded, and is dominated by Sandberg\u2019s Bluegrass and Hood\u2019s Phlox.  Range condition may have been at the low end of fair prior to the burn: very few high-quality range forage grasses were observed at this location.",Polygon,Confirmed,"Digitized by BLM field office personnel, using an aircraft GPS unit",,16436.49476,16414.55204,,,"Low Seed Bank, Noxious Weeds, Erosion, Habitat for wildlife, Invasion by non-native annuals, Migratory Birds, Provide forage for wildlife, Provide cover for wildlife, Special Status Species, Rangeland health, Watershed degradation","The 2005 Wilson Fire Complex burned approximately 53,228 acres including 41,986 acres of BLM-administered public lands, 10,864 acres of private lands and 267 acres on the Duck Valley Indian Reservation.  Burn severity was generally light with areas throughout where burn severity was moderate.  Regardless, with the exception of the estimated 10% unburned areas (\u201cislands\u201d) primarily on the mid and south central portion, there was the complete loss of shrubs in blocks of land over several thousand acres within the burn perimeter.  This is a major concern since there are minimal numbers of unburned areas within these blocks to serve as future big sagebrush seed sources.\r\n\r\nThe purpose of the proposed action described in the emergency stabilization and rehabilitation plan and this EA is to protect the burned area from livestock grazing, seed the burned area to stabilize the soils and prevent the establishment of annual and invasive nonnative plant species, allow the undamaged plant species time to re-establish, and treat the invasive nonnative plant species, namely Scotch thistle, Canada thistle, musk thistle and hoary cress, to prevent spreading.  The need for the proposed action is to&* stabilize and prevent unacceptable degradation to natural and cultural resources&* minimize threats to life or property resulting from the effects of the fire&* construct physical improvements necessary to prevent degradation of land or resources and to prescribe cost effective post-fire stabilization measures necessary to protect human life, property, and critical cultural and natural resources.\r\n\r\nThe proposed seeding would help stabilize the watershed to prevent further degradation to affected resources on lands within the fire perimeter or downstream drainages that may result from high intensity precipitation events&* reduce the potential for invasive nonnative weeds and competitive annual plant species&* help provide forage, cover, and habitat for wildlife, including but not limited to, BLM designated special status species, migratory birds, mule deer, pronghorn antelope, and sage grouse.",None,,None,,,09:17:00
Model 17,Nothern Basin and Range,Post-burn aerial seeding,35098,13030,Implemented,Unknown,2,2/3/1997,2/3/1997,Acres,3550,Seeding,Aerial Seeding,Aerial Seeding: Rotor Wing,-1,Confirmed seed list,Seed Mixture No. 2,Seeds,Confirmed on Paper,Unknown,Species Specific,"All of the Wyoming big sagebrush was collected in 1996 from sites in Sanpete and Juab Counties, Utah at elevations from 5,200 to 6,600 feet.",Rehabilitation Objectives:\r\n1. Stabilize soils\r\n2. Provide vegetative cover and reduce invasion of cheatgrass\r\n3. Restore important wildlife habitat in area,"Broadcast seed (Seed mixture No. 2) 3,550 acres, no earlier than October 1, 1996 and ending by December 31, 1996. Broadcast method: Fixed-wing aircraft.","The aerial seeding was done on 2/3/97 by Thomas Helicopter of Gooding, Idaho. Seeding went very smoothly.",Unknown,Polygon,Confirmed,"Digitized by BLM field office personnel, method unknown",,2754.6,2754.6,,Contractor,"Erosion, Habitat for wildlife, Invasion by Cheatgrass",Rehabilitation Objectives:\r\n1. Stabilize soils\r\n2. Provide vegetative cover and reduce invasion of cheatgrass\r\n3. Restore important wildlife habitat in area,,Seeding went very smoothly.,Snow on Ground,The seeding area was partially covered by 1 inch or less of snow.,,44:33:00
Model 17,Nothern Basin and Range,Post-burn aerial seeding,35102,13031,Implemented,Partially Successful,2,12/00/2006,1/00/2007,Acres,3082,Seeding,Aerial Seeding,Aerial Seeding: Rotor Wing,-1,Confirmed seed list,Aerial Wildlife High Elevation Mix,Seeds,Confirmed on Paper,Unknown,Unknown,,"The primary objective of the treatment is to aerially seed areas of the fire that are critical to wildlife, or most at risk for long-term irreversible damage due to the effects of the fire. Sagebrush and yarrow were seeded to add vegetation structure and species richness to the treatment areas.\r\nEstablish one seeded plant per square meter rooted firmly in soil with consideration for site selection factors of soils, topography, native release of desirable species, and potential for seedling establishment.  Provide cover and forage for wildlife and BLM Special Status Species/migratory birds, including crucial winter habitat for mule deer, and sage grouse habitat.","Aerially seed approximately 3,082 acres with a mixture of Western Yarrow and Mountain Big Sagebrush.",The Aerial Wildlife (high elevation) Seeding was completed during December via helicopter through a rental agreement.  The ground crew consisted of BLM helitack and a project inspector.  AG Nav maps of the aerial seeding were completed for the project file.  Aerial seeding was monitored to ensure seed was dispersed over the target area at the specified rate.  A project inspector ensured treatment met contract specifications.\r\n\r\n2007 monitoring summary states treatment implemented in January.,"BLM monitoring personnel assess the seeding areas yearly to evaluate treatment success.  Effectiveness is based on establishment of three seeded plants per square meter rooted firmly in the soil with consideration to site selection factors such as soils, topography, native release of desirable species, and the potential for seedling establishment. Monitoring data is shared with range staff to provide comparisons with unburned reference sites.\r\n\r\nThe Aerial Wildlife (High Elevation) Seeding was monitored at one location on a convex upland south of Dry Creek drainage. \r\nMonitoring Results: \r\n2007 \u2013 Western Yarrow was recorded at very low density.  Mountain Big sagebrush was not recorded.  The monitoring location supported moderate density of Mulesear after the first year.  This location appears to be an area that supported Arrowleaf Balsamroot in the potential natural community.  The balsamroot has been largely replaced by Mulesear, perhaps subsequent to grazing disturbance.  The Mulesear density is moderate; but high canopy cover and competition from Mulesear may have suppressed seeded species germination and establishment. NA\r\n2008 \u2013 Western Yarrow density increased from very low, to low density.  Mountain Big Sagebrush was recorded at very low density (one plant was recorded.)  The Mulesear that dominates the monitoring location increased in density slightly. \r\n2009 \u2013 Western Yarrow was recorded at moderate density.  Mountain Big Sagebrush was not recorded.  Mulesear appeared to decline in density.  Fluctuations should be assessed cautiously because individual quadrat frames along a paced transect (beyond the first photographed frame) are not perfectly repeatable.  Minor fluctuations in density may result from \u201cquadrat drift.\u201d  Because both seeded species were recorded during the monitoring period, and Western Yarrow consistently increased and appears to be well-established at low-to-moderate density, this seeding may be considered partially successful at the monitoring location.",Polygon,Confirmed,"Digitized by BLM field office personnel, using an aircraft GPS unit",,3090.542017,2618.40525,,BLM and Cooperators,"Impact on Cultural Resources, Habitat for sage grouse, Habitat for antelope, Habitat for desert bighorn sheep, Habitat for mule deer, Erosion, Habitat for wild horses, Livestock in treated area, Watershed degradation, Special Status Species",The purpose of these ES and BAR Plans is to determine the need for and to prescribe and implement emergency treatments (specifications) to minimize threats to life or property or to stabilize and prevent further unacceptable degradation to natural and cultural resources resulting from the effects of a fire.,None,,None,,WLSM High Elevation.,07:00:00
Model 17,Nothern Basin and Range,Post-burn aerial seeding,35103,13031,Implemented,Partially Successful,2,12/00/2006,1/00/2007,Acres,7066.87,Seeding,Aerial Seeding,Aerial Seeding: Rotor Wing,-1,Confirmed seed list,Aerial Wildlife Mid Elevation Mix,Seeds,Confirmed on Paper,Unknown,Unknown,,"The primary objective is to aerially seed burned areas critical to wildlife, or at greatest risk for irreversible damage because of fire effects.  \r\nEstablish one seeded plant per square meter rooted firmly in soil with consideration for site selection factors of soils, topography, native release of desirable species, and potential for seedling establishment.  Provide cover and forage for wildlife and BLM Special Status Species/migratory birds, including crucial winter habitat for mule deer, and sage grouse habitat.","Aerially seed approximately 7,067 acres with a mixture of Western Yarrow and Basin Big Sagebrush.",Sagebrush and yarrow were seeded to add vegetation structure and species richness to treated areas.  \r\n\r\nThe Aerial Wildlife (Mid-elevation) Seeding was completed during December by helicopter through an aircraft rental agreement.  The ground crew consisted of BLM helitack and a project inspector.  AG Nav maps of the aerial seeding were completed for the project file.  Aerial seeding was monitored to ensure seed was dispersed over the target area at the specified rate.  The project inspector ensured treatment met contract specifications.\r\n\r\n2007 monitoring summary states this treatment was implemented in January.,"BLM monitoring personnel assess the seeding areas yearly to evaluate treatment success.  Effectiveness is based on establishment of three seeded plants per square meter rooted firmly in the soil with consideration to site selection factors such as soils, topography, native release of desirable species, and the potential for seedling establishment. Monitoring data is shared with range staff to provide comparisons with unburned reference sites.\r\n\r\nThe Aerial Wildlife (Mid-elevation) Seeding was monitored at four separate locations.  One location along a tributary of Little Rock Creek (WNWC \u2013 03) was specifically established to monitor this treatment.  The other locations (WNWC \u2013 02, WNWP \u2013 01, WNWP \u2013 02) were established to monitor aerial watershed protection seedings but are overlapped by the Aerial Wildlife (Mid-elevation) Seeding. \r\nMonitoring Results: \r\n2007 \u2013 Western Yarrow and Basin Big Sagebrush were \u201cdouble-seeded\u201d at WNWC \u2013 02 where the Aerial Watershed Protection (Lahontan Cutthroat Trout) Seeding overlapped the Aerial Wildlife (Mid-elevation) Seeding, and at WNWP \u2013 01 and WNWP \u2013 03 where the Aerial Watershed Protection (Milligan/Chimney Creeks) Seeding overlapped the Aerial Wildlife (Mid-elevation) Seeding.  At locations where double-seeding occurred, seedlings contributed by either treatment cannot be separated: it is impossible to make a precise determination concerning which treatment was successful.  Since no rational separation of seedlings contributed by either treatment at the double-seeded locations can be made, total densities of the double seeded species are presented in the summaries for both treatments.  Caution should be applied when interpreting these density numbers with regard to either treatment: ultimately, we cannot know which treatment contributed any given seedling. \r\n2008 \u2013 Results varied at the five monitoring locations.  Total seeded species were recorded at low moderate density at WNWC \u2013 02, at moderate density at WNWC \u2013 03, and at very low density at WNWP \u2013 03. Seeded species were not recorded at WNWP \u2013 01 and WNWP \u2013 02. \r\n2009 \u2013 Results continued to vary at the five monitoring locations, and fluctuated both up and down from 2008.  Generally, Western Yarrow appeared to be well-established at low density by the final year of the monitoring period.  At WNWC \u2013 03, total seeded species exceeded the target density of one seeded plant per square meter, with Western Yarrow making the greatest contribution at nearly one plant per square meter.  Wyoming Big Sagebrush was less successful.  The seeding was only fully successful at WNWC \u2013 03.  At most sites the seeding was partially successful.  At WNWP \u2013 01 no seeded species were observed during the monitoring period.  Ocular reconnaissance across widely separated seeded areas supports confidence in a conclusion of partially successful.  Generally, Basin Big Sagebrush was less successful than Western Yarrow.  Causes of the general lack of success of Basin Big Sagebrush in this seeding are unknown, because it usually establishes readily.",Polygon,Confirmed,"Digitized by BLM field office personnel, using an aircraft GPS unit",,7068.084491,5856.425211,,BLM and Cooperators,"Impact on Cultural Resources, Habitat for sage grouse, Habitat for antelope, Habitat for desert bighorn sheep, Habitat for mule deer, Erosion, Habitat for wild horses, Livestock in treated area, Watershed degradation, Special Status Species",The purpose of these ES and BAR Plans is to determine the need for and to prescribe and implement emergency treatments (specifications) to minimize threats to life or property or to stabilize and prevent further unacceptable degradation to natural and cultural resources resulting from the effects of a fire.,None,,None,,WLSM Mid Elevation.,14:00:00
Model 17,Nothern Basin and Range,Post-burn aerial seeding,35114,13031,Implemented,Partially Successful,2,12/00/2006,1/00/2007,Acres,37120.48,Seeding,Aerial Seeding,Aerial Seeding: Rotor Wing,-1,Confirmed seed list,Aerial Wildlife Desert Unit Mix,Seeds,Confirmed on Paper,Unknown,Unknown,,"Reseeding with shrubs will help provide cover and forage for wildlife, reduce water and wind erosion, maintain a healthy, productive, diverse plant community, and minimize establishment of exotic annual plants.  Application of sagebrush seed will target areas that formerly supported sagebrush, to increase success of the seeding by ensuring seeded species are applied in areas suitable for establishment.  \r\nEstablish three seeded plants per square meter rooted firmly in soil with consideration for site selection factors of soils, topography, native release of desirable species, and potential for seedling establishment.  Establish sagebrush stands within the burned area as future seed sources to repopulate hundreds of square miles.  Provide cover and forage for wildlife and BLM Special Status Species/migratory birds, including crucial winter habitat for mule deer, and sage grouse habitat.","Aerially seed approximately 37,120 acres with Wyoming Big Sagebrush (\u201cDesert Unit mixture\u201d).",The Aerial Wildlife (Desert Unit) Seeding was completed in December via helicopter through an aircraft rental agreement.  The ground crew consisted of BLM helitack and a project inspector. AG Nav maps of the aerial seeding were completed for the project file.  Aerial seeding was monitored to ensure seed was dispersed over the target area at the specified rate.  The project inspector ensured treatment met contract specifications.\r\n\r\n2007 monitoring report states treatment completed in December and January.,"BLM monitoring personnel assess the seeding areas yearly to evaluate treatment success.  Effectiveness is based on establishment of three seeded plants per square meter rooted firmly in the soil with consideration to site selection factors such as soils, topography, native release of desirable species, and the potential for seedling establishment. Monitoring data is shared with range staff to provide comparisons with unburned reference sites.\r\n\r\nThe Aerial Wildlife (Desert Unit) Seeding was monitored at eleven separate locations.  Three monitoring plots were established to monitor this treatment with paced density transects (WNWI \u2013 03, WNWI \u2013 04, and WNWC \u2013 01.)  The additional eight plots were established to monitor disjunct drill seedings (overlapped by the Desert Unit seeding) with permanent modified Freqdens transects (WNND \u2013 01, WNND \u2013 03, WNND \u2013 04, WNND \u2013 05, WNND \u2013 06, WNND \u2013 07, WNND \u2013 09, WNND \u2013 10.) \r\nMonitoring Results:\r\n2007 \u2013 No Wyoming Big Sagebrush was recorded where the Aerial Wildlife (Desert Unit) Seeding overlapped drill seedings.  At WNWI \u2013 03 Wyoming Big Sagebrush was recorded at very low density (two plants were recorded.)  No Wyoming Big Sagebrush was recorded at WNWI \u2013 04 or WNWC \u2013 01.  At WNWC \u2013 01 the Desert Unit seeding was monitored where a flight path closely overlapped a concave drainage channel/water receiving area.  Other monitoring plots were located on convex water-shedding uplands.  Landscape position did not seem to make a difference in seeding success. \r\n2008 \u2013 No Wyoming Big Sagebrush was recorded where the Aerial Wildlife (Desert Unit) Seeding overlapped drill seedings.  Since individual quadrat frames are repeatable at these permanent transect locations we can be more confident about changes in recorded densities from year to year at these locations.  During the second year, no Wyoming Big Sagebrush was recorded or observed at WNWI \u2013 03, WNWI \u2013 04, or WNWC \u2013 01.  Minor yearly density fluctuations along paced transects (such as the one recorded at WNWI \u2013 03) should be interpreted with caution because individual quadrats are not absolutely repeatable. \r\n2009 \u2013 Density numbers recorded at individual monitoring plot locations are presented above for reference.  The large array of numbers recorded at all monitoring locations over the three year period might normally confound interpretation, but since only one species (Wyoming Big Sagebrush) was seeded and densities are so low, interpretation is not difficult.  Because the Aerial Wildlife (Desert Unit) Seeding was monitored at numerous separate locations that employed either paced or permanent transects to gather density figures, we may be relatively confident in the monitoring results.  Recorded densities of Wyoming Big Sagebrush were very low throughout the monitoring period at WNWI \u2013 03, WNWC \u2013 01, WNND \u2013 01, WNND \u2013 04, and at WNND \u2013 06.  At paced transect sites (-WI \u2013, -WC \u2013) yearly fluctuations may be regarded cautiously.  At permanent transect sites (\u201c-ND \u2013\u201c) we can be more confident of repeatability.   At WNWI \u2013 04, WNND \u2013 03, WNND \u2013 05, WNND \u2013 07, WNND \u2013 09, and WNND \u2013 10 Wyoming Big Sagebrush was not recorded.  The greatest success recorded (although numbers still never exceeded very low density) was at WNWC \u2013 01.  This monitoring location represented a shallow, U-shaped, second-order drainage overlapped by a flight path.  Other monitoring locations primarily represented convex uplands.  The pattern of success in concave areas and failure on convex areas represented by these plots is supported by observations in the field in areas that were not sampled.  Apparently, the action of unrestricted wind on convex uplands in the treated area transported Wyoming Big Sagebrush into swales.  Patterns were observed where most sagebrush seedlings were present in concave dips and absent from convex rises.  Unfortunately, most sagebrush seedlings observed casually were Basin Big Sagebrush, so the fate of the majority of the Wyoming Big Sagebrush seed applied in the \u201cDesert Unit\u201d seeding remains unknown: it may still remain in the seed bank.  Because Wyoming Big Sagebrush seedlings were observed at very low density across the wide area treated with the \u201cDesert Unit\u201d seeding, we may consider this treatment partially successful, but only marginally so.",Polygon,Confirmed,"Digitized by BLM field office personnel, using an aircraft GPS unit",,37147.82933,36949.41145,,BLM and Cooperators,"Impact on Cultural Resources, Habitat for sage grouse, Habitat for antelope, Habitat for desert bighorn sheep, Habitat for mule deer, Erosion, Habitat for wild horses, Livestock in treated area, Watershed degradation, Special Status Species",The purpose of these ES and BAR Plans is to determine the need for and to prescribe and implement emergency treatments (specifications) to minimize threats to life or property or to stabilize and prevent further unacceptable degradation to natural and cultural resources resulting from the effects of a fire.,None,,None,,Desert Unit.,57:46:00
Model 17,Nothern Basin and Range,Post-burn aerial seeding,35115,13031,Implemented,Unknown,1,1/10/2009,1/10/2009,Acres,5493,Seeding,Aerial Seeding,Aerial Seeding: Rotor Wing,-1,Confirmed seed list,HLI sage grouse seeding,Seeds,Confirmed on Paper,Unknown,Species Specific,,This seed was to be made available to all of the Nevada BLM offices to be used this year to support fire rehab in occupied sage-grouse habitat.,This seed was to be made available to all of the Nevada BLM offices to be used this year to support fire rehab in occupied sage-grouse habitat. \r\nA notice was put out to all of the northern Nevada offices that this seed was available from the Elko Seed Warehouse.,"The majority of the HLI purchased seed, including what was used by the Winnemucca BLM, was applied with funding provided by the Nevada Department of Wildlife.  5493 acres were seeded in the 2006 Winters fire. \r\nDuring the winter of 2006/2007 approximately 47,000 acres of sagebrush was aerially applied on the 200,000 acre Winters Fire.  Monitoring of the treatment area showed mixed results of the establishment of the sagebrush seedings.  Areas for retreatment were then identified based upon their importance related to sage grouse habitat.  During January of 2009 approximately 5,500 acres were retreated on the Winters fire in valuable sage grouse habitat located out on the Owyhee Desert.\r\nSeed was applied using a jet ranger helicopter owned by El Aero Services.  The flight time and the associated costs of the seed mixer and buckets were completely funded by the Nevada Department of Wildlife at a cost of $22,000.",,Polygon,Confirmed,"Digitized by BLM field office personnel, using an aircraft GPS unit",,5497.620732,5477.044829,,Contractor,"Impact on Cultural Resources, Habitat for sage grouse, Habitat for antelope, Habitat for desert bighorn sheep, Habitat for mule deer, Erosion, Habitat for wild horses, Livestock in treated area, Watershed degradation, Special Status Species",The purpose of these ES and BAR Plans is to determine the need for and to prescribe and implement emergency treatments (specifications) to minimize threats to life or property or to stabilize and prevent further unacceptable degradation to natural and cultural resources resulting from the effects of a fire.,None,,None,,,04:44:00
Model 17,Nothern Basin and Range,Post-burn aerial seeding,41042,890,Implemented,Partially Successful,2,12/15/2010,12/21/2010,Acres,577,Seeding,Aerial Seeding,Aerial Seeding,-1,Confirmed seed list,,Seeds,Confirmed on Paper,Unknown,Species Specific,,Establish Wyoming and Basin Big sagebrush on the fire area utilizing aerial seeding techniques.,Unknown,"Wyoming big sagebrush was aerially seeded in strips\r\nover the burned area in December, 2010, as part of the ESR treatments\r\nApproximately 577 acres were aerial seeded with a mixture of basin big and Wyoming big sagebrush. The project was completed in one day on December 15,2010. ESR specialist monitored the activities and conditions.\r\nContractor, Thomas Helicopter, distributed 8,560 pounds of Wyoming big sagebrush seed using two helicopters with buckets. The contractor started on December 15, 2010 and finished on December 21. Winter conditions prevailed with a partial cover of snow on the ground.","Treatment monitoring\r\nperformed in summer 2011 detected sagebrush seedlings primarily in open areas lacking\r\nperennial grass cover. However, seedlings were not detected in areas dominated by previously established\r\ncrested wheatgrass seedings. This supplemental planting is proposed to re-establish\r\nWyoming big sagebrush in areas where shrub seeding was not successful due to competition\r\nfrom existing plant cover.\r\n\r\nData collected at the end of June from six monitoring sites (see attached map) showed some presence of the seeded species, Wyoming big sagebrush. Of the five belt transect sites two showed a presence of sagebrush, BD001 and BD002, with site BD002 showing the largest amount of Wyoming big sagebrush seedlings. The two monitoring sites are located in the middle third of the fire.\r\nMonitoring site BD005 collected grazing and full ESR data. This site did not detect the presence of sagebrush.\r\nFrom the photo plots and cover data it appeared the fire area appears to be primarily crested wheatgrass, Sandburg bluegrass, and tumble mustard with cheatgrass encroachment. Cover data taken at monitoring site, BD005, shows bare ground with 56% cover and cheatgrass with 6.7% cover.\r\nFire ecologists conducted a site visit at the end of August concentrating on the southern half of the fire in the general area of monitoring points BD002, BD003, and BD004. Crested wheatgrass, and sandberg bluegrass were the predominant vegetative cover with only intermittent small pockets of cheatgrass.\r\nSagebrush seedlings were evident in a wide area of the fire around BD002 and BD003. In areas of heavy crested wheatgrass cover the seedlings were observed only in open areas and where the crested wheat cover was light the seedlings were numerous. At the southern end of the fire the crested wheatgrass cover was very heavy; no sagebrush seedlings could be detected.\r\nIt appears that the sagebrush seeding is taking an early hold in the large open areas as well as small pockets but additional time and monitoring is required to determine the full extent of the seeding success.",Polygon,Confirmed,"Digitized by BLM field office personnel, method unknown",,8559,8557.27,,Contractor,"Habitat for sage grouse, Habitat for wildlife, Loss of native species, Loss of sagebrush","2010. Wyoming big sagebrush was aerially seeded in strips over the burned area in December, 2010, as part of the ESR treatments. Treatment monitoring performed in summer 2011 detected sagebrush seedlings primarily in open areas lacking\r\nperennial grass cover. However, seedlings were not detected in areas dominated by previously established crested wheatgrass seedings. This supplemental planting is proposed to re-establish Wyoming big sagebrush in areas where shrub seeding was not successful due to competition from existing plant cover.",Unknown,,Snow on Ground,Winter conditions prevailed with a partial cover of snow on the ground.,,26:41:00
Model 17,Nothern Basin and Range,Post-burn aerial seeding,42989,16750,Implemented,See Comments,1,12/2/2017,12/6/2017,Acres,4000,Seeding,Aerial Seeding,Aerial Seeding,-1,Confirmed seed list,Owyhee Canyon Aerial,Seeds,Confirmed on Paper,Outside of Treatment,Species Specific,"Seed Issue: 57614, 57593, 57613.\r\n\r\n12.875 lbs./ac.\r\n\r\nAerial seed mix purchased 07/13/2017\r\n\r\n6,700 lbs. of Juntura Native Mix 1 was added to this 44,800 lbs. - New total is 51,500 lbs for 4,000 acres.",Objective: For the purposes of biotic integrity establish native grasses to 20 percent cover within the aerial\r\nseeding area within 3 years. For the purposes of biotic integrity establish native grasses to 3 per square meter\r\ndensity within the aerial seeded area within 3 years.,Seeding will occur in fall 2017 (FY18),"Data Inquiry Email 2018: Owyhee Canyon was aerial seeded 12/1/2017 - 12/6/2017 (4000 ac).\r\n\r\n6,700 lbs. of Juntura Native Mix 1 was added to this 44,800 lbs. - New total is 51,500 lbs for 4,000 acres.\r\n\r\nAerial Seeding was completed in December 2017 (FY18). A 40 ft\r\nswath was used to achieve overlap.\r\n\r\nAerial Seeding of native mix was completed in December 2017 (FY18). A 40 ft\r\nswath was used to achieve overlap.","Aerial Seeding:\r\nThe aerial seeding treatment occurred within the Owyhee River Canyon Wilderness Study Area to help maintain land with wilderness characteristics. The 2016 aerial herbicide application, completed the year of the fire in October, was successful in keeping invasive annual grass numbers low, evident in the 2017 photo and Table 7-4. Also, from the same photo there were some perennial plants that survived the fire\u2019s heat. The plants that survived were primarily shallow and deep-rooted bunchgrasses. Bunchgrasses, excluding Sandberg\u2019s bluegrass, had a collective foliar cover of 8%; bluebunch wheatgrass accounted for 7.1% of the total deep rooted perennial bunchgrasses (Tables 7-3 and 7-4). Collectively, the three species of bunchgrass present in 2017 plots had an average density and median diameter of 4.07/m2 and 1.38 inches (Table 7-3). Only the DRPG density objective was met prior to the aerial seeding treatment.\r\nIn 2018, plots were revisited after the aerial seeding treatment, completed in December of the previous year. The data displayed in Table 7-3 show an increase for all DRPG measurements (density, diameter, and foliar cover). Both bluebunch wheatgrass and Sandberg\u2019s blue grass increased foliar cover by approximately 3% (Table 7-4) starting the trend in the right direction for meeting the 20% foliar cover objective. The plots completed this year started to detect the encroaching Russian thistle like the drill seeding plots, but the aerial seeding had a lower amount, reflected by the smaller foliar cover of 0.2% (Table 7-4).\r\nIn 2019, second year post-treatment, there was a rise in DRPG foliar cover by 10% increasing from 11 to 21% (Table 7-3); coming mostly from bluebunch wheatgrass, a species from the seed mix. Density and median diameter decreased, but that can be due to several factors, like seedlings that did not survive into the second growing season. The objective for density of plants, including seedlings, was still met. The median basal diameter objective has not been achieved over the three years of monitoring data. The noxious weed, Russian thistle, was the dominant herbaceous cover, like what was observed in the drill seeding.\r\nIn 2021, third-year post-treatment, the deep-rooted perennial grass foliar cover decreased significantly from the previous down to 13.3% (Table 7-3). With the drop in foliar cover now none of the objectives for the aerial seeding are being met. There is good news, however, in regard to the 11.5% decrease in the cover of the invasive annual, Russian thistle (Figure 7-4).\r\nIn 2021, fourth-year post-treatment, the deep-rooted perennial grass foliar cover decreased significantly from the previous down to 13.3% (Table 7-3). With the drop in foliar cover now none of the objectives for the aerial seeding are being met. There is good news, however, regarding the 11.5% decrease in the cover of the invasive annual, Russian thistle (Figure 7-4).\r\n\r\nTargeted Control AIM:\r\nIn FY 2018 monitoring the natural recovery site there was 0.3% invasive annual grasses, 4.3% deep-rooted\r\nperennial grasses and 23% shallow-rooted bunchgrasses (Table 8-20). The targeted AIM control plot was setup\r\nto provide additional monitoring information that will be used to assess the plot treatment effectiveness and\r\nassist in future land management decisions for the site.",Polygon,Confirmed,"Digitized by BLM field office personnel, method unknown",5/7/2021,3988.14,3988.14,"GIS created from report map, better GIS required to correct acre discrepancy",BLM and Cooperators,"Habitat productivity, Habitat quality",Biotic integrity.,,,,,,41:24:00
Model 17,Nothern Basin and Range,Post-burn aerial seeding,43031,16758,Implemented,See Comments,2,11/14/2015,11/14/2015,Acres,5044,Seeding,Aerial Seeding,Aerial Seeding,-1,Confirmed seed list,Aerial Shrub/Forb Seed Mix 8 (Wyoming Big Sagebrush -Trimbly).,Seeds,Confirmed on Paper,Not Applicable,Species Specific,The rate was doubled due to seeding into an older established seeding\r\nwhere seeding sagebrush has typically poor results.,Sagebrush Seeding on 2002 Trimbly Fire Mix 8\r\n1. Density of sagebrush seedlings in suitable areas is an average of greater than or equal to 1\r\nplant per 10 m2.\r\n\r\n2. Density of aerially seeded forbs in suitable areas is an average of greater than or equal to 1\r\nplant per 10 m2.\r\nForbs seeded with Aerial,"Approximately 156,587 acres will be seeded with sagebrush species appropriate for the site and the forb\r\nseed mix.","A total of 9,204 acres of the Trimbly fire that burned in 2002 and then again in the 2015 Soda\r\nfire were aerially seeded with Wyoming big sagebrush and forbs (Appendix A: Table A-10-1).\r\nThis area was aerially seeded in approximately 100 foot strips covering 50% (5,044 acres) of the\r\narea at double the normal seeding rate shown for Mix 8 ( due to the reduction in acres, and no\r\nreduction in pounds). The rate was doubled due to seeding into an older established seeding\r\nwhere seeding sagebrush has typically poor results.","Trimbly Fire Area - Aerial Shrub/Forb Seed Mix 8 Winter 2015/2016 \u2013 Wyoming Big Sagebrush\r\nIn 2020 the density objective for this treatment was not met. Sagebrush seedlings were detected where Aerial Shrub/Forb Seed Mix 8 was applied within the 2002 Trimbly fire boundary; average density across suitable sites was 0.23 seedlings per 10 m\xb2 in 26 plots (Table 8-43). The Trimbly fire burned in 2002 and was drill seeded in the fall of that year with perennial bunch grasses. Large portions of the drill seeding established well. The established perennial grasses within the Trimbly fire boundary likely prevented the sagebrush that was seeded following the Soda fire from establishing on a broad basis. Chaining that was planned for the area following the aerial seeding for the Soda fire was cancelled due to extremely wet soil conditions during the fall of 2015.\r\n\r\nIn 2020 the density objective for this treatment was met. Sagebrush seedlings were detected where Aerial Shrub/Forb Seed Mix 8 was applied, this does not include the area where the 2002 Trimbly fire and subsequent drill seeding occurred. Average density across suitable sites was 2.2 seedlings per 10 m\xb2 in 631 plots (Table 8-42). Overall the treatment objective was met. See Table 8-37 for results of the aerial seeding within the Trimbly fire boundary.\r\n/////\r\n1. Trimbly Fire Area\r\nSagebrush seedlings were detected where Aerial Shrub/Forb Seed Mix 8 (Wyoming Big\r\nSagebrush) was applied within the 2002 Trimbly fire boundary; average density across all areas\r\nwas 0.31 seedlings per 10 m2 in 15 plots (Table 8-24). The Trimbly fire burned in 2002 and was\r\ndrill seeded in the fall of that year with perennial bunch grasses. Large portions of the drill\r\nseeding established well. The established perennial grasses within the Trimbly fire boundary\r\nlikely prevented the sagebrush that was seeded following the Soda fire from establishing on a\r\nbroad basis. Chaining that was planned for the area following the aerial seeding for the Soda fire\r\nwas cancelled due to extremely wet soil conditions during the fall of 2015. Overall the treatment\r\nobjective was not met within the Trimbly Fire area.\r\n\r\n2. Seeded forb density for areas within Aerial Shrub/Forb Mix 8 (Wyoming Big Sagebrush), within\r\nthe Trimbly fire area, was 6.42 plants per 10 m2 over all species and pastures in suitable areas\r\n{Table 8-26). Establishment of the seeded forbs was highly variable ranging from Oto greater\r\nthan 40 plants per 10 m2\u2022 The Trimbly fire burned in 2002 and was drill seeded in the fall of that\r\nyear with perennial bunch grasses. Large portions of the drill seeding established well. The\r\nestablished perennial grasses within the Trimbly fire boundary likely prevented forbs that were\r\nseeded following the Soda fire from establishing on a broad basis. Chaining that was planned for\r\nthe area following the aerial seeding for the Soda fire was cancelled due to extremely wet soil\r\nconditions during the fall of 2015. Overall the treatment objective was met.",Polygon,Confirmed,"Digitized by BLM field office personnel, method unknown",1/1/1900 0:00,5048.351005,5044.936736,,Contractor,"Erosion, Loss of desirable species, Loss of perennials, Habitat for sage grouse, Habitat for wildlife, Habitat quality, Habitat productivity","The goal of aerial seeding was to establish perennial dominated plant communities that will resist\r\nnoxious weeds and invasive species establishment, are critical for sage-grouse and big game, and\r\nwill help stabilize soils.\r\nAs stated in the aerial grass seeding description the fire removed much of the above ground\r\nannual grass biomass and decreased the annual grass seed bank creating open areas that are suitable for\r\nsagebrush establishment. The best opportunity to establish sagebrush is during the first fall/winter\r\nfollowing fire when these conditions occur. It is much more difficult to establish sagebrush by seeding into\r\nexisting vegetation. Consequently it is critical that as much of the burned area as possible be aerially\r\nseeded with sagebrush seed fall/winter 2015.",,,,,Boise District Office,49:27:00
Model 17,Nothern Basin and Range,Post-burn aerial seeding,43042,16758,Implemented,See Comments,2,12/31/2015,1/4/2016,Acres,18012,Seeding,Aerial Seeding,Aerial Seeding,-1,Confirmed seed list,Aerial Grass Mix 1,Seeds,Confirmed on Paper,Unknown,Species Specific,,"Aerial Grass Mix 1\r\n1. Foliar cover of large statured perennial grasses (excluding Sandberg bluegrass) is an\r\naverage of greater than or equal to 20%.\r\n2. Basal diameter of large statured perennial grasses (excluding Sandberg bluegrass) has a\r\nmedian value of greater than or equal to 3 inches.\r\n3. A qualitative assessment of the fitness and vigor of native and seeded perennial plant species\r\ndetermines those species to be established. The assessment would include at a minimum the\r\nfollowing factors: 1) Seed head and seed production, 2) Root mass, and lateral and vertical\r\ngrowth","Approximately 62,808 acres that, due to terrain, are inaccessible to mechanical treatments will be seeded\r\nwith perennial grass species in the fall of 2015.","Broadcast Seeding #2 contract began on December 8, 2015 and was completed February 3, 2016.\r\nDuration of contract was estimated to be completed in 44 days but it took 58 days to complete\r\ndue to weather issues. Weather conditions during time of the seeding were various; clear,\r\ncloudy, foggy, snowy, with temperatures ranging from 3\xb0F to 35\xb0 F, and varied winds. The\r\nsecond contract consisted of five grass seeding mixes and seven sagebrush forb mixes as\r\ndescribed below. All areas were seeded at 100% coverage with sagebrush and forbs. Species,\r\npercent live seed (PLS), and bulk seed statistics are presented in Appendix A: Tables A-3\r\nthrough A-11.\r\n\r\nGrass Seeding Mix 1\r\nA total of 18,012 acres were aerially seeded in two seeding locations ranging in elevation from\r\n4,600 to 6,300 ft. These areas were seeded at 100% coverage with native grasses (Appendix A:\r\nTable A-3).","In 2020 the perennial grass foliar cover objective for this treatment was not met. Mean foliar cover of perennial bunch grasses excluding Sandberg bluegrass in areas seeded with Aerial Grass Mix 1 was 14.7% across all allotments and pastures, more than twice the foliar cover in 2016 but still below the objective (Table 8-29). Foliar cover at 145 plots ranged from 11.9% to 19.8%. Sandberg bluegrass cover within areas treated with Aerial Grass Mix 1 was 13.5%, perennial forb cover was 4.6%, shrub cover was 3.1%, and exotic annual grass cover was 20.4%.\r\n\r\nIn 2020 the basal diameter objective for this treatment was met. Basal diameter was measured on 724 individual perennial grasses in the Reynolds Creek and Hardtrigger allotments within the Aerial Grass Mix 1 treatment area; measured individuals included both existing and newly seeded grasses (Table 8-35). Median basal diameter of all large statured perennial grasses was 3.0 inches, an increase of 1 inch from 2016.\r\nReproduction of large statured perennial bunch grasses was assessed in 381 plots sampled in Aerial Grass Mix 1. In 311 of the 312 plots, >75% of the perennial bunch grasses produced seed heads, 50-75% produced seed heads in 44 plots.\r\n////\r\n1. Mean foliar cover of perennial bunch grasses excluding Sandberg bluegrass in areas seeded with\r\nAerial Grass Mix 1 was 11.0% across all allotments and pastures, nearly double the foliar cover\r\nin 2016 but still 9% below the objective (Table 8-11). Foliar cover at 145 plots ranged from\r\n6.6% in Pasture 3 of the Reynolds Creek allotment to 16.0% in Pasture 5 of the Hardtrigger\r\nallotment. Sandberg bluegrass cover within areas treated with Aerial Grass Mix 1 was 15 .1 %.\r\n\r\n2. Basal diameter was measured on 718 individual perennial grasses in the Reynolds Creek and\r\nHardtrigger allotments within the Aerial Grass Mix 1 treatment area; measured individuals\r\nincluded both existing and newly seeded grasses (Table 8-17). Median basal diameter of all\r\nlarge statured perennial grasses was 2.6 in, ranging from 2.1 in to 2.8 in, an increase of 0.6\r\ninches. This treatment objective was not met in 2017.\r\n\r\n3. Aerial Grass Mix 1\r\nReproduction of large statured perennial bunch grasses was assessed in 184 plots sampled in\r\nAerial Grass Mix 1. Of the 184 plots, 133 plots exhibited >75% seed head production.",Polygon,Confirmed,"Digitized by BLM field office personnel, method unknown",1/1/1900 0:00,18026.39541,18010.15955,,Contractor,"Habitat for wildlife, Habitat productivity, Habitat quality, Habitat for sage grouse, Invasion by non-native annuals, Invasion by cheatgrass, Invasive species, Loss of desirable species, Noxious weeds, Vegetal cover, Wildlife in treated area, Rough terrain","The goal of aerial seeding\r\nwas to establish perennial dominated plant communities that will resist noxious weed and\r\ninvasive species establishment, are critical for sage-grouse and big game, and will help stabilize\r\nsoils in areas that were inaccessible to equipment and drills.",Delayed,Duration of contract was estimated to be completed in 44 days but it took 58 days to complete\r\ndue to weather issues.,"Cold, Calm, Extreme Cold, Windy, Wet, Snowing","Weather conditions during time of the seeding were various; clear,\r\ncloudy, foggy, snowy, with temperatures ranging from 3\xb0F to 35\xb0 F, and varied winds.",Boise District Office,06:45:00
Model 17,Nothern Basin and Range,Post-burn aerial seeding,43047,16758,Implemented,See Comments,2,12/8/2015,11/10/2016,Acres,10911,Seeding,Aerial Seeding,Aerial Seeding,-1,Confirmed seed list,Grass Seeding Mix 4,Seeds,Confirmed on Paper,Unknown,Species Specific,,"Grass Seeding Mix 4\r\n1. Foliar cover of large statured perennial grasses (excluding Sandberg bluegrass) is an\r\naverage of greater than or equal to 20%.\r\n2. Basal diameter of large statured perennial grasses (excluding Sandberg bluegrass) has a\r\nmedian value of greater than or equal to 3 inches.\r\n3. A qualitative assessment of the fitness and vigor of native and seeded perennial plant species\r\ndetermines those species to be established. The assessment would include at a minimum the\r\nfollowing factors: 1) Seed head and seed production, 2) Root mass, and lateral and vertical\r\ngrowth","Approximately 62,808 acres that, due to terrain, are inaccessible to mechanical treatments will be seeded\r\nwith perennial grass species in the fall of 2015.","Broadcast Seeding #2 contract began on December 8, 2015 and was completed February 3, 2016.\r\nDuration of contract was estimated to be completed in 44 days but it took 58 days to complete\r\ndue to weather issues. Weather conditions during time of the seeding were various; clear,\r\ncloudy, foggy, snowy, with temperatures ranging from 3\xb0F to 35\xb0 F, and varied winds. The\r\nsecond contract consisted of five grass seeding mixes and seven sagebrush forb mixes as\r\ndescribed below. All areas were seeded at 100% coverage with sagebrush and forbs. Species,\r\npercent live seed (PLS), and bulk seed statistics are presented in Appendix A: Tables A-3\r\nthrough A-11.\r\n\r\nGrass Seeding Mix 4\r\nA total of 10,911 acres were aerially seeded in seven seeding locations ranging in elevation from\r\n2,600 to 5,000 ft. These areas were seeded at 100% coverage with native and introduced\r\ngrasses (Appendix A: Table A-6).","In 2020 the perennial grass foliar cover objective for this treatment was not met. Mean foliar cover of perennial bunch grasses excluding Sandberg bluegrass for Aerial Grass Mix 4 was 11.5% (Table 8-32). Sandberg bluegrass cover within areas treated with Aerial Grass Mix 4 was 11.6%, perennial forb cover was 1.9%, shrub cover was 0.9%, and exotic annual grass cover was 32.6%.\r\nIn 2020 the basal diameter objective for this treatment was met. Basal diameter of perennial grasses of Aerial Grass Mix 4 was measured on 505 individual perennial bunch grasses in four allotments (Table 8-38). Median basal diameter of all large statured perennial grasses was 3.0 inches.\r\nReproduction of large statured perennial bunch grasses was assessed in 328 plots sampled in Aerial Grass Mix 4. In 249 of the 328 plots, >75% of the perennial bunch grasses produced seed heads, 50-75% produced seed heads in 41 plots.\r\n////\r\n1. Mean foliar cover of perennial bunch grasses excluding Sandberg bluegrass for Aerial Grass Mix\r\n4- Native/Introduced was 6.9% (Table 8-14). At 103 plots mean perennial grass cover ranged\r\nfrom 0.8 to 20.9% in Pasture 1 of the Succor Creek allotment. This treatment objective was not\r\nmet in 201 7. The lowest perennial grass cover values were found in Pasture 3 of the Hardtrigger\r\nallotment (0.8%), Pasture 1 of Rats Nest (3 .2%), and Pasture 3 of the Reynolds Creek allotment\r\n(0.3%), These three pastures are lower in elevation (-2,400 ft to -3,800 ft) and had lower pre-fire\r\nperennial grass cover. Sandberg bluegrass cover within areas treated with Aerial Grass Mix\r\n4 was 11.3%.\r\n\r\n2. Basal diameter of perennial grasses of Aerial Grass Mix 4 was measured on 440 individual\r\nperennial bunch grasses in five allotments (Table 8-20). Median basal diameter of all large\r\nstatured perennial grasses was 2.6 in, ranging from 1.6 in to 3.0 in. The increase or decrease in\r\nsome values between 2016 and 2017 was likely the result of increased number of individuals\r\nbeing measured and new germination of bunch grasses. Overall the basal diameter objective was\r\nnot met for this treatment.\r\n\r\n3. Aerial Grass Mix 4\r\nReproduction of large statured perennial bunch grasses was assessed in 125 plots sampled in\r\nAerial Grass Mix 4. Of the 125 plots, 70 exhibited >75% seed head production.",Polygon,Confirmed,"Digitized by BLM field office personnel, method unknown",1/1/1900 0:00,10920.08004,10914.40574,,Contractor,"Habitat for wildlife, Habitat productivity, Habitat quality, Habitat for sage grouse, Invasion by non-native annuals, Invasion by cheatgrass, Invasive species, Loss of desirable species, Noxious weeds, Vegetal cover, Wildlife in treated area, Rough terrain","The goal of aerial seeding\r\nwas to establish perennial dominated plant communities that will resist noxious weed and\r\ninvasive species establishment, are critical for sage-grouse and big game, and will help stabilize\r\nsoils in areas that were inaccessible to equipment and drills.",Delayed,Duration of contract was estimated to be completed in 44 days but it took 58 days to complete\r\ndue to weather issues.,"Cold, Extreme Cold, Snow, Snowing, Windy","Weather conditions during time of the seeding were various; clear,\r\ncloudy, foggy, snowy, with temperatures ranging from 3\xb0F to 35\xb0 F, and varied winds.",Boise District Office,11:33:00
Model 17,Nothern Basin and Range,Post-burn aerial seeding,43057,16758,Implemented,See Comments,1,12/4/2016,2/3/2017,Acres,133817,Seeding,Aerial Seeding,Aerial Seeding,-1,Confirmed seed list,Sagebrush/Forb Seeding Mix 8,Seeds,Confirmed on Paper,Unknown,Species Specific,,Sagebrush/Forb Seeding Mix 8\r\n1. Density of sagebrush seedlings in suitable areas is an average of greater than or equal to 1\r\nplant per 10 m2.\r\n2. Density of aerially seeded forbs in suitable areas is an average of greater than or equal to 1\r\nplant per 10 m2.,Seeding sagebrush immediately after the fire provides the best opportunity for establishment. Seeded areas\r\ncan then be evaluated for annual grass presence and herbicides can later be used if necessary to control\r\nannual invasive grasses and release desirable vegetation such as established sagebrush seedlings and forbs.,"Sagebrush/F orb Seeding Mix 8\r\nA total of 133,817 acres were aerially seeded in terrain ranging in elevation from 2,800 to 4,800\r\nft. This area was seeded at 100% coverage with Wyoming sagebrush and forbs (Appendix A:\r\nTable A-10-2). Of this acreage, 2,142 acres where state lands comprised of same species as\r\nBLM applied mix minus white western yarrow.","Aerial Shrub/Forb Mixes 8\r\nIn 2020 the density objective for this treatment was met. Seeded forb density for areas within Aerial Shrub/Forb Mix 8 (Wyoming Big Sagebrush), excluding the Trimbly fire area, was highly variable ranging from 0 to 9 plants per 10 m2. (Table 8-47). The majority of the forb seedlings found were white Western yarrow, with small burnett and alfalfa being found at lower densities.\r\n///\r\n1. Sagebrush seedlings were detected where Aerial Shrub/Forb Seed Mix 8 - Wyoming Sagebrush\r\nwas applied, this does not include the area where the 2002 Trimbly fire and subsequent drill\r\nseeding occurred. Average density across all areas was 6.4 seedlings per 10 m2 in 495 plots\r\n(Table 8-23). See Table 8-24 for results of the aerial seeding within the Trimbly fire boundary.\r\nOverall the treatment objective was met.\r\n\r\n2. Seeded forb density for areas within Aerial Shrub/Forb Mix 8 (Wyoming Big Sagebrush),\r\nexcluding the Trimbly fire area, was 12.72 plants per 10 m2 over all species and pastures in\r\nsuitable areas. Seeded forb densities exhibited high variability in abundances with averages\r\nranging from Oto greater than 100 plants per 10 m2. (Table 8-27). The majority of the forb\r\nseedlings found were white Western yarrow, with small burnett and alfalfa being found at lower\r\ndensities. Overall the treatment objective was met.",Polygon,Confirmed,"Digitized by BLM field office personnel, method unknown",1/1/1900 0:00,129857.6981,127685.2264,,Contractor,"Habitat for wildlife, Habitat productivity, Habitat quality, Habitat for sage grouse, Invasion by non-native annuals, Invasion by cheatgrass, Invasive species, Loss of desirable species, Noxious weeds, Vegetal cover, Wildlife in treated area, Rough terrain","The goal of aerial seeding was to establish perennial dominated plant communities that will resist\r\nnoxious weeds and invasive species establishment, are critical for sage-grouse and big game, and\r\nwill help stabilize soils.\r\nAreas suitable for seed germination and emergence are generally void of both native and nonnative\r\nplant biomass due to competition with shrub over story before the fire, and from the fire\r\nitself. Prior to the fire these areas supported higher fuel loads due to the shrub cover causing\r\nhigher intensity fire and more complete consumption of vegetation. This resulted in open areas\r\nand suitable microsites for seed germination and emergence. These sites, where the seeded\r\nspecies would typically establish following wildfire under natural conditions, were patchily\r\ndistributed across the fire. The data presented below represents sagebrush density across all\r\nburned areas, not just suitable sites. Seedling densities for FY 17 will be reported from suitable\r\nareas only and not across all burned areas.",,,,,Boise District Office,46:53:00
Model 17,Nothern Basin and Range,Post-burn aerial seeding,43058,16758,Implemented,See Comments,1,1/22/2016,1/22/2016,Acres,16899,Seeding,Aerial Seeding,Aerial Seeding,-1,Confirmed seed list,Sagebrush/Forb Seeding Mix 9,Seeds,Confirmed on Paper,Unknown,Species Specific,,Sagebrush/Forb Seeding Mix 9\r\n1. Density of sagebrush seedlings in suitable areas is an average of greater than or equal to 1\r\nplant per 10 m2.\r\n2. Density of aerially seeded forbs in suitable areas is an average of greater than or equal to 1\r\nplant per 10 m2.,Seeding sagebrush immediately after the fire provides the best opportunity for establishment. Seeded areas\r\ncan then be evaluated for annual grass presence and herbicides can later be used if necessary to control\r\nannual invasive grasses and release desirable vegetation such as established sagebrush seedlings and forbs.,"Sagebrush/Forb Seeding Mix 9\r\nA total of 16,899 acres were aerially seeded in terrain ranging in elevation from 4,000 to 4,900\r\nft. Areas were seeded at 100% coverage with basin big sagebrush and forbs (Appendix A: Table\r\nA-11 ). Of this acreage, 660 acres were state lands comprised of same species as BLM applied\r\nmix minus white western yarrow.",In 2020 the density objective for this treatment was met. Sagebrush seedlings were detected where Aerial Shrub/Forb Seed Mix 9 was applied; average density across suitable sites was 5.56 seedlings per 10 m\xb2 in 119 plots (Table 8-44).\r\n///\r\n1. The sagebrush seedling objective was met within areas seeded with Aerial Shrub/Forb Seed Mix\r\n9 (Basin Big Sagebrush). Average density across all areas was 2.12 seedlings per 10 m2 in 111\r\nplots (Table 8-25). It's likely that the seedlings were a mixture of basin and Wyoming big\r\nsagebrush. Overall the treatment objective was met.\r\n\r\n2. Seeded forb density for areas within Aerial Shrub/Forb Mix 9 (Basin Big Sagebrush) was 17 .13\r\nplants per 10 m2 over all species and pastures in suitable areas. Seeded forb densities exhibited\r\nhigh variability in abundances with averages ranging from O to greater than 30 plants per 10 m2.\r\n(Table 8-27). Overall the treatment objective was met.,Polygon,Confirmed,"Digitized by BLM field office personnel, method unknown",1/1/1900 0:00,16912.90623,16249.61439,,Contractor,"Habitat for wildlife, Habitat productivity, Habitat quality, Habitat for sage grouse, Invasion by non-native annuals, Invasion by cheatgrass, Invasive species, Loss of desirable species, Noxious weeds, Vegetal cover, Wildlife in treated area, Rough terrain","The goal of aerial seeding was to establish perennial dominated plant communities that will resist\r\nnoxious weeds and invasive species establishment, are critical for sage-grouse and big game, and\r\nwill help stabilize soils.\r\nAreas suitable for seed germination and emergence are generally void of both native and nonnative\r\nplant biomass due to competition with shrub over story before the fire, and from the fire\r\nitself. Prior to the fire these areas supported higher fuel loads due to the shrub cover causing\r\nhigher intensity fire and more complete consumption of vegetation. This resulted in open areas\r\nand suitable microsites for seed germination and emergence. These sites, where the seeded\r\nspecies would typically establish following wildfire under natural conditions, were patchily\r\ndistributed across the fire. The data presented below represents sagebrush density across all\r\nburned areas, not just suitable sites. Seedling densities for FY 17 will be reported from suitable\r\nareas only and not across all burned areas.",,,,,Boise District Office,58:29:00
Model 17,Nothern Basin and Range,Post-burn aerial seeding,43063,16758,Implemented,See Comments,1,1/1/2017,3/21/2017,Acres,5974,Seeding,Aerial Seeding,Aerial Seeding,-1,Confirmed seed list,Seeding Mix 6,Seeds,Confirmed on Paper,Unknown,Species Specific,,Sage-grouse Forb Seeding Mix 6\r\n1. Density of aerially seeded forbs in suitable areas is an average of greater than or equal to\r\n0.5 plants per 10 m2.\r\n\r\n2. Conduct a qualitative assessment of the seeded species phenology.,,"A total of 5,974 acres were aerially seeded near active greater sage-grouse leks in 2017 in Coal\r\nMine Basin, Shares Basin, and Rockville Pasture 7 lek area ranging in elevation from 4,000 to\r\n5,200 ft. These areas were seeded at 100% coverage (Appendix A: Table A-25).","In 2019 and 2020 the areas seeded with the sage-grouse preferred forb mix were surveyed for all plant species using meandering transects within each seeded polygon for Rockville Pasture 7, Shares Basin Pasture 1, Blackstock Springs 1 and Succor Creek Pasture 1. While native forb richness and abundance were moderate to high in these areas, (11 native forb species in Shares Basin 1 to 27 in Rockville 7) the only species found that were in the sage-grouse preferred seed mix were Balsamorhiza sagittata, Astragalus filipies, and Crepis occidentalis, which may or may not have originated from the seeding.\r\n\r\nIn 2017, the areas seeded with sage-grouse preferred forb mix were surveyed for all plant species\r\nusing meandering transects within each seeded polygon. Plant species were recorded throughout\r\neach transect while targeting the seeded sage-grouse preferred forbs. All seeded species were\r\nlocated in at least one of the four seeding areas. Penstemon eatonii was found in the highest\r\nquantities but never approached the objective of 0.5 plants per 10 m2 in suitable areas. Most\r\nLomatium dissectum, Crepis occidentalis, Balsamorhiza sagittata and Astragalus filipies\r\nindividuals that were observed were established plants that were likely not the result of the aerial\r\nseeding, although a few A. filipies seedlings were found in the aerially seeded portion of the\r\nSuccor Creek allotment. Penstemon accuminatus and Dalea ornata were found within the\r\nseeded portion of Shares Basin in Shares Basin Pasture 1 and Hardtrigger Pasture 4.\r\nThe aerially seeded portion of Sands Basin Pasture 4 had the highest number and quantity of\r\nsage-grouse preferred forbs and is closest to meeting the objective. This is likely because this\r\narea had the most suitable areas for seed germination, i.e. areas where shrubs were present before\r\nthe Soda fire and therefore burned hot leaving bare soil. This area also is in a Loamy 11-13\r\necological site and therefore has consistently deeper soils than the other areas that were seeded\r\nwith this mix. Six of the ten seeded species were found in this area; A. filipies, B. sagittata, C.\r\noccidentalis, Malacothrix glabrata, P. eatonii, and Sphaeralcea spp. Where seeded species were\r\nfound they exceeded the objective but seeded forbs were not found in all suitable areas.\r\nIn 2016, it is likely that the individual forbs detected during monitoring were plants that existed\r\nprior to the Soda fire and not as a result of the seeding. Crepis was detected in 13 pastures and\r\nB. sagittata was detected in 12 of the 14 pastures monitored. A. filipies was detected in half of\r\nthe 14 pastures. Penstemon, Malacothrix, and Sphaeralcea were not detected in any of the\r\npastures. The Jackson Creek allotment had the highest density of B. sagittata and second highest\r\nof Crepis; all pastures monitored in this allotment were treated with aerial herbicide during the\r\nspring of 2016 (see Part 6, S5 for details).\r\n\r\n2. Plant phenology was not assessed in 2016. In 2017 the majority of the emerged seeded perennial\r\nforbs were either flowering or fruiting at the time of monitoring.",Polygon,Confirmed,"Digitized by BLM field office personnel, method unknown",,5979.21,5979,,Unknown,"Forage for wildlife, Forage quality, Habitat for greater sage grouse, Habitat for sage grouse, Habitat for wildlife, Habitat quality, Loss of desirable species, Nesting bird species, Sensitive species",The goal of aerial seeding was to re-establish the native forbs that are preferred by sage-grouse\r\nfor forage and to attract insects that are forage for sage-grouse.,,,,,Boise District Office\r\nTreatment created from map showing Sage-Grouse Forb Seeding Mix 6 areas treated and Monitoring results [page 84] implementation.,32:13:00
Model 17,Nothern Basin and Range,Post-burn aerial seeding,43064,16758,Implemented,Unknown,1,1/25/2017,2/11/2017,Acres,6953,Seeding,Aerial Seeding,Aerial Seeding,-1,Confirmed seed list,Seeding Mix 1 (Rockville) FY17,Seeds,Confirmed on Paper,Unknown,Species Specific,,Seeding Mix 1 (Rockville) FY17,,"Winter 2017 (FY1 7) Boise BLM Broadcast Seeding #1\r\nBroadcast Seeding #1 contract was scheduled to begin on 1/6/17 but significant weather events\r\nof snow and fog delayed start date until 1/25/17. Weather events of fog, snow storms and wind\r\ncontinued through the duration of the project causing further delays and the Period of\r\nPerformance was extended 2/28/17, however contract was completed on 2/ 17 /17 with Soda\r\nportion completed on 2/11/17.\r\nDuration of contract was estimated to be completed in 12 days but it took 25 day due to the\r\nweather issues. Weather conditions during time of the seeding were various; clear, cloudy,\r\nfoggy, snowy, with temperatures ranging from 9\xb0 F to 40\xb0 F, and varied winds.\r\nAll areas were seeded at 100% coverage level for all mixes. Species, percent live seed (PLS),\r\nand bulk seed statistics are presented in Appendix A: Tables A-20 through A-25.",Unknown,Polygon,Confirmed,"Digitized by BLM field office personnel, method unknown",,6958.2,6504.12,,Contractor,Establishment of seeded species,Rehabilitation,Delayed,"Broadcast Seeding #1 contract was scheduled to begin on 1/6/17 but significant weather events\r\nof snow and fog delayed start date until 1/25/17. Weather events of fog, snow storms and wind\r\ncontinued through the duration of the project causing further delays and the Period of\r\nPerformance was extended 2/28/17, however contract was completed on 2/ 17 /17 with Soda\r\nportion completed on 2/11/17.","Cold, Extreme Cold, Snow, Windy","Duration of contract was estimated to be completed in 12 days but it took 25 day due to the\r\nweather issues. Weather conditions during time of the seeding were various; clear, cloudy,\r\nfoggy, snowy, with temperatures ranging from 9\xb0 F to 40\xb0 F, and varied winds.",Boise District Office\r\nTreatment polygon created from map showing  Seeding Mix 1 (Rockville) FY17 areas treated and Monitoring Report [page 41] implementation.,05:28:00
Model 17,Nothern Basin and Range,Post-burn aerial seeding,43065,16758,Implemented,See Comments,1,1/25/2017,2/11/2017,Acres,4423,Seeding,Aerial Seeding,Aerial Seeding,-1,Confirmed seed list,Seeding Mix 2 FY17,Seeds,Confirmed on Paper,Unknown,Species Specific,,Seeding Mix 2 (Shares & CoalMine) FY17,,"Winter 2017 (FY1 7) Boise BLM Broadcast Seeding #1\r\nBroadcast Seeding #1 contract was scheduled to begin on 1/6/17 but significant weather events\r\nof snow and fog delayed start date until 1/25/17. Weather events of fog, snow storms and wind\r\ncontinued through the duration of the project causing further delays and the Period of\r\nPerformance was extended 2/28/17, however contract was completed on 2/ 17 /17 with Soda\r\nportion completed on 2/11/17.\r\nDuration of contract was estimated to be completed in 12 days but it took 25 day due to the\r\nweather issues. Weather conditions during time of the seeding were various; clear, cloudy,\r\nfoggy, snowy, with temperatures ranging from 9\xb0 F to 40\xb0 F, and varied winds.\r\nAll areas were seeded at 100% coverage level for all mixes. Species, percent live seed (PLS),\r\nand bulk seed statistics are presented in Appendix A: Tables A-20 through A-25.","Aerial Mixes 1 \u2013 4 Winter 2017 (FY17) and Sage/Grass Mixes 1 \u2013 4 Winter 2017 (FY18)\r\nThrough monitoring, areas were identified where sagebrush density was below the objective. In January and February 2017 (Winter 2017 FY17), and in December 2017 (Winter 2017 FY18) additional aerial sagebrush was aerially seeded through adaptive management in 20 pastures with sagebrush densities lower than the objective. Below are results from sagebrush density monitoring for these areas (Table 8-45). In 2020 the density objective for this treatment was met.",Polygon,Confirmed,"Digitized by BLM field office personnel, method unknown",,4426.1,4424.43,,Contractor,Establishment of seeded species,Rehabilitation,Delayed,"Broadcast Seeding #1 contract was scheduled to begin on 1/6/17 but significant weather events\r\nof snow and fog delayed start date until 1/25/17. Weather events of fog, snow storms and wind\r\ncontinued through the duration of the project causing further delays and the Period of\r\nPerformance was extended 2/28/17, however contract was completed on 2/ 17 /17 with Soda\r\nportion completed on 2/11/17.","Cold, Extreme Cold, Windy, Snow","Duration of contract was estimated to be completed in 12 days but it took 25 day due to the\r\nweather issues. Weather conditions during time of the seeding were various; clear, cloudy,\r\nfoggy, snowy, with temperatures ranging from 9\xb0 F to 40\xb0 F, and varied winds.",Boise District Office - \r\nTreatment polygon created from map showing  Seeding Mix 2 (Shares & CoalMine) FY17 areas treated and Monitoring Report [page 41] implementation.,11:36:00
Model 17,Nothern Basin and Range,Post-burn aerial seeding,43351,16810,Implemented,See Comments,2,1/8/2017,1/12/2017,Acres,3900,Seeding,Aerial Seeding,Aerial Seeding,-1,Confirmed seed list,Poodle Fire,Seeds,Confirmed on Paper,Unknown,Species Specific,,"The objective is to prevent sagebrush communities to transitioning into an annual plant state and restoring essential forage and cover for greater sage grouse.\r\n\r\n1. Obtain an average of 1 seeded plant per meter\xb2 by the end of the fifth year following fire incident, which occurred on 07/30/2016.\r\n2. Obtain 100% or greater perennial cover of the low potential perennial plant cover for the appropriate ecological site by the end of the fifth year following fire containment.\r\n3. The aerial seeding would result in lower abundance (density and cover) of invasive annual plant species, and a higher abundance of desirable perennial plant species than the unseeded control area.\r\n4. Seeded species would be well established and reproducing.","The BLM proposes to aerially seed a total of 3,900 acres of public land managed by\r\nBLM that was burned by the Poodle fire. Seeding would occur in the fall or winter with a\r\npreference for application in late fall or early winter. The possible species the project\r\nwould be seeded with are biuebunch wheatgrass (Pseudoroegneria spicata spp. spicata),\r\nSquirreltail (Elymus elymoides), Sandberg bluegrass (Poa secunda), sulphur buckwheat\r\n(Eriogonum umbellatum), Low sagebrush (Artemisia arbuscular) and Tapertip\r\nHawksbeard (Crepis acuminata).","Aerial seed 3,900 acres with a seed mix containing native, perennial grasses, forbs, and sagebrush.","Monitoring Results Summaries:\r\nRangeland Ecological Site:\r\n\r\nR023XY039NV Loamy Slope 10-14 P.Z. The reference plant community is dominated by Wyoming sagebrush (Artemisia tridentata ssp. wyomingensis), Thurber\u2019s needlegrass (Achnatherum thurberianum), and bluebunch wheatgrass. Reference vegetation community composition is approximately 70% grasses, 10% shrubs, and 20% forbs.\r\nT80-A1-BuffaloHills-POO-17\r\nTreatment: Aerially seeded Sandberg\u2019s bluegrass (Poa secunda), Sulphur buckwheat (Eriogonum umbellatum). Scarlet globemallow (Sphaeralcea coccinea), little sagebrush (Artemisia arbuscula), bottlebrush squirreltail (Elymus elymoides), bluebunch wheatgrass.\r\n2017: This plot did not meet the objective for perennial cover, the perennial cover objective was 17.5% but site perennial cover was 14.67%. This plot met the objective for density. The objective for plant density was .5, and the site total was 2.8. Soil stability was excellent; however the high presence of invasive annuals such as cheatgrass (Bromus tectorum) and tall tumble mustard (Sisymbrium altissimum) are increasing litter and compromising water infiltration. For a photograph of line 1, see Figure 1.\r\n2018: This plot exceeded the perennial ESR objective; the perennial cover objective was\r\n17.5% and the plot perennial cover was measured to be 60.0%. This plot did meet thedensity objective of 0.5 plants per square meter; density was 0.5 target species plants per\r\nsquare meter. This plot was previously aerially seeded with Sandberg bluegrass, \r\nsulfurflower buckwheat, scarlet globemallow, bluebunch wheatgrass, squirreltail, and\r\nlittle sagebrush. The plot is on a slope and primarily dominated by grasses, including \r\ncheatgrass, and bluebunch wheatgrass. Weed species cheatgrass, wild oats (Avena fatua), \r\nsoft brome (Bromus hordeaceus), thistle (Cirsium sp.), prickly lettuce, and tall \r\ntumblemustard (Sisymbrium altissimum) were present at the plot. Cheatgrass had a higher \r\npercent coverage than in 2017, while the other species were new in 2018. For a \r\nphotograph of line 1, see Figure 3.\r\n2020: This plot did not meet the objective for perennial cover, the perennial cover \r\nobjective was 17.5% but site perennial cover was 19.3%. This plot did not meet the \r\nobjective for density. The objective for plant density was .5, and the site total was .33.\r\nThe shrub component is missing but the bunchgrasses were common on plot (bluebunch \r\nwheat and squirrel tail). The cheatgrass and bunchgrasses both filled much of the space \r\nbetween the cobbles and other rocks (50%). For a photograph of line 1, see Figure 4.\r\n\r\n\r\nR023XY037NV Clay Slope 8-12 P.Z. The reference plant community is dominated by bluebunch wheatgrass, Thurber's needlegrass and Lahontan sagebrush (Artemisia arbuscula). Potential vegetative composition is about 70% grasses, 10% forbs and 20% shrubs.\r\nC80-A2-BuffaloHills-POO-17\r\n2017: This plot met the objective for perennial cover, the perennial cover objective was 5% and site perennial cover was 5.9%. This plot met the objective for density. The objective for plant density was .5, and the site total was 2.8. Biotic integrity was compromised due to high presence of invasive annuals and lack of shrub component. The high presence of invasive annuals such as cheatgrass and tall tumble mustard are increasing litter, compromising water infiltration, and increasing the risk of fire. For a photograph of line 1, see Figure 3.\r\nT80-A2-BuffaloHills-POO-17\r\n2017: This plot met the objective for perennial cover; the perennial cover objective was\r\n5%, and the site perennial cover was 40%. Density also met the objective of .5 and was 7.7. Very low presence of annual invasives (cheatgrass). Litter amounts were higher than reference and bare ground was lower than reference which may negatively impact the recovery of shrub the component. For a photograph of line 1, see Figure 4.\r\nRangeland Ecological Site:\r\n2018: This plot exceeded the perennial ESR objective; the perennial cover objective was\r\n12.5% and the plot perennial cover was measured to be 52.0%. As it was not seeded, this\r\nplot did not have a plant density objective. This rocky plot is on a plain in a broad valley.\r\nIt is primarily dominated by grasses and forbs, including cheatgrass, stickywilly (Galium\r\naparine), Sandberg bluegrass, and rough eyelash weed (Blepharipappus scaber). Weed\r\nspecies cheatgrass was present in the plot and had a higher percent coverage than in 2017. \r\nFor a photograph of line 1, see Figure 6\r\n2020: This plot exceeded the perennial ESR objective; the perennial cover objective was\r\n5% and the plot perennial cover was measured to be 12.6%. As it was not seeded, this\r\nplot did not have a plant density objective. This rocky plot is the lowest of the poodle plots \r\nand had the lowest perennial plants found. Both cheatgrass and tumble mustard are \r\ncommon throughout the plot matt buckwheat (Eriogonum caespitosum) and nineleaf \r\nbiscuitroot (Lomatium triternatum) were some of the few perennials found between the \r\nlitter (75%) and the rocks (40%).For a photograph of line 1, see Figure 7\r\n\r\n\r\nR023XY031NV Claypan 8-12 P.Z. The plant community is dominated by bluebunch wheatgrass, low sagebrush and Thurber's needlegrass. Potential vegetative composition is about 65% grasses, 10% forbs and 25% shrubs.\r\nT80-A3-BuffaloHills-POO-17\r\n2017: This plot met the objective for perennial cover; the perennial cover objective was 10% and the site perennial cover was measured to be 16.67%. This plot met the density objective of .5, density was 2.7. Shrub component was negatively impacted during recent fire (2016), and above-reference litter conditions may prevent sagebrush seeds from reaching the ground. However, this site had a well-established bunch grass community of Sandberg bluegrass and Thurber\u2019s needlegrass, and some low sagebrush had survived the fire. For a photograph of line 1, see Figure 5.\r\nC80-A3-BuffaloHills-POO-17\r\n2017: This plot met the objective for perennial cover; the perennial cover objective was 10% and the site perennial cover was measured to be 26%. This site had an established community of Sandberg\u2019s bluegrass as well as bottlebrush squirreltail. Some of the low sage component of this site had been lost in the 2016 fire, but enough had survived to reproduce in time. However, litter from invasive annuals such as cheatgrass may prevent sagebrush seeds from reaching the ground. This plot has the invasive annual grass medusa head (Taeniatherum caput-medusae) nearby, and may become invaded. Weed treatments to prevent the spread of medusa head are recommended. For a photograph of line 1, see Figure 6.\r\n2020: This plot exceeded the perennial ESR objective; the perennial cover objective was\r\n10% and the plot perennial cover was measured to be 33%. As it was not seeded, this\r\nplot did not have a plant density objective. This plot recovered and has increased and \r\ndecreased in the three years of monitoring, but it ended with the highest count of the poodle \r\nplots. It is another rocky (41%) plot but with small sage, Utah juniper, and bottle brush \r\nsquirelltail. Along with all poodle plots, the presence of cheatgrass, tumblemustard, and \r\nprickly lettuce were throughout the plot. For a photograph of line 1, see Figure 16.",Polygon,Confirmed,Digitized by LTDL data entry personnel using a confirmed map,12/6/2017,3965.139432,3875.564466,,Contractor,"Cover for wildlife, Establishment of seeded species, Habitat for greater sage grouse, Habitat productivity, Habitat quality, Invasion by non-native annuals",Prevent sagebrush communities to transitioning into an annual plant state and restoring essential forage and cover for greater sage grouse.,,,,,,00:20:00
Model 17,Nothern Basin and Range,Post-burn aerial seeding,44377,5415,Implemented,See Comments,2,2/20/2015,2/21/2015,Acres,3450,Seeding,Aerial Seeding,Aerial Seeding: Rotor Wing,-1,Confirmed seed list,,Seeds,Confirmed on Paper,Unknown,Species Specific,Treatment 38,"The objectives for cover will be to obtain 70% of all perennial plant cover found in the associated reference site, or, when not possible, achieve 50% of the lowest value for perennial cover associated with the appropriate ecological or range site by the need of the third year. Density objectives for aerially seeded areas will be based on having one seeded species firmly rooted per square meter by first or second growing season following seeding.","Aerial seeding was vital in mitigating the potential loss of Greater sage grouse habitat in the Montana, Granite, and Bilk Creek mountain ranges. Without treatment the burned areas are extremely susceptible to exotic annual dominance; this would jeopardize the Greater sage grouse, mule deer herds and other wildlife that depend on this area year-round and especially in the winter months. The areas selected are predominantly upland areas where topography is unsuitable for drill seeding due to slope and accessibility. All aerial seeding occurred in sage grouse PPH or PGH that was severely burned. Sage grouse habitat in the Bilk, Trout Creek, and Montana Mountains is widely regarded as being exceptionally productive when compared with other areas designated as sage grouse PPH. The application cost of aerial seeding is fairly high, but the risk of not seeding is the loss of species and structural diversity that will reduce the overall short and long-term value of the land.",Mike Whalen Project Inspector. The area was aerially seeded using a helicopter with\r\nmountain sagebrush seed (Artemisia tridentata ssp. vaseyana). Refer to map 4 and table 4 in\r\npart 12 Attachments.,"Plot ID's: Bilk Creek-2, SagehenShyster1-HOL-14\r\n4% perennial cover at Bilk Creek-2\r\n*Bilk Creek-2\r\nTreatment: Natural Recovery\r\n2015: Plot does not meet the ESR or livestock closure objectives for perennial cover. The\r\nperennial cover has decreased from 19.3% to 4% in the past year. B. tectorum and S.\r\naltissimum dominate the plot, and perennial bunchgrasses and shrubs are uncommon.\r\n2014: Plot does meet the ESR percent perennial cover objective but fails to meet the\r\nlivestock closure objective. Plot was established, and AIM data was collected pre-fire in\r\n2010. When the plot was sampled in 2010, perennial cover was recorded at 40.67%. Post\r\nfire, perennial cover was recorded as 19.3% at plot. Rills are common and well defined,\r\nforming head cuts. Annual species B. tectorum and Sisymbrium altissimum co-dominate the\r\nplot, affecting the rangeland\u2019s hydrologic function and biotic integrity.\r\n2013: Plot does not meet the ESR or livestock closure percent perennial cover objectives.\r\nPlot was established, and AIM data was collected pre-fire in 2010. When the plot was\r\nsampled in 2010, perennial cover was recorded at 40.67%. Post fire, perennial cover was\r\nrecorded as only 4.67% at plot. From the 2013 LPI data, percent perennial cover species\r\ninclude: Chrysothamnus viscidiflorus, E. elymoides, P. secunda and an unknown shrub.\r\nSignificant soil loss, possibly as much as 10 inches, occurred at this site due to several\r\ncloud bursts and intense rain events in the month previous to sampling. Rills are common\r\nand well defined, forming head cuts. However, the plot did have high species diversity,\r\nthough only a handful of individuals of each species. Recruitment of native plants is\r\noccurring, but B. tectorum is present.\r\n\r\nSagehenShyster1-HOL-14\r\n34.7% perennial cover\r\nSagehenshyster1-HOL-14\r\nTreatment: Natural Recovery\r\n2015: Plot meets the ESR and livestock closure objectives for perennial cover. The plot is\r\ndominated by deep-rooted, cool-season perennial bunchgrasses, but B. tectorum can be\r\nfound in the understory.\r\n2014: Plot greatly exceeds both the ESR and livestock closure objectives for percent\r\nperennial cover. Perennial species include P. secunda, F. idahoensi, A. thurberianum, P.\r\nspicata. B. tectorum and S. altissimum were both present on the plot, affecting rangeland\r\nhealth.",Polygon,Confirmed,"Digitized by BLM field office personnel, method unknown",7/15/2017,3549.611081,3549.611081,,Contractor,"Habitat for antelope, Habitat for desert bighorn sheep, Habitat for wildlife, Invasion by cheatgrass, Invasion by non-native annuals, Invasive species, Loss of native vegetation, Loss of perennials, Loss of sagebrush, Loss of vegetation, Watershed health","The BLM has made the determination that as a result of the Holloway Fire, affected vegetative communities, particularly sage brush communities within Sage Grouse Preliminary Priority Habitat (PPH) and Preliminary General Habitat (PGH), are at risk from long term habitat degradation due to the presence of invasive annual grasses and other noxious weeds within new\r\ndisturbance. In addition to impacts to Sage Grouse, habitat values for Lahontan cutthroat trout, bighorn sheep, pronghorn antelope, mule deer, migratory birds, and pollinator species have also been seriously compromised. Soil resources are at risk from combined wind and water erosion, wildlife habitat values have been unacceptably compromised with limited potential for natural recovery, and other resources on the public lands are at immediate risk of erosion or other damage.",,,,,,35:32:00
Model 17,Nothern Basin and Range,Post-burn aerial seeding,48390,6949,Implemented,Not Successful,2,2/1/2015,2/20/2015,Acres,2624,Seeding,Aerial Seeding,Aerial Seeding,-1,Confirmed seed list,,Seeds,Confirmed on Paper,Unknown,Species Specific,Monitoring report states that 4lb./ac was seeded but the bulk pounds used and acres only equates to 3lb./ac.,"Objective: The objective of this treatment is to establish, within 1 to 3 years, big sagebrush and native grasses in big sagebrush ecological sites that had high vegetation top kill of shrubs in priority sage-grouse priority areas.",Unknown,"Contributed funds were used to purchase and seed approximately 2624 acres on the Lost Fire. Seeding occurred in February of 2015. In addition, contributed funds were also used to pay for the aerial seeding contract. Based on field data collected during the summer of 2015, the treatment has yet to meet the established criteria.","Plots were established within the aerial seeding polygons to determine if the treatment met the established criteria of >0.5 big sagebrush seedlings per M\xb2. Data was collected using the same methodology as used during the collection of monitoring data to monitor the recovery of the natural vegetation. Based on the data collected, the criterion was not met.",Polygon,Confirmed,Digitized by LTDL data entry personnel using a confirmed map,12/4/2018,2661.741709,2661.74,,Contractor,"Habitat for wildlife, Habitat for sage grouse, Habitat quality, Vegetal cover",Establish big sagebrush and native grasses in big sagebrush ecological sites in priority sage-grouse priority areas.,,,,,,14:26:00
Model 17,Nothern Basin and Range,Post-burn aerial seeding,48954,5981,Implemented,See Comments,2,1/19/2013,1/22/2013,Acres,6392,Seeding,Aerial Seeding,Aerial Seeding: Rotor Wing,-1,Confirmed seed list,Mix 2,Seeds,Confirmed on Paper,Unknown,Species Specific,,"Goal: Increase diversity of desirable grasses, forbs, and shrubs to preserve and maintain habitat for sensitive\r\nwildlife species, as well as prevent erosion in susceptible areas.","Seed mixtures comprised of native shrubs and stabilizing mixes of native grasses would be\r\naerial broadcast seeded.  Aerial seeding of shrubs is proposed as an ES treatment to augment\r\nthe development of vegetative structure across the burned landscape to further reduce\r\nsediment movement from wind and water erosion, which will aid in restoring habitat for\r\nsage-grouse and several other BLM sensitive wildlife species associated with the sagebrush\r\nsteppe. The area was also important habitat for bighorn sheep and is utilized by mule deer\r\nand antelope.","1 mix of sagebrush at 70% area\r\ncoverage (375\u2019 swath width) in non- wilderness 6,392 acres.","Objectives and Results\r\n1. Attain a density of 1 sagebrush seedling per 10m\xb2 in suitable areas. Conduct density\r\nmonitoring.\r\nThis objective was met in 2015 due to the reseeding in February of 2014. In August of 2015, in\r\nsuitable sites, six transects of density hoop monitoring were conducted in areas that were aerially\r\nseeded with sagebrush. Locations seeded with Wyoming big sagebrush were meeting the\r\nobjective with a density of 7.1 seedlings per 10m2. Low sagebrush seeding areas (Artemisia\r\narbuscula) were not monitored.\r\nLarge patches of sagebrush seedlings were noted at grass monitoring plots 1-2, 1-2, 2-3, 2-5, 4-1,\r\nand 5-1, and in the wilderness plot 3-1. Seedlings were 1-18\u201d in height and appeared healthy;\r\nmany were beginning to flower. Trace amounts of sagebrush were found in areas seeded with\r\nlow sagebrush.\r\n2. Attain a density of 2.5 perennial seeded grass plants per square meter (in\r\ngrass/sagebrush seed mix non-wilderness area). Conduct density monitoring.\r\nSite assessments were conducted in areas favorable for germination and establishment of\r\nperennial seeded grasses. No seedlings were observed in 2013, even in highly suitable areas\r\nwhere terrain would have naturally collected seed (e.g., crevices, near drainages).\r\nOverall, this objective was met. Areas seeded with Mix 1 in 2013 were surveyed for Sandberg\r\nbluegrass and Idaho fescue grass density in 2015. Seeded grass density ranged from 1 to 22\r\nSandberg bluegrass plants per 1 m2 and 0 to 8 Idaho fescue plants per 1 m2. Idaho fescue plants\r\nwere noted in 5 quadrats of 9 total quadrats surveyed.\r\n3. 80% of canopy gaps less than 50cm. Conduct canopy gap monitoring.\r\nAfter three years of growth it is unrealistic to expect aerially seeded grass to be large enough to\r\nreduce gap size. Therefore, this objective has been disregarded.\r\n\r\n\r\nESR Monitoring Report 2022\r\nS3 Aerial Seeding \r\nTreatment(s) \r\nPockets of suitable planting sites, areas where the seeded species would typically grow under normal conditions, were present across fire perimeter. Suitable sites are often difficult to delineate post-fire, covering the entire area better ensured all suitable sites were seeded. \r\nContractors initially seeded 14,569 acres by helicopter on January 19, 2013; 473 acres were seeded with the grass/sagebrush mix- mix 1 (100% coverage), 6,392 acres were seeded with the forb/sagebrush mix - mix 2 (70% coverage - 375\u2019 swath width), and 7,704 acres were seeded with the sagebrush mix - mix 3 (100% coverage). Aerial seeding density was not conducted in 2013; however, ESR personnel made numerous site visits to look for germination of seeded species during installation of vegetation recovery monitoring plots. Seven of the eleven \r\nContractors re-treated 6,835 acres on February 27, 2014 (see re-treatment rationale for more information). Wyoming big sagebrush was seeded by helicopter (50% coverage \u2013 250\u2019 swath width, skip seeding). \r\n\r\n2014 Aerial Seeding Mix\r\nSagebrush density monitoring was not conducted in 2017. \r\nThis objective was met in 2015 due to the reseeding in February of 2014. In August of 2015, in suitable sites, six transects of density hoop monitoring were conducted in areas that were aerially seeded with sagebrush. Locations seeded with Wyoming big sagebrush were meeting the objective with a density of 7.1 seedlings per 10m2. Low sagebrush seeding areas (Artemisia arbuscula) were not monitored. \r\nLarge patches of sagebrush seedlings were noted at grass monitoring plots 1-2, 1-2, 2-3, 2-5, 4-1, and 5-1, and in the wilderness plot 3-1. Seedlings were 1-18\u201d in height and appeared healthy; many were beginning to flower. Trace amounts of sagebrush were found in areas seeded with low sagebrush.\r\n\r\nGrass density monitoring was not conducted in 2017. \r\nSite assessments were conducted in areas favorable for germination and establishment of perennial seeded grasses. No seedlings were observed in 2013, even in highly suitable areas where terrain would have naturally collected seed (e.g., crevices, near drainages). \r\nOverall, this objective was met in 2015. Areas seeded with Mix 1 in 2013 were surveyed for Sandberg bluegrass and Idaho fescue grass density in 2015. Seeded grass density ranged from 1 to 22 Sandberg bluegrass plants per 1 m2 and 0 to 8 Idaho fescue plants per 1 m2. Idaho fescue plants were noted in 5 quadrats of 9 total quadrats surveyed.\r\n\r\nCanopy gap of aerially seeded species was not conducted in 2017.\r\n\r\nOther Results \r\nIn late June 2022, ESR staff qualitatively monitored four plots. \r\nThe aspen (Populus tremuloides) stand at plot G1MKPPASP1 showed very good recovery with trees 6-8 feet tall (photo below). Snowbrush ceanothus (Ceanothus velutinus) was in poor condition due to heavy browse by elk. Due to landscape position and elevation snow sits longer at this plot. Plant phenology was a few weeks behind communities in the flat; bottlebrush squirreltail (Elymus elymoides) was just beginning to bloom on June 29th. Yarrow (Achillea millefolium) was abundant across the site. Large patches of bare soil persist but they have not filled in with either cheatgrass or noxious weeds. Though a few shrubs have resprouted, the area is functionally a grassland.\r\n\r\nA former low sagebrush (Artemisia arbuscula) site, the plant community at plot G1MKT02 is now primarily Sandberg bluegrass (Poa secunda), bluebunch wheatgrass (Psuedoroegneria spicata) and bottlebrush squirreltail (photos below). Many of the bluebunch bases had dead inner cores which may have occurred due to the drought in 2021. A handful of sagebrush seedlings were found. Forb diversity included lava aster (Ionactis alpina), lupine (Lupinus sp.), willowherb (Epilobium brachycarpum), hawksbeard (Crepis sp.), pale agoseris (Agoseris glauca), hatless daisy (Erigeron aphanactis), and longleaf phlox (Phlox longifolia). Sandberg bluegrass was subdominant (10-40% abundance) across the site interspersed with small gravel.\r\n\r\nPlot G1MKT05 falls in a small draw in Owens Pasture 1 which was representative of draws within the pasture. The plot was heavily invaded with cheatgrass and tall tumblemustard (Sisimbrium altissimum) (photos below). Bottlebrush squirreltail and yellow rabbitbrush (Chrysothamnus viscidiflorus) were present at low abundance. A few crested wheatgrass (Agropyron cristatum) plants were also noted at this plot.\r\n\r\nG1MKNT04 was not treated as part of the Jacks ESR plan. Sandberg bluegrass and bottlebrush squirreltail have recovered well though cheatgrass fills interspaces in the gravel soil surface in 2022.\r\n\r\nRECOMMENDATIONS/CONCLUSIONS \r\nCanopy gap objectives were not met in either Owens or Northwest allotments though most pastures were within 6% of the objective. Invasive non-native annuals have increased significantly at some plots, particularly in pasture 12 of the Northwest allotment. Perennial grasses have increased in size since 2013, were producing seed heads and plants were in good vigor. Overall, site assessments and photos indicate that perennial grasses have recovered in both treated and natural recovery areas. Grazing was resumed in Owens Allotment in June 2015 (see Part 12: Additional Information). Monitoring ten years post-fire shows very good grass recovery across the burned area. Though there are some patches of cheatgrass present, no large expanses occur in the fire perimeter. \r\nThe aerial sagebrush seeding objective was met in 2015 due to the reseeding in February of 2014. Moisture in February and March of 2014 were above average as was late summer and fall moisture; this likely helped with the establishment and growth of the seeded sagebrush. Sagebrush seedlings may have been missed or not yet germinated and emerged during monitoring in 2014 but were picked up during monitoring of 2015. Few sagebrush seedlings were found during ten-year monitoring in 2022. Much of the Jacks fire is now functionally a grassland. \r\nCanada thistle is common throughout the Big Jacks Creek riparian corridor and due its extent, chemical treatment will not be implemented. These sites will be targeted for biological control releases in the future. A population of Scotch thistle detected at the reservoir in 2014 was treated in 2015. It is expected this treatment will be effective but both sites will require continued monitoring to prevent re-establishment. Although the most likely areas for invasion have been inventoried, continued monitoring of treatment sites and the burned area is recommended. Continued monitoring should focus on travel corridors and highly disturbed sites",Polygon,Confirmed,Digitized by LTDL data entry personnel using a confirmed map,2/22/2019,8572.43,8535.09,,Contractor,"Cover for wildlife, Forage for wildlife, Habitat for mule deer, Habitat for wildlife, Habitat productivity, Invasion by cheatgrass, Invasion by non-native annuals","Maintain and/or enhance unique or special habitats to retain and/or improve their character and value for wildlife, research, and human enjoyment. Protect habitats supporting nongame wildlife with high public and/or biological interest;\r\nMaintain stability of 408,300 acres classified as moderate, high, and critical erosion hazard by reducing or minimizing wind and water erosion;\r\nProtect and/or improve endangered species habitat within the BPU;\r\nManage 520,000 acres of sage-grouse range in the BPU to improve nesting, brood\r\nrearing, and winter habitats by: improving all poor and fair big sagebrush, meadow,\r\nand riparian ecological sites to good ecological condition;\r\nManage sensitive species habitat in the BPU to maintain or increase existing and\r\npotential populations;\r\nManage 1,079,000 acres of pronghorn habitat in the BPU, within IMP guidelines where\r\napplicable, to provide sufficient forage, water, cover, and space;\r\nManage mule deer spring, summer, and fall, and winter range, and pronghorn habitat\r\nin the BPU to obtain good ecological condition, and to provide adequate food, cover,\r\nand water.",,,Snow on Ground,snow cover on ground.,,06:29:00
Model 17,Nothern Basin and Range,Post-burn aerial seeding,49013,19810,Implemented,See Comments,2,12/14/2013,12/14/2013,Acres,2782,Seeding,Aerial Seeding,Aerial Seeding,-1,Planned seed list,Sagebrush,Seeds,Plan,Unknown,Species Specific,,The objective of the seeding treatment is to establish perennial-dominated plant communities within 3\r\nyears. The following shrub density objectives are based on ecological site potential.\r\nThe aerial sagebrush seed treatment would be considered successful if:\r\nThe seeded grass and brush species reach densities of:\r\n? Sagebrush seedlings average 0.10 seedlings per square meter across all density plots; or\r\n? In qualitative surveys they are found to be common.,The majority of the burned BLM land was identified to be aerial seeded with Mountain big sagebrush and a native perennial grass mix in two separate applications. The perennial grass mix is proposed to be accomplished first in late FY13 or early FY14. The Mountain big sagebrush is proposed to be aerial seeded in early FY14 after the perennial grass mix has been applied and covered with a Dixie harrow and there is adequate moisture on the ground (snow cover). Appropriate wildlife inventories/surveys will be complete prior to implementing these specific projects.,"Sagebrush: This project consisted of aerial seeding of 2,782 acres\r\nwithin the Pointe fire. Rate of application was approximately 0.50\r\npounds bulk seed per acre. The seed consisted of 1400 pounds of\r\nMountain Sagebrush. The seed was applied to snow covered\r\nground, see the attached map for the project location. The\r\ncontractor was Thomas Helicopters, Inc of Gooding, ID. Pilot for\r\nthe seeding was . The project was completed using\r\none helicopter and two sling type buckets. The project was started\r\nand completed on December 14, 2013.","Qualitative\r\nA total of four monitoring points were established to capture the seeding success or failure of the\r\nPoint Fire. A qualitative summary was written for this project by the monitoring crews.\r\n2016 - Most of the points were representative of the treated area. In most of the area, the seeded\r\nspecies were established and productive. Idaho Fescue, Bluebunch and Sherman\u2019s bluegrass\r\nwere the best established species. Seedlings of Mountain big sage and bitterbrush were found\r\nthroughout the area, although not as common. Cheatgrass and tumble mustard were found in\r\nmoderate scattered plots. Point 003 had the densest cheatgrass/tumble mustard. Snowberry and\r\nserviceberry were common in the area. Other grasses encountered were squirreltail, needle-and thread,\r\nbasin wildrye, Sandberg\u2019s bluegrass and western wheatgrass. Twelve sage grouse were\r\nfound on the east side of the project in big sagebrush/bitterbrush communities. Black henbane\r\nwas found on the main road outside of the project area.\r\n\r\nSeed dribblers were used during the chaining efforts. Only one dribbler was used because there\r\nwas only one agency dozer working on this project. Low traces of bitterbrush were detected\r\nduring monitoring. Antelope bitterbrush seedlings will be planted this fall to help with the reestablishment\r\nof this species.\r\n\r\nFrom the monitoring data collected the cover data shows perennial grasses decrease slightly\r\nwhile forbs increased from the previous year as well as sagebrush. Annual grasses and bare\r\nground decrease. Forb cover appears to be in a trough trend. The amount of perennial grasses\r\ndecreased by 6%, also, the amount of annual grasses decreased by 3%. Annual grasses were\r\nobserved as being abundant in the Burley Field Office as compared to the monitoring of other\r\nESR project areas. The amount of spring/summer moisture is the main contributing factor. The\r\nseed mix used did not have any forb species included because typically the Burley Field Office\r\ntends to get good natural recovery. The natural recovery of forbs has been impressive as\r\ncompared to other ESR projects where no forbs were included in the seed mix and the percent\r\ncover and density of forbs was low. The percent of bare ground was reduced by 6% with only a\r\ntotal of 2% bare ground cover. Usually when something is not recorded in the monitoring data\r\ndoesn\u2019t mean that it is not present on the burned area. The random pick of the points could have\r\nbeen in areas that had little amounts of certain seeded species. The low amount of seeded brush\r\nspecies found is a concern at this point. Species monitoring needs to continue to assess the\r\nsuccess or failure of the seeded brush species. Antelope bitterbrush and Wyoming sagebrush\r\nwere found during both qualitative and qualitative monitoring. Future projects of planting\r\nsagebrush and bitterbrush seedlings may occur under fuels funding.\r\nThe density of cheatgrass at 32.30 (average items per square meter) is a major issue, although the\r\namount of spring precipitation was a big contributing factor. Throughout the Burley Field Office\r\ndense areas of cheatgrass along with perennial grass was observed. With the other perennial\r\ngrass, forbs and shrubs species found during monitoring, there is not major concern for the\r\nrecorded amount of annual grass.",Polygon,Confirmed,"Digitized by BLM field office personnel, method unknown",,2781.35,2781.35,,Contractor,"Erosion, Habitat for wildlife, Habitat productivity, Habitat quality, Loss of desirable species, Nesting bird species, Habitat for greater sage grouse, Habitat for mule deer","The Point Fire started as a lightning strike on July 1, 2013. The Fire grew rapidly due to erratic\r\nwinds, steep and inaccessible terrain. The Fire burned a total of 2,948 acres in Twin Falls County\r\napproximately eight miles south of Rogerson, Idaho. Of those burned acres, 2,782 acres occurred\r\non lands managed by the Bureau of Land Management (BLM). The Fire burned portions of\r\nThree Mile, North Rabbit Springs, Hole-In-The-Wall and U & I grazing pastures in the Point\r\nRanch allotment (1005 acres), a portion of Pasture Number 2 of the Ridge allotment (1814 acres)\r\nand a portion of Pasture Mc 1 of the Mule Creek PVGA allotment (129 acres). The elevation\r\nthroughout the Fire varied between 5,500 to 6,500 feet. A large portion of the burned area is\r\ninaccessible because of the steep slopes and cliff areas. The burned area\u2019s topography is\r\ncharacterized as rocky steep slopes, steep draws and ridges. In some areas of the burn, slopes\r\nrange from 30-60 percent.\r\nThe Fire burned within a variety of vegetation communities; mid to late seral sagebrush\r\n(Mountain and Wyoming big sagebrush, low sagebrush and Antelope bitterbrush) steppe\r\ncommunities. Past fires on the same mountain range have demonstrated the potential conditions\r\nif rehabilitated and not rehabilitated. The Fire burned quickly with highest severity in steep\r\ndraws of sagebrush and bitterbrush.",,,Snow on Ground,The seed was applied to snow covered\r\nground,"Seed for aerial seeding treatments (grass and sagebrush) was\r\npurchased at the September 15 2013 seed buy.\r\nSeed cost is included in the cost of the aerial grass seeding. \r\nSeed was $399,000 for all seed and unable to break up the cost.",24:43:00
Model 17,Nothern Basin and Range,Post-burn aerial seeding,49048,19815,Implemented,See Comments,2,2/1/2013,2/5/2013,Acres,22839,Seeding,Aerial Seeding,Aerial Seeding: Rotor Wing,-1,Confirmed seed list,,Seeds,Confirmed on Paper,Unknown,Species Specific,Seed for aerial seeding treatments was purchased at the August 30\r\nseed buy,"Objective: The objective of the seeding treatment is to establish perennial-dominated plant communities within 3 years. The\r\nfollowing grass, forb, and shrub density objectives are based on ecological site potential.\r\nThe aerial grass seed treatment would be considered successful if:\r\nThe seeded grasses reach densities of:\r\n3 plants per square meter or\r\nIn qualitative surveys are observed to be established in available microsites\r\nThe aerial sagebrush seed treatment would be considered effective if:\r\nSagebrush seedlings average 0.10 seedlings per square meter across all density plots; or\r\nIn qualitative surveys seedlings are found to be common",Unknown,"This project consisted of aerial seeding 22,839 acres with 22,880\r\npounds of Wyoming big sagebrush. All sagebrush seeding occurred\r\nover drill-seed areas in sage-grouse PPH or PGH. Rate of\r\napplication was approximately 1.00 pounds bulk seed per acre.\r\nSeed was applied to mostly bare muddy ground. The contractor was\r\nThomas Helicopters, Inc., of Gooding, ID. The pilot for the seeding\r\nwas Patrick Hall. The project was completed using one helicopter\r\nand one sling-type bucket. The project was started on February 1\r\nand completed on February 5, 2013.","Average Wyoming big sagebrush shrub count of 5 monitoring plots per monitoring year:\r\n2014: 3.4; 2015: 1.2; 2016: 1.4; 2018: 1.2\r\n\r\nFY 17\r\nMonitoring plots were revisited for the 5th year monitoring by Chicago Botanical interns in the summer of 2017. Qualitative assessments were completed and included a general plot description, species inventory, and photo documentation. For the 5th year monitoring year, seven plots were revisited for qualitative assessments. Plots visited include 001, 002, 004, 006, 009, 010, and 012.\r\nThe Kinyon Road rehabilitation can be addressed geographically, as the treatments were divided separately into the eastern and western burned areas. The focus of this summary will be on the west side, also known as the Bruneau Overlook area, as heavy noxious weed infestations and unsuccessful drill seedings here were concerning. Due to the good establishment of the drill seed treatments on the eastern side, attention and resources should be focused on the Bruneau Overlook area in future treatments.\r\nOn the eastern side of Kinyon, drill seedings were highly successful. Perennial grasses, particularly bluebunch wheatgrass and Siberian wheatgrass, dominate the landscape, and the bare ground among them supports a high diversity of forbs with relatively low cheatgrass establishment. Though sagebrush seedlings were either not found or found in extremely low amounts in these areas, many sagebrush islands were seen near monitoring points, and could potentially re-seed the area regardless of the success of shrub seedings. Invasive weeds such as rush skeletonweed, halogeton, and Russian thistle are present, but are not an imminent threat, especially considering the health and expanse of the perennial grasses. It would be valuable for future projects to assess why the eastern Kinyon plantings were so successful compared to the Bruneau Overlook area.\r\nThe Bruneau Overlook seeding treatments have been moderately successful but present several challenges. In some areas, drill-seeded perennial bunchgrass populations are vigorous and extensive with good forb diversity, but cheatgrass density is still high. Most areas on this side of the Kinyon fire are cheatgrass-Sandberg\u2019s bluegrass dominated sites with low forb diversity, and drill-seeded perennials are not competing as well. Few to no sagebrush seedlings were seen across the area, and sagebrush islands were also rarer. Noxious and invasive weed populations also present a problem.\r\nA main concern for this area is extremely dense invasive weed populations, particularly Russian thistle. The Bruneau Overlook area is being overtaken by this dominant weed, and full hillsides of robust Russian thistle were found near monitoring points (Photo 1). The eastern monitoring area also showed some large Russian thistle populations. Russian thistle is likely to continue dominating the Kinyon Road area unless significant control measures are taken. Rush skeletonweed is also present across the Kinyon Road fire area, though to a much lesser extent than the thistle. It has the potential to continue spreading and impeding the advancement of perennial bunchgrasses. Chemical treatments in the Bruneau Overlook area on Russian thistle and rush skeletonweed would be most efficient in stopping the spread of these two species, though mechanical treatments on extremely dense Russian thistle patches could also be valuable.\r\nKinyon Road Fire (G1CH) FY2022 Monitoring \u2013 10th Year 33\r\nPrecipitation data is from the Twin Buttes and Horse Butte RAWS stations, which are northeast of the burned area and southwest of the burned area, respectively. Monitoring reports at the first, second- and third-year mark illuminate a trend towards higher precipitation following treatment years, along with later summer and fall rains. This factor may have contributed to higher weed establishment and lower drill seed success. Previous reports also mention soil movement that filled in drill rows and lessened the establishment rate at Bruneau Overlook sites. Compounding this was the inefficient depth band use on the shrub seedings, consequently the first three years of monitoring found no shrub establishment in the monitoring sites. Upon qualitative monitoring at the five-year mark, scattered immature Wyoming big sagebrush were found in only half of the monitoring sites for all of Kinyon. Multiple factors led to both the low shrub establishment throughout Kinyon and the partial success of drill seed treatments in Bruneau Overlook.\r\n\r\nFY22\r\nMonitoring plots were revisited by TFD Fuels technicians during the summer of 2022 for the 10th year monitoring. Qualitative assessments were completed which included a general plot description, species inventory, and photo documentation.\r\nThe following photo points are representative of the entire treated area of the Kinyon Road fire. For the 10th year monitoring year, 14 plots were revisited for qualitative assessments. Plots visited include 002, 003, 004, 005, 007, 008, 009, 010, 011, 013, 015, 019 021, and 023. Data collected included a general plot description, species inventory, and photo documentation.",Polygon,Confirmed,"Digitized by BLM field office personnel, method unknown",None,22845.23,22839.45,,Contractor,"Habitat for wildlife, Habitat productivity, Habitat quality, Sagebrush","Improve lands in poor ecological condition (pp. II-28, II-31, II-40, II-47, and II-50).\r\nMaintain existing vegetative improvements (pp. II-28, II-31, II-40, II-47, and II-50).\r\nMaintain existing lands that are in good and excellent ecological condition (II-40).\r\nManage big game habitat to support mule deer and antelope (pp. II-28, II-31, II-40, II-48, and II-50).\r\nMaintain present levels of upland game nesting and cover habitat (pp. II-28, II-31, and II40)\r\nImprove sage-grouse habitat through seeding and rehabilitation (p. II-40 and II-48).\r\nMaintain present areas of sage-grouse nesting habitat (p. II-51).",Unknown,,Muddy Ground,The seed was applied to mostly bare muddy ground,,32:30:00
Model 17,Nothern Basin and Range,Post-burn aerial seeding,49097,19821,Implemented,See Comments,2,12/11/2013,12/12/2013,Acres,4378,Seeding,Aerial Seeding,Aerial Seeding,-1,Confirmed seed list,Coonskin Fire Aerial Sagebrush Seed Mix,Seeds,Confirmed on Paper,Unknown,Species Specific,SEED VARIETY APP. RA TE PURITY - RANGE\r\nLBS Wyoming Sagebrush ......................................................................... .\r\n240 Lot# 142 0.06 lbs/acre PLS= 16.58\r\n1480 Lot# l 15R 0.34 lbs/acre PLS= 15.98\r\n2120 Lot # 11063-1 0.48 lbs/acre PLS= 16.20\r\n480 Lot# 12063 0.11 lbs/acre PLS= 22.99\r\n40 Lot# 1220 0.01 lbs/acre PLS= 20.91,The objective of the seeding treatment is to establish perennial-dominated plant communities within 3 years. The\r\nfollowing shrub density objectives are based on ecological site potential.\r\nThe aerial sagebrush seed treatment would be considered effective if:\r\n? Sagebrush seedlings average 0.10 seedlings per square meter across all density plots; or\r\n? In qualitative surveys seedlings are found to be common,"Aerial seed about 4,378 acres with Wyoming big sagebrush seed in winter 2013/2014.","This project consisted of aerial seeding 4,378 acres with 4,360\r\npounds of Wyoming big sagebrush seed at about 1.00 pounds bulk\r\nseed/acre. The seed was applied to mostly snow-covered ground.\r\nThe project was\r\ncompleted using one helicopter and two sling-type buckets.","Wyoming big sagebrush seedlings resulting from aerial seeding were abundant throughout the\r\ndrill seeded area. In addition, Idaho Department of Fish and Game planted seedlings in spring\r\n2015 and 2016 in previously seeded portions of the burned area. This area is planned for\r\ncontinued sagebrush planting.",Polygon,Confirmed,"Digitized by BLM field office personnel, method unknown",,4379.25,4379.25,Spray on data is available in the source GIS folder,Contractor,"Habitat for wildlife, Habitat productivity, Habitat quality","To re-establish sagebrush for wildlife habitat and perennial cover\r\nThe Coonskin Fire ignited in the central Jarbidge Field Office on July 31, 2013. Fire cause was\r\nlightning. The fire was contained on August 1 and controlled on August 2. The fire burned 4,378\r\nacres of public land administered by the BLM.\r\nThe fire burned 3,872 acres of Sage-grouse Preliminary Priority Habitat (PPH). Within the Sagegrouse\r\nPPH, 128 acres were classified as key habitat dominated by sagebrush communities and\r\n3,744 acres were R1 restoration habitat dominated by perennial grasslands. The entire area\r\nburned in 2008 in the Murphy Complex Fire. Sagebrush islands left by that fire burned in the\r\nCoonskin Fire.\r\nThe burned area is surrounded by sage-grouse leks. Three occupied sage-grouse leks occur 0.8,\r\n3.7, and 5.2 miles from the fire perimeter. Numbers of sage-grouse attending these leks has\r\ndeclined following wildfires in the area since the mid-1990s. Three status undetermined sagegrouse\r\nleks occur 0.8, 1.0, and 1.3 miles from the burned area. The area is used by sage-grouse\r\nfor nesting. Occupied pygmy rabbit (a candidate species) is less than 1.0 mile from the west side\r\nof the fire. Ferruginous hawk and prairie falcon (both BLM sensitive species) hunt small\r\nmammals in the area, but nesting habitat is 2.0 to 2.5 miles to the east and southeast. Prior to the\r\nfire the area was used by pronghorn for fawning. The fire burned big game winter range.\r\nWintering big game include pronghorn, elk and mule deer.\r\n\r\nResource management objectives for the affected MUAs:\r\nImprove lands in poor ecological condition (p. II-47).\r\nManage big game habitat to support mule deer and antelope (p. II-48).\r\nImprove sage-grouse habitat (p. II-48).",Unknown,,Snow on Ground,The seed was applied to mostly snow covered ground,,34:39:00
Model 17,Nothern Basin and Range,Post-burn aerial seeding,49223,19856,Implemented,Unknown,1,2/1/2015,2/20/2015,Acres,2624,Seeding,Aerial Seeding,Aerial Seeding,-1,Confirmed seed list,,Seeds,Confirmed on Paper,Unknown,Species Specific,,"The objective of this treatment is to establish, within 1 to 3 years, big sagebrush and native grasses in\r\nbig sagebrush ecological sites that had high vegetation top kill of shrubs in priority sage-grouse priority areas.",,"Contributed funds were used to purchase and seed\r\napproximately 2624 acres on the Lost Fire. Seeding occurred\r\nin February of 2015. In addition, contributed funds were also\r\nused to pay for the aerial seeding contract.","Based on field\r\ndata collected during the summer of 2015, the treatment has\r\nyet to meet the established criteria.\r\n\r\nPlots were established within the aerial seeding polygons to determine if the treatment met the\r\nestablished criteria of >0.5 big sagebrush seedlings per M\xb2. Data was collected using the same\r\nmethodology as used during the collection of monitoring data to monitor the recovery of the\r\nnatural vegetation. Based on the data collected, the criterion was not met.",Polygon,Confirmed,Digitized by LTDL data entry personnel using a confirmed map,3/18/2019,2710.27,2709.49,,Contractor,Habitat quality,"The Lost Fire occurred on the Bureau of Land Management (BLM) Northern California District\r\n(NOD), Surprise Field Office (SFO) area. It was one of 7 fires that started on the 5th of August\r\nin NOD by lightning. The fire was located approximately 21 miles east/southeast of the town of\r\nEagleville, CA. The fire started approximately 1 mile north of the Lost Creek Road near the Los\r\nAngeles Department of Water and Power twin 500 KV power lines. When first reported by a\r\nNevada Department of Wildlife employee, the fire was estimated between 500 \u2013 800 acres in\r\nsize and growing. During the initial time period, the SFO Surprise Valley Fire Station was\r\nfighting several new lightning fires. Initial attack suppression forces were dispatched by the\r\nSusanville Interagency Dispatch Center and Jerry Wheeler DC-3206 assumed the role as Lost\r\nIncident Commander. Around the time of ignition, surface winds increased from the southwest\r\nand ranged from 5 to 8 mph with gusts up to 15 mph. On August 5th, a ridge of high pressure\r\nover the Four Corners region intensified while a thermal trough developed over central Nevada.\r\nThe combination of these two climatic features increased heating and resulted in the\r\ndevelopment of an extremely dry air mass over the fire area. High temperatures were 5 to 8\r\ndegrees above normal and ranged from 92 to 97 degrees. Corresponding minimum relative\r\nhumidity (RH) values dropped to 5-9 percent. The lowest RH recorded during the fire was 2\r\npercent. On August 5th, the fire exceeded the capabilities of initial response efforts and the fire\r\nburned through the evening and was estimated to be approximately 9,000 acres by the morning\r\nof August 6th. During the afternoon and evening of August 6th and 7th, the fire made significant\r\nruns to the east and northeast, consuming approximately 15,000 acres each day. On August 8th,\r\nthe fire spread primarily northeast and southeast following fuels and terrain for another 15,000\r\nacres. Suppression actions and a major change in fuel type reduced fire spread on August 9th, but\r\nthe fire area still increased in size by approximately 3,900 acres. The fire was contained on\r\nAugust 12th at approximately 61,537 acres.",,,,,,45:30:00
Model 17,Nothern Basin and Range,Post-burn aerial seeding,50426,20459,Implemented,Unsuccessful,2,2/1/2015,2/20/2015,Acres,2043,Seeding,Aerial Seeding,Aerial Seeding,-1,No seed list,Aerial Seeding,Seeds,No Seed List,Unknown,Not Available,"The seed mix included a combination of native\r\nand non-native shrub, forb, and grass species.","The objective of this treatment is to establish, within 1 to 3 years, big sagebrush and native grasses in\r\nbig sagebrush ecological sites that had high vegetation top kill of shrubs in priority sage-grouse priority areas.","Aerial and drill seeding: Seed native grasses and forbs in areas appropriate for these species.\r\n\r\nUsing existing vegetation maps, Ecological Site Descriptions (ESDs), aerial imagery and a\r\nBurned Area Reflectance Classification (BARC) map, proposed seeding polygons were\r\ndelineated. This information was also used to determine appropriate seed mixes. Seeded species\r\nare based on site potential, while considering seed availability and cost. In addition, specific\r\ncultivars of the species chosen were selected based on seedling vigor and ability to germinate\r\nand persist on low precipitation sites. Consideration was also given to vegetation structural\r\ndiversity of the site, habitat values, and ability to compete against invasive species. The AFO\r\nBLM staff identified the areas within the burn where habitat values for sage-grouse were highly\r\nimpacted and special emphasis was placed on restoring native vegetation to these areas. High\r\npriority areas were primarily higher elevation nesting and summer habitat. In addition, the AFO\r\nstaff also worked with the Natural Resource Conservation Service (NRCS) in Reno and\r\nProfessor Stringham form the University of Nevada-Reno (UNR) to develop seed mixes that\r\nwould be appropriate based on site conditions. Hand planting and aerial seeding sites were also\r\ndelineated using the same methodology.","Approximately 2,043 acres were aerially seeded in February, 2015.\r\nSeeding rate was approximately 4 lbs. /acre and took only a couple\r\nof days to complete. The seed mix included a combination of native\r\nand non-native shrub, forb, and grass species. A helicopter was\r\nused to seed the area due to limited access for ATV and/or UTV\r\ntravel.",FY2015: None of the established criteria for aerial seeding was met for all sites monitored during the FY\r\n15 field season (see Map 3 for more details).,Polygon,Confirmed,Digitized by LTDL data entry personnel using a confirmed map,7/17/2019,2037.54,2037.03,,Contractor,"Habitat for greater sage grouse, Habitat for wildlife, Loss of desirable species, Loss of sagebrush",Sage-grouse priority areas,,,,,,49:09:00
Model 17,Nothern Basin and Range,Post-burn aerial seeding,50737,20512,Implemented,See Comments,2,1/31/2018,2/1/2018,Acres,2116,Seeding,Aerial Seeding,Aerial Seeding,-1,Planned seed list,Mix A,Seeds,Plan,Unknown,Species Specific,"This plan calls for every other swath coverage. \r\n\r\nSlight changes from the seed list included with the monitoring reports, which is assumed to be planned as well. This seed list used because the treatment date corresponds to the RIPS Report.","For the purposes of biotic integrity, establish densities of native forbs to 1 per\r\nsquare meter, native shrubs to 0.3 per square meter, grasses 3 per square meter within 2-5\r\nyears.","Aerial Seeding\r\nA total of approximately 4,208 acres would be seeded in the winter of 2017 with species appropriate for the site based on resistance, resilience, and ecological site descriptions. Seed would be applied using an every other swath pattern (2,104 actual seeded acres). Aerial seeding would be coordinated with snowfall conditions, if time permits. Aerial seed mixtures are described in detail below.","Aerial seeding for mix A completed, verified by RIPS report and Monitoring Map.","Aerial Mix A Seeding\r\nDensity Results \r\nRehabilitation objectives of are considered successfully met when one native forb per square meter and 0.3 native shrubs per square meter are established. \r\n2018: Rehabilitation objectives in the first growing season have not been met. The site\u2019s native regrowth has been very successful, but the seeded species are showing unimpressive progress towards success, especially the seeded forbs, which were not found to be establishing in the first growing season. \r\n2019: It is noteworthy that native perennial grass recovery is abundant. However, the lack of seeding establishment is unexpected given the improved weather conditions over the past year.\r\n2020: Minimal seeded western yarrow was observed while no seeded sagebrush was observed. The recovery of small and large-form grasses was evident on the site but largely reduced from the 2019 season observations. \r\n2022: No seeded species were observed during density data collection. Native regrowth of small form grass species remained abundant but still declined from 2020 by nearly half. Native forb growth was fairly high at 3.9/m2 and shrub regrowth was moderate at 0.8/m2. \r\nAIM Data Results \r\nCover \r\n2018: The foliar cover eclipsed bare ground in the first growing season, which indicates the first year regrowth success. The foliar cover was comprised of 70.7% perennial grass cover. Perennial grasses and shrubs (1.3% cover) were winning ground against annual, invasive cheatgrass (46.7%). Perennial forbs will benefit from higher precipitation in the second growing season as they have only attainted 6.7% cover so far \r\n2019: The foliar cover was dominated by perennial grasses (78.7%) which is an improvement from the previous year\u2019s observations. Annual grasses reduced by half compared to 2018 results (23.3%). There was a decrease in annual forb observations. \r\n2020: Foliar cover reduced dramatically from years before, with the largest reduction being observed in perennial and annual grasses with smaller reductions throughout each of the indicators. \r\n2022: Foliar cover was moderately high at 77.3%, an increase of 25.4% from 2020. Perennial grasses increased to 43.2% from 34.7% in 2020. In conjunction with the decrease of cheatgrass by 0.6% and annual forbs by 9.6%, the increase in perennial grasses, perennial forbs, and shrubs, the health of this plot appears to have improved since 2020.\r\nGaps and Erosion \r\n2018: Gaps in canopy cover were infrequent and short. Canopy gaps of the size and frequency measured on the plots have not allowed wind and water erosion to occur. The hydrologic function and soil and site stability have not been impacted due to the near 90% canopy cover. Wind and water erosion were minimally affecting the soil and site stability on the plot: there few pedestals were present in 2018. \r\n2019: Canopy gaps were mostly between 25 and 50 cm long. This is similar to 2018 observations. A reduction in pedestalling and water flow patterns was observed, indicating more stability on the site. \r\n2020: The majority of canopy gaps remained in the category of 25cm - 50cm long. This is consistent with data from the 2018 and 2019 seasons. Similar rare pedestalling and deposition/runoff were observed on the site. This indicates stability on the site. \r\n2022: Gaps increased in the 25-50cm and the 51-100cm ranges greatly since 2022 but the continued decline of annuals species observed on the plot alongside the lack of soil instability and site erosion observed on the plot does not cause a lot of concern at this time.\r\nSpecies Richness\r\n2022: Species richness did decrease by 5 species since 2020, most concerning is the loss of 3 perennial grasses but there was also an increase of one shrub species with none of the annual species increasing.\r\nRecommendations: \r\n2018: Monitoring results in the treatment area have shown that rehabilitation objectives have not been met in the first growing season. Although the relatively high precipitation zone areas have seen robust regrowth of native perennials post-fire, the seeded forbs and shrubs have not successfully established and the area needs to remain closed. If the upcoming winter and second year growing season receive normal to above normal precipitation and snowpack is maintained by cooler winter temperatures, the seeded species have a higher chance at establishing and meeting rehabilitation objectives. Since the regrowth of native, perennial forbs was so low, the area would benefit from the forb-seeding establishment, as well as the seeded sagebrush. \r\n2019: Monitoring results in the treatment area have shown that rehabilitation objectives have not been met in the second growing season. No seeded forbs were observed and a reduced amount of seeded shrubs were observed. This is unexpected given more normal temperatures and increased precipitation in the area. The native recovery for grasses on the site is noteworthy. There was and allotment closure issued for the Gamble Individual allotment in the East Delano Mountain pasture. It is advised that the area receives additional rest as it would benefit from the forb-seeding establishment, as well as the seeded sagebrush. \r\n2020: Monitoring results in the treatment area have shown that rehabilitation objectives have not been met in the third growing season. No seeded forbs or shrubs were observed. The native recovery for grasses on the site is noteworthy. There was and allotment closure issued for the Gamble Individual allotment in the East Delano Mountain pasture. It is advised that the area receives additional rest as it would benefit from the forb-seeding establishment, as well as the seeded sagebrush. \r\n2022: Monitoring results in the treatment area have shown that the rehabilitation objectives still have not been met. No seeded species were observed during density but some native regrowth has been observed and show promise of future establishment on the plot. There was and allotment closure issued for the Gamble Individual allotment in the East Delano Mountain pasture. It is advised that the area receives additional rest as it would benefit from the forb-seeding establishment, as well as the seeded sagebrush.",Polygon,Confirmed,Digitized by LTDL data entry personnel using a confirmed map,8/7/2019,2796.3,2779.2,,BLM,"Habitat productivity, Habitat quality",For the purposes of biotic integrity.,,,,,RIPS acres are lower than the combined acres aerial seeded from the confirmed seed lists.,14:58:00
Model 17,Nothern Basin and Range,Post-burn aerial seeding,50738,20512,Implemented,See Comments,2,1/31/2018,2/1/2018,Acres,900,Seeding,Aerial Seeding,Aerial Seeding,-1,Planned seed list,Mix B,Seeds,Plan,Unknown,Species Specific,"This seed list calls for every other swath coverage. Also includes 6,850 lbs of Delano Mix B Pre-Mix.\r\n\r\nSlight changes from the seed list included with the monitoring reports, which is assumed to be planned as well. This seed list used because the treatment date corresponds to the RIPS Report.","For the purposes of biotic integrity, establish densities of native forbs to 1 per\r\nsquare meter, native shrubs to 0.3 per square meter, grasses 3 per square meter within 2-5\r\nyears.","Aerial Seeding\r\nA total of approximately 4,208 acres would be seeded in the winter of 2017 with species appropriate for the site based on resistance, resilience, and ecological site descriptions. Seed would be applied using an every other swath pattern (2,104 actual seeded acres). Aerial seeding would be coordinated with snowfall conditions, if time permits. Aerial seed mixtures are described in detail below.\r\n\r\nAerial Mix B -Approximately 1,371 acres of PHMA and OHMA Greater sage-grouse habitat, crucial summer and crucial winter elk, mule deer winter, and pronghorn summer range habitat, would be aerially seeded with black sagebrush, Wyoming big sagebrush, bluebunch wheatgrass, Indian ricegrass, Sandberg's bluegrass, and blue flax using an every other swath pattern (686 actual acres seeded).","The Aerial Mix B Treatment seed mix was applied via fix-wing aircraft to the public\r\nburned land in accordance with the ecological sites and elevation and was comprised of Black\r\nSagebrush, Wyoming Big Sagebrush, Blue Flax, Indian Ricegrass, Sandberg\u2019s Bluegrass, and\r\nBluebunch Wheatgrass.","Aerial Mix B Treatment Results\r\nDensity Results: \r\nRehabilitation objectives will be considered met when one seeded forb, 0.3 seeded shrubs, and three seeded grasses per square meter are observed. \r\n2018: The rehabilitation objectives in the first growing season have not been met. The seeded species are showing unimpressive progress towards success, especially the seeded shrubs, which were not found to be establishing in the first growing season on any of the three plots. The aerially seeded grasses and forbs had the biggest successes in AIM Plot 08, which is a higher elevation pinyon pine and juniper site. Forbs have had a small amount of success by establishing at a density of 0.2 plants per square meter and seeded grasses have established at a density of 0.58 plants per square meter. \r\n2019: In 2019 monitoring results, a higher amount of seeded grasses were observed. This primarily was due to observations of Sandberg\u2019s bluegrass which could also be considered part of native recovery on the site. Some seeded Wyoming big sagebrush was observed with an increase in large-form and decrease in small-form species as well. The small amount of seeded species establishment and native recovery is somewhat unexpected for the site given the improvement in weather over the past year. \r\n2020: No seeded shrubs were observed. Some seeded forbs were observed and seeded grasses were observed in abundance. Recovery of large and small-form perennial grasses was also observed. \r\n2022: Rehabilitation objectives for this plot have not been fully met. Shrubs and grasses meet the criteria with 0.7/m2 and 18.9/m2 observed but forbs fell short at 0.1. However, native regrowth of shrubs shows signs of establishment at 2.8/m2 along with shrubs at 0.8/m2. \r\nAIM Data Results: \r\nCover \r\n2018: The bare ground was more prevalent than foliar cover by 34.7% in the first growing season, which indicates that more time is necessary for rest and growth. The foliar cover was comprised of 15.3% native, perennial grass cover. Tree cover represented 10.0% foliar cover. Perennial forbs and shrubs will benefit from higher precipitation in the second growing season as they were not observed this season. \r\n2019: Foliar cover was dominated by perennial grasses (44.7%), primarily due to Sandberg\u2019s bluegrass (14.9%) and Siberian wheatgrass (8.2%) observations, similar to 2018 results. Second to this was the annual forb observations (24.7%) with desert madwort and prickly lettuce making up 8.4% and 5.8% of foliar cover. Halogeton, an invasive species, was observed on the plots and made up 5.1% foliar cover. Tree cover was reduced from 2018 observations to 3.3% cover. \r\n2020: Cover was moderately low. Cover was dominated by perennial Siberian wheatgrass and Sandberg bluegrass and annual wheatgrass. Cheatgrass was observed on the site with low cover (4.7%) along with desert madwort (2.2%). Collectively, perennial species dominated cover over annual species on the sites. \r\n2022: Cover was moderate at 60.0%, dominated by perennial grasses (19.8%), followed by annual forbs (8.3), and annual grass reducing from 4.7% in 2020 to 3.2% in 2022. Most indicators saw a reduction in cover with perennial grasses taking the biggest hit, losing around 15% of its cover.\r\n\r\nGaps and Erosion \r\n2018: Gaps in canopy cover were long and frequently occurring, allowing wind and water erosion to occur. The hydrologic function and soil and site stability have been impacted due to these gaps and the lack of perennial canopy cover on the sites. Very short and rare water flow patterns, common pedestals, few and short rills, and rare soil deposition/runoff gave proof of the impaired soil and site stability in 2018. \r\n2019: Gaps remained very similar to results from the 2018 season. Although canopy cover has increased significantly, gaps are still common enough to make the site susceptible to wind and water erosion. In 2019 observations, there were decreased observations of rills, similar observations of common pedestalling and water flow patterns, and increased observations of common deposition/runoff. This indicates soil instability on the site. \r\n2020: Gaps decreased across all ranges and were primarily between 51 and 100 cm long. Fewer pedestals were observed along with no deposition/runoff and no water flow patterns. This indicates increased stability on the site. \r\n2022: Gaps increased in each size range; the bottom 3 size classes saw the largest increases with >200cm only seeing an increase of 2.2% from 0.6% last year. The reduction of foliar cover across the plot likely had an impact on gap increasing across the plot but a lack of soil instability and plot degradation across the plot means the gap increase may not be a bad sign of rehabilitation.\r\nSpecies Richness\r\n2022: Species richness increased from 2019 from 31 individual species observed to 36. Perennial forbs and shrubs increased while annual forbs reduced by 2. Perennial grasses remained the same and perennials overall continued to outnumber the annuals observed.\r\nRecommendations \r\n2018: The seeded forbs, grasses, and shrubs have not successfully established and the area needs to remain closed for another growing season or two. If the upcoming winter and second year growing season receive normal to above normal precipitation and snowpack is maintained by cooler winter temperatures, the seeded species have a higher chance at establishing and meeting rehabilitation objectives. Since the regrowth of native, perennial forbs was so low, the area would benefit from the seeded forb establishment, as well as the seeded sagebrush. \r\n2019: The seeded forbs, grasses, and shrubs have not successfully established. An allotment closure has been issued for the Gamble Individual allotment in the East Delano Mountain pasture. The allotment closure objective of three perennial species per square meter has been met but it is advised that the area receives additional rest. The improved weather conditions did not appear to help the seeded species establishment. Since the regrowth of native, perennial forbs was so low, the area would benefit from the seeded forb establishment, as well as the seeded sagebrush, to provide various wildlife forage. \r\n2020: Seeded grasses have successfully established on the plot. However, seeded forbs and shrubs still need more time to come in. An allotment closure has been issued for the Gamble Individual allotment in the East Delano Mountain. The allotment closure objective of three perennial species per square meter has been met but it is advised that the area receives proper grazing management so that seeded species may have more of a chance to grow back in. \r\n2022: Seeded grasses continue to show signs of establishment on the plot and seeded shrubs and forbs show signs of beginning to establish on the plot. The overall health of this site appears positive but continued appropriate grazing management is recommended to allow forbs and shrubs more time to fully establish roots if possible.",Polygon,Confirmed,Digitized by LTDL data entry personnel using a confirmed map,8/7/2019,1610.06,1596.03,,BLM,"Habitat productivity, Habitat quality",For the purposes of biotic integrity.,,,,,RIPS acres are lower than the combined acres aerial seeded from the confirmed seed lists.,16:03:00
Model 17,Nothern Basin and Range,Post-burn aerial seeding,50743,20513,Implemented,See Comments,2,2/2/2018,2/3/2018,Acres,822,Seeding,Aerial Seeding,Aerial Seeding: Fixed Wing,-1,Planned seed list,West Aerial Mix,Seeds,Plan,Unknown,Species Specific,"Two seed lists in referenced documents. The dated list seems to imply that forbs and grasses were pre-mixed at 7,050 bulk lbs, with 680 lbs of Wyoming Big Sagebrush.","For the purposes of biotic integrity, establish densities of native forbs to 1 per\r\nsquare meter, native shrubs to 0.3 per square meter, grasses 3 per square meter, non-native\r\nshrubs (kochia) 1 per square meter within 2-5 years.","West Mix - Aerial seed approximately 822 acres of PHMA GRSG habitat and crucial elk and pronghorn range, using a full coverage pattern, with a mixture of bluebunch wheatgrass, Sandberg's bluegrass, blue flax, sainfoin, western yarrow, and basin big sagebrush.","The Aerial West Treatment seed mix was applied via fixed wing aircraft to the public\r\nburned land in accordance with the ecological sites and elevation and was comprised of Basin\r\nBig Sagebrush, Wyoming Big Sagebrush, Sainfoin, Bluebunch Wheatgrass, Sandberg\u2019s\r\nBluegrass, Blue Flax, and Western Yarrow. In the AIM plot that fell within this seeding\r\ntreatment (Plot 20) the rehabilitation objectives in the first growing season have not been met,\r\nthough there is evidence of progress towards success. Rehabilitation objectives are considered\r\nsuccessfully met when one forb per square meter, 0.3 native shrubs per square meter, and three\r\ngrasses per square meter are established.","2018: In the AIM plot that fell within this seeding treatment (Plot 20) the rehabilitation objectives in the first growing season have not been met, though there is evidence of progress towards success. There were 0.17 seeded forbs per square meter in first year monitoring. Neither seeded shrub nor seeded grass seedlings were found in the treatment area. The lack of winter precipitation in the 2017-2018 winter and the drought-like summer conditions may have contributed to the inability of the sagebrush and grasses to establish and persist on the sites.\r\n2019: In AIM Plot 20, no seeded shrubs were observed but some seeded forbs and grasses were\r\nobserved and included Lewis\u2019s flax, Western yarrow, and Sandberg\u2019s bluegrass (which could\r\nhave been native recovery). Some large-form native grass regrowth (Thurber\u2019s needlegrass and\r\nsquirreltail) was observed but no small-form grasses were observed. It was expected that more\r\nseeded species establishment and native recovery would be observed given the improved weather\r\nconditions over the past year.\r\n2020: In AIM Plot 20, no seeded shrubs or forbs were observed. Seeded grasses were observed in abundance in density measurements. Recovery of thurber\u2019s needlegrass was also evident.\r\n\r\n2018 Cover: Average foliar canopy cover was 66.7% in the treatment area in 2018 and bareground was low due to the prevalence of cheatgrass foliar cover (51.3%) and litter (52%). Perennial grasses were competing with 13.3%, with supporting perennial forbs only producing 1.4% cover. Seeded species were not greatly contributing to cover, most likely due to the cheatgrass competition and somewhat the established perennial grass competition.\r\n2019 Cover: Foliar cover increased overall on the plot. Annual grasses (cheatgrass) still are the\r\ndominant functional group (69.3%) on the site, followed by perennial grasses (34.0%). All\r\nfunctional groups increased except for shrubs. Bluebunch wheatgrass and Sandberg's bluegrass\r\nhad the second and third highest cover on the site (18.0% and 14.0% respectively).\r\n2020 Cover: Foliar cover was dominated by cheatgrass, followed by bluebunch wheatgrass, Sandberg bluegrass, and desert madwort. Because of cheatgrass cover, annual species collectively have higher cover than perennial species.\r\n\r\n2018 Gaps: Gaps in canopy cover that were the size and frequency observed in this aerial seeding treatment have not allowed significant wind and water erosion to occur on the plots. The hydrologic function and soil/site stability were not impaired by the gaps in canopy cover.\r\nSpecies richness: Twenty-eight different plant species were observed within the 2,827.4 square meter monitoring plot.\r\n2019 Gaps: Canopy gaps were primarily greater than 200cm and represented 70% of the average\r\n25m transects. Canopy cover was reduced notably from the first monitoring year. Increased large\r\ngaps are a concern for soil site stability.\r\n2020 Gaps: Canopy gaps were primarily between 25 and 50 cm long and represented 8.9% of the average 25m transects. These gaps are greatly reduced from 2019 observations, indicating more stability on the site.\r\n\r\n2018 Species Richness: Twenty-eight different plant species were observed on the 2,827.4 sq. meter monitoring plot.\r\n2019 Species Richness: Twenty-four different plant species were observed on the 2,827.4 sq.\r\nmeter monitoring plot.\r\n2020 Species Richness: Twenty-four different plant species were observed on the 2,827.4 sq. meter monitoring plot.\r\n\r\nEcological sites and Erosion:\r\nDry Gulch AIM Plot 20 is located in a Rangeland Shallow Loam 8-12\u201d P.Z. R025XY021NV site\r\nin a former / / Artemisia tridentate ssp. wyomingensis / Pseudoroegneria spicata - Achnatherum\r\nthurberianum (/ Wyoming big sagebrush / bluebunch wheatgrass - Thurber's needlegrass)\r\nvegetation community.\r\n2018: Wind and water erosion were minimally affecting the soil and site stability on the plot: there were only moderately long and rare water flow patterns, rare deposition/run-off and common pedestals.\r\n2019: Similar observations of rare deposition/runoff were made on the plot, along with reduced\r\nobservations or pedestals and water flow patterns. This indicates increased site stability, despite\r\nthe presence of increased canopy gaps.\r\n2020: The same rare pedestalling and water flow patterns were observed, and no deposition/runoff was observed. This indicates improvement in site stability.\r\n\r\nAerial West Mix Treatment Recommendations 2019:\r\nMonitoring results in the treatment area have shown that rehabilitation objectives have been\r\npartially met in the second growing season, although the area has adequate regrowth from\r\nestablished, native perennial grasses. There was an allotment closure issued for the Little Goose\r\nCreek, Bluff Creek, and Gamble Individual allotments. The allotment closure objective of three\r\nperennial species per square meter were met but it is advised that the area is given additional rest\r\nso seeded species may establish, especially the sagebrush, which was lost from the site.\r\nAerial West Mix Treatment Recommendations 2020:\r\nMonitoring results in the treatment area have shown that rehabilitation objectives have been partially met in the third growing season, although the area has adequate regrowth from established, native perennial grasses. There was an allotment closure issued for the Little Goose Creek allotment, Mustang Draw pasture where Plot 20 is located. The allotment closure objective of three perennial species per square meter was met but it is advised that the area is given proper grazing management so seeded species may establish, especially the sagebrush, which was lost from the site.",Polygon,Confirmed,Digitized by LTDL data entry personnel using a confirmed map,6/12/2020,817.11,817.11,,Unknown,"Habitat productivity, Habitat quality",For the purposes of biotic integrity.,,,,,"Planned Cost/acre: $32.71\r\n\r\nMonitoring report lists this treatment as being done with a fixed wing aircraft, however implementation dates align with dates on helicopter use (see reference documents).",45:36:00
Model 17,Nothern Basin and Range,Post-burn aerial seeding,50744,20513,Implemented,See Comments,2,2/1/2018,2/9/2018,Acres,16731,Seeding,Aerial Seeding,Aerial Seeding: Fixed Wing,-1,Planned seed list,Mid-elevation Mix,Seeds,Plan,Unknown,Species Specific,,"For the purposes of biotic integrity, establish densities of native forbs to 1 per\r\nsquare meter, native shrubs to 0.3 per square meter, grasses 3 per square meter, non-native\r\nshrubs (kochia) 1 per square meter within 2-5 years.","Mid-elevation Mix - Aerial seed approximately 50,193 acres of PHMA GRSG habitat and crucial elk and pronghorn range, using an every 3rd swath pattern (16,731 total acres seeded), with a mixture of Wyoming and basin big sagebrush and western yarrow.","The Aerial Mid Elevation Treatment seed mix was applied via fixed wing aircraft to the\r\npublic burned land in accordance with the ecological sites and elevation and was comprised of\r\nWyoming Big Sagebrush, Basin Big Sagebrush, and Western Yarrow.","2022 ESR Monitoring Results\r\nS2 Drill Seeding/S3 Aerial Mid-Elevation \r\nDry Gulch AIM Plot 01A is located in a Rangeland Loamy 10-12\u201d P.Z. R025XY014NV site in a former / Artemisia tridentata / Pseudoroegneria spicata - Achnatherum thurberianum \r\n(/ big sagebrush / bluebunch wheatgrass - Thurber's needlegrass) vegetation community. \r\nDry Gulch AIM Plot 01B is located in a Rangeland Shallow Loam 8-12\u201d P.Z. R025XY021NV site in a former / / Artemisia tridentate ssp. wyomingensis / Pseudoroegneria spicata - Achnatherum thurberianum (/ Wyoming big sagebrush / bluebunch wheatgrass - Thurber's needlegrass) vegetation community. \r\nThe Bitterbrush Drill Treatment seed mix was applied via rangeland drill to the public burned land in accordance with the ecological sites and elevation and was comprised of Antelope Bitterbrush (Purshia tridentata), Bluebunch Wheatgrass (Pseudoroegneria spicata), Small Burnet (Sanguisorba minor), Blue Flax (Linum perenne), Sainfoin (Onobrychis viciifolia), and Russian Wildrye (Psathyrostachys juncea). \r\nThe Aerial Mid Elevation Treatment seed mix was applied via fixed wing aircraft to the public burned land in accordance with the ecological sites and elevation and was comprised of Wyoming Big Sagebrush (Artemisia tridentata sbsp wyomingensis), Basin Big Sagebrush (Artemisia tridentata sbsp tridentata), and Western Yarrow (Achillea millefolium var occidentalis).\r\nDensity Results \r\nRehabilitation objectives are considered successfully met when one native forb per square meter, 0.3 native shrubs per square meter, and three grasses per square meter are established. \r\n2018: The rehabilitation objectives in the first growing season have not been fully met, though there has been shown progress towards success, especially for the seeded grasses. Seeded grasses nearly reached density objectives as there were 2.63 seeded grasses per square meter in the first growing season. The grasses have not developed deep roots, however and the area needs to be rested until the plants achieve more robust basal and canopy growth. Seeded forbs have achieved an average density of 0.13 per square meter. Seeded antelope bitterbrush shrubs were not found in first year monitoring. The insufficient snowpack and drought-like summer conditions may have contributed to the inability of the shrubs to establish in the area. \r\n2019: No seeded species were observed. Notably, seeded bitterbrush were also not observed this year. However, native recovery of large-form grasses (squirreltail and Thurber\u2019s needlegrass) and small-form grasses (Sandberg bluegrass and thickspike wheatgrass) was still evident. This is unexpected given the improved weather conditions over the past year. \r\n2020: Seeded grasses were observed. Bluebunch wheatgrass was the primary observed seeded grass. There were no other seeded species observed through density. \r\n2022: The rehabilitation objectives for this treatment have been met. Native regrowth of perennial grasses has been very successful at a combined total of 34.8/m2, perennial forbs at 8.8/m2, and shrubs at 1.3/m2. Seeded species have not been as successful as the native regrowth but shrubs and grasses are present and given more time have a chance of continuing progress towards greater rehabilitation of the plots.\r\nAIM Data Results \r\nCover \r\n2018: Foliar cover eclipsed the bare ground in the first growing season, mostly due to the 22% invasive annual desert madwort cover, 23% cheatgrass cover, 20% Sandberg\u2019s bluegrass cover. Perennial forbs have not produced significant cover yet (1.9%). Seeded species haven\u2019t produced significant cover either, as is expected in an area with so much annual, invasive plant competition. \r\n2019: Perennial grasses dominated foliar cover (39.7%), primarily due to the presence of Sandberg\u2019s bluegrass (28.3%). Second and third highest cover were cheatgrass (24.0%) and desert madwort (18.0%). The dominant cover change is an improvement from 2018. Seeded species did not contribute to cover. \r\n2020: Perennial grasses continued to dominate foliar cover, primarily due to the presence of Sandberg bluegrass, bluebunch wheatgrass, and thickspike wheatgrass. Cheatgrass levels are still approximately the same while desert madwort cover has reduced since 2019 observations. Perennial species collectively have more cover than annual species. \r\n2022: Total foliar cover was moderately high at 72.3% with perennial grasses dominating at 31.3%, followed by annual forbs (11.1%) and annual grasses (10.2%). Annual forbs were the only indicator that had an increase in foliar cover from 2020 and it was very minimal. All other indicators had a decrease in cover, the most substantial being annual grasses, down by 10.8% since 2020. Overall, perennial species still constitute more of the cover than annuals though they have gotten closer to being equal since 2020.\r\nGaps and Erosion \r\n2018: Gaps in canopy cover were significant and the largest number were greater than 200 centimeters long, the largest measured threshold category. Canopy gaps of this size and frequency have allowed wind and water erosion to occur on the plots, degrading the hydrologic function and soil and site stability. Over 50% of the surface area consists of gaps greater than 25 centimeters. Wind and water erosion were affecting the soil and site stability on both plots: there was rarely occurring deposition and run-off. Commonly occurring pedestals with rarely exposed roots were also present. \r\n2019: Canopy gaps were mostly between 25 and 50cm long and represented 26.7% of the average 25m transects. Canopy gaps have decreased on the plots since 2018 observations. Similar rare deposition/runoff observations were made along with reduced pedestalling and increased water flow patterns. Reduced observations of pedestals, deposition/runoff, and water flow patterns were made, indicating more stability on the site. \r\n2020: Canopy gaps were mostly between 51 and 100 cm long, and only by a small amount greater than the 25 to 50 cm long category. Gaps now represent 22.8% of the average 25m transects, which is a decrease from 2019 observations. No pedestalling was observed, along with rare deposition/runoff and water flow patterns, indicating increased soil stability on the site. \r\n2022: Canopy gaps were predominately between 51-100cm (17.5%), closely followed by 25-50cm (14.7%), and gaps >200cm were observed again (3.7%) after not being observed in 2020. The majority of the gaps being in the smaller size ranges is better for the overall plot health and the 3.7% >200cm consisted of two gaps meeting that criteria across both plots. No observations of site and soil instability was observed on either plot, indicating improvement of soil and site stability across the plots.\r\nSpecies Richness\r\n2022: Species richness was moderately high with 28 individual species identified on average between the two plots. Perennial forbs and grasses outnumbered their annual counterparts and with four shrub species in addition to the perennials the diversity of species on the plots indicate the possibility of continued improvement on the site.\r\nRecommendations \r\n2018: Monitoring results in the treatment area have shown that rehabilitation objectives have not been fully met in the first growing season. Although the area had a successful number of bluebunch wheatgrass seedlings establish, those plants need an additional two growing seasons in order to develop the beneficial and stabilizing root masses. The area needs to remain closed so seeded forb and shrub species may establish, especially the antelope bitterbrush which is at risk in the area of not recovering and providing valuable forage to wildlife. If the area receives sufficient snowpack and spring and summer precipitation, seeded species will continue to establish. \r\n2019: Monitoring results in the treatment area have shown that rehabilitation objectives have not been fully met in the second growing season. Fewer seeded species observations were made this year. This is unexpected given the improved weather conditions over the past year. There was an allotment closure issued for the Gamble Individual allotment, Granite Creek pasture where Plots 01A and 01B are located. The allotment closure objective of three perennial species per square meter was met but it is advised that the area receives appropriate rest so that seeded forb and shrub species may establish, especially the antelope bitterbrush which is at risk in the area of not recovering and providing valuable forage to wildlife. \r\n2020: Monitoring results in the treatment area have shown that rehabilitation objectives have not been fully met in the third growing season. More seeded grass observations were made this year. There was an allotment closure issued for the Gamble Individual allotment, Granite Creek pasture where Plots 01A and 01B are located. The allotment closure objective of three perennial species per square meter was met but it is advised that the area receives appropriate grazing management so that seeded forb and shrub species may establish. \r\n2022: The rehabilitation objectives for these plots have been met. The native regrowth on the plots were significant enough to meet the objectives while the seeded species continued to show improvement towards the rehabilitation of the site. There was an allotment closure issued for the Gamble Individual allotment, Granite Creek pasture where Plots 01A and 01B are located. The allotment closure objective of three perennial species per square meter was met and it is advised that the area continues to receive appropriate grazing management so that seeded forb and shrub species may continue to establish.\r\n\r\n2022 ESR Monitoring Results\r\nS3 Aerial Mid-Elevation Seeding\r\nDry Gulch AIM Plot 02 is located in a Rangeland Loamy 12-14\u201d P.Z. R025XY027NV site in a former / Artemisia tridentata ssp. Tridentata / Festuca idahoensis (/ basin big sagebrush / Idaho fescue) vegetation community.\r\nThe Aerial Mid Elevation Treatment seed mix was applied via fixed wing aircraft to the public burned land in accordance with the ecological sites and elevation and was comprised of Wyoming Big Sagebrush (Artemisia tridentata sbsp wyomingensis), Basin Big Sagebrush (Artemisia tridentata sbsp tridentata), and Western Yarrow (Achillea millefolium var occidentalis).\r\nDensity Results\r\nRehabilitation objectives are considered successfully met when one native forb per square meter and 0.3 native shrubs per square meter per square meter are established.\r\n2022: The rehabilitation objectives for this treatment have been met with native forb density being observed at 4.4/m2 and shrub density being observed at 1.3/m2, meeting the criteria. Native regrowth of both large form and small form grasses were observed on the plot as well. Seeded species, however, have not been as successful with only 0.3 shrubs/m2 observed on the plot.\r\nAIM Data Results\r\nCover\r\n2022: Total foliar cover was moderately high at 78.7%, dominated by annual grasses (25.5%), perennial grasses (17.9%), and annual forbs (15.11%). Shrubs were also present (2.4%) but no perennial forbs were observed, same as was observed in 2020.\r\nGaps and Erosion\r\n2022: Gaps on the plot increased significantly from 2020\u2019s observations with only 25-50cm range having a reduction, though it was only by 1.0%. One gully and few waterflow patterns were observed on plot. When combined with the increase of gaps these observations could be the beginning signals of increased soil instability and plot degradation.\r\nSpecies Richness\r\n2022: Species richness was high for this plot, increasing by 10 species since the 2019 monitoring season. The number of annual forbs increased by 5 species but perennial species increased by 5 species as well, maintaining that perennial species outnumber the annual species.\r\n\r\nS3 Aerial West Mix Seeding\r\nDensity Results\r\nRehabilitation objectives are considered successfully met when one forb per square meter, 0.3 native shrubs per square meter, and three grasses per square meter are established.\r\n2018: The rehabilitation objectives in the first growing season have not been met, though there is evidence of progress towards success. There were 0.17 seeded forbs per square meter in first year monitoring. Neither seeded shrub nor seeded grass seedlings were found in the treatment area. The lack of winter precipitation in the 2017-2018 winter and the drought-like summer conditions may have contributed to the inability of the sagebrush and grasses to establish and persist on the sites.\r\n2019: No seeded shrubs were observed but some seeded forbs and grasses were observed and included Lewis\u2019s flax, Western yarrow, and Sandberg\u2019s bluegrass (which could have been native recovery). Some large-form native grass regrowth (Thurber\u2019s needlegrass and Squirreltail) was observed but no small-form grasses were observed. It was expected that more seeded species establishment and native recovery would be observed given the improved weather conditions over the past year.\r\n2020: No seeded shrubs or forbs were observed. Seeded grasses were observed in abundance in density measurements. Recovery of Thurber\u2019s needlegrass was also evident.\r\n2022: Rehabilitations objectives were met when combining seeded and native forb density on the plot along with 0.3/m2 shrubs observed and the 16.8/m2 seeded grasses observed. Large and small form perennial grasses were the most abundant in the density plots and when combined with the forbs and shrubs observed indicate continued improvement and rehabilitation on the plot.\r\nAIM Data Results\r\nCover\r\n2018: Average foliar canopy cover was 66.7% in the treatment area in 2018 and bare ground was low due to the prevalence of cheatgrass foliar cover (51.3%) and litter (52%). Perennial grasses were competing with 13.3%, with supporting perennial forbs only producing 1.4% cover. Seeded species were not greatly contributing to cover, most likely due to the cheatgrass competition and somewhat the established perennial grass competition.\r\n2019: Foliar cover increased overall on the plot. Annual grasses (cheatgrass) still are the dominant functional group (69.3%) on the site, followed by perennial grasses (34.0%). All functional groups increased except for shrubs. Bluebunch wheatgrass and Sandbergs bluegrass had the second and third highest cover on the site (18.0% and 14.0% respectively).\r\n2020: Foliar cover was dominated by cheatgrass, followed by bluebunch wheatgrass, Sandberg bluegrass, and desert madwort. Because of cheatgrass cover, annual species collectively have higher cover than perennial species.\r\n2022: Total foliar cover was moderately high at 78.7%, dominated by annual grass (cheatgrass) at 26.3%, followed by 20.3% perennial grasses. Although the annual grass constitutes more cover than the perennial grasses, it would still appear that rehabilitation progress is being made since annual grasses did decrease by half since 2020.\r\nGaps and Erosion\r\n2018: Gaps in canopy cover that were the size and frequency observed in this aerial seeding treatment have not allowed significant wind and water erosion to occur on the plots. The hydrologic function and soil/site stability were not impaired by the gaps in canopy cover.\r\nSpecies richness: Twenty-eight different plant species were observed within the 2,827.4 square meter monitoring plot. Wind and water erosion were minimally affecting the soil and site stability on the plot: there were only moderately long and rare water flow patterns, rare deposition/run-off, and common pedestals.\r\n2019: Canopy gaps were primarily greater than 200cm and represented 70% of the average 25m transects. Canopy cover was reduced notably from the first monitoring year. Increased large gaps are a concern for soil site stability. Similar observations of rare deposition/runoff were made on the plot, along with reduced observations or pedestals and water flow patterns. This indicates increased site stability, despite the presence of increased canopy gaps.\r\n2020: Canopy gaps were primarily between 25 and 50 cm long and represented 8.9% of the average 25m transects. These gaps are greatly reduced from 2019 observations, indicating more stability on the site. The same rare pedestalling and water flow patterns were observed, and no deposition/runoff was observed. This indicates improvement in site stability.\r\n2022: Canopy gaps increased greatly from the 2020 monitoring season across every size range. The decrease in cheatgrass is likely contributing to the increased gap, especially since the only sign of erosion on the plot are water flow patterns, indicating maintained site stability.\r\nSpecies Richness\r\n2022: Species richness was moderately high on this plot with perennial species outnumbering their annual counterparts. Annual forbs increased by 2 species but perennial grasses increased by 3, maintaining the dominance of perennial species.\r\nRecommendations:\r\n2018: Monitoring results in the treatment area have shown that rehabilitation objectives have not been met in the first growing season, although the area has adequate regrowth from established, native perennial grasses. Lower snowpack and drought like conditions in the first growing season have hindered the treatment\u2019s success. The area needs to remain closed for another growing season so seeded species may establish, especially the sagebrush, which was lost from the site.\r\n2019: Monitoring results in the treatment area have shown that rehabilitation objectives have been partially met in the second growing season, although the area has adequate regrowth from established, native perennial grasses. There was an allotment closure issued for the Little Goose Creek allotment, Mustang Draw pasture where Plot 20 is located. The allotment closure objective of three perennial species per square meter was met but it is advised that the area is given additional rest so seeded species may establish, especially the sagebrush, which was lost from the site.\r\n2020: Monitoring results in the treatment area have shown that rehabilitation objectives have been partially met in the third growing season, although the area has adequate regrowth from established, native perennial grasses. There was an allotment closure issued for the Little Goose Creek allotment, Mustang Draw pasture where Plot 20 is located. The allotment closure objective of three perennial species per square meter was met but it is advised that the area is given proper grazing management so seeded species may establish, especially the sagebrush, which was lost from the site.\r\n2022: Monitoring results in the treatment area have shown that rehabilitation objectives have been met and that native regrowth on the plot indicates that continued improvement on the site is possible. There was an allotment closure issued for the Little Goose Creek allotment, Mustang \r\nDraw pasture where Plot 20 is located. The allotment closure objective of three perennial species per square meter was met but it is advised that the area continues to receive proper grazing management so seeded species may establish.\r\n\r\nS3 Aerial Mid-Elevation, Imazapic\r\nDensity Results\r\nRehabilitation objectives are considered successfully met when one native forb per square meter and 0.3 native shrubs per square meter per square meter are established.\r\n2022: Rehabilitation objectives have not been met for this treatment though this is the closest to achieving the goals since monitoring began in 2018. Native regrowth is relatively low as well which could indicate that vegetation seeded and unseeded is struggling to rehabilitate.\r\nAIM Data Results\r\nCover\r\n2022: Total foliar cover was moderately low at 34.0%, dominated by perennial grasses at 19.1%. The next highest coverage came from annual grasses at 3.6% then perennial forbs at 1.3%, none of the other indicators were observed during the Line-Point Intercept data collection method. While it is not ideal to have such low coverage overall, the large decrease of annual grass cover and maintenance of perennial grass cover is a good sign for the health of the plot.\r\nGaps and Erosion\r\n2018: Wind and water erosion were minimally affecting the soil and site stability on the plot: there were only short and rare water flow patterns and few pedestals.\r\n2019: Similar (rare) observations of deposition/runoff were made along with increased (common) pedestalling and water flow patterns. This suggests more water erosion on the site and slight changes in soil stability.\r\n2020: Similar common pedestalling and rare deposition/runoff but no water flow patterns were observed on the site, indicating increased site stability.\r\n2022: Canopy gap cover increased significantly from 2020 to 2022, the most concerning being the increase of gaps >200cm from 0.0% to 48.8%, along with the increase of gaps 101-200cm from 0.7% to 21.1%. This large increase in gaps in conjunction with the decreased foliar cover and common waterflow patterns observed on the plot are indicators of soil erosion and plot degradation.\r\nSpecies Richness\r\n2022: Species richness was moderate on the plot with 23 individual species identified. Perennial species increased by 6 species while annual species decreased by one, meaning that perennial species continue to outnumber the annuals.\r\nRecommendations\r\n2022: Monitoring results in the treatment area have shown that rehabilitation objectives have not been met and that native regrowth of the area does not compensate for the lack of seeded species success. There was an allotment closure issued for the Little Goose Creek, Bluff Creek, and Gamble Individual allotments. The allotment closure objective of three perennial species per square meter was not met and it is advised that the area is given proper grazing management so seeded forbs and sagebrush species may establish.",Polygon,Confirmed,Digitized by LTDL data entry personnel using a confirmed map,8/7/2019,50029.33,49957.52,,Contractor,"Habitat productivity, Habitat quality",For the purposes of biotic integrity.,,,,,Planned Cost/acre: $32.71,58:03:00
Model 17,Nothern Basin and Range,Post-burn aerial seeding,50755,20514,Implemented,See Comments,2,1/16/2018,1/29/2018,Acres,6402,Seeding,Aerial Seeding,Aerial Seeding,-1,Planned seed list,Mule Deer Aerial,Seeds,Plan,Unknown,Species Specific,,"The objective of the aerial seeding treatment is to revegetate the burned area with a\r\nwell-adapted species mix that provides forage and will promote structural and species diversity\r\nwithin the burned area. Objectives will be considered met for the aerial seed mixes if one nonnative\r\nshrub per square meter, one native forb per square meter, 0.3 native shrubs per square\r\nmeter, and three native grasses per square meter are established in 2-5 years (3-5 years for\r\nnative shrub establishment).","Aerial Mule Deer Mix -Aerial seed approximately 13,019 acres of crucial mule deer and elk winter range with a mixture of mountain big sagebrush, basin big sagebrush, and western yarrow. These areas are located in the southwest portion of the fire. This would be strip seeded (every other swath), resulting in 50% coverage (6,510 actual seeded acres).","44,672 acres were treated in FY 2018. See the Treatment Map - Completed Treatments and 2018 ESR Monitoring Plots.","S3 Aerial Seeding - Aerial Mule Deer 2019 Density Results\r\nThe Aerial Mule Deer seed mix was comprised of Western yarrow (Achillea millefolium v.\r\noccidentalis), mountain big sagebrush (Artemesia tridentata vaseyana), and basin big sagebrush\r\n(Artemesia tridentata tridentata). The modified rehabilitation objectives used to analyze the\r\naerial seedings within the fire are to establish seeded sub-shrubs (forage kochia) at 1 per square\r\nmeter, seeded forbs at one per square meter, seeded shrubs at 0.3 per square meter, and seeded\r\ngrasses at 3 per square meter within 2-5 years. The rehabilitation objectives have not been met at\r\nthe site as no seeded species were observed at the site. Recovered small-form grasses (Sandberg\r\nbluegrass) and large-form grasses (Thurber\u2019s needlegrass, squirreltail) were observed on the plot.\r\n2019 AIM Data Results\r\nCover: Average foliar canopy cover was high (66.0%) in part due to the high cover (52.7%) of\r\nSandberg bluegrass (Poa secunda). Next highest cover was squirreltail (Elymus elymoides) at\r\n6.7% and bluebunch wheatgrass (Pseudoroegneria spicata) at 4.0%. Perennial grasses exceeded\r\nfunctional cover on the site.\r\nSoils, Gap, and Erosion: AIM Plot 20 is located in a Rangeland LOAMY 8-10 P.Z. in a former /\r\nArtemisia tridentata ssp. wyomingensis / Achnatherum thurberianum \u2013 Achnatherum hymenoides\r\n(/Wyoming big sagebrush / Thurber\u2019s needlegrass \u2013 Indian ricegrass) vegetation community on\r\nthe shoulder of a hill.\r\nCanopy gaps were uncommon and occurred on approximately 19.2% of the 25 meter transects\r\nwithin the plot. The majority of gaps occurred between 25 and 50 centimeters. Gaps greater than\r\n101 cm were not present. Widespread pedestalling, rare deposition/runoff, and common water\r\nflow patterns were observed on the plot. Due to higher slope (28%), this could be close to\r\nexpected conditions for the site but wind and water erosion are still a moderate concern as far as\r\npotential impact to the seeding.\r\nSpecies Richness: Thirty-one (31) different plant species were observed within the plot.\r\n\r\n2019 Recommendations\r\nThe ESR objectives of the aerial seeding through density observations have not been met on this\r\nplot. There was an allotment closure issued for the Little Humboldt, Owyhee, and Spanish Ranch\r\nallotments. Allotment closure objectives of three perennial grasses per square meter have been\r\nmet but it is advised that additional rest be given to the area so the seedings may establish.\r\n\r\n2020 Density Results\r\nThe rehabilitation objectives have not been met at the site as no seeded species were observed at the site. Recovered small-form grasses (Sandberg bluegrass) and large-form grasses (Thurber\u2019s needlegrass, squirreltail) were observed on the plot.\r\n\r\n2020 AIM Data Results\r\nCover: Average canopy foliar cover was similar to 2019 observations. Highest cover came from Sandberg bluegrass (35.3%), followed by an unknown perennial grass (17.3%), bluebunch wheatgrass (7.3%), and squirreltail (4.7%). Perennial species had much greater cover than annual species on the plot.\r\nSoils, Gap, and Erosion: AIM Plot 20 is located in a Rangeland LOAMY 8-10 P.Z. in a former / Artemisia tridentata ssp. wyomingensis / Achnatherum thurberianum \u2013 Achnatherum hymenoides (/Wyoming big sagebrush / Thurber\u2019s needlegrass \u2013 Indian ricegrass) vegetation community on the shoulder of a hill.\r\nCanopy gaps were mostly between 25 and 50 cm long. Canopy cover represented 86% of the average 25m transects. Similar widespread pedestalling, rare deposition/runoff, and common water flow patterns were observed on the plot. Consistent small gaps and minimal signs of erosion suggest wind and water erosion are not concerns for the site.\r\nSpecies Richness: Thirty (30) different plant species were observed within the plot.\r\n\r\n2020 Recommendations The ESR objectives of the aerial seeding through density observations have not been met on this plot. There was an allotment closure issued for the Spanish Ranch allotment, Burner Hills pasture where Plot 20 is located. The allotment closure objective of three perennial grasses per square meter has been met. It is advised that proper grazing management be given to the area so the seedings may establish.",Polygon,Confirmed,"Digitized by BLM field office personnel, method unknown",,6402.26,6397.46,,Unknown,"Forage for livestock, Forage for wildlife, Forage quality, Habitat productivity, Habitat quality",Provides forage and will promote structural and species diversity.,,,,,,38:22:00
Model 17,Nothern Basin and Range,Post-burn aerial seeding,50756,20514,Implemented,See Comments,2,1/16/2018,1/29/2018,Acres,20789,Seeding,Aerial Seeding,Aerial Seeding,-1,Planned seed list,Sage Grouse Aerial,Seeds,Plan,Unknown,Species Specific,,"The objective of the aerial seeding treatment is to revegetate the burned area with a\r\nwell-adapted species mix that provides forage and will promote structural and species diversity\r\nwithin the burned area. Objectives will be considered met for the aerial seed mixes if one nonnative\r\nshrub per square meter, one native forb per square meter, 0.3 native shrubs per square\r\nmeter, and three native grasses per square meter are established in 2-5 years (3-5 years for\r\nnative shrub establishment).","Aerial Sage-Grouse Mix \u2013 Aerial seed approximately 43,702 acres within PHMA and GHMA areas on the north end of the fire. Seed mix would include Wyoming big sagebrush and western yarrow. The area is largely mottled with basin big sagebrush and Wyoming big sagebrush. In numerous areas this aerial seeding would be applied over areas drill seeded in the fall of 2017. This mix would be strip seeded (every other swath), resulting in 50% coverage (21,851 actual seeded acres).","The Aerial Sage Grouse seed mix was comprised of Western yarrow (Achillea millefolium v.\r\noccidentalis) and Wyoming big sagebrush (Artemesia tridentata sbsp wyomingensis).\r\n\r\n44,672 acres were treated in FY 2018. See the Treatment Map - Completed Treatments and 2018 ESR Monitoring Plots.","S3 Aerial Seeding - Aerial Sage Grouse\r\n\r\n2019 Density Results\r\nThe rehabilitation objectives have not been met at the site as seeded forbs and shrubs have not\r\nbeen observed on the site. The recovery of small-form grasses (Sandberg bluegrass, thickspike\r\nwheatgrass) and large-form grasses (Thurber\u2019s needlegrass, squirreltail) was observed.\r\n2019 AIM Data Results\r\nCover: Average foliar canopy cover was high (54.7%) in part due to the high cover (40.0%) of\r\nSandberg bluegrass (Poa secunda). Next highest cover was cheatgrass (Bromus tectorum) at\r\n12% and squirreltail (Elymus elymoides) at 10.0%. By functional group, foliar cover was derived\r\nmostly from perennial grasses and annual grasses.\r\nSoils, Gap, and Erosion: AIM Plot 09 is located in a Rangeland LOAMY 8-10 P.Z. in a former /\r\nArtemisia tridentata ssp. wyomingensis / Achnatherum thurberianum \u2013 Achnatherum hymenoides\r\n(/Wyoming big sagebrush / Thurber\u2019s needlegrass \u2013 Indian ricegrass) vegetation community on a\r\nflat/plain.\r\nCanopy gaps were common and occurred on approximately 35.9% of the 25 meter transects\r\nwithin the plot. The majority of gaps occurred between 25 and 50 centimeters. Gaps greater than\r\n200 meters were rare but occurred on average 1.51 meters of the 25 meter transect, which is a\r\ndecreased from 2018 observations. Increased pedestalling and deposition/runoff (now\r\nwidespread) and short water flow patterns were observed within the plot. Somewhat stable gaps\r\nand increased erosion indicates fluctuation in site stability, which is a concern for seeding\r\nsuccess.\r\nSpecies Richness: Twenty-one (21) different plant species were observed within the plot.\r\n2019 Recommendations\r\nThe ESR objectives of the aerial seeding through density observations have not been met on this\r\nplot. There was an allotment closure issued for the Little Humboldt, Owyhee, and Spanish Ranch\r\nallotments. Allotment closure objectives of three perennial grasses per square meter have been\r\nmet but it is advised that additional rest be given to the area so the seedings may establish.\r\n\r\nS2 Ground Seeding and S3 Aerial Seeding - Aerial Sage Grouse and Drill Desert\r\n2019 Density Results\r\nRehabilitation objectives were met for seeded grasses on both plots. However, other objectives\r\nwere still not met. Recovery of Sandberg\u2019s bluegrass, a small form perennial grass, was\r\ncommonly observed within the plots.\r\n2019 AIM Data Results\r\nCover: Average foliar canopy cover was 70.3%, with highest cover being derived from Sandberg\r\nbluegrass (Poa secunda) at 48.6%. Next highest cover was derived from squirreltail (Elymus\r\nelymoides) at 11.3% and cheatgrass (Bromus tectorum) at 5.3% cover which is still low for the\r\nsites. Tall tumblemustard (Sisymbrium altissimum) cover is 5.0% which can be problematic for\r\nsite biodiversity. By functional group, perennial grasses still had the highest cover on the sites.\r\nSoils, Gap, and Erosion: AIM Plots 03 and 05 are located in a Rangeland LOAMY 8-10 P.Z.\r\nsites, in a former / Artemisia tridentata ssp. wyomingensis / Achnatherum thurberianum \u2013\r\nAchnatherum hymenoides (/Wyoming big sagebrush / Thurber\u2019s needlegrass \u2013 Indian ricegrass)\r\nvegetation community on a flat/plain.\r\nOn average, gaps occurred on approximately 25.3% of the 25 meter transects used on AIM Plots\r\n03 and 05. The majority of gaps occurred from 25 to 50 centimeters. Increased pedestalling,\r\ndeposition/runoff, and water flow patterns were observed on the sites. With reduced gaps but\r\nincreased signs of erosion, site stability appears to be fluctuating on the plots and is of slight\r\nconcern for the plots.\r\nSpecies Richness: Both plots had an average of 25 species observed with 24 species observed in\r\nAIM Plot 03 and 26 species observed in AIM Plot 05.\r\n2019 Recommendations\r\nThe rehabilitation objectives of the seedings have only been partially met. There was an\r\nallotment closure issued for the Little Humboldt, Owyhee, and Spanish Ranch allotments.\r\nAllotment closure objectives of three perennial grasses per square meter have been met but it is\r\nadvised that additional rest be given to the area so the seedings may establish.\r\n\r\n\r\n2020 Density Results\r\nThe rehabilitation objectives have not been met at the site. However, seeded sagebrush was observed on the plot. The recovery of small-form grasses (Sandberg bluegrass, thickspike wheatgrass) and large-form grasses (Thurber\u2019s needlegrass, squirreltail) was observed.\r\n2020 AIM Data Results\r\nCover: Average canopy foliar cover was lower than previous years\u2019 observations. Highest cover came from Sandberg bluegrass (28.7%), followed by squirreltail (11.3%), cheatgrass (6.7%), Thurber\u2019s needlegrass (1.3%). Perennial species have higher cover overall on the plot than annual species.\r\nSoils, Gap, and Erosion: AIM Plot 09 is located in a Rangeland LOAMY 8-10 P.Z. in a former / Artemisia tridentata ssp. wyomingensis / Achnatherum thurberianum \u2013 Achnatherum hymenoides (/Wyoming big sagebrush / Thurber\u2019s needlegrass \u2013 Indian ricegrass) vegetation community on a flat/plain.\r\nThe majority of gaps occurred between 25 and 50 centimeters. Gaps greater than 200 meters were rare. Canopy cover is approximately 59% of the average 25m transects. Reduced pedestalling and deposition/runoff and static water flow pattern trends were observed on the plot.\r\n\r\nSmall gaps and overall reduced erosion indicators suggests wind and water erosion are not big concerns on the plot.\r\n\r\nSpecies Richness: Twenty-two (22) different plant species were observed within the plot.\r\n2020 Recommendations The ESR objectives of the aerial seeding through density observations have not been met on this plot, although more seeding success has been observed.. There was an allotment closure issued for the Owyhee allotment, Four-Mile pasture where Plot 09 is located. The allotment closure objective of three perennial grasses per square meter has been met. It is advised that proper grazing management be given to the area so the seedings may establish.",Polygon,Confirmed,"Digitized by BLM field office personnel, method unknown",,20789.72,20783.31,,Unknown,"Forage for livestock, Forage for wildlife, Forage quality, Habitat productivity, Habitat quality",Provides forage and will promote structural and species diversity.,Unknown,Unknown,Unknown,Unknown,,42:43:00
Model 17,Nothern Basin and Range,Post-burn aerial seeding,50758,20514,Implemented,See Comments,2,1/16/2018,1/29/2018,Acres,15395,Seeding,Aerial Seeding,Aerial Seeding,-1,Planned seed list,Sage Grouse Low Density,Seeds,Plan,Unknown,Species Specific,,"The objective of the aerial seeding treatment is to revegetate the burned area with a\r\nwell-adapted species mix that provides forage and will promote structural and species diversity\r\nwithin the burned area. Objectives will be considered met for the aerial seed mixes if one nonnative\r\nshrub per square meter, one native forb per square meter, 0.3 native shrubs per square\r\nmeter, and three native grasses per square meter are established in 2-5 years (3-5 years for\r\nnative shrub establishment).","Aerial Sage-Grouse Low Density Mix \u2013 Aerial seed approximately 61,880 acres of sage-grouse habitat within the central part of the fire. Seed mix would include Wyoming big sagebrush and western yarrow. In numerous areas this aerial seeding would be applied over areas drill seeded in the fall of 2017. This mix would be strip seeded (every fourth swath), resulting in 25% coverage (15,470 actual seeded acres).","The Aerial Sage Grouse Low Density seed mix was comprised of Western\r\nyarrow (Achillea millefolium v. occidentalis) and Wyoming big sagebrush (Artemesia tridentata\r\nsbsp wyomingensis).\r\n\r\n44,672 acres were treated in FY 2018. See the Treatment Map - Completed Treatments and 2018 ESR Monitoring Plots.","S2 Ground Seeding and S3 Aerial Seeding - Aerial Sage Grouse Low Density and Drill\r\nSpanish Ranch\r\n\r\n2019 Density Results\r\nDensity: Neither ground nor aerial seeding rehabilitation objectives were met within Plot 01.\r\nDecreased seeded forb and increased seeded grass observations were made. In Plot 02a fewer\r\nobservations of seeded species were made. It is noteworthy that native recovery of small-from\r\ngrasses (Sandberg bluegrass) and large-form grasses (Thurber\u2019s needlegrass and squirreltail)\r\nwere observed on the sites.\r\n2019 AIM Data Results\r\nCover: Average foliar canopy cover was 60%, with highest cover being derived from Sandberg\r\nbluegrass (Poa secunda) at 38%. Cover by cheatgrass (Bromus tectorum) was relatively low at\r\nthe site \u2013 9.3% - but still increased from 2018 observations. Next highest cover was derived from\r\ntall tumblemustard (Sisymbrium altissimum) at 8.3% which is an increase from 2018\r\nobservations. Perennial grasses had an increased cover and are still the dominant functional unit\r\non the sites.\r\nSoils, Gap, and Erosion: AIM Plots 01 and 02a are located in a Rangeland LOAMY 8-10 P.Z. in\r\na former / Artemisia tridentata ssp. wyomingensis / Achnatherum thurberianum \u2013 Achnatherum\r\nhymenoides (/Wyoming big sagebrush / Thurber\u2019s needlegrass \u2013 Indian ricegrass) vegetation\r\ncommunity. AIM Plot 01 occurred on a toeslope and AIM Plot 02a occurred on a flat/plain.\r\nGaps occurred on approximately 37.9% of the 25 meter transects used on AIM Plots 01 and 02a.\r\nThe majority of gaps occurred from 25 to 50 centimeters. Gaps greater than 200 centimeters\r\nwere rarest. Both plots exhibited increased widespread pedestalling and occasional water flow\r\npatterns. Rare to common deposition/runoff was also observed on the plots. Although gaps were\r\nsmall for the site, they increased along with signs of erosion, indicating some loss in site stability\r\nwhich could be a concern for the seeding success on the site.\r\nSpecies Richness: Both plots had an average of nineteen (18.5) species observed with 29 species\r\nobserved in AIM Plot 01 and 26 species observed in AIM Plot 02a.\r\n2019 Recommendations\r\nThe ESR rehabilitation objectives have not been met on the plots. There was an allotment closure\r\nissued for the Little Humboldt, Owyhee, and Spanish Ranch allotments. Allotment closure\r\nobjectives of three perennial grasses per square meter have been met but it is advised that\r\nadditional rest be given to the area so the seedings may establish.\r\n\r\n2020 Density Results\r\nNeither ground nor aerial seeding rehabilitation objectives were met within the plots. No seeded species were observed in the density frames for the plots. However, seeded species were observed in both plots\u2019 species richness inventory. It is noteworthy that native recovery of small-from grasses (Sandberg bluegrass) and large-form grasses (Thurber\u2019s needlegrass and squirreltail) were observed on the sites.\r\n2020 AIM Data Results\r\nCover: Average foliar canopy cover was reduced from 2019 observations. The highest cover was from Sandberg bluegrass (29%), followed by squirreltail (3.3%), cheatgrass (3.0%), and crested wheatgrass (2.7%). Perennial species have higher cover than annual species on the plots.\r\nSoils, Gap, and Erosion: AIM Plots 01 and 02a are located in a Rangeland LOAMY 8-10 P.Z. in a former / Artemisia tridentata ssp. wyomingensis / Achnatherum thurberianum \u2013 Achnatherum hymenoides (/Wyoming big sagebrush / Thurber\u2019s needlegrass \u2013 Indian ricegrass) vegetation community. AIM Plot 01 occurred on a toeslope and AIM Plot 02a occurred on a flat/plain.\r\n\r\nThe majority of gaps occurred from 25 to 50 centimeters. Gaps greater than 200 centimeters were rarest. Canopy cover represented 69% of the average 25m transects. Decreased pedestalling and deposition/runoff were observed on both plots. Stabilized gap size and reduced erosion indicators make wind and water erosion less of a concern on these sites.\r\nSpecies Richness: An average of 30 species were observed on the plots.\r\n\r\n2020 Recommendations\r\nThe ESR rehabilitation objectives have not been met on the plots. There was an allotment closure issued for the Spanish Ranch allotment, Burner Hills pasture where Plots 01 and 02A are located. The allotment closure objective of three perennial grasses per square meter has been met. It is advised that proper grazing management be given to the area so the seedings may establish.",Polygon,Confirmed,"Digitized by BLM field office personnel, method unknown",,15394.8,15393.89,,Unknown,"Forage for livestock, Forage for wildlife, Forage quality, Habitat productivity, Habitat quality",Provides forage and will promote structural and species diversity.,,,,,,30:16:00
Model 17,Nothern Basin and Range,Post-burn aerial seeding,52963,1515,Implemented,Unknown,1,10/1/1977,1/31/1978,Acres,6500,Seeding,Aerial Seeding,Aerial Seeding,-1,Confirmed seed list,Germination ESR,Seeds,Confirmed in GIS,Unknown,Species Specific,JDR says fourwing saltbush planned. GIS simply says saltbush.\r\nJDR says Indian ricegrass. GIS says Indian ryegrass.,Something must be done this year to stabilize the soil or irreparable damage will result.,"Reseed a 6500 acre area seeded in September, germinated, and died.",Aerial seeding of planned area,,Polygon,Confirmed,"Digitized by BLM field office personnel, method unknown",None,5726.64,4127.32,,Contractor,"Erosion, Livestock in treated area, Loss of Perennials, Forage quality",Most of the area was seeded last fall as part of the Bicentennial Rehab project. However record\r\ndrought conditions this year prevented establishment of the seeding and\r\nresulted in extremely serious soil erosion situation in the area.,,,,,"Germination ESR\r\nJDR notes contract for both drill seeding and aerial seeding. GIS only present for aerial seeding of this area.\r\nCost calculated by aerial seeding contract cost per acre over entire 6500 acres, plus the calculated seed cost.",09:07:00
Model 17,Nothern Basin and Range,Post-burn aerial seeding,53223,21022,Implemented,Unknown,2,12/18/2014,12/18/2014,Acres,892,Seeding,Aerial Seeding,Aerial Seeding: Rotor Wing,-1,Confirmed seed list,,Seeds,Confirmed on Paper,Unknown,Species Specific,,The overall objective is to simply mimic the natural disturbance process and not to clear the landscape of juniper in entirety.,Unknown,"This project consisted of aerial seeding 892 acres.  Rate of application was approximately 0.76 pounds bulk seed per acre of Wyoming Sagebrush and 0.50 pounds bulk seed per acre of Winterfat.  The seed was applied to bare ground.  The area received a considerable amount of precipitation the following days after seed application.  The contractor was Thomas Helicopters, Inc of Gooding, ID.  Pilot for the seeding was Rod Thomas. The project was completed using one helicopter and two sling type buckets. The project was started and completed on December 18, 2014.",The area received a considerable amount of precipitation the following days after seed application.,Polygon,Confirmed,"Digitized by BLM field office personnel, using paper map",3/27/2020,890.74,886.33,,BLM and Cooperators,"Brush control, Establishment of seeded species, Seedbed preparation, Vegetal cover, Habitat for mule deer, Habitat for desert bighorn sheep, Habitat for sage grouse, Hazardous fuels reduction, Invasion by pinyon-juniper, Wildland Urban Interface, Pinon-juniper",Reduce hazardous fuels and restore sage-grouse habitat within the Wildland Urban Interface (WUI) and critical non-WUI areas.,Unknown,,"Unknown, Other (See Trt Notes)",The area received a considerable amount of precipitation the following days after seed application.,,21:09:00
Model 17,Nothern Basin and Range,Post-burn aerial seeding,53259,21038,Implemented,See Comments,2,12/18/2014,12/18/2014,Acres,385,Seeding,Aerial Seeding,Aerial Seeding,-1,Confirmed seed list,,Seeds,Confirmed on Paper,Unknown,Species Specific,GIS says Wyoming Big Sage,"Aerial Seeding/S3: Objective 2 of the FMDA\u2019s objective and management actions is to maintain, protect, and expand sage grouse source habitats. Following wildland fire, use seeding treatments with appropriate plant materials to attempt to stabilize sites and prevent dominance of invasive, annual vegetation, and noxious weeds. Therefore aerial seeding meets this objective and is in conformance with the RMP as amended by the FMDA.",The majority of the burned BLM land was identified to be aerial seeded with a mixture of native and native like perennial grass and native shrub species. This is proposed to be accomplished in late FY12 or early FY13.,"This project consisted of aerial seeding 385 acres within the Hot Well fire of 2012. Rate of application was approximately 1.04 pounds bulk seed per acre. The seed consisted of 400 pounds of Basin Big Sagebrush. The area received a considerable amount of precipitation the following days after seed application. The contractor was Thomas Helicopters, Inc of Gooding, ID. Pilot for the seeding was Rod Thomas. The project was completed using one helicopter and one sling type bucket. The project was started and completed on December 18, 2014.","The majority of the fire was characterized by moderate to high fire intensity. This was due to a combination of topography and terrain, extremely low fuel moisture and hot and dry weather conditions. Vegetation in the fire area was primarily a phase 2 of phase 3 Utah juniper site, sagebrush and Sandberg bluegrass mix. Areas with a dense overstory of juniper vegetation had slightly higher fire intensities. Also, the fire burned in topography classified as rolling hills with a drainage located in the middle of the area. These higher intensity burn areas removed most of the plant cover and have exposed soils to accelerated soil erosion. These areas are a major concern due to wind and water erosion, the expansion of cheatgrass and noxious weeds.\r\nThe Hot Well fire had the best recruitment of sagebrush seedlings that any of the other fire seeded with brush in 2012. The chained junipers at times provided a ""catch"" for the seed and snow. Multiple sites were found where sagebrush seedlings were growing under chained juniper trees. A seed dribbler was used to aid in the planting of Antelope bitterbrush seed. The area had a large stand of bitterbrush before the burn. The quantitative and qualitative monitoring showed establishment of bitterbrush seedlings. You could follow the dozer track and find seedlings where they had been planted by the dribbler. \r\nPortions of the lower elevation sites had highest percent cover of annual grasses and noxious weeds. The upper elevation areas had little to no presence of annual grass.\r\nHigh seed demands from multiple large fires in the District and Great Basin area resulted in an inability to seed sagebrush at the desired rate. Areas with good perennial herbaceous cover will be identified for future planting treatments as funding allows.\r\n2014 monitoring results showed a high increase in annual grasses. It has been observed that the south facing slopes of the second year monitoring on similar fires tend to have a higher amount of annual grass. Also, no Antelope bitterbrush seedlings were observed in 2014 monitoring data. Wildlife tends to be the reason of low survival rate of bitterbrush seedlings. It is my conclusion to continue to monitor for seeding success. Also, the continuation of monitoring for noxious weeds and implementation of eradicating when noxious species are present must also continue.",Polygon,Confirmed,"Digitized by BLM field office personnel, method unknown",,385.31,385.27,,Contractor,"Establishment of seeded species, Loss of desirable species, Loss of vegetation, Loss of sagebrush, Vegetal cover, Wildland Urban Interface",Post-wildfire seeding,Unknown,,"Snow on Ground, Wet",The seed was applied to mostly snow covered ground. The area received a considerable amount of precipitation the following days after seed application.,,27:57:00
Model 17,Nothern Basin and Range,Post-burn aerial seeding,53441,21082,Implemented,See Comments,2,12/12/2013,12/13/2013,Acres,5300,Seeding,Aerial Seeding,Aerial Seeding: Rotor Wing,-1,Confirmed seed list,,Seeds,Confirmed on Paper,Unknown,Species Specific,,Unknown,Unknown,"This project consisted of aerial seeding 5,300 acres within the Kinyon Road fire of2012 as a\r\nfuels project. Rate of application was 1.13 pounds bulk seed per acre. The seed consisted of\r\n6,000 pounds of Wyoming Sagebrush. The seed was applied to mostly snow covered ground,\r\nsee the attached map for the project location. The contractor was Thomas Helicopters, Inc of\r\nGooding, ID. Pilot for the seeding was Robin Vennuti. The project was completed using one\r\nhelicopter and two sling type buckets. The project was started on December 12, 2013 and\r\ncompleted on December 13, 2013.",The average of the Wyoming sagebrush shrub count over the five monitoring plots:\r\n2014: 8.6; 2015: 6; 2016: 0; 2018: 8.6,Polygon,Confirmed,"Digitized by BLM field office personnel, method unknown",,5300.88,5300.88,,Contractor,"Habitat for wildlife, Loss of sagebrush",Unknown,Unknown,,Snow on Ground,The seed was applied to mostly snow covered ground,,02:30:00
Model 17,Nothern Basin and Range,Post-burn aerial seeding,53519,21087,Implemented,Unknown,2,1/10/2011,2/3/2011,Acres,126964,Seeding,Aerial Seeding,Aerial Seeding,-1,Confirmed seed list,,Seeds,Confirmed on Paper,Unknown,Species Specific,,Establish sagebrush on the fire area utilizing aerial seeding techniques.,Aerial Seeding Wyoming and Basin Big sagebrush,"ES&BAR Project. Contractor was Thomas Helicopters, INC of Gooding, ID. The project was strip seeded, strips were in all different directions.\r\n\r\nAbout 127, 966 acres were aerial seeded with 64,040 lbs. of\r\nWyoming big sagebrush seed and 61,480 lbs. of basin big\r\nsagebrush seed at 0.98 lbs. bulk seed/acre. Seed was applied to\r\nsnow-covered ground in the Bell Rapids area and mostly bare\r\nmuddy ground throughout the rest of the project area. The entire\r\nproject was strip-seeded for every other pass. Strips were oriented\r\naccording to best navigation evaluation for the seeding area. The\r\nproject was competed using two helicopters and two sling type\r\nbuckets. Project duration was due to wind and fog conditions that\r\nprevented application. Seed application occurred over 11 actual\r\nflying days.","As observed for other ESR projects, sagebrush\r\nestablishment was patchy, with clumps of seedlings scattered within the seeded area. In 2012\r\nseedlings were about 3-6 inches tall and difficult to detect on a landscape scale. However, by\r\nJuly 2013, seedlings were taller and more apparent.\r\n\r\n2013 North Area Monitoring Results: Wyoming big sagebrush were detected in monitoring locations and visual assessments.\r\n2013 Bombing Range Area Monitoring Results: Wyoming big\r\nsagebrush were detected in monitoring locations and visual assessments.\r\n2013 Wild Horse Management Area Monitoring Results: Wyoming big sagebrush were observed in monitoring locations and visual assessments.\r\n2013 South Area Monitoring Results: Sagebrush\r\nseedlings were present where seeded in strips.",Polygon,Confirmed,"Digitized by BLM field office personnel, method unknown",None,255157.43,249306.76,,Contractor,"Habitat for wildlife, Loss of sagebrush, Habitat for sage grouse, Loss of perennials","ESR/Rehab, re-establish sagebrush for perennial vegetation and wildlife habitat",Other (See Trt Notes),Project duration was due to wind and fog conditions that\r\nprevented application. Seed application occurred over 11 actual\r\nflying days.,Other (See Trt Notes),Seed was applied to\r\nsnow-covered ground in the Bell Rapids area and mostly bare\r\nmuddy ground throughout the rest of the project area.,,24:24:00
Model 17,Nothern Basin and Range,Post-burn aerial seeding,53597,21105,Implemented,See Comments,2,2/19/2019,3/1/2019,Acres,25650,Seeding,Aerial Seeding,Aerial Seeding: Rotor Wing,-1,Confirmed seed list,Bruneau Aerial Sagebrush,Seeds,Confirmed on Paper,Unknown,Species Specific,,Objective: The objective of the seeding treatment is to establish perennial-dominated plant communities within 3 years. The\r\nshrub density objectives are based on ecological site potential.\r\nThe aerial sagebrush and forb seed treatment would be considered effective if:\r\nSagebrush/Forb seedlings average 0.10 seedlings per square meter across all density plots; or\r\nIn qualitative surveys seedlings are found to be common.,"The entire BLM portion of the fire will be seeded aerially in alternating strips with a sagebrush/forb seed mix in the late fall of 2018. The seeding strips will cover the entire burned area, but seed will be distributed over approximately half the area to lower costs.","There were two projects within the Bruneau Fire Rehab which\r\nconsisted of aerial seeding 26,170 acres of BLM land.\r\nThe largest area was a strip seeding with Wyoming sagebrush and\r\nyarrow covering 25,650 acres.\r\nRate of application was approximately 0.93 pounds bulk seed per\r\nacre. The seed consisted of 21,040 pounds of Wyoming Sagebrush\r\nand 2,800 pounds of western yarrow.\r\n\r\nThe total area of the project was 54,284 acres of BLM land. The\r\nseed was applied to snow covered ground, approximately 3 to 4\r\ninches in depth throughout the project area.\r\nThe contractor was High Desert Aviation, LLC of Gooding, ID.\r\nPilots for the seeding were Rob Cantrell and Jeff Adams. The\r\nproject was completed using two helicopters and four sling type\r\nbuckets. The project was started on February 19th and completed\r\non March 1st, 2019. Bad weather during the duration of this project\r\nwas a factor.","The aerial seed treatment of sagebrush/forbs would be considered effective if:\r\n1) Sagebrush seedlings average 0.1 seedlings per square meter across all density plots; or\r\n2) In qualitative surveys they are found to be common.\r\n\r\nFY 19 Monitoring Results -Average Plants/m\xb2: Wyoming Big Sagebrush 1.31; ACMI2 0. Note: Average of 13 macroplots\r\n\r\n2020 Monitoring summary: Aerial Seeding\r\nTwo years post-treatment, Black sagebrush has increased from 0.33 plants/m\xb2 (averaged of 3 macroplots) to 11.67 plants/m\xb2. \u201cEagle\u201d Western Yarrow, which was also aerially seeded, has yet to be detected.\r\n\r\n2021\r\nQuantitative Data\r\nAverage density of Wyoming big sagebrush (Artemisia tridentata ssp. wyomingensis) over the Wyoming Large Block increased from 0 in 2019 to 0.025 plants/m2 in 2021 (Table 3), but did not meet the objective for seeding success of 0.10 plants/m2. Western yarrow (Achillea millefolium) reached its highest density in 2020, at 0.081 plants/m2, but density of yarrow declined to 0.028 plants/m2 in 2021\r\nQualitative Data\r\nWyoming big sagebrush seedlings were observed on only 4 macroplots, and on all but 1 plot where it was common, was present at low cover and considered rare. The seeded western yarrow (Achillea millefolium) was observed on 8 macroplots, and was considered common on 2.\r\n\r\nSummary\r\nThree years post-treatment, the Bruneau ESR project area showed variable recovery, with high cover of perennial grasses in some areas, and largely barren areas with cheatgrass thatch in others. Neither of the aerial sagebrush treatments met the objectives for treatment success, but in some locations sagebrush seedlings were observed to be common. It is possible that poor weather conditions during application could have led to variable rates of seed application.\r\nThe seed source and seed quality of the aerially seeded sagebrush is unknown, and could have affected success rates. Wyoming big sagebrush seed quality is essential for seeding to be effective. Locally sourced seed that is adapted to the specific microclimate will lead to greater establishment. Since sagebrush seed is relatively short-lived, current year seed is recommended (Meyer and Warren 2015). Sagebrush recruitment is highly weather dependent, with adequate moisture and cool temperatures essential for successful establishment (Meyer 1994). The cool temperatures and above average moisture of 2019 should have helped with sagebrush establishment. Sagebrush seeds are tiny and adversely impacted by competition, especially with aggressive non-native annual grasses. Seeding into dense stands of highly competitive plants such as the thick sward of cheatgrass is generally ineffective (Meyer and Warren 2015). Sagebrush recruitment from seed may also be limited on drier, rocky sites, or sites without microsite heterogeneity that traps snow (such as existing standing live or dead vegetation that is not too dense) (Schuman and Belden 2002, Meyer and Warren 2015).\r\nThe ongoing severe drought and warm, windy conditions of 2021 likely caused desiccation and mortality of Wyoming and black sagebrush seedlings that did establish, leading to the lower observed densities of these seeded species in 2021. \r\n\r\nAerial Seeding- Wyoming big sagebrush area\r\nThree years post-treatment, Wyoming big sagebrush has increased from 0.0083 plants/m\xb2 in 2020 (averaged of 13 macroplots) to 0.025 plants/m\xb2 in 2021. \u201cEagle\u201d Western Yarrow has decreased from 0.081 plants/m\xb2 in 2020 (averaged of 13 macroplots) to 0.028 plants/m\xb2 in 2021.",Polygon,Confirmed,Digitized by LTDL data entry personnel using a confirmed map,10/30/2020,51244.65,51236.27,,Contractor,"Erosion, Habitat quality, Loss of vegetation, Vegetal cover, Cover for wildlife, Fire hazard, Forage for wildlife, Habitat for antelope, Habitat for greater sage grouse, Habitat for Gunnison sage grouse, Habitat for mule deer, Habitat for sage grouse, Habitat for wildlife, Invasion by non-native annuals, Invasive species, Loss of sagebrush, Loss of perennials, Loss of native vegetation, Sensitive species, Special status species, Wildlife in treated area","Use seed mixes that will help stabilize soils and achieve objectives in the Upland Vegetation, Riparian Areas and Wetlands, Fish and Wildlife, and Special Status Species sections.",,,Other (See Trt Notes),Bad weather during the duration of this project\r\nwas a factor.,Cost was estimated using the planned unit cost of $28.69/ac. The cost for seed was not reported.\r\n\r\nThe area was strip seeded every other swath resulting half the total acres being treated.,11:14:00
Model 17,Nothern Basin and Range,Post-burn aerial seeding,53644,19815,Implemented,See Comments,2,12/12/2013,12/12/2013,Acres,5000,Seeding,Aerial Seeding,Aerial Seeding,-1,Confirmed seed list,,Seeds,Confirmed on Paper,Unknown,Species Specific,,Aerially seed sagebrush,See treatment notes.,"This project consisted of aerial seeding 5,000 acres within the Kinyon Road fire of 2012 as a fuels project. Rate of application was 1.00 pounds bulk seed per acre. The seed consisted of 5,000 pounds of Wyoming Sagebrush. The seed was applied to mostly snow covered ground, see the attached map for the project location. The contractor was Thomas Helicopters, Inc of Gooding, ID. Pilot for the seeding was Robin Vennuti. The project was completed using one helicopter and two sling type buckets. The project was started and completed on December 12, 2013.","Average Wyoming big sagebrush shrub count of the 5 monitoring plots per monitoring year:\r\n2014: 3.4; 2015: 1.2; 2016: 1.4; 2018: 1.2\r\n\r\nFY 17\r\nMonitoring plots were revisited for the 5th year monitoring by Chicago Botanical interns in the summer of 2017. Qualitative assessments were completed and included a general plot description, species inventory, and photo documentation. For the 5th year monitoring year, seven plots were revisited for qualitative assessments. Plots visited include 001, 002, 004, 006, 009, 010, and 012.\r\nThe Kinyon Road rehabilitation can be addressed geographically, as the treatments were divided separately into the eastern and western burned areas. The focus of this summary will be on the west side, also known as the Bruneau Overlook area, as heavy noxious weed infestations and unsuccessful drill seedings here were concerning. Due to the good establishment of the drill seed treatments on the eastern side, attention and resources should be focused on the Bruneau Overlook area in future treatments.\r\nOn the eastern side of Kinyon, drill seedings were highly successful. Perennial grasses, particularly bluebunch wheatgrass and Siberian wheatgrass, dominate the landscape, and the bare ground among them supports a high diversity of forbs with relatively low cheatgrass establishment. Though sagebrush seedlings were either not found or found in extremely low amounts in these areas, many sagebrush islands were seen near monitoring points, and could potentially re-seed the area regardless of the success of shrub seedings. Invasive weeds such as rush skeletonweed, halogeton, and Russian thistle are present, but are not an imminent threat, especially considering the health and expanse of the perennial grasses. It would be valuable for future projects to assess why the eastern Kinyon plantings were so successful compared to the Bruneau Overlook area.\r\nThe Bruneau Overlook seeding treatments have been moderately successful but present several challenges. In some areas, drill-seeded perennial bunchgrass populations are vigorous and extensive with good forb diversity, but cheatgrass density is still high. Most areas on this side of the Kinyon fire are cheatgrass-Sandberg\u2019s bluegrass dominated sites with low forb diversity, and drill-seeded perennials are not competing as well. Few to no sagebrush seedlings were seen across the area, and sagebrush islands were also rarer. Noxious and invasive weed populations also present a problem.\r\nA main concern for this area is extremely dense invasive weed populations, particularly Russian thistle. The Bruneau Overlook area is being overtaken by this dominant weed, and full hillsides of robust Russian thistle were found near monitoring points (Photo 1). The eastern monitoring area also showed some large Russian thistle populations. Russian thistle is likely to continue dominating the Kinyon Road area unless significant control measures are taken. Rush skeletonweed is also present across the Kinyon Road fire area, though to a much lesser extent than the thistle. It has the potential to continue spreading and impeding the advancement of perennial bunchgrasses. Chemical treatments in the Bruneau Overlook area on Russian thistle and rush skeletonweed would be most efficient in stopping the spread of these two species, though mechanical treatments on extremely dense Russian thistle patches could also be valuable.\r\nKinyon Road Fire (G1CH) FY2022 Monitoring \u2013 10th Year 33\r\nPrecipitation data is from the Twin Buttes and Horse Butte RAWS stations, which are northeast of the burned area and southwest of the burned area, respectively. Monitoring reports at the first, second- and third-year mark illuminate a trend towards higher precipitation following treatment years, along with later summer and fall rains. This factor may have contributed to higher weed establishment and lower drill seed success. Previous reports also mention soil movement that filled in drill rows and lessened the establishment rate at Bruneau Overlook sites. Compounding this was the inefficient depth band use on the shrub seedings, consequently the first three years of monitoring found no shrub establishment in the monitoring sites. Upon qualitative monitoring at the five-year mark, scattered immature Wyoming big sagebrush were found in only half of the monitoring sites for all of Kinyon. Multiple factors led to both the low shrub establishment throughout Kinyon and the partial success of drill seed treatments in Bruneau Overlook.\r\n\r\nFY22\r\nMonitoring plots were revisited by TFD Fuels technicians during the summer of 2022 for the 10th year monitoring. Qualitative assessments were completed which included a general plot description, species inventory, and photo documentation.\r\nThe following photo points are representative of the entire treated area of the Kinyon Road fire. For the 10th year monitoring year, 14 plots were revisited for qualitative assessments. Plots visited include 002, 003, 004, 005, 007, 008, 009, 010, 011, 013, 015, 019 021, and 023. Data collected included a general plot description, species inventory, and photo documentation.",Polygon,Confirmed,"Digitized by BLM field office personnel, method unknown",None,5000.84,5000.84,,Unknown,"Habitat for wildlife, Habitat productivity, Habitat quality, Sagebrush",,Unknown,,Unknown,,"There are aerial sage plans available in the ESR plan for this area, but it appears that this area was not included in that plan, as it is absent from the maps and does not match the acreage of the planned aerial seeding.",20:55:00
Model 17,Nothern Basin and Range,Post-burn aerial seeding,53835,21186,Implemented,See Comments,2,11/17/2010,11/18/2010,Acres,1500,Seeding,Aerial Seeding,Aerial Seeding: Fixed Wing,-1,Confirmed seed list,,Seeds,Confirmed on Paper,Unknown,Species Specific,,To establish a perennial dominated plant community within three years.,Aerially seed grass,"This project consisted of aerial seeding 1,500 acres within the Emery fire as part of the Emergency Stabilization Plan. Rate of application was approximately 13.43 pounds bulk seed per acre. The seed was applied to moist and some snow covered ground, see the attached map for the project location. The contractor was Thomas Helicopters, Inc of Gooding, Idaho. The project was completed using one fixed wing plane. The project was started on November 17, 2010 and completed on November 18, 2010.","FY2011: Of the seeded perennial grass species that were planted over 10% where recorded during the first year of monitoring. Although no forbs were planted, a natural recovery of 13% was observed. Just under half of the cover recorded was bare ground, but with my experience this is common after the first year of a seeding. A little amount of annual grass was documented. This is a good sign that the seeded species will not have much competition with the invasive annual in the next growing seasons.\r\nFour grass species were seeded in the areas that were monitored. The effectiveness of the treatment would be considered successful if the seeded grass species reach densities of 5 -10 plants per square meter. The Two of the four seeded perennial grass species were recorded, and both measured over 5 plants per square meter. Many forbs recovered naturally and at small averages. Some of the larger averages are shown in the table. There was a small presence of cheatgrass in the project area. The next two years of monitoring will be important to show if there are more seeded perennial plants that get recorded and the progress on the plants that were verified in the monitoring.\r\n\r\nFY2012: The amount of perennial grass recorded in 2012 increased by a total of 12.60%. Annual grass only increase by 0.45%. All other categories increase by some amount whilst the percentage of bare ground decreased from 2011 to 2012 by 17.2%. During qualitative monitoring, it was noted and recorded that sagebrush seedlings were more abundant from 2011.\r\nA total of five macro-points were monitored in both 2011 and 2012. It was noted in both qualitative and quantitative monitoring that the number of forbs had increased from 2011 to 2012.\r\n\r\nFY2013: From the first year of monitoring to the third year the perennial grasses have increased from 10.4% cover to 30% cover. This is a 20% increase over three years. Also, the annual grasses have decreased in cover from 7% to 3% in three years. The cover amount of forbs has also increased from 13.06% in 2011 to 18% in 2013.\r\n\r\nIt was observed that some of the seeded species were establishing within the harrow and aerial seeded areas, even though they were not detected during monitoring. It is possible that not all seeded species were identifiable during the first two monitoring years; additional time is needed to determine the full outcome of the seeding treatments.",Polygon,Confirmed,"Digitized by BLM field office personnel, method unknown",,3782.09,2855.07,GIS acreage is over twice that in the project report.,Contractor,"Erosion, Establishment of seeded species, Fire hazard, Forage for livestock, Habitat for wildlife, Invasive species, Loss of farming structures, Noxious weeds, Rangeland health, Vegetal cover",To establish a perennial dominated plant community within three years.,Unknown,,"Snow, Wet, Snow on Ground, Other (See Trt Notes)",The seed was applied to moist and some snow covered ground. During the week of November 14th Emery fire received approximately 5 inches of snow.,,56:39:00
Model 17,Nothern Basin and Range,Post-burn aerial seeding,53838,21188,Implemented,See Comments,2,2/17/2019,3/15/2019,Acres,9933,Seeding,Aerial Seeding,Aerial Seeding,-1,Planned seed list,Wildlife Mix,Seeds,Plan,Unknown,Species Specific,,"The objective of the aerial seeding treatment is to revegetate the burned area with a well-adapted\r\nspecies mix that provides forage and will promote structural and species diversity within the burned area.\r\nObjectives will be considered met for the aerial seed mix if 1 seeded native forb, 3 seeded native grasses, 0.3\r\nseeded shrubs, and 1 seeded non-native shrubs are observed within five years in post-fire monitoring.","Aerial Seeding\r\nAerial seed approximately 15,419 acres of public lands with grass, forb and shrub species appropriate for the site, based on resistance and resilience concepts, ecological site descriptions and field specialist knowledge of site conditions and potential. The goal of reseeding the treatment areas with these species is to help provide forage and cover for GRSG, upland big game species, and other wildlife, reduce water erosion hazards by stabilizing soils, increase the rate at which native vegetation is restored, maintain a healthy, productive, and diverse plant community, and minimize the establishment of exotic annual plants.\r\n\r\n\r\nFall/Winter 2018: Aerial Wildlife Mix\r\nAerial seed approximately 19,749 acres of PHMA Greater sage-grouse habitat, and crucial elk and\r\npronghorn range, with an every other swath pattern (9,875 total acres seeded), with a mixture of\r\nWyoming and basin big sagebrush, small burnett and forage kochia.","Aerial seeding was applied, confirmed by monitoring and RIPs reports.","AIM Plots 01, 02, 03, 04, 05, 06, 07, 08, 09\r\n2019: The seed mixes were comprised of a variety shrubs forbs and grasses. The rehabilitation objectives of three seeded perennial grasses, 1 seeded native forb, 1 seeded non-native shrub (kochia), and 0.3 seeded native shrubs have been partially met. Establishment of grasses like thickspike wheatgrass and Sandberg\u2019s bluegrass (which could have also been native recovery) well exceeded rehabilitation standards. While they haven\u2019t quite met standards, seeded forbs and shrubs are showing slight progress on these sites. Native regrowth was noteworthy for the sites as well, mostly for bunchgrasses like bluebunch wheatgrass and Idaho fescue.\r\n2020: Establishment of seeded grasses like thickspike wheatgrass and Sandberg\u2019s bluegrass (which could have also been native recovery) well exceeded rehabilitation standards in the second monitoring year. Seeded sagebrush and forage kochia have collectively met rehabilitation standards. Seeded forbs, primarily western yarrow, are showing improvement in establishment. Recovery of native small and large form perennial grasses was also evident.\r\n2019 Cover: Average foliar canopy cover was high (74.4%) in part due to the high cover (30.7%) of Sandberg\u2019s bluegrass (Poa secunda). Cheatgrass (Bromus tectorum) and bluebunch wheatgrass (Pseudoroegneria spicata) had the second and third highest cover (23.1% and 9.8% respectively). Perennial grasses exceed all functional groups in cover (51.0%). Annual grass cover was nearly half that of perennial grasses and annual forbs were even less frequently observed across the three plots. Perennial forbs had just under half the cover of annual forbs.\r\n2020 Cover: Average canopy foliar cover was moderately high but still reduced from 2019 observations. Highest cover was derived from Sandberg bluegrass, followed by cheatgrass, prickly lettuce, and bluebunch wheatgrass. Collectively, perennial species had much higher canopy cover than annual species.\r\nGaps and Erosion:\r\nGoose Creek AIM Plot 01 is located in a Rangeland Shallow Calcareous Loam 10-14\u201d P.Z. ecosite -(R024XY031NV) in a former / Artemisia nova / Pseudoroegneria spicata ssp. spicata - Achnatherum thurberianum ( / black sagebrush / bluebunch wheatgrass - Thurber\u2019s needlegrass) vegetation community. 2019: Gaps on the plot were mostly from 51 to 100 cm cm long but represented 46.7% of the average 25m transects. Canopy cover represents 53.3% of the average 25m transects. Common signs of pedestals, deposition/runoff, and water flow patterns were observed. Combined with slope and frequency of gaps, wind and water erosion are moderate concern for the site.\r\n2020: Gaps on the plot were mostly between 51 and 100 cm long. Collectively gaps occupied approximately 44% of the average 25m transects.\r\nGoose Creek AIM Plot 02 is located in a Rangeland Shallow Calcareous Loam 10-14\u201d P.Z. ecosite \u2013 (R024XY031NV) in a former / Artemisia nova / Pseudoroegneria spicata ssp. spicata - Achnatherum thurberianum ( / black sagebrush / bluebunch wheatgrass - Thurber\u2019s needlegrass) vegetation community.\r\n2020: Gaps on the plot were mostly greater than 200cm long. Collectively gaps made up 64% of the average 25m transects. This is a considerable departure from expected conditions on the site, so wind and water erosion of soil is a concern for the plot.\r\nGoose Creek AIM Plot 03 is located in a Rangeland R025XY058NV Bouldery Loam ecosite in a former / Holodiscus discolor \u2013 Artemisia tridentata ssp. vaseyana / Pseudoroegneria spicata ssp. spicata ( / oceanspray \u2013 mountain big sagebrush / bluebunch wheatgrass) vegetation community.\r\n2020: Gaps on the plot were primarily between 25 and 50 cm long. Gaps occupied approximately 26% of the average 25m transects. Common pedestalling, rare deposition/runoff, and common water flow patterns were observed. This is a slight to moderate departure from expected conditions on the site.\r\nGoose Creek AIM Plot 04 is located on an unknown rangeland ecosite.\r\n2020: Gaps on the plot were mostly greater than 200cm long. Collectively, gaps occupied approximately 76% of the average 25m transects. Some pedestalling and long water flow patterns were observed. Wind and water erosion are a concern for the site.\r\nGoose Creek AIM Plot 05 is located in a Rangeland Shallow Clay Loam 10-14\u201d P.Z. ecosite (R025XY057NV) in a former / Artemisia nova / Pseudoroegneria spicata ssp. spicata ( / black sagebrush / bluebunch wheatgrass) vegetation community.\r\n2019: Gaps on the plots were mostly greater than 200 cm long but represented 21.0% of the average 25m transects. Canopy cover represents 79% of the average 25m transects. Common signs of pedestals, and rare signs of deposition/runoff and water flow patterns were observed. This is a slight departure from expected erosional conditions on the sites, making wind and water erosion a slight concern.\r\n2020: Gaps on the plot were mostly 25 to 50cm long. Collectively, gaps occupied approximately 30% of the average 25m transects. Reduced pedestalling, similar rare deposition/runoff, and increased longer water flow patterns were observed on the site. This indicates some fluctuation in soil site stability and a concern for that.\r\nSpecies Richness:\r\n2019: An average of forty-six (46) different plant species were observed within the 2,827.4 square meter monitoring plots.\r\n2020: An average of thirty-eight (38) different plant species were observed within the 2,827.4 square meter monitoring plots.\r\n2020 Recommendations The rehabilitation objectives have not been completely met for the aerial seeding although the sites are showing progress as far as seeding establishment. Seeded forbs appear to be close to establishing on average across the sites. Native recovery is still evident on the plots. There was an allotment closure issued for the Grouse Creek allotment, South pasture where Plot 07 is located. All other plots were monitored in open areas. The allotment closure objective of three perennial grasses per square meter has been met but it is advised that proper grazing management is given to the area so the seeded species have more of a chance to establish.",Polygon,Confirmed,Digitized by LTDL data entry personnel using a confirmed map,5/18/2020,8787.59,8492.21,Treatment acres greater than feature acres.,BLM,"Establishment of seeded species, Forage for wildlife, Forage quality, Forage for livestock, Habitat for wildlife, Habitat productivity, Habitat quality, Loss of desirable species, Loss of perennials, Loss of native species, Loss of vegetation, Rangeland health, Vegetal cover","The goal of reseeding the treatment areas with these species is to help provide forage and cover for GRSG, upland big game species, and other wildlife, reduce water erosion hazards by stabilizing soils, increase the rate at which native vegetation is restored, maintain a healthy, productive, and diverse plant community, and minimize the establishment of exotic annual plants.",,,,,There is a date reported at the top of each seed list. It is assumed this date is the implementation date.\r\n\r\nPlanned Cost/acre - $43.63.,41:33:00
Model 17,Nothern Basin and Range,Post-burn aerial seeding,53840,21188,Implemented,See Comments,2,2/17/2019,3/15/2019,Acres,2287,Seeding,Aerial Seeding,Aerial Seeding,-1,Planned seed list,Aerial Mule Deer,Seeds,Plan,Unknown,Species Specific,,"The objective of the aerial seeding treatment is to revegetate the burned area with a well-adapted\r\nspecies mix that provides forage and will promote structural and species diversity within the burned area.\r\nObjectives will be considered met for the aerial seed mix if 1 seeded native forb, 3 seeded native grasses, 0.3\r\nseeded shrubs, and 1 seeded non-native shrubs are observed within five years in post-fire monitoring.","Aerial Seeding\r\nAerial seed approximately 15,419 acres of public lands with grass, forb and shrub species appropriate for the site, based on resistance and resilience concepts, ecological site descriptions and field specialist knowledge of site conditions and potential. The goal of reseeding the treatment areas with these species is to help provide forage and cover for GRSG, upland big game species, and other wildlife, reduce water erosion hazards by stabilizing soils, increase the rate at which native vegetation is restored, maintain a healthy, productive, and diverse plant community, and minimize the establishment of exotic annual plants.\r\n\r\n\r\nFall/Winter 2018: Aerial Mule Deer Mix Aerial seed approximately 2,748 acres within crucial mule deer habitat. The seed mix would include Sandberg\u2019s bluegrass, Mountain big sagebrush, Western yarrow, and forage kochia. This treatment is designed to aid in the recovery of crucial mule deer winter range within the burned area. This area has burned in the past and is susceptible to invasion of non-native annual grasses. This mix would be seeded at full coverage.",Aerial seeding was applied.,"2019: The seed mixes were comprised of a variety shrubs forbs and grasses. The rehabilitation objectives of three seeded perennial grasses, 1 seeded native forb, 1 seeded non-native shrub (kochia), and 0.3 seeded native shrubs have been partially met. Establishment of grasses like thickspike wheatgrass and Sandberg\u2019s bluegrass (which could have also been native recovery) well exceeded rehabilitation standards. While they haven\u2019t quite met standards, seeded forbs and shrubs are showing slight progress on these sites. Native regrowth was noteworthy for the sites as well, mostly for bunchgrasses like bluebunch wheatgrass and Idaho fescue.\r\n2020: Establishment of seeded grasses like thickspike wheatgrass and Sandberg\u2019s bluegrass (which could have also been native recovery) well exceeded rehabilitation standards in the second monitoring year. Seeded sagebrush and forage kochia have collectively met rehabilitation standards. Seeded forbs, primarily western yarrow, are showing improvement in establishment. Recovery of native small and large form perennial grasses was also evident.\r\n2019 Cover: Average foliar canopy cover was high (74.4%) in part due to the high cover (30.7%) of Sandberg\u2019s bluegrass (Poa secunda). Cheatgrass (Bromus tectorum) and bluebunch wheatgrass (Pseudoroegneria spicata) had the second and third highest cover (23.1% and 9.8% respectively). Perennial grasses exceed all functional groups in cover (51.0%). Annual grass cover was nearly half that of perennial grasses and annual forbs were even less frequently observed across the three plots. Perennial forbs had just under half the cover of annual forbs.\r\n2020 Cover: Average canopy foliar cover was moderately high but still reduced from 2019 observations. Highest cover was derived from Sandberg bluegrass, followed by cheatgrass, prickly lettuce, and bluebunch wheatgrass. Collectively, perennial species had much higher canopy cover than annual species.\r\n\r\nGoose Creek AIM Plot 06 is located in a Rangeland R025XY017NV Claypan 12-16\u201d P.Z. ecosite in a former / Artemisia arbuscula / Festuca idahoensis \u2013 Pseudoroegneria spicata ssp. spicata ( / little sagebrush / Idaho fescue \u2013 bluebunch wheatgrass) vegetation community.\r\n2020: Gaps were primarily between 25 and 50 cm long and collectively gaps represented 19% of the average 25m transects. The only sign of erosion observed was common pedestalling. This is slight departure from expected conditions on site, making erosion a concern on the site.",Polygon,Confirmed,Digitized by LTDL data entry personnel using a confirmed map,5/18/2020,2328.29,1678.29,,Unknown,"Establishment of seeded species, Forage for wildlife, Forage quality, Forage for livestock, Habitat for wildlife, Habitat productivity, Habitat quality, Loss of desirable species, Loss of perennials, Loss of native species, Loss of vegetation, Rangeland health, Vegetal cover",Provides forage and will promote structural and species diversity within the burned area.,,,,,There is a date reported at the top of each seed list. It is assumed this date is the implementation date. \r\n\r\nPlanned Cost/acre - $46.63.,44:41:00
Model 17,Nothern Basin and Range,Post-burn aerial seeding,53849,21188,Implemented,Unknown,1,10/1/2018,9/30/2019,Acres,990,Seeding,Aerial Seeding,Aerial Seeding,-1,Planned seed list,FY19 Aerial Chaining Mix,Seeds,Plan,Unknown,Species Specific,,"The objective of the aerial seeding treatment is to revegetate the burned area with a well-adapted\r\nspecies mix that provides forage and will promote structural and species diversity within the burned area.\r\nObjectives will be considered met for the aerial seed mix if 1 seeded native forb, 3 seeded native grasses, 0.3\r\nseeded native shrubs, and 1 seeded non-native shrub are observed in post-fire monitoring within 5 years.","Aerial seed approximately 15,419 acres of public lands with grass, forb and shrub species appropriate for\r\nthe site, based on resistance and resilience concepts, ecological site descriptions and field specialist\r\nknowledge of site conditions and potential. The goal of reseeding the treatment areas with these species is\r\nto help provide forage and cover for Greater sage-grouse (GRSG), upland big game species, and other\r\nwildlife, reduce water erosion hazards by stabilizing soils, increase the rate at which native vegetation is\r\nrestored, maintain a healthy, productive, and diverse plant community, and minimize the establishment of\r\nexotic annual plants.",,"Gaps and Erosion:\r\nGoose Creek AIM Plot 09 is located in a Rangeland R025XY017NV Claypan 12-16\u201d P.Z. ecosite in a former / Artemisia arbuscula / Festuca idahoensis \u2013 Pseudoroegneria spicata ssp. spicata ( / little sagebrush / Idaho fescue \u2013 bluebunch wheatgrass) vegetation community.\r\n2020: Gaps were primarily between 51 and 100 cm long. Overall, gaps occupied approximately 42% of the average 25m transects. An inactive stable gully, some pedestalling and some deposition/runoff were observed in the plot. This indicates slight departure from expected conditions on the site, making erosion a slight concern on the plot.\r\n2019 Cover: Average foliar canopy cover was high (74.4%) in part due to the high cover (30.7%) of Sandberg\u2019s bluegrass (Poa secunda). Cheatgrass (Bromus tectorum) and bluebunch wheatgrass (Pseudoroegneria spicata) had the second and third highest cover (23.1% and 9.8% respectively). Perennial grasses exceed all functional groups in cover (51.0%). Annual grass cover was nearly half that of perennial grasses and annual forbs were even less frequently observed across the three plots. Perennial forbs had just under half the cover of annual forbs.\r\n2020 Cover: Average canopy foliar cover was moderately high but still reduced from 2019 observations. Highest cover was derived from Sandberg bluegrass, followed by cheatgrass, prickly lettuce, and bluebunch wheatgrass. Collectively, perennial species had much higher canopy cover than annual species.\r\nSpecies Richness:\r\n2019: An average of forty-six (46) different plant species were observed within the 2,827.4 square meter monitoring plots.\r\n2020: An average of thirty-eight (38) different plant species were observed within the 2,827.4 square meter monitoring plots.",Polygon,Confirmed,Digitized by LTDL data entry personnel using a confirmed map,3/25/2021,1088.97,1032.14,,Unknown,"Establishment of seeded species, Forage for wildlife, Forage quality, Forage for livestock, Habitat for wildlife, Habitat productivity, Habitat quality, Loss of desirable species, Loss of perennials, Loss of native species, Loss of vegetation, Rangeland health, Vegetal cover","The goal of reseeding the treatment areas with these species is to help provide forage and cover for GRSG, upland big game species, and other wildlife, reduce water erosion hazards by stabilizing soils, increase the rate at which native vegetation is restored, maintain a healthy, productive, and diverse plant community, and minimize the establishment of exotic annual plants.",,,,,"Planned Cost/Acres - $73.62 = $72,883.80",14:27:00
Model 17,Nothern Basin and Range,Post-burn aerial seeding,53851,21188,Implemented,Unknown,1,10/1/2019,9/30/2020,Acres,284,Seeding,Aerial Seeding,Aerial Seeding,-1,Planned seed list,FY20 Aerial Chaining Mix,Seeds,Plan,Unknown,Species Specific,,"The objective of the aerial seeding treatment is to revegetate the burned area with a well-adapted\r\nspecies mix that provides forage and will promote structural and species diversity within the burned area.\r\nObjectives will be considered met for the aerial seed mix if 1 seeded native forb, 3 seeded native grasses, 0.3\r\nseeded native shrubs, and 1 seeded non-native shrub are observed in post-fire monitoring within 5 years.","Aerial seed approximately 15,419 acres of public lands with grass, forb and shrub species appropriate for\r\nthe site, based on resistance and resilience concepts, ecological site descriptions and field specialist\r\nknowledge of site conditions and potential. The goal of reseeding the treatment areas with these species is\r\nto help provide forage and cover for Greater sage-grouse (GRSG), upland big game species, and other\r\nwildlife, reduce water erosion hazards by stabilizing soils, increase the rate at which native vegetation is\r\nrestored, maintain a healthy, productive, and diverse plant community, and minimize the establishment of\r\nexotic annual plants.",,"Gaps and Erosion:\r\nGoose Creek AIM Plot 09 is located in a Rangeland R025XY017NV Claypan 12-16\u201d P.Z. ecosite in a former / Artemisia arbuscula / Festuca idahoensis \u2013 Pseudoroegneria spicata ssp. spicata ( / little sagebrush / Idaho fescue \u2013 bluebunch wheatgrass) vegetation community.\r\n2020: Gaps were primarily between 51 and 100 cm long. Overall, gaps occupied approximately 42% of the average 25m transects. An inactive stable gully, some pedestalling and some deposition/runoff were observed in the plot. This indicates slight departure from expected conditions on the site, making erosion a slight concern on the plot.\r\n2019 Cover: Average foliar canopy cover was high (74.4%) in part due to the high cover (30.7%) of Sandberg\u2019s bluegrass (Poa secunda). Cheatgrass (Bromus tectorum) and bluebunch wheatgrass (Pseudoroegneria spicata) had the second and third highest cover (23.1% and 9.8% respectively). Perennial grasses exceed all functional groups in cover (51.0%). Annual grass cover was nearly half that of perennial grasses and annual forbs were even less frequently observed across the three plots. Perennial forbs had just under half the cover of annual forbs.\r\n2020 Cover: Average canopy foliar cover was moderately high but still reduced from 2019 observations. Highest cover was derived from Sandberg bluegrass, followed by cheatgrass, prickly lettuce, and bluebunch wheatgrass. Collectively, perennial species had much higher canopy cover than annual species.\r\nSpecies Richness:\r\n2019: An average of forty-six (46) different plant species were observed within the 2,827.4 square meter monitoring plots.\r\n2020: An average of thirty-eight (38) different plant species were observed within the 2,827.4 square meter monitoring plots.",Polygon,Confirmed,Digitized by LTDL data entry personnel using a confirmed map,4/3/2024,476.17,462.12,,Unknown,"Establishment of seeded species, Forage for wildlife, Forage quality, Forage for livestock, Habitat for wildlife, Habitat productivity, Habitat quality, Loss of desirable species, Loss of perennials, Loss of native species, Loss of vegetation, Rangeland health, Vegetal cover","The goal of reseeding the treatment areas with these species is to help provide forage and cover for GRSG, upland big game species, and other wildlife, reduce water erosion hazards by stabilizing soils, increase the rate at which native vegetation is restored, maintain a healthy, productive, and diverse plant community, and minimize the establishment of exotic annual plants.",,,,,"Planned Cost/Acres - $73.62 = $20,908.08.",54:52:00
Model 17,Nothern Basin and Range,Post-burn aerial seeding,53907,21197,Implemented,Unknown,2,1/26/2019,1/30/2019,Acres,733.7,Seeding,Aerial Seeding,Aerial Seeding: Fixed Wing,-1,Confirmed seed list,,Seeds,Confirmed on Paper,Unknown,Species Specific,,Unknown,Unknown,"This project consisted of aerial seeding 3,571 acres of BLM land. This was an aerial Forage Kochia seeding, paralleling both sides of the roads, in the Jarbidge Field Office. The area seeded in this portion of the project, was previously drill seeded. The",Unknown,Polygon,Confirmed,"Digitized by BLM field office personnel, method unknown",None,733.7,698.41,,Contractor,"Fire hazard, Noxious weeds, Erosion, Cover for wildlife, Endangered species, Habitat for antelope, Habitat for desert bighorn sheep, Habitat for elk, Habitat for greater sage grouse, Habitat for mule deer, Habitat for sage grouse, Habitat for sage sparrow",Establishing a more fire-resistant plant community at strategic points could slow the spread of fire across the landscape. This could reduce the size and frequency of wildland fires and better protect existing and restored plant communities from future fi,Unknown,,"Muddy Ground, Other (See Trt Notes)",The seed was applied to bare muddy ground on some areas and bare dry ground in other areas. The weather conditions were ideal with very little wind on three of the four seeding days.,Attribute table lists Hight Desert Aviation as the contractor,27:54:00
Model 17,Nothern Basin and Range,Post-burn aerial seeding,54005,21213,Implemented,See Comments,1,1/21/2019,2/22/2019,Acres,33348,Seeding,Aerial Seeding,Aerial Seeding,-1,Confirmed seed list,Upland Mix,Seeds,Confirmed on Paper,Unknown,Species Specific,,"The objective of the aerial seeding treatment is to revegetate the burned area with a well-adapted\r\nspecies mix that provides forage and will promote structural and species diversity within the burned area.\r\nObjectives will be considered met for the aerial seed mix if 1 seeded native forb, 3 seeded native grasses, 0.3\r\nseeded shrubs, and 1 seeded non-native shrubs (forage kochia) are observed within five years in post-fire\r\nmonitoring.","Fall 2018: Sage-grouse Aerial Mix Aerial seed approximately 80,336 acres within PHMA and GHMA areas across the fire. Seed mix would include Wyoming big sagebrush and Western yarrow. This mix would be strip seeded (every third swath), resulting in approximately 26,779 actual seeded acres. The Sage-grouse Aerial Mix may include Snake River wheatgrass (excluding the drill seeding areas).",Aerial seeding was applied through coordination with the Nevada\r\nDepartment of Wildlife.,"2019:\r\nThe seed mix was comprised of a variety of shrubs, forbs, and grasses. The rehabilitation\r\nobjectives, as written in the ES&R plan, include 1 native forb, 0.3 native shrubs, and 1 forage\r\nkochia per square meter observations in post-fire monitoring within 5 years. These objectives do\r\nnot incorporate seeded species and do not address grasses. As for similar situations in past\r\nanalysis, the data will be interpreted to include seeded species and 3 grasses per square meter.\r\nWhen averaging all plots in the S3 seeding, seeded shrub and forb densities have not been met.\r\nSeeded shrubs were showing progress in Plots 16, 17, EM32, EM36, EM47 while no shrubs\r\nwere observed in Plots 15 and EM27. Seeded forbs were showing progress in Plots 15, 16,\r\nEM32, EM36, and EM47 while no forbs were observed in Plots 17, EM27, and EM47. No\r\nseeded grasses were observed in Plot EM47. Regrowth of perennial large and small-form\r\nperennial grasses is evident on all sites and was frequently comprised of Sandberg\u2019s bluegrass\r\n(Poa secunda).\r\n\r\nCover: Average foliar canopy cover was moderately high (41.2%). The species with the highest\r\ncover was Sandberg\u2019s bluegrass (Poa secunda) at 15.4%. Cheatgrass (Bromus tectorum) and tall\r\ntumblemustard (Sisymbrium altissimum) had the second and third highest cover (12.2% and\r\n4.3% respectively). Perennial grasses exceed all functional groups in cover, although annual\r\ngrass and forb cover was close.\r\nGaps and Erosion:\r\nMartin Plots 06, 15, 16, EM27, EM29, EM30, EM32, EM36, EM47 are located in a Rangeland\r\nLoamy 8-10\u201d P.Z. ecosite (R025XY019NV) in a former / Artemisia tridentata ssp. wyomingensis /\r\nAchnatherum thurberianum \u2013 Achnatherum hymenoides ( / Wyoming big sagebrush / Thurber\u2019s needlegrass\r\n\u2013 Indian ricegrass) vegetation community. Gaps on the plots were mostly greater than 200 cm long\r\nand represented 75.1% of the average 50m transects. Canopy cover represents 24.9% of the\r\naverage 50m transects. This large amount of gaps on the sites make them susceptible to wind and\r\nwater erosion.\r\nMartin Plot 17 is located in a Rangeland Loamy 10-12\u201d P.Z. ecosite (R025XY014NV) in a\r\nformer / Artemisia tridentata / Pseudoroegneria spicata \u2013 Achnatherum thurberianum (/ big\r\nsagebrush / bluebunch wheatgrass \u2013 Thurber\u2019s needlegrass) vegetation community. Gaps on the\r\nplots were mostly greater than 200 cm long and represented 72.3% of the average 50m transects.\r\nCanopy cover represents 27.7% of the average 50m transects. This large amount of gaps on the\r\nsite makes it susceptible to wind and water erosion.\r\nSpecies Richness: An average of twenty-seven (26.6) different plant species were observed\r\nwithin the 2,827.4 square meter monitoring plots.\r\n2019 Recommendations\r\nThe ESR rehabilitation objectives have not been met for the aerial seeding, although the sites are\r\nshowing progress as far as seeding establishment. Native recovery is evident on the plots which\r\nmay be attributed to their higher precipitation throughout the year. There was an allotment\r\nclosure issued for the Owyhee allotment. The allotment closure objective of three perennial\r\ngrasses per square meter has been met. However, it is advised that the area remains closed so that\r\nseeded species may further establish and the sites are allowed to recover, especially in areas such\r\nas Plots EM27 and EM36 that have large amounts of bare ground.\r\n\r\n2020:\r\nWhen averaging all plots in the S3 seeding, seeded shrub and forb densities have not been met. Seeded species observations have decreased from 2019 observations. Native recovery of perennial grasses is doing well in some sites, especially in Plots 6B, 15, 16, and 17. Density information was not available for Plots EM32, EM36, and EM47 at the time of reporting.\r\n2020 Cover: Average foliar canopy cover was comparable to 2019 observations. Cover was dominated by Sandberg bluegrass (16.3%), followed by cheatgrass (9.1%), pinyon groundsmoke (5.4%), and squirreltail (3.9%). Perennial grasses and forbs collectively had more cover than annual species.\r\n2020 Gaps and Erosion:\r\nMartin Plot 6B established in 2020 was correlated to the R025XY019NV site. Plot 3A was established in 2020 as well but not correlated to an ecological site.\r\nGaps on the S3 Aerial plots (except Plot 17) were mostly greater than 200cm as the sites contain a lot of bare ground. Canopy cover was 36% of the average 50m transects. No observation of erosion indicators was made on the new Plot 3A. Erosion indicators for the plots was unavailable at the time of reporting.\r\nGaps on Plot 17 were mostly between 51 and 100cm. Canopy cover is approximately 37.6% of the 50m transect.\r\n2020 Species Richness: An average of twenty-seven (26.3) different plant species were observed within the 2,827.4 square meter monitoring plots.\r\n\r\n2020 Recommendations The ESR rehabilitation objectives have not been met for the aerial seeding. Compared to 2019 observations, seeded species observations have decreased. Native recovery is evident on the plots, although mostly reduced from 2019 observations. There was an allotment closure issued for the Owyhee allotment where all plots except 17 are located. The allotment closure objective of three perennial grasses per square meter has been met on average for the plots. However, it is advised that the area remains closed so that seeded species may further establish and the sites are allowed to recover, especially in areas such as Plots EM27 and EM36 that have large amounts of bare ground.\r\n\r\n2022 ESR Monitoring Results Eest Side\r\nS3 Aerial Seeding\r\nMartin Plots 03A 06B, 15, 16, EM27, EM32, EM36, EM47 are located in a Rangeland Loamy 8-10\u201d P.Z. ecosite (R025XY019NV) in a former Artemisia tridentata ssp. wyomingensis / Achnatherum thurberianum \u2013 Achnatherum hymenoides (Wyoming big sagebrush / Thurber\u2019s needlegrass \u2013 Indian ricegrass) vegetation community.\r\nMartin Plot 17 is located in a Rangeland Loamy 10-12\u201d P.Z. ecosite (R025XY014NV) in a former Artemisia tridentata / Pseudoroegneria spicata \u2013 Achnatherum thurberianum (big sagebrush / bluebunch wheatgrass \u2013 Thurber\u2019s needlegrass) vegetation community.\r\nThe Aerial Upland seed mix consisted of Wyoming sagebrush (Artemisia tridentata ssp wyomingensis) and Western yarrow (Achillea millefolium). The Aerial Watershed seed mix consisted of Basin Big sagebrush (Artemisia tridentata ssp tridentata), Thickspike wheatgrass (Elymus lanceolatus), Great Basin wildrye (Leymus cinereus), and Snake River wheatgrass (Elymus wawawaiensis).\r\nIn 2020 Plot 3A was added to replace Plot EM30, Plot 6B was added to replace Plot 06 and total number of plots in Aerial seeding being monitored was reduced to nine (9) plots total which are the plots that will be analyzed in this report.\r\nDensity Results\r\n2019: The rehabilitation objectives, as written in the ES&R plan, include 1 native forb, 0.3 native shrubs, and 1 forage kochia per square meter observations in post-fire monitoring within 5 years. These objectives do not incorporate seeded species and do not address grasses. As for similar situations in past analysis, the data will be interpreted to include seeded species and 3 grasses per square meter. When averaging all plots in the S3 seeding, seeded shrub and forb densities have not been met. Seeded shrubs were showing progress in Plots 16, 17, EM32, EM36, EM47 while no shrubs were observed in Plots 15 and EM27. Seeded forbs were showing progress in Plots 15, 16, EM32, EM36, and EM47 while no forbs were observed in Plots 17, EM27, and EM47. No seeded grasses were observed in Plot EM47. Regrowth of perennial large and small-form perennial grasses is evident on all sites and was frequently comprised of Sandberg\u2019s bluegrass (Poa secunda).\r\n2020: When averaging all plots in the S3 seeding, seeded shrub and forb densities have not been met. Seeded species observations have decreased from 2019 observations. Native recovery of perennial grasses is doing well in some sites, especially in Plots 06B, 15, 16, and 17. Density information was not available for Plots EM32, EM36, and EM47 at the time of reporting.\r\n2021: When averaging all plots in the S3 seeding, the ESR rehabilitation objectives of 1 native forb, 0.3 native shrubs, and 1 forage kochia per square meter seeded shrub and forb densities were not observed on the plots. Native regrowth continues to do well across all of the plots.\r\n\r\nAIM Data Results\r\nCover\r\n2019: Average foliar canopy cover was moderately high (41.2%). The species with the highest cover was Sandberg\u2019s bluegrass (Poa secunda) at 15.4%. Cheatgrass (Bromus tectorum) and tall tumblemustard (Sisymbrium altissimum) had the second and third highest cover (12.2% and 4.3% respectively). Perennial grasses exceed all functional groups in cover, although annual grass and forb cover was close.\r\n2020: Average foliar canopy cover was comparable to 2019 observations. Cover was dominated by Sandberg bluegrass (16.3%), followed by cheatgrass (9.1%), pinyon groundsmoke (5.4%), and squirreltail (3.9%). Perennial grasses and forbs collectively had more cover than annual species.\r\n2021: Average foliar canopy cover decreased from 2020 by approximately 16% to 27.52% in 2021. Perennial grasses were the most impacted, losing 12.5% coverage across the average of all the plots. Perennial grasses and perennial forbs are now about equal to the percentages of annual grasses and annual forbs.\r\nGaps and Erosion\r\n2019: Martin plots 06, 15, 16, EM27, EM29, EM30, EM32, EM36, EM47: Gaps on the plots were mostly greater than 200 cm long. This large amount of gaps on the sites make them susceptible to wind and water erosion.\r\nMartin 17: Gaps on the plots were mostly greater than 200 cm long at 13.00%. This large amount of gaps on the site makes it susceptible to wind and water erosion.\r\n2020: Gaps on the S3 Aerial plots (except Plot 17) were mostly greater than 200cm (14.42%) as the sites contain a lot of bare ground, very similar to 2019\u2019s observations.\r\nGaps on Plot 17 were mostly between 51 and 100cm (4.30%), followed closely by 25-50cm (2.50%).\r\nNo observation of erosion indicators was made on the new Plot 3A. Erosion indicators for the other plots was unavailable at the time of reporting.\r\n2021: Gaps on the S3 Aerial plots all had significantly increased percentages of gap, particularly >200cm at 52.31%, an increase of nearly 38%. Martin 03A, 15, 17, EM27, EM29, and EM36 all have a percentage greater than 50% in the >200cm size class.\r\nNo erosion data was collected for these plots but as noted in previous years, high percentages of bare ground and canopy gaps leave the plots more susceptible to wind and water erosion.\r\nSpecies Richness:\r\n2019: Average total species count was moderate and due to a high number of annual forbs, annual species outnumbered perennial species.\r\n2020: Average total species decreased by 3 and due to a drop in annual forbs perennial species now outnumber annual species.\r\n2021: Average total species increased back to 28 species, distribution of species types remained similar to 2020\u2019s observations and perennials still outnumbered annuals.\r\nRecommendations 2019: The ESR rehabilitation objectives have not been met for the aerial seeding, although the sites are showing progress as far as seeding establishment. Native recovery is evident on the plots which may be attributed to their higher precipitation throughout the year. There was an allotment closure issued for the Owyhee allotment where all plots except 17 are located. The allotment closure objective of three perennial grasses per square meter has been met. However, it is advised that the area remains closed so that seeded species may further establish and the sites are allowed to recover, especially in areas such as Plots EM27 and EM36 that have large amounts of bare ground.\r\n2020: The ESR rehabilitation objectives have not been met for the aerial seeding. Compared to 2019 observations, seeded species observations have decreased. Native recovery is evident on the plots, although mostly reduced from 2019 observations. There was an allotment closure issued for the Owyhee allotment where all plots except 17 are located. The allotment closure objective of three perennial grasses per square meter has been met on average for the plots. However, it is advised that the area remains closed so that seeded species may further establish and the sites are allowed to recover, especially in areas such as Plots EM27 and EM36 that have large amounts of bare ground.\r\n2021: The ESR rehabilitation objectives have not been met for the aerial seeding. Compared to 2020 observations, seeded species remained unobserved within the density plots. Native recovery is evident on the plots, increased from 2020 but still mostly reduced from 2019 observations. There was an allotment closure issued for the Owyhee allotment where all plots except 17 are located. The allotment closure objective of three perennial grasses per square meter has been met on average for the plots. However, it is advised that the area remains closed so that seeded species may further establish and the sites are allowed to recover.",Polygon,Confirmed,Digitized by LTDL data entry personnel using a confirmed map,5/28/2020,68418.84,68052.37,,BLM and Cooperators,"Cover for wildlife, Experimental study, Establishment of seeded species, Erosion, Forage for livestock, Forage for wildlife, Habitat for antelope, Habitat for elk, Habitat for mule deer, Habitat for greater sage grouse, Habitat for sage grouse, Habitat for wildlife, Habitat quality, Invasion by cheatgrass, Invasion by non-native annuals, Invasive species, Loss of desirable species, Loss of native species, Loss of perennials, Loss of riparian vegetation, Nesting bird species, Noxious weeds, Rangeland health, Special status species, Vegetal cover, Water quality, Water siltation, Watershed degradation, Watershed health, Wildlife in treated area",Provides forage and will promote structural and species diversity within the burned area.,,,,,"Martin Fire East - DOI-BLM-NV-E020-2018-0028-DNA.\r\n\r\nThe treatment summary map was used to create this treatment. It is impossible to create the true flight path of aerial applied seeds therefore, an over calculation of the acres is being calculated for the GIS. However this should be the true perimeter of the aerial seeded area.\r\n\r\nPlanned Cost/acre: $35.81",42:14:00
Model 17,Nothern Basin and Range,Post-burn aerial seeding,54033,21213,Implemented,See Comments,2,3/25/2019,3/25/2019,Acres,90000,Seeding,Aerial Seeding,Aerial Seeding,-1,Confirmed seed list,Upland Seed Mix,Seeds,Confirmed on Paper,Unknown,Not Available,,The cover objectives are to obtain 50% of all perennial plant cover found in the associated reference site by the end of the third year. Density objectives are to obtain an average of 0.25 seeded species firmly rooted per square meter by the end of the third year from fire containment.,"Application of seed by aerial or ground broadcasting methods would occur with species appropriate for the site based on resistance resilience and ecological site descriptions. Sagebrush seeding would be focused in PHMA, GHMA, and OHMA and in some higher elevation areas where success is likely. Some of the areas outside PHMA would have Siberian Wheatgrass supplemented in the mix to compete with cheatgrass and provide an important forage base within crucial mule deer winter range.\r\n\r\nApproximately 1,551 acres would be aerially seeded with a native seed mix containing species such as Palmers penstemon (Penstemon palmeri), bluebunch wheatgrass, and Great Basin wildrye using a 300 foot coverage pattern, along the burned terraces of Martin Creek, The North Folk of the Humboldt River, and other drainages affected by the fire.","Aerial Seeding of what used to be the Sage Grouse PHMA.\r\nSeeded with Poa secunda, Elymus lanceolatus, Leymus cinereus, Elymus wawawaiensis, Pseudoroegneria spicata, Artemisia tridentata ssp. Wyomingensis.","T119-A1WillStock-MAR-19\r\nTreatment: aerially seeded with Poa secunda, Elymus lanceolatus, Leymus cinereus, Elymus wawawaiensis, Psudoroegneria spicata.\r\n2019: This plot did exceed the ESR perennial objective (43%) and passed the density objective (14.5%). The plot was moved 100 meters east to be located within the burned area. The only seeded species found was Sanburg bluegrass (Poa secunda) and most was established pre-burn. There were a few sage seedlings located on plot and in the area (See Figure #1). The plot was one of the most diverse (40+ species) in the Martin fire area. While cheatgrass (Bromus. tectorum) or tumble mustard were not found near the plot, sow thistle (Sonchus oleraceus) was found on plot and Medusahead rye (taeniatherum caput-medusae) was found on the approaching road .2 miles away. For an overview of line one see, Figure #3.\r\n2020: This plot passed the perennial ESR objective for the second year; the perennial cover objective was 12.5% and the plot perennial cover was measured to be 25.33%. This plot also met the density objective of 1 plant per square meter; density was 21.96 target species plants per square meter. This plot is trending in a positive direction with an increase in the perennial and density number from the previous year. The plot also has 26% bare ground and 25% gravel or cobble. The shrubs like yellow rabbitbrush (Chrysothamnus viscidiflorus) and snowberry (Symphoricarpos oreophilus) are more frequent in this plot and seedling sagebrush was found 4 times. Sanburg bluegrass was the most found seeded species and sagebrush was infrequent. This plot continued to be one of the most diverse with 42 species found and only 4% annual plants found. For an overview of line one see, Figure #4.\r\nT119-A4LilOwyhee-MAR-19\r\nTreatment: aerially seeded with P. secunda, E. lanceolatus, L. cinereus, E. wawawaiensis, P. spicata.\r\n2019: This plot failed the ESR perennial objective at 11.3% perennial plants. This plot passed the density of seeded species objective (16%) with seedlings of all grasses found instead of primarily just Sanburg bluegrass. Although the site had a relatively low amount of bare soil (7%), the plot was 80% covered in gravel, cobbles, and stones. This site will have low wind and water disturbance. The bare soil there is may be at risk due to the presence of the invasive annual grasses, cheatgrass and Japanese brome (Bromus japonicas), on the plot. For an overview of line one see, Figure #5.\r\n2020: This plot failed the perennial ESR objective; the perennial cover\r\nobjective was 12.5% and the plot perennial cover was measured to be 8.67%. This plot did meet the density objective of 1 plant per square meter; density was 11.9 target species plants per square meter. This site is a combination of rocks (57%) and bare soil (13%) with dispersed and infrequent plants. The presence of annual plants (11%) was greater than perennial plants, and this may be a continuing trend. The present rock content will make revegetation a slow process. For an overview of line one see, Figure #6.\r\n\r\nT119-A3LilOwyhee-MAR-19\r\nTreatment: aerially seeded with P. secunda, E. lanceolatus, L. cinereus, E. wawawaiensis, P. spicata.\r\n2019: This plot did not exceed the ESR perennial objective (6.7%), which is the second lowest perennial cover in the Martin fire this year. The plot passed the density objective (3.2%), which is also one of the lower densities of seeded species this year as well. The\r\n19 | P a g e\r\nonly seeded species found was Sanburg bluegrass and most was established pre-burn. The plots coverage was 66% bare soil and rock cover combined, so there is a lot of room for improvement. Unfortunately, there was more annuals (14%) than perennials and a majority of those were cheatgrass. There were a few sage seedlings located on plot and in the area. For an overview of line one see, Figure #11.\r\n2020: This plot did pass the ESR perennial and the density objective. The perennial presence (24%) is a vast improvement from last year (6.7%) and the bare soil/rock decreased from 66% to 49%. The plot can be still considered to be open with a minor (18%) rock component. The plot passed density of seeded species objective (3 plants) with 4.9 plants found. The most common species encountered were Sanburg bluegrass and cheatgrass while other perennial grasses filled in patches. The forb species were confined to longleaf phlox and a plant that is thought to be elk thistle (Cirsium scariosum) but could be another. No large shrubs were seed beyond the few sagebrush seedlings found on plot. Annual cover did not increase as much as the perennial plants but still rose to 17%. Sagebrush seedlings were found on plot. For an overview of line one see, Figure #12. \r\n\r\nSee 2020 Monitoring Report for more information.\r\n\r\n2022 ESR Monitoring Results\r\nMonitoring Results Summaries\r\nEcological Site R024XY005NV\r\nName: Loamy 8-10\u201d P.Z.\r\nDominant vegetation in reference state: Indian ricegrass, little sagebrush, Wyoming big sagebrush\r\nPotential vegetative composition (by weight): 55% grasses, 10% forbs, 35% shrubs\r\nPotential perennial cover: 20-35%\r\nPlot T124-A1Fairbanks-MAR-21\r\nTreatment: aerially seeded\r\nPlot T124-A1Fairbanks-MAR-21 was established in 2021 and monitored for the second time in 2022. This site is not meeting the 3-year ESR objective for percent perennial cover (14%); in 2022, this site had 7.3% perennial cover.\r\nThis site is meeting the 3-year ESR objective for density; the site had an average of 2.3 plants/sq. meter and the objective was 1 plant/sq. meter. Sandberg bluegrass was the only seeded species observed in the plot; there was an abundance of 101-500 individuals.\r\nEcological Site R024XY020NV\r\nName: Droughty Loam 8-10\u201d P.Z.\r\nDominant vegetation in reference state: Indian ricegrass, Thurber\u2019s needlegrass, big sagebrush, spiny hopsage\r\nPotential vegetative composition (by weight): 45% grasses, 10% forbs, 45% shrubs\r\nPotential perennial cover: 15-25%\r\nPlot T125-Fairbanks-MAR-20\r\nTreatment: drill seeded\r\nPlot T125-Fairbanks-MAR-20 was established in 2020 and monitored for the third time in 2022. This site is not meeting the 3-year ESR objective for percent perennial cover (15%). Percent perennial cover decreased from 27% in 2021, to 3.3% in 2022.\r\nDensity decreased from 7 plants/sq. meter in 2021 to 4.5 plants/sq. meter in 2022. Despite the decrease, the site is still meeting the 3-year ESR objective for density (3 plants/sq. meter). Sandberg bluegrass, squirreltail, and Siberian wheatgrass were the only seeded species observed in the plot. There was 101-500 Sandberg bluegrass individuals and 11-100 individuals for both squirreltail and Siberian wheatgrass.\r\nPlot T124-A3TwinValley-MAR-21\r\nTreatment: aerially seeded\r\nPlot T124-A3TwinValley-MAR-21 was established and monitored for the first time in 2021. This site is not meeting the 3-year ESR objective for percent perennial cover (10.5%); in 2022, this site had a recorded 7.3% perennial cover.\r\n27 | P a g e\r\nThis site is meeting the 3-year ESR objective for density; in 2022 the site had an average of 5.8 plants/sq. meter, while the objective was 1 plant/sq. meter. Sandberg bluegrass was the only seeded species observed in the plot; there was an abundance of 501-1000 individuals.\r\nPlot WM-Shade-170\r\nTreatment: aerially seeded\r\nPlot WM-Shade-170 was established as an ESR monitoring plot and monitored for the first time in 2021. This site is not meeting the 3-year ESR objective for percent perennial cover (10.5%). Percent perennial cover in 2022 was 6%.\r\nThis site is not meeting the 3-year ESR objective for density (1 plant/sq. meter), it only has 0.5 plant/sq. meter. Wyoming big sagebrush and squirreltail were the only seeded species observed, there were 101-500 individuals for both seeded species in the plot.\r\nPlot T124-A4Buttermilk-MAR-21\r\nTreatment: aerially seeded\r\nPlot T124-A4Buttermilk-MAR-21 was established and monitored for the first time in 2021. This site is not meeting the 3-year ESR objective for both percent perennial cover and density. The 3-year objective was 17.5%, the site had a recorded 4.7% for 2022, putting it in the low-range of the potential percent perennial cover of the ESD reference state.\r\nThe site does not meet the density objective; the recorded average density was 0.6 plant/sq. meter and the objective was 1 plant/sq. meter. Seeded species observed in the plot included Sandberg bluegrass and Siberian wheatgrass, there were 101-500 individuals for Sandberg bluegrass and 11-100 individuals for Siberian wheatgrass.\r\nEcological Site R025XY019NV\r\nName: Loamy 8-10\u201d P.Z.\r\nDominant vegetation in reference state: Bluebunch Wheatgrass, Thurber\u2019s Needlegrass, Wyoming Big Sagebrush\r\nPotential vegetative composition (by weight): 65% grasses, 5% forbs, 30% shrubs\r\nPotential perennial cover: 20-30%\r\nPlot T125-LakeCK-MAR-20\r\nTreatment: drill seeded\r\nPlot T125-LakeCK-MAR-20 was established in 2020 and monitored for the third time in 2022. This site is not meeting the 3-year ESR objective for percent perennial cover (20%). In 2022 this site had 14% perennial cover, which was a decrease from 2021 (15% perennial cover).\r\n28 | P a g e\r\nThis site is meeting the 3-year ESR objective for density (3 plants/sq. meter). However, the site saw a decrease in density from 2021 (8 plants/sq. meter) to 2022 (5.5 plants/sq. meter). Seeded species observed included squirreltail and Siberian wheatgrass, there were 101-500 individuals for both seeded species in the plot.\r\nPlot T124-A2TwinValley-MAR-21\r\nTreatment: aerially seeded\r\nPlot T124-A2TwinValley-MAR-21 was established and monitored for the first time in 2021. This site is meeting the 3-year ESR objective for percent perennial cover (14%); in 2022, this site had 24% cover.\r\nThis site is meeting the 3-year ESR objective for density (1 plant/sq. meter). In 2022, this site had an average density of 3 plant/sq. meter. Sandberg bluegrass was the only seeded species observed in the plot; there was an abundance of 101-500 individuals\r\nMonitoring Conclusions\r\nTwelve AIM monitoring plots were established in 2019 and were not monitored in 2022.\r\nTwo AIM monitoring plots were established in 2020. Both plots (T125-Fairbanks-MAR-20 and T125-LakeCK-MAR-20) are not meeting the perennial cover objective. Both plots are meeting the 3-year ESR objective for density.\r\nFive AIM monitoring plots were established in 2021. The only plot not meeting the 3-year ESR objective for percent perennial cover is T124-A2TwinValley-MAR-21 the rest are meeting the objective. Likewise, two of the sites (WM-Shade-170 and T124-A4Buttermilk-MAR-21) are not meeting the 3-year ESR objectives for density, the rest are meeting the objective.\r\nOne major takeaway in the Monitoring Results Summary section is that Sandberg bluegrass was a seeded species that was seen at multiple sites. Thus, it could indicate that Sandberg bluegrass is well established and adapted to these sites, has high vigor and reproductive capability, and may be coming back naturally in addition to the supplemental aerial and drill seeding.",Polygon,Confirmed,Digitized by LTDL data entry personnel using a confirmed map,5/29/2020,111065.07,110841.42,,Contractor,"Cover for wildlife, Erosion, Establishment of seeded species, Forage for wildlife, Habitat for antelope, Habitat for mule deer, Habitat for greater sage grouse, Habitat for wildlife, Habitat productivity, Habitat quality, Invasion by cheatgrass, Invasion by non-native annuals, Noxious weeds, Wildlife in treated area","Without treatment the burned areas are increasingly susceptible to exotic annual dominance; this would jeopardize the Greater Sage-Grouse, mule deer herds and other wildlife that depend on this area year-round and especially in the winter months. Seeding occurred on sites that do not have the likelihood of naturally recovering from the fire. Areas were seeded with perennial species to reduce the dominance of Bromus tectorum.",,,,,West - DOI-BLM-NV-W010-2018-0060-DNA \r\n\r\nTable 5. of Part 12 in the Monitoring Summary 2019 is a seeded species list for a different fire.,42:32:00
Model 17,Nothern Basin and Range,Post-burn aerial seeding,54138,21243,Implemented,See Comments,1,2/1/2013,2/5/2013,Acres,5397,Seeding,Aerial Seeding,Aerial Seeding: Rotor Wing,-1,Confirmed seed list,Sage Grouse,Seeds,Confirmed on Paper,Unknown,Species Specific,,"Objective 2 of the FMDA\u2019s objective and management actions is to\r\nmaintain, protect, and expand sage-grouse source habitats. Following wildland fire, use seeding\r\ntreatments with appropriate plant materials to attempt to stabilize sites and prevent dominance of\r\ninvasive, annual vegetation, and noxious weeds. Therefore aerial seeding meets this objective\r\nand is in conformance with the RMP as amended by the FMDA.",To seed the area.,"This project consisted of aerial seeding 14,252 acres within the Cave Canyon fire of 2012.  There were different seed varieties applied over different locations.  One area identified as Wyoming and Juniper, 8,855 acres, Wyoming Sagebrush was applied at 0.50 pounds per acre.  On the other area identified as Sage Grouse, 5,397 acres, Mountain (0.25 lbs/acre) and Low (0.12 lbs/acre) Sagebrush were applied at 0.37 pounds per acre. The seed consisted of 1,360 pounds of Mountain Sagebrush and 660 pounds of Low Sagebrush.   \r\nThe seed was applied to snow covered ground on upper elevation sites to mostly bare ground on the lower elevations sites, see the attached map for the project location.  The contractor was Thomas Helicopters, Inc of Gooding, ID.  Pilot for the seeding was Rod Thomas.  The project was completed using one helicopter and one sling type bucket.  The length of application was due to foggy conditions at the Contractor\u2019s departure airport.","A qualitative summary was written by the monitoring crew after all the quantitative data was collected. The higher elevation points were typically more diverse than the lower elevation points. The appeared to be Vole damage to some of the monitoring sites. Big clearing of vegetation (mainly grass) was cut down. Monitoring points that did not have the implementation of the chaining had higher densities of cheatgrass. Overall there was a good establishment of seeded species throughout the monitoring sites. Sagebrush was observed in the higher elevation monitoring sites. During the specific sagebrush monitoring site, there were little seedlings recorded but seedlings were observed. The lower elevation monitoring sites had little to none sagebrush seedlings. The lack of diversity is a concern, but the lack of annual grasses was a positive outcome. The objective of three seeded grass species per square meter.\r\nThe quantitative third year monitoring results showed that there was a slight decrease in perennial grasses and a continued decrease in bare ground. That is to be expected the third year as the grasses begin to produce litter. The annual grasses decreased by only by 3%. Forbs increased by only 1%, but the litter increased by 24%. The density monitoring results show that there is a downward trend in the perennial grasses that maybe caused by the re-introduction of grazing. There was an increase in forb density across the project area. The sagebrush seedling density monitoring also showed a decrease in the density. An increase infestation with Voles was observed during monitoring this year. A large area where perennial grass had been cut down and seeds were missing was noticed. The increase in Voles could be one of the reason a decrease in perennial grass densities had declined.\r\n\r\nFY 22\r\nMonitoring plots were revisited by TFD Fuels technicians during the summer of 2022 for the 10th year monitoring. Qualitative assessments were completed which included a general plot description, species inventory, and photo documentation.\r\nThe following photo points are representative of the entire treated area of the Cave Canyon fire. There are 24 total photo plots across the treated burn area. For the 10th year monitoring year, 10 plots were revisited for qualitative assessments. Plots visited include 004, 005, 006, 008, 010,013, 014, 018, 024, and 025. Data collected included a general plot description, species inventory, and photo documentation.\r\n\r\nPART 9-RECOMMENDATIONS/CONCLUSIONS\r\nThe monitoring data, both qualitative and quantitative show that the perennial grass seeding and chain effort is a success, the sagebrush seeding was success in certain areas and not as effective as other. The continuation of monitoring of the sagebrush for the next 5 -10 years is necessary to fully determine if the overall project success. Portions of the lower elevation sites had highest percent cover of annual grasses and noxious weeds. The upper elevation areas had little to no presence of annual grass. The amount of cheatgrass found during monitoring is not a major concern, but during qualitative",Polygon,Confirmed,"Digitized by BLM field office personnel, method unknown",,5627.08,5626.34,,Contractor,"Establishment of seeded species, Fire hazard, Loss of desirable species, Loss of vegetation, Vegetal cover, Erosion, Forage for livestock, Loss of cultural sites, Loss of farming structures, Noxious weeds, Habitat for mule deer, Habitat for sage grouse","This treatment will aid in the establishment of a desirable perennial grass community that more closely matches the structural, species composition, and diversity of the native plant community to help achieve a healthy functioning rangeland. Accelerating the rate of re-establishment of native grasses is important to maintaining the value of the area as sage-grouse and mule deer winter habitat.",Other (See Trt Notes),The length of application was due to foggy conditions at the Contractor\u2019s departure airport.,"Other (See Trt Notes), Snow on Ground","The seed was applied to snow covered ground on upper elevation sites to mostly bare ground on the lower elevations sites,",Contract cost is estimated based on the portion of the total acres seeded that this seed mix represents.,27:54:00
Model 17,Nothern Basin and Range,Post-burn aerial seeding,54393,21291,Implemented,See Comments,2,12/8/2011,12/8/2011,Acres,1722,Seeding,Aerial Seeding,Aerial Seeding: Rotor Wing,-1,Planned seed list,,Seeds,Plan,Unknown,Species Specific,,"ESR/Rehab. help promote recovery of area, stabilize soils, reduce invasion of annual grasses and noxious weeds\r\nTreatment Objectives: Objective of this treatment is to stabilize soils, prevent noxious weeds\r\nand help promote recovery of the area.\r\nThe aerial seed treatment of sagebrush would be considered effective if:\r\n1) Sagebrush seedlings average 0.1 seedlings per square meter across all density plots; or\r\n2) In qualitative surveys they are found to be common.",Aerial application,Wyoming big sagebrush seed was aerially applied to the burned area at a rate of about 1.00 lbs bulk seed/acre. Seed was applied to bare ground using one helicopter and one sling-type bucket.,"No sagebrush seedlings were detected in belt transects in 2012. Monitoring observations documented re-sprouting of on-site vegetation, including crested wheatgrass, rabbitbrush, Sandbergs bluegrass, and a few native forbs including tapertip hawksbeard, milkvetch, and phlox. Non-native plants including tumblemustard and goatsbeard were also observed. Cheatgrass was scattered throughout the burned area and common in patches. Two immature sagebrush were present in one of the density plots in July 2013. More are likely scattered through the area. Monitoring did not detect sagebrush seedlings in 2014.",Polygon,Confirmed,"Digitized by BLM field office personnel, method unknown",None,1722.02,1722.02,,Contractor,"Erosion, Cover for wildlife, Fire hazard, Habitat for greater sage grouse, Habitat for wildlife, Habitat quality, Hazardous fuels reduction, Invasion by cheatgrass, Invasion by non-native annuals, Invasive species, Loss of perennials, Loss of native species, Loss of desirable species, Loss of vegetation, Noxious weeds, Sagebrush, Vegetal cover, Wildlife in treated area","The treatment will help establish the sagebrush which has\r\nnot been able to recover through natural process. Treating the area would improve the ecological condition and help restore the sagebrush\r\ncommunity which has been lost through fire. Without treatment, conversion back to a Wyoming\r\nsagebrush site would not occur. Aerially seeding the area is a cost effective method for\r\ndispersing the seed over a large area. The treatment conforms to the land use plan and the\r\nNormal Fire Rehabilitation Plan for the field office.",,,Other (See Trt Notes),Bare ground,,27:17:00
Model 17,Nothern Basin and Range,Post-burn aerial seeding,54443,21299,Implemented,See Comments,1,12/8/2011,12/8/2011,Acres,1236,Seeding,Aerial Seeding,Aerial Seeding,-1,Confirmed seed list,,Seeds,Confirmed on Paper,Unknown,Species Specific,,The objective of\r\nthis treatment is to reestablish the sagebrush overstory in a burned native plant community. \r\nThe aerial seed treatment of sagebrush would be considered effective if:\r\n1) Sagebrush seedlings average 0.1 seedlings per square meter across all density plots; or\r\n2) In qualitative surveys they are found to be common.,"Approximately 1,236 acres of the Pole Creek fire would be\r\naerial seeded with low sagebrush in the winter of 2011/2012 (FY12).","Low sagebrush seed was applied to 1,236 acres at a rate of 1.00 lbs\r\nbulk seed/acre. The seed was applied to mostly bare ground with\r\nsome snow patches using one helicopter and one sling-type bucket.","assessment of the burned area on June 18, 2012, revealed scattered sagebrush seedlings. On-site\r\nnative grasses, primarily bluebunch wheatgrass and Idaho fescue, had low vigor in late spring\r\n2012. This was likely due to low levels of precipitation following the fire. No noxious weeds and\r\nvery little cheatgrass were observed.\r\nThe burned area was examined on May 31, 2013. Native grasses and forbs showed good\r\nrecovery and diversity. Species observed included bluebunch wheatgrass, Idaho fescue,\r\nbottlebrush squirreltail, Sandberg bluegrass, lupine, rayless daisy, long-leaf phlox, hermit\r\nmilkvetch, woolypod milkvetch, Owyhee mourning milkvetch, speckle-pod milkvetch, tapertip\r\nand low hawksbeard, mountain dandelion, death camas, Beckwith\u2019s violet, Indian paintbrush,\r\nlava aster, yellow bells, western groundsel, stoneseed, larkspur, rockcress, and wild onion. An\r\nolder seeding at the north end of the fire also had crested wheatgrass, intermediate wheatgrass,\r\nand blue flax. Cheatgrass and bulbous bluegrass were common throughout the area, and\r\ndominant in patches. Cheatgrass was dominant in larger areas on slopes above Pole and Spring\r\ncreeks. Areas with shallow soils had lower vegetation cover and relatively high cover of bare\r\nground and surface rock. These areas may have had higher cover of low sagebrush pre-fire and\r\nburned with greater severity. Seedlings resulting from the aerial seeding treatment were observed\r\nin scattered patches throughout the burned area.\r\nRECOMMENDATIONS/CONCLUSIONS\r\nFirst and second year monitoring results did not indicate establishment of sagebrush from seed.\r\nHowever, examinations in the first and second years revealed that seedlings were scattered in\r\npatches throughout the burned area. Monitoring and observations of past projects have shown\r\nthat establishment is rarely continuous throughout the seeded area and is sometimes not obvious\r\nuntil seedlings are a few inches tall. Therefore determination of treatment success or failure is\r\nnot possible based on quantitative data alone.\r\n\r\nMONITORING CLOSEOUT: Monitoring results did not document establishment of low sagebrush seedlings. However, visual\r\nassessment of the burned area on June 18, 2012, revealed scattered sagebrush seedlings. On-site\r\nnative grasses, primarily bluebunch wheatgrass and Idaho fescue, had low vigor in late spring\r\n2012. This was likely due to low levels of precipitation following the fire. No noxious weeds and\r\nvery little cheatgrass were observed.\r\nThe burned area was examined on May 31, 2013, and July 11, 2014. Native grasses and forbs\r\nshowed good recovery and diversity. Species observed included bluebunch wheatgrass, Idaho\r\nfescue, bottlebrush squirreltail, Sandberg bluegrass, lupine, ray less daisy, long-leaf phlox, hermit\r\nmilkvetch, woolypod milkvetch, Owyhee mourning milkvetch, speckle pod milkvetch, tapertip\r\nand low hawksbeard, mountain dandelion, death camas, Beckwith's violet, Indian paintbrush,\r\nlava aster, yellow bells, western groundsel, stoneseed, larkspur, rockcress, and wild onion. An\r\nolder seeding at the north end of the fire also had crested wheatgrass, intermediate wheatgrass,\r\nand blue flax. Cheatgrass and bulbous bluegrass were common throughout the area, and\r\ndominant in patches. Cheatgrass was dominant in larger areas on slopes above Pole and Spring\r\ncreeks and on the east side of the Pole Creek Road. Areas with shallow soils had lower\r\nvegetation cover and relatively high cover of bare ground and surface rock in 2013. These areas\r\nmay have had higher cover of low sagebrush pre-fire and burned with greater severity. Overall\r\ncanopy cover increased and bare ground decreased in 2014. Seedlings resulting from the aerial\r\nseeding treatment were observed in scattered patches throughout the burned area. Seedlings were\r\nwell-established by July 2014.\r\n\r\nRECOMMENDATIONS/CONCLUSIONS\r\nMonitoring results did not adequately document sagebrush establishment from seed. However,\r\nexaminations in all three years revealed that seedlings were scattered in patches throughout the\r\nburned area and were establishing well. Monitoring and observations of past projects have shown\r\nthat establishment is rarely continuous throughout the seeded area and is sometimes not obvious\r\nuntil seedlings are a few inches tall. Therefore determination of treatment success or failure is\r\nnot possible based on quantitative data alone.",Polygon,Confirmed,"Digitized by BLM field office personnel, method unknown",None,1236.32,1235.46,,Contractor,"Erosion, Forage quality, Habitat for greater sage grouse, Habitat for sage grouse, Habitat for wildlife, Habitat quality, Invasion by cheatgrass, Invasion by non-native annuals, Invasive species, Loss of perennials, Loss of native species, Loss of farming structures, Loss of vegetation, Noxious weeds, Sagebrush, Sensitive species, Vegetal cover, Wildlife in treated area",The objective of\r\nthis treatment is to reestablish the sagebrush overstory in a burned native plant community.  This\r\nwould restore key sage-grouse habitat in the burned area.,,,,,,50:00:00
Model 17,Nothern Basin and Range,Post-burn aerial seeding,54750,1510,Implemented,Unknown,2,12/8/2011,12/11/2011,Acres,165,Seeding,Aerial Seeding,Aerial Seeding: Rotor Wing,-1,Confirmed seed list,,Seeds,Confirmed in GIS,Unknown,Species Specific,,The objective of the seeding treatments is to establish low sagebrush and mountain big sagebrush within 3 years.\r\nThe following shrub density objectives are based on ecological site potential. The aerial seed treatment of sagebrush would be\r\n-Sagebrush seedlings average 0.1 seedlings per square meter across all density plots; or\r\n-In qualitative surveys they are found to be common.,Aerial methods would distribute two species of sagebrush\r\nseed. The upper elevation slopes and canyons would be seeded with low sagebrush while the\r\nlower elevation bench would be seeded with mountain big sagebrush. The two seedings would cover the entire fire area ( 44 2 acres) and should occur during the late fall or early winter\r\nfollowing the fire.,240 lbs of Mountain big sagebrush seed was applied to 165 acres at\r\na rate or 1.45 lbs bulk seed/acre and 280 lbs of low sagebrush seed\r\nwas applied to 277 acres at a rate of about 1.0 lbs bulk seed/acre.\r\nSeed was applied to bare ground using one helicopter and one sling type\r\nbucket. The project was started on 12/8/2011 and completed\r\non 12/11/2011 due to unsafe wind conditions on the first day.,"Neither of the seeded sagebrush species was observed during monitoring September, 2012, or\r\nMay, 2013, site visits, nor were they detected by monitoring. On-site native and non-native\r\ngrasses and forbs, and resprouting native shrubs such as horsebrush and rabbitbrush have reestablished\r\nwell in the burned area. Cheatgrass is present throughout the burned area, but is not\r\ndominant. It is anticipated that cheatgrass density will decrease over the next year.",Polygon,Confirmed,"Digitized by BLM field office personnel, method unknown",,164.6,164.6,,Contractor,"Vegetal cover, Sedimentation, Noxious weeds, Loss of vegetation, Flooding, Erosion",The proposed action of this project is intended to\r\nstabilize and protect the many values of the burned area.,Delayed,unsafe wind conditions on the first day.,,,,02:00:00
Model 17,Nothern Basin and Range,Post-burn aerial seeding,55010,21399,Implemented,See Comments,2,11/30/2019,11/30/2019,Acres,854,Seeding,Aerial Seeding,Aerial Seeding,-1,Confirmed seed list,Aerial,Seeds,Confirmed on Paper,Unknown,Not Available,"There were other seeds originally planned, but they were cut out\r\ndue to constraints.",The objective is to prevent sagebrush communities to transitioning into an annual plant state\r\nand restoring essential forage and cover for greater sage grouse.,"The Aerial seed mix would be applied to roughly 854 acres. The seed mix would be compromised of Siberian wheatgrass (Agropyron fragile), Forage kochia (Bassia prostrata), and Sandberg bluegrass (Poa secunda).","The Seed mix consisted of: Sandburg Bluegrass (Poa Secunda), Forage Kochia (Bassia\r\nprostrata) Siberian wheatgrass (Agropyron fragile),\r\nThere were other seeds originally planned, but they were cut out due to constraints.","2019 Percent perennial cover 42.6%, Density 14.2 plants/ meter squared. \r\n\r\nThis WM-WySage1-252 was established in 2017 before the fire in 2018. This plot\r\npassed the ESR perennial cover objective by achieving 42%, and the density objective was also\r\npassed. The area did not show many fire scars and the Sandburg bluegrass, bluebunch wheatgrass,\r\nand Wyoming sagebrush seem to be well established in sections. Line 2 covered a rocky area\r\n(44%) that contained cheatgrass, but in small quantities (14% annuals on line 2). The amount of\r\nSandburg bluegrass on plot may keeping the cheatgrass in check. \r\n\r\n2019 Conclusions:\r\nThe plot of WM-WySage1-252 is slightly higher elevation and in an area where burn scars\r\nweren\u2019t as significant as we\u2019ve seen at other sites. This these factors could be responsible for the\r\nplot being 42% perennial plants, which is seldom an initial outcome the first year after a fire.\r\nCheatgrass is definitely present, so it can be expected that it will increase its density over the\r\nnext few years.\r\n\r\nFY22 Results\r\nESR Objectives\r\nObjectives for aerial seeding are as follows:\r\n1. Obtain an average of 1 desirable perennial plant per square meter by the end of the fifth year from fire ignition.\r\n2. Obtain 70% or greater perennial cover of the low potential perennial plant cover for the appropriate Rangeland Ecological Site by the end of the third year following fire containment.\r\n3. The aerial seeding would result in lower abundance (density and cover) of invasive annual plant species, and a higher abundance of desirable perennial plant species than the unseeded control areas.\r\n\r\nDrill seeding objectives are as follows:\r\n1. Obtain an average of 3 seeded plant per meter\xb2 by the end of the third year following fire.\r\n2. Obtain 100% or greater perennial cover of the low potential perennial plant cover for the appropriate ecological site by the end of the third year following fire containment.\r\n3. The aerial seeding would result in lower abundance (density and cover) of invasive annual plant species, and a higher abundance of desirable perennial plant species than the unseeded control area.\r\n4. Seeded species would be well established and reproducing.\r\nMonitoring Results\r\nPercent Perennial Cover\r\nLine point intercept (LPI) data was used to calculate the percent perennial cover of each AIM monitoring plot. For each AIM plot, the percent foliar cover calculated for each transect was averaged to arrive at an overall percent perennial cover for the plot.\r\n\r\nDensity\r\nThe AIM monitoring crew recorded the number of seeded species and their age class within a 1 meter by 1 meter quadrant every 2.5 meters along a 25 meter transect. The density was calculated by totaling the number of individual plants of every species and age class, and then dividing the total number of plants by 30 sq. meters (3 transects/plot, each contains 10 1x1 meter quadrants) to arrive at the density (plants/sq. meter) of each AIM plot.\r\n\r\nMonitoring Results Summaries\r\nEcological Site R023XY057NV\r\nName: Granitic Loam 10-12\u201d P.Z.\r\nDominant vegetation in reference state: Thurber\u2019s needlegrass, bluebunch wheatgrass, Wyoming big sagebrush\r\nPotential vegetative composition (by weight): 60% grasses, 10% forbs, 30% shrubs\r\nPotential perennial cover: 20-30%\r\nPlot WM-WySage1-252\r\nTreatment: aerially seeded\r\nPlot WM-WySage1-252 was established as an AIM monitoring plot in 2017 (before the fire) and was monitored for ESR purposes in 2019. The plot was not re-visited in subsequent years because it was not fully burned, as indicated in the 2019 report.\r\nIn 2019, this site was meeting the 3-year ESR objective for percent perennial cover (14%) and for density (1 plant/sq. meter). In 2019, the site had 43% perennial cover and an average density of 14 plants/sq. meter. The percent perennial cover recorded in 2019 is beyond the high end of the potential perennial cover identified in the ESD (30%). This plot was not monitored in 2022.\r\nPlot T112-Boghot-ANT-20\r\nTreatment: aerially seeded\r\nPlot T112-Boghot-ANT-20 was established as an AIM monitoring plot in 2017 (before the fire) and was monitored for ESR purposes in 2020, 2021, and 2022.\r\nThis site is meeting the 3-year ESR objective for percent perennial cover (14%). In 2022, this site had 25.3% perennial cover, down from 41.7% in 2021. This site had an average density of 3.9 plants/sq. meter and was meeting the 3-year ESR objective (1 plant/sq. meter). Seeded species recorded at the site included Sandberg bluegrass and Siberian wheatgrass. Species richness in the plot was highly attributed to Sandberg bluegrass; there was 101-500 Sandberg bluegrass and 11-100 Siberian wheatgrass individuals.\r\nPlot T126-Antelope-ANT-20\r\nTreatment: drill seeded\r\nPlot T126-Antelope-ANT-20 was established as an AIM monitoring plot in 2017 (before the fire) and was monitored for ESR purposes in 2020, 2021, and 2022.\r\nThis site is meeting the 3-year ESR objective for percent perennial cover (20%). In 2022, this site had 31.3% perennial cover, up from 5.3% in 2021. In 2022, this site had an average density of 4.5 plants/sq. meter and was meeting the 3-year ESR objective of 3 plants/sq. meter. Seeded species recorded at the site included Sandberg bluegrass and Siberian wheatgrass. Species richness was highly attributed to Siberian wheatgrass; there was greater than 1000 Siberian wheatgrass and 501-1000 Sandberg bluegrass individuals.\r\nMonitoring Conclusions\r\nAll three monitoring plots on the Antelope Fire were established as AIM plots in 2017, before the fire. The pre-determined AIM plots were used as ESR monitoring plots after the fire, with Plot WM-WySage1-252 being monitored only once in 2019, and plots Plot T112-Boghot-ANT-20 and Plot T126-Antelope-ANT-20 being monitored in 2020, 2021, and 2022. Even with precipitation significantly below the 30-year average, all three sites are meeting the 3-year ESR objective for both percent perennial cover and density and both sites had two seeded species recorded, Sandberg bluegrass and Siberian wheatgrass.",Polygon,Confirmed,Digitized by LTDL data entry personnel using a confirmed map,9/10/2020,853.31,853.31,,Contractor,"Cover for wildlife, Establishment of seeded species, Habitat for greater sage grouse, Habitat for sage grouse, Habitat for wildlife, Habitat productivity, Habitat quality, Invasion by cheatgrass, Invasion by non-native annuals, Loss of desirable species, Loss of native vegetation, Loss of perennials, Nesting bird species, Noxious weeds, Vegetal cover, Wildlife in treated area",Application of seed by aerial or ground broadcasting methods would occur with species appropriate for the site based on resistance resilience and ecological site descriptions. Sagebrush seeding would be focused in GHMA and in some higher elevation areas where success is likely. Some of the areas would have Siberian wheatgrass supplemented in the mix to compete with cheatgrass.,Other (See Trt Notes),"There were other seeds originally planned, but they were cut out due to constraints.",,,,23:46:00
Model 17,Nothern Basin and Range,Post-burn aerial seeding,55209,21188,Implemented,See Comments,1,10/1/2018,9/30/2018,Unknown,,Seeding,Aerial Seeding,Aerial Seeding,-1,Unknown seed list,Native /aerial (?),Seeds,Unknown Seed List Origin,Outside of Treatment,Not Available,"The mix being reported by the LTDL is from the monitoring frequency data showing observations for ""seed species"". This may not include all the species from the mix because not all species may have been observed during monitoring.",Desirable species at 35% frequency (relative frequency) within 3 years.,Unknown,No implementation was reported.,"2019 - Total perennial frequency: 69.33; Perennial Composition: Re-established perennials - 97.95%, Annuals/Exotics - 2.05%.\r\n\r\n2019 PART 9-RECOMMENDATIONS/CONCLUSIONS\r\nThe ESR treatments on the Goose Creek Complex Fire shows good recovery overall the first year following the fire. The area had an average water year, which is relatively high when compared to 2018, and the burned areas in many places had a lot of plant biomass, where there had previously been nothing but ash. Perennial frequency success can be attributed to the precipitation, as well as the drill seeding.\r\nThe native recovery site is the least successful, and is the most likely to be taken over by cheatgrass if precipitation is drastically lower. However, the site that hadn\u2019t been treated that was deeper in the burned area did very well in terms of perennial composition (98%), although there was a lot of bare ground, so it could be very different next year. Recovery of naturally occurring perennials did well on all sites. Seeded species like indian ricegrass did well, as did crested wheatgrass. The Raft River ESR site had the most perennial species cover, but was primarily composed of seeded species, not native plants, although adult sagebrush in an unburned island were present.\r\nFollow-up monitoring will be important in establishing whether or not noxious weeds will invade the disturbed areas. Monitoring and some spot treatments were carried out by SLFO Weeds crew in September 2019, and should continue along with ESR monitoring into 2020.",Polygon,Confirmed,Digitized by LTDL data entry personnel using a confirmed map,9/25/2020,5784.1,5267.38,,Unknown,"Cover for wildlife, Erosion, Establishment of seeded species, Habitat for greater sage grouse, Habitat for sage grouse, Habitat for wildlife, Habitat productivity, Habitat quality, Invasion by cheatgrass, Invasive species, Loss of desirable species, Loss of native vegetation, Loss of perennials, Loss of vegetation, Nesting bird species, Noxious weeds, Vegetal cover, Wildlife in treated area","The fires removed Wyoming big sagebrush and other desirable vegetation from the plant community that are important to GRSG. In addition, active GRSG leks are located near these fires. Much of the Goose Creek Fire burned with high fire severity in accumulated grass, shrub, and/or Pinyon/Juniper growth, which left little protective vegetative cover for the soil and removed the seedbank from the soil. All of the Raft River Fire burned with high severity and killed nearly all of the existing vegetation. The continued invasion and increase of cheatgrass with the associated shortened fire cycle is the most significant ecological threat that the fire disturbance poses to these areas. Several noxious weeds also pose threats. Canada thistle, Scotch thistle, bull thistle, black henbane, and musk thistle are all problematic noxious weeds for the Goose Creek Fire area with current infestations in and surrounding the burned area.",,,,,"There are no details about aerial seeding other than the map showing aerial seeding occurring in the same place as drill seeding and a monitoring plot being in treatment type ""Native/Aerial Seeding(?)"" It is not clear what happened for this treatment type or if it was actually aerially seeded.. \r\n\r\nNo costs were \r\nreported either.",17:08:00
Model 17,Nothern Basin and Range,Post-burn aerial seeding,55574,21492,Implemented,See Comments,2,1/22/2019,1/22/2019,Acres,3412,Seeding,Aerial Seeding,Aerial Seeding,-1,Confirmed seed list,,Seeds,Confirmed on Paper,Unknown,Species Specific,It is assumed that the total purchased 5040 lb of ARTW8 was applied.,"Re-establish shrubs and forbs to provide structure, and preserve and maintain habitat for sage-grouse.\r\n\r\nObjective(s) and Results\r\n1. Density of seeded sagebrush is 1 per 10 m2 (1.73 meter radius plot) in suitable sites within 5 years.","Wyoming big sagebrush will be aerially broadcast in 4 discrete areas that were dominated by big sagebrush pre-fire, totaling 3,335 acres.\r\nAerial seeding would take place in early December 2018 - January 2019, or before March 1, 2019.","Purchase of 5,040 pounds of Wyoming big sagebrush from seed zone 15-20/6-12 Northern Basin and Range.\r\n\r\nBDO Broadcast Seeding #1 Contract\r\nFour polygons within the burned area were aerially seeded under contract with Wyoming big sagebrush using a 205 helicopter. Seeding was focused only on areas previously dominated by big sagebrush. Areas dominated by low sagebrush were avoided.","2019 S3 - Aerial Seeding\r\nTreatment(s)\r\n\r\nQuantitative density monitoring was not conducted in 2019. Numerous pockets of seeded Wyoming big sagebrush were observed throughout the seeded polygons during a site visit by Weeds personnel on September 23, 2019 (Photo 8-3 & 8-4).\r\nPhoto 8-3. Seeded Wyoming big sagebrush mixed with recovering deep-rooted perennial grasses on the east side of the fire.\r\n\r\n2019 PART 9 - RECOMMENDATIONS\r\nEstablishment of core indicator monitoring plots is recommended in 2020 to quantitatively assess herbicide efficacy against annual grass emergence, continued recovery of perennial grasses, and establishment of aerially seeded Wyoming big sagebrush.\r\nAlthough the most likely areas for invasion of noxious weeds have been inventoried, continued monitoring of treatment sites and the burned area is recommended. Noxious weed infestations identified and treated would be monitored and treatment would continue as necessary.\r\n\r\nIn 2020 sagebrush seedlings were dense in rocky bare hot burned areas with densities exceeding this objective.\r\n\r\n2021: Quantitative density monitoring was not conducted. Numerous pockets of seeded Wyoming big sagebrush were observed throughout the seeded polygons during a site visit by Weeds personnel on September 23, 2019, on May 27, 2020 and June 8, 2021. In 2021 sagebrush L0LT Garat \u2013 ESR Monitoring Report 2021\r\n15\r\nseedlings were dense in rocky bare hot burned areas with densities exceeding this objective. Seeded sagebrush, 10-14\u201d tall, was subdominant (10-40% abundance) at Photo Point 1 in 2021 (Photo 8-4).",Polygon,Confirmed,"Digitized by BLM field office personnel, method unknown",None,3516.31,3516.31,,Contractor,"Cover for wildlife, Erosion, Endangered species, Establishment of seeded species, Forage for wildlife, Habitat for antelope, Habitat for elk, Habitat for greater sage grouse, Habitat for mule deer, Habitat for sage grouse, Habitat for wildlife, Habitat productivity, Habitat quality, Invasion by cheatgrass, Invasion by non-native annuals, Invasive species, Livestock in treated area, Loss of native species, Loss of perennials, Loss of sagebrush, Loss of vegetation, Nesting bald eagles, Nesting bird species, Noxious weeds, Sensitive species, Threatened species, Special status species, Unprotected treatment area, Vegetal cover, Wildlife in treated area","The Garat fire (L0LT) burned 9,490 acres; 9,331 acres on BLM-managed land and 159 acres on the Duck Valley Indian Reservation. The Garat fire originated in T14S, R01W, Section 20, SW 1/4, Boise Principal Meridian. Ignition by lightning occurred on July 16, 2018 with containment on July 17 and controlled on July 19. One other documented fire partially burned within the boundary of the current Garat fire; the Yatahoney fire burned 1,102 acres mostly to the north in 2007, 122 acres overlapped with the current fire. No post-fire rehabilitation treatments were implemented on the Yatahoney fire. Multiple other fires have occurred in the area in the past between 1984 and 1985. The Garat 1, Garat 2 and Horse Basin fires consumed 38,970 acres. Fire rehabilitation treatments were implemented on these fires, however no sagebrush seeding treatments were included. The burned area\u2019s elevation ranges from 4,765 to 5,430 feet above sea level. A large bowl referred to as \u201cJarvis Pasture\u201d on topographic maps runs through the middle of the burned area with plateaus on the north and southwest side. Average annual precipitation in the area ranges from 11 to 13 inches.\r\n\r\nAs a result of the fire it is expected that there will be an expansion of the annual invasive species that are currently on site, leading to further degradation of desirable site conditions, adversely affecting beneficial wildlife habitat and negatively impacting sage-grouse and other wildlife species. Increased competition from invasive annual grasses and prevent the natural recovery of sagebrush seedlings. An increase in the fine fuel load, as a result of expanding invasive annual grasses, increases the likelihood of shorter fire frequency return intervals and larger fires in the future, further impacting sagebrush steppe, sage-grouse and surrounding designated remote wilderness.\r\n\r\nTreatments include aerial seeding, ground seeding, noxious weed inventory/treatment, fence repair, livestock closure, and monitoring.",,,,,"Seed Cost - $79,380.00; Implementation Cost - $13,648.",20:05:00
Model 17,Nothern Basin and Range,Post-burn aerial seeding,55597,21496,Implemented,Unknown,1,3/2/2019,3/2/2019,Acres,1611,Seeding,Aerial Seeding,Aerial Seeding: Rotor Wing,-1,Confirmed seed list,North Heglar,Seeds,Confirmed on Paper,Unknown,Species Specific,,"The fire has negatively impacted soil stability and seed bank resources. The proposed aerial seeding will provide input to the seed bank, provide competition for an expected increase in annual vegetation and noxious weeds, and provide short to long-term stability to soils (USDA Forest Service, 2004). The assemblage of perennial species utilized in the seed mix will provide\r\nstability to the soils by occupying various aspects of the soil profile. After the first growing season, this treatment will provide varying degrees of root systems and vegetative ground cover to stabilize slopes. The accelerated rate of re-vegetation with native species will aid in the recovery of the native seed bank and help return soil stability and site productivity.","Treatment/Activity: S3 Aerial Seeding\r\nTreatment Activity Description. Approximately 1,571 acres on the North Heglar fire would be aerially seeded in the fall/winter","This project consisted of solid aerial seeding 1,611 acres out of the 2,386 acre North Heglar Fire. Rate of application was approximately 6.73 pounds bulk seed per acre. The seed consisted of 1,600 pounds of Mountain Sagebrush and 9,250 pounds of mixed grass and forb seed. The entire area seeded had snow cover. The contractor was High Desert Aviation, LLC of Gooding, Idaho. Pilot for the seeding was Rob Cantrell. The project was completed using one helicopter and two seed buckets. The mixed grass and forb seed was premixed by ESR staff and Twin Falls fire employees. The project was started and completed on March 2nd, 2019.",Unknown,Polygon,Confirmed,"Digitized by BLM field office personnel, method unknown",,1571.67,1571.67,,Contractor,"Cover for wildlife, Erosion, Establishment of seeded species, Habitat for elk, Habitat for wildlife, Habitat productivity, Habitat quality, Invasion by cheatgrass, Invasion by non-native annuals, Invasive species, Livestock in treated area, Loss of desirable species, Loss of native species, Loss of native vegetation, Loss of perennials, Loss of sagebrush, Loss of vegetation, Low seed bank, Native seedbank degradation, Noxious weeds, Wildlife in treated area, Habitat for mule deer, Forage quality, Forage for wildlife","Prior to the fire, the proposed aerial seed treatment area contained a native sagebrush plant community with a component of annual vegetation. The proposed aerial seed treatment area is at high risk for degradation by invasive plants if left untreated. Without establishment of a desirable perennial dominated plant community, it is expected that annual vegetation would dominate the plant community and negatively affect soil stabilization and wildlife habitat in the long term. Fire frequency would also increase with annual vegetation dominance thus reducing plant community structure and diversity. The proposed treatment is consistent with current policy for fuels management and wildlife habitat management. In addition, the species selected are adapted to mid elevation (16-22"" ppt.) zones (USDI 2008). The aerial seeding costs can vary year to year (approximately $50/acre) but are typical for projects of this type.",,,Snow on Ground,The entire area seeded had snow cover.,,42:49:00
Model 17,Nothern Basin and Range,Post-burn aerial seeding,55916,16758,Implemented,See Comments,2,12/17/2017,12/17/2017,Acres,11667,Seeding,Aerial Seeding,Aerial Seeding,-1,Confirmed seed list,Soda Sage/Grass Mix 1,Seeds,Confirmed on Paper,Unknown,Species Specific,Soda Sage/Grass Mix 1: ARTR POSE\r\nThe listed PLS ratings are the required BLM minimum for given species,Density of sagebrush seedlings in suitable areas is an average of greater than or equal to 1 plant per 10 m2.,,"300' swath width. A total of 11,667 acres were seeded at a rate of 3 bulk lbs. per acre.\r\n\r\nSagebrush/Grass Seeding Mixes 1-3 Winter 2017 (FY18)\r\nA total of 20,697 acres were aerially seeded in central, eastern and southern areas ranging in elevation from 2,250 to 6,300 ft. These areas were seeded at 100% coverage with native grasses and Wyoming sagebrush (Appendix A: Table A-28, A-29, and A-30). Seed was field mixed.","Aerial Mixes 1 \u2013 4 Winter 2017 (FY17) and Sage/Grass Mixes 1 \u2013 4 Winter 2017 (FY18)\r\nThrough monitoring, areas were identified where sagebrush density was below the objective. In January and February 2017 (Winter 2017 FY17), and in December 2017 (Winter 2017 FY18) additional aerial sagebrush was aerially seeded through adaptive management in 20 pastures with sagebrush densities lower than the objective. Overall the treatment objective was met.",Polygon,Confirmed,"Digitized by BLM field office personnel, method unknown",None,11676.4,11661.6,,Contractor,"Erosion, Loss of desirable species, Loss of perennials, Habitat for sage grouse, Habitat for wildlife, Habitat quality, Habitat productivity","The goal of aerial seeding\r\nwas to establish perennial dominated plant communities that will resist noxious weed and\r\ninvasive species establishment, are critical for sage-grouse and big game, and will help stabilize\r\nsoils in areas that were inaccessible to equipment and drills.",,,Other (See Trt Notes),"Weather conditions during time of the seeding were either clear or foggy, temperatures ranging 9-35 degrees F, and varied winds.","Total contract cost for the Winter 2017 (FY18) Broadcast seedings under L17PC00098 was $169,422",17:38:00
Model 17,Nothern Basin and Range,Post-burn aerial seeding,55917,16758,Implemented,See Comments,2,12/13/2017,12/13/2017,Acres,4667,Seeding,Aerial Seeding,Aerial Seeding,-1,Confirmed seed list,,Seeds,Confirmed on Paper,Unknown,Species Specific,Soda Sage/Grass Mix 2: ARTR POSE\r\nThe listed PLS ratings are the required BLM minimum for given species,Density of sagebrush seedlings in suitable areas is an average of greater than or equal to 1 plant per 10 m2.,,"A total of 4,667 acres were seeded at a rate of 5 bulk lbs. per acre. 200' swath width.\r\n\r\nSagebrush/Grass Seeding Mixes 1-3 Winter 2017 (FY18)\r\nA total of 20,697 acres were aerially seeded in central, eastern and southern areas ranging in elevation from 2,250 to 6,300 ft. These areas were seeded at 100% coverage with native grasses and Wyoming sagebrush (Appendix A: Table A-28, A-29, and A-30). Seed was field mixed.","Aerial Mixes 1 \u2013 4 Winter 2017 (FY17) and Sage/Grass Mixes 1 \u2013 4 Winter 2017 (FY18)\r\nThrough monitoring, areas were identified where sagebrush density was below the objective. In January and February 2017 (Winter 2017 FY17), and in December 2017 (Winter 2017 FY18) additional aerial sagebrush was aerially seeded through adaptive management in 20 pastures with sagebrush densities lower than the objective. Overall the treatment objective was met.",Polygon,Confirmed,"Digitized by BLM field office personnel, method unknown",None,4670.43,4667.97,,Contractor,"Erosion, Loss of desirable species, Loss of perennials, Habitat for sage grouse, Habitat for wildlife, Habitat quality, Habitat productivity","The goal of aerial seeding\r\nwas to establish perennial dominated plant communities that will resist noxious weed and\r\ninvasive species establishment, are critical for sage-grouse and big game, and will help stabilize\r\nsoils in areas that were inaccessible to equipment and drills.",,,Other (See Trt Notes),"Weather conditions during time of the seeding were either clear or foggy, temperatures ranging 9-35 degrees F, and varied winds.","Total contract cost for the Winter 2017 (FY18) Broadcast seedings under L17PC00098 was $169,422",19:26:00
Model 17,Nothern Basin and Range,Post-burn aerial seeding,55918,16758,Implemented,See Comments,1,12/17/2017,12/17/2017,Acres,4364,Seeding,Aerial Seeding,Aerial Seeding,-1,Confirmed seed list,,Seeds,Confirmed on Paper,Unknown,Species Specific,Soda Sage/Grass Mix 3: ARTR POSE\r\nThe listed PLS ratings are the required BLM minimum for given species,Density of sagebrush seedlings in suitable areas is an average of greater than or equal to 1 plant per 10 m2.,,"A total of 4,364 acres were seeded at a rate of 4 bulk lbs. per acre. 250' swath width.\r\n\r\nSagebrush/Grass Seeding Mixes 1-3 Winter 2017 (FY18)\r\nA total of 20,697 acres were aerially seeded in central, eastern and southern areas ranging in elevation from 2,250 to 6,300 ft. These areas were seeded at 100% coverage with native grasses and Wyoming sagebrush (Appendix A: Table A-28, A-29, and A-30). Seed was field mixed.","Aerial Mixes 1 \u2013 4 Winter 2017 (FY17) and Sage/Grass Mixes 1 \u2013 4 Winter 2017 (FY18).\r\nThrough monitoring, areas were identified where sagebrush density was below the objective. In January and February 2017 (Winter 2017 FY17), and in December 2017 (Winter 2017 FY18) additional aerial sagebrush was aerially seeded through adaptive management in 20 pastures with sagebrush densities lower than the objective. Overall the treatment objective was met.",Polygon,Confirmed,"Digitized by BLM field office personnel, method unknown",None,4367.14,4357.34,,Contractor,"Erosion, Loss of desirable species, Loss of perennials, Habitat for sage grouse, Habitat for wildlife, Habitat quality, Habitat productivity","The goal of aerial seeding\r\nwas to establish perennial dominated plant communities that will resist noxious weed and\r\ninvasive species establishment, are critical for sage-grouse and big game, and will help stabilize\r\nsoils in areas that were inaccessible to equipment and drills.",,,Other (See Trt Notes),"Weather conditions during time of the seeding were either clear or foggy, temperatures ranging 9-35 degrees F, and varied winds.","Total contract cost for the Winter 2017 (FY18) Broadcast seedings under L17PC00098 was $169,422",21:21:00
Model 17,Nothern Basin and Range,Post-burn aerial seeding,56125,21577,Implemented,Unknown,2,11/00/2016,11/00/2016,Acres,467,Seeding,Aerial Seeding,Aerial Seeding,-1,Planned seed list,Aerial Mix,Seeds,Plan,Unknown,Species Specific,,"Rangeland Veg Improvement, Fire Rehab",Aerial Seeding of 467 acres.,Aerial seeding was completed. \r\n\r\nGIS is implementation data.,Unknown,Polygon,Confirmed,"Digitized by BLM field office personnel, method unknown",,467.28,467.28,,Contractor,"Cover for wildlife, Establishment of seeded species, Forage for wildlife, Habitat for greater sage grouse, Habitat for sage grouse, Habitat for wildlife, Habitat productivity, Habitat quality, Loss of desirable species, Loss of vegetation, Nesting bird species, Sensitive species, Vegetal cover, Wildlife in treated area","The proposed treatments are in conformance with the Oregon Greater Sage-grouse Approved Resource Management Plan (ARMPA) approved\r\nSeptember 2015 even though they are not specifically provided for, because it is consistent with the following LUP goals and with BLM Manual\r\n1745 policy. The proposed treatments would forward the ARMPA goals and objectives.",,,,,,18:43:00
Model 17,Nothern Basin and Range,Post-burn aerial seeding,56264,16750,Implemented,See Comments,2,12/1/2020,12/3/2020,Acres,1158,Seeding,Aerial Seeding,Aerial Seeding,-1,Planned seed list,,Seeds,Plan,Unknown,Species Specific,,"For the purposes of biotic integrity, establish native grasses to 20 percent cover within the aerial seeding area within\r\n3 years. For the purposes of biotic integrity, establish native grasses to 3 per square meter density within the aerial seeded area\r\nwithin 2 - 5 years.",No documentation.,Aerial seeding of native mix was completed by Vale Helitack and contract helicopter in December 2020,"Aerial Seeding:\r\nThe aerial seeding treatment occurred within the Owyhee River Canyon Wilderness Study Area to help maintain land with wilderness characteristics. The 2016 aerial herbicide application, completed the year of the fire in October, was successful in keeping invasive annual grass numbers low, evident in the 2017 photo and Table 7-4. Also, from the same photo there were some perennial plants that survived the fire\u2019s heat. The plants that survived were primarily shallow and deep-rooted bunchgrasses. Bunchgrasses, excluding Sandberg\u2019s bluegrass, had a collective foliar cover of 8%; bluebunch wheatgrass accounted for 7.1% of the total deep rooted perennial bunchgrasses (Tables 7-3 and 7-4). Collectively, the three species of bunchgrass present in 2017 plots had an average density and median diameter of 4.07/m2 and 1.38 inches (Table 7-3). Only the DRPG density objective was met prior to the aerial seeding treatment.\r\nIn 2018, plots were revisited after the aerial seeding treatment, completed in December of the previous year. The data displayed in Table 7-3 show an increase for all DRPG measurements (density, diameter, and foliar cover). Both bluebunch wheatgrass and Sandberg\u2019s blue grass increased foliar cover by approximately 3% (Table 7-4) starting the trend in the right direction for meeting the 20% foliar cover objective. The plots completed this year started to detect the encroaching Russian thistle like the drill seeding plots, but the aerial seeding had a lower amount, reflected by the smaller foliar cover of 0.2% (Table 7-4).\r\nIn 2019, second year post-treatment, there was a rise in DRPG foliar cover by 10% increasing from 11 to 21% (Table 7-3); coming mostly from bluebunch wheatgrass, a species from the seed mix. Density and median diameter decreased, but that can be due to several factors, like seedlings that did not survive into the second growing season. The objective for density of plants, including seedlings, was still met. The median basal diameter objective has not been achieved over the three years of monitoring data. The noxious weed, Russian thistle, was the dominant herbaceous cover, like what was observed in the drill seeding.\r\nIn 2021, third-year post-treatment, the deep-rooted perennial grass foliar cover decreased significantly from the previous down to 13.3% (Table 7-3). With the drop in foliar cover now none of the objectives for the aerial seeding are being met. There is good news, however, in regard to the 11.5% decrease in the cover of the invasive annual, Russian thistle (Figure 7-4).\r\nIn 2021, fourth-year post-treatment, the deep-rooted perennial grass foliar cover decreased significantly from the previous down to 13.3% (Table 7-3). With the drop in foliar cover now none of the objectives for the aerial seeding are being met. There is good news, however, regarding the 11.5% decrease in the cover of the invasive annual, Russian thistle (Figure 7-4).\r\n\r\nTargeted Control AIM:\r\nIn FY 2018 monitoring the natural recovery site there was 0.3% invasive annual grasses, 4.3% deep-rooted\r\nperennial grasses and 23% shallow-rooted bunchgrasses (Table 8-20). The targeted AIM control plot was setup\r\nto provide additional monitoring information that will be used to assess the plot treatment effectiveness and\r\nassist in future land management decisions for the site.",Polygon,Confirmed,Digitized by LTDL data entry personnel using a confirmed map,1/14/2021,1185.86,1185.86,,BLM,"Establishment of seeded species, Habitat for sage grouse, Habitat for wildlife, Habitat productivity, Habitat quality, Invasion by non-native annuals, Invasive species, Livestock in treated area, Loss of desirable species, Loss of perennials, Loss of native vegetation, Nesting bird species, Noxious weeds, Sensitive species, Vegetal cover, Unprotected treatment area","Resource concerns within the burned area include post-fire livestock management, maintenance of native\r\nperennial species and expansion of existing weeds, especially cheatgrass. Proposed treatments include fence\r\nrepair and installation of temporary fencing, livestock grazing closures, herbicide treatment, ground seeding and\r\nseedling planting, and monitoring.",Unknown,No documentation.,Unknown,No documentation.,,02:11:00
Model 17,Nothern Basin and Range,Post-burn aerial seeding,57495,21995,Implemented,See Comments,2,3/12/2018,3/12/2018,Acres,400,Seeding,Aerial Seeding,Aerial Seeding,-1,Confirmed seed list,Shadscale Mix,Seeds,Confirmed on Paper,Unknown,Species Specific,"TOTAL Bulk LBS/ACRE 14\r\nTOTAL Blk LBS 5,600","Objective: The cover objectives are to obtain 50% of all perennial plant cover found in the associated reference site by \r\nthe end of the third year. Density objectives are to obtain an average of 0.25 seeded species firmly rooted per square meter \r\nby the end of the third year from fire containment.\r\n\r\nThe fire removed shrub and perennial grass cover from Greater Sage-Grouse Priority Habitat\r\nManagement Area. The bare ground is vulnerable to invasion by cheatgrass (Bromus\r\ntectorum) and likely to be converted to an invasive annual grassland.\r\n\r\n1. Obtain an average of 1 seeded plant per square meter by the end of the fifth year \r\nfollowing fire ignition, which occurred on 7/23/2017.\r\n2. Obtain 50% or greater perennial cover of the low potential perennial plant cover for \r\nthe appropriate ecological site by the end of the third year following fire ignition.\r\n3. The seeding would result in lower abundance (density and cover) of invasive annual \r\nplant species, and a higher abundance of desirable perennial plant species than the \r\nunseeded control areas.\r\n4. Seeded species would be well established and reproducing.","The BLM proposes to aerial seed a total of 1,350 acres of land managed by BLM that was \r\nburned by the Leonard Creek Fire. Seeding would occur in the December 2017 or January 2018. \r\nThree distinct seed mixes would be applied on different portions of the burned area. At the lower \r\nelevations a mix containing shadscale saltbrush (Atriplex confertifolia), Sandberg bluegrass (Poa \r\nsecunda), and bottlebrush squirreltail (Elymus elymoides) is proposed for seeding on 400 acres.\r\nAt middle elevations a mix containing Lahontan sagebrush (Artemisia arbuscula ssp. \r\nlongicaulis), Sandberg bluegrass, and bluebunch wheatgrass (Pseudoroegneria spicata) is \r\nproposed for seeding 900 acres. Within drainages a mix containing Sandberg bluegrass and Great \r\nBasin wildrye (Leymus cinereous) is proposed for seeding 50 acres.","Aerial Seeding 3 separate locations to address differences in \r\nsoil and vegetation. \r\nBlock 1 will consist of basin wildrye and sanburg bluegrass.\r\nBlock 2 will consist of shadscale saltbrush, bottlebrush \r\nsquirreltail, and sanburg bluegrass. \r\nBlock 3 will consist of Wyoming sagebrush, sanburg \r\nbluegrass, and bluebunch wheatgrass. See Table 5 for seeing \r\nrates.","2020 was a difficult year due to the coronavirus and most notably the season started later than \r\nusual. This could show itself as incorrect perennial species due to many drying out before July \r\nwhen monitoring began.\r\nAfter the third year of treatment, monitoring results show that both plots have failed to\r\nmeet their plant density objectives. One passed the ESR perennial objective, but that plot passed \r\nwith 108 Poa secunda found on plot, and nothing but invasive grasses and forbs in the rest of the \r\nplot. Both plots displayed a severe decrease of a previously strong shrub component, but some 12 | P a g e\r\nshadscale is coming back.",Polygon,Confirmed,Digitized by LTDL data entry personnel using a confirmed map,4/1/2021,407.34,407.34,,Contractor,"Establishment of seeded species, Erosion, Habitat for wildlife, Noxious weeds, Invasion by cheatgrass","Most of the fire area was dominated by Lahontan sagebrush (Artemisia arbuscula ssp.\r\nlongicaulis) and Sandberg bluegrass, with bluebunch wheatgrass \r\ncommon in the mid to upper elevations. Cheatgrass (Bromus\r\ntectorum) was present throughout the fire area and dominant in the understory at lower\r\nelevations. Populations of whitetop (Cardaria draba) and Canada thistle (Cirsium arvense),\r\nboth Nevada Category C Noxious Weeds, exist within or close to the fire perimeter.",,,,,,06:49:00
Model 17,Nothern Basin and Range,Post-burn aerial seeding,57496,21995,Implemented,See Comments,2,3/12/2018,3/12/2018,Acres,900,Seeding,Aerial Seeding,Aerial Seeding,-1,Confirmed seed list,Lahontan Mix,Seeds,Confirmed on Paper,Unknown,Species Specific,"TOTAL Bulk LBS/ACRE 5.3\r\nTOT AL Blk/LBS 4,766","Objective: The cover objectives are to obtain 50% of all perennial plant cover found in the associated reference site by \r\nthe end of the third year. Density objectives are to obtain an average of 0.25 seeded species firmly rooted per square meter \r\nby the end of the third year from fire containment.\r\n\r\nThe fire removed shrub and perennial grass cover from Greater Sage-Grouse Priority Habitat\r\nManagement Area. The bare ground is vulnerable to invasion by cheatgrass (Bromus\r\ntectorum) and likely to be converted to an invasive annual grassland.\r\n\r\n1. Obtain an average of 1 seeded plant per square meter by the end of the fifth year \r\nfollowing fire ignition, which occurred on 7/23/2017.\r\n2. Obtain 50% or greater perennial cover of the low potential perennial plant cover for \r\nthe appropriate ecological site by the end of the third year following fire ignition.\r\n3. The seeding would result in lower abundance (density and cover) of invasive annual \r\nplant species, and a higher abundance of desirable perennial plant species than the \r\nunseeded control areas.\r\n4. Seeded species would be well established and reproducing.","The BLM proposes to aerial seed a total of 1,350 acres of land managed by BLM that was \r\nburned by the Leonard Creek Fire. Seeding would occur in the December 2017 or January 2018. \r\nThree distinct seed mixes would be applied on different portions of the burned area. At the lower \r\nelevations a mix containing shadscale saltbrush (Atriplex confertifolia), Sandberg bluegrass (Poa \r\nsecunda), and bottlebrush squirreltail (Elymus elymoides) is proposed for seeding on 400 acres.\r\nAt middle elevations a mix containing Lahontan sagebrush (Artemisia arbuscula ssp. \r\nlongicaulis), Sandberg bluegrass, and bluebunch wheatgrass (Pseudoroegneria spicata) is \r\nproposed for seeding 900 acres. Within drainages a mix containing Sandberg bluegrass and Great \r\nBasin wildrye (Leymus cinereous) is proposed for seeding 50 acres.","Aerial Seeding 3 separate locations to address differences in \r\nsoil and vegetation. \r\nBlock 1 will consist of basin wildrye and sanburg bluegrass.\r\nBlock 2 will consist of shadscale saltbrush, bottlebrush \r\nsquirreltail, and sanburg bluegrass. \r\nBlock 3 will consist of Wyoming sagebrush, sanburg \r\nbluegrass, and bluebunch wheatgrass. See Table 5 for seeing \r\nrates.","2020 was a difficult year due to the coronavirus and most notably the season started later than \r\nusual. This could show itself as incorrect perennial species due to many drying out before July \r\nwhen monitoring began.\r\nAfter the third year of treatment, monitoring results show that both plots have failed to\r\nmeet their plant density objectives. One passed the ESR perennial objective, but that plot passed \r\nwith 108 Poa secunda found on plot, and nothing but invasive grasses and forbs in the rest of the \r\nplot. Both plots displayed a severe decrease of a previously strong shrub component, but some 12 | P a g e\r\nshadscale is coming back.",Polygon,Confirmed,Digitized by LTDL data entry personnel using a confirmed map,4/1/2021,895.81,895.81,,Contractor,"Establishment of seeded species, Erosion, Habitat for wildlife, Noxious weeds, Invasion by cheatgrass","Most of the fire area was dominated by Lahontan sagebrush (Artemisia arbuscula ssp.\r\nlongicaulis) and Sandberg bluegrass, with bluebunch wheatgrass \r\ncommon in the mid to upper elevations. Cheatgrass (Bromus\r\ntectorum) was present throughout the fire area and dominant in the understory at lower\r\nelevations. Populations of whitetop (Cardaria draba) and Canada thistle (Cirsium arvense),\r\nboth Nevada Category C Noxious Weeds, exist within or close to the fire perimeter.",,,,,,50:57:00
Model 17,Nothern Basin and Range,Post-burn aerial seeding,57623,22019,Implemented,Unknown,2,2/1/2003,2/1/2003,Acres,27736.14,Seeding,Aerial Seeding,Aerial Seeding,-1,No seed list,,Seeds,No Seed List,Unknown,Unknown,,To conduct an aerial seeding.,No documentation.,An aerial seeding was completed targeting mixed sagebrush.,None,Polygon,Confirmed,"Digitized by BLM field office personnel, method unknown",4/8/2021,27736.14,27705.92,,Unknown,"Establishment of seeded species, Habitat productivity, Habitat quality, Rangeland health",Wildfire.,Unknown,No documentation.,Unknown,No documentation.,,09:35:00
Model 17,Nothern Basin and Range,Post-burn aerial seeding,57637,22020,Implemented,See Comments,2,3/21/2018,3/21/2018,Acres,1000,Seeding,Aerial Seeding,Aerial Seeding,-1,Confirmed seed list,Aerial Mix,Seeds,Confirmed on Paper,Unknown,Species Specific,,Objective: The cover objectives are to obtain 50% of all perennial plant cover found in the associated reference site by \r\nthe end of the third year. Density objectives are to obtain an average of 0.25 seeded species firmly rooted per square meter \r\nby the end of the third year from fire containment.,"The BLM proposes to aerial seed a total of 1,000 acres of public land managed by BLM that was \r\nburned by the Mahogany Fire. Seeding would occur in the December of 2017 or January of \r\n2018. The possible species the project would seed with mountain big sagebrush (Artemisia \r\ntridentata ssp. wyomingensis), Sandberg bluegrass (Poa secunda), and bluebunch wheatgrass \r\n(Pseudoroegneria spicata).","The fire removed shrub and perennial grass cover from \r\nimportant Greater Sage-Grouse habitat. The bare ground is \r\nvulnerable to invasion by cheatgrass (Bromus tectorum) which \r\nwill inhibit future recovery of native vegetation. \r\nAerial seed 1000 acres with mountain big sagebrush \r\n(Artemisia tridentata ssp. wyomingensis), Sandberg bluegrass \r\n(Poa secunda), and bluebunch wheatgrass (Pseudoroegneria \r\nspicata).","2020 was a difficult year due to the coronavirus and most notably the season started later than \r\nusual. This could show itself as incorrect perennial species due to many drying out before July \r\nwhen monitoring began.\r\nAfter the third year after treatment, monitoring results show that all plant density \r\nobjectives and ESR perennial objectives have been met. The burned area suffered a severe \r\ndecrease of the shrub component, but it seems to be reestablishing. Spineless horsebrush, rubber \r\nrabbitbrush, and mountain sagebrush have been found in the area. The native flora is flourishing\r\nwith Sanburg bluegrass, arrowleaf balsamroot, and silvery lupin as the flagship. Cheatgrass was \r\nnot seen on the plot until the third year and it was not common. The landscapes ability to resist \r\ncheatgrass for so long proves its resilience and recoverability. No more treatments are planned \r\nfor the Mahogany fire area.",Polygon,Confirmed,Digitized by LTDL data entry personnel using a confirmed map,4/12/2021,1025.67,1025.61,,Contractor,"Establishment of seeded species, Erosion, Noxious weeds","Prior to the fire, lower elevations of the burned area were dominated by Wyoming big\r\nsagebrush and Sandberg bluegrass (Poa secunda), with some other native bunchgrasses and\r\ncheatgrass (Bromus tectorum) present. Upper elevations were dominated by mountain\r\nsagebrush, perennial bunchgrasses, and extensive stands of curl-leaf mountain mahogany\r\n(Cercocarpus ledifolius) which were lost in the fire. Several small stream systems with\r\nriparian vegetation including aspen and willow were impacted by the fire. Scotch thistle\r\n(Onopordum acanthium), a Category B Noxious Weed, and Canada thistle (Cirsium\r\narvense), a Category C Noxious Weed, are present within the fire perimeter.\r\nSeveral historical mining structures are within the fire perimeter. The structures were\r\nundamaged by the fire and are unlikely to be impacted by changes that occur because of\r\nthe fire.\r\n\r\nWithout treatment the burned areas are increasingly susceptible to exotic annual dominance; this would jeopardize the \r\nGreater Sage-Grouse, mule deer herds and other wildlife that depend on this area year-round and especially in the winter \r\nmonths. Seeding occurred on sites that do not have the likelihood of naturally recovering from the fire. Areas were seeded \r\nwith perennial species to reduce the dominance of Bromus tectorum.",,,,,,37:47:00
Model 17,Nothern Basin and Range,Post-burn aerial seeding,57655,22024,Implemented,See Comments,1,2/17/2020,2/19/2020,Acres,1875,Seeding,Aerial Seeding,Aerial Seeding,-1,Confirmed seed list,Aerial Low Elevation,Seeds,Confirmed on Paper,Unknown,Species Specific,,"Objectives will be considered met for the seeding if 1 native forb and 3 seeded bunchgrasses per square meter and 0.3 native shrubs per square meter are found in post-fire monitoring within 2-5 years, and 3-5 years, respectively.","Aerial Low Elevation Mix -Aerially seed approximately 1,873 acres with Wyoming big sagebrush, Basin big sagebrush, Snake River wheatgrass, thickspike wheatgrass, Sherman big bluegrass, and alfalfa.","Aerial seedings applied. The Aerial Low Elevation seed mix was comprised of Wyoming big sagebrush, mountain big sagebrush, alfalfa, and Snake River wheatgrass.","ESR 2022 Monitoring Report\r\nS3 Aerial Seeding\r\nGoose AIM Plot 01 was correlated to a Shallow Clay Loam 10-14 P.Z. site in a former / Artemisia nova / Pseudoroegneria spicata ssp. spicata ( / black sagebrush / bluebunch wheatgrass ) vegetation site on a hill backslope.\r\nGoose AIM Plot 02 was correlated to a Shallow Loam 8-12 P.Z. site in a former / Artemisia tridentata ssp. wyomingensis / Achnatherum thurberianum \u2013 Pseudoroegneria spicata ( / Wyoming big sagebrush / Thurber\u2019s needlegrass \u2013 Bluebunch wheatgrass) vegetation site on a hill backslope.\r\nGoose AIM Plot 03A was correlated to a Loamy Bottom 8-14 P.Z. site in a former / Artemisia tridentata ssp. tridentata / Leymus cinereus ( / basin big sagebrush / basin wildrye) vegetation site on a floodplain.\r\nGoose 01, Goose 02, and Goose 03A were all treated with the Aerial Seeding mix which was comprised of Snake River wheatgrass (Elymus wawawaiensis), Great Basin wildrye (Leymus cinereus), Thickspike wheatgrass (Elymus lanceolatus), Sherman bluegrass(Poa secunda), Alfalfa (Medicago sativa), Wyoming big sagebrush (Artemisia tridentata ssp wyomingensis), and Mountain big sagebrush (Artemisia tridentata ssp vaseyana).\r\nIn 2022, Goose 03A was determined to a plot that should have been rejected due to a stream flowing through the entirety of the plot. Therefore, it was not surveyed in 2022 and will not be surveyed again in the future.\r\n2020: The monitoring objectives for the seeding was 3 seeded bunchgrasses, 1 native forb, and 0.3 shrubs per square meter. Grasses and forbs met objectives on AIM Plot 01, some grasses and forbs were observed through density on AIM Plot 02, and no seeded species were observed in density on AIM Plot 03. Seeded species were observed in all three plots\u2019 species inventory. Recovery of grasses is going well on all three sites and the majority of the recovery is from Poa species.\r\n2021: The monitoring objectives for each of the sites was not met. Seeded bunchgrasses were met for Goose 01, native regrowth of forbs and shrubs were observed on the plots and cumulatively met the goal of more than 1 forb/m2 and 0.3 shrubs/m2 but no other objectives were met for any of the 3 plots. Overall, there was a decline in total density of plant species across all three plots.\r\n2022: The rehabilitation objectives for this site were not met due to the continued lack of seeded sagebrush being present on the plots. No seed shrubs or seeded forbs were observed while grass species, both seeded and native regrowth, are observed in strong numbers. However, native regrowth of shrubs is showing continued signs of establishment and stabilization on the plots.\r\nAIM Data Results:\r\nCover\r\n2020: Average foliar canopy cover was moderate (59.3%) with cheatgrass and an unknown perennial grass taking the highest cover (10.4% and 10.2%, respectively). All combined perennial species had much higher cover (57.5%) than the combined cover for all annual species observed in LPI (29.9%). Many of the sites had a diversity of grass species and some tree cover.\r\n2021: Average foliar canopy cover decreased from 2020 by 12.63% (46.67%), with large drops in perennial grasses and both perennial and annual forbs (-19% and -6%/-13% respectively). The only indicator that had an increase in foliar cover was trees with an increase of 2% since 2020.\r\n2022: Average foliar cover increased significantly from 46.67% in 2021 to 71.7T% with annual forbs taking over as the most dominant on the plot with 29.6% cover. The next abundant indicator were perennial grasses at 16.5, a decrease of 10% since last year, all other indicators saw decreases as well.\r\nGaps and Erosion\r\n2020: Gaps occurred mostly in >200cm segments and occupied 18.8% of the average 25m transects.\r\nGoose 01: No rills, gullies, deposition/runoff, or sheet erosion were observed on the plot. Common pedestalling (roots rarely exposed) and water flow patterns were observed on the site. This is a slight to moderate departure from expected conditions on the R025XY057NV site. However, the slope was estimated at 34% for the plot, which would influence higher instances of wind and water erosion on the site.\r\nGoose 02: No signs of wind or water erosion were recorded for the site. These are ideal conditions for the R025XY021NV site.\r\nGoose 03A: No observations of wind and water erosion were made on the site with the exception of very long, connected, and potentially unstable water flow patterns. This is a departure from expected conditions on the R025XY003NV site and the area should be observed closely in the future for worsening erosion issues.\r\n2021: The most frequently occurring gaps were the >200cm range with 25.28% coverage, the largest increase of any of the gap ranges. Although, each gap range had an increase in average percentage which would seem to correspond with the decrease in overall foliar coverage observed. No data was collected about signs of erosion on plot.\r\n2022: The most frequently occurring gaps were reduced to the 51-100cm range at 11.2%, with all gaps larger than 200cm not present. The increase in total foliar cover could be contributing to the decrease in gaps observed, the increase in the foliar cover being dominated by annual forbs however is still of concern. No signs of erosion were observed on the plot, indicating that soil stability and site integrity is high.\r\nSpecies Richness\r\n2020: Perennials outnumbered annuals and the presence of shrubs and trees are a good sign for soil stability and rehabilitation.\r\n2021: There was a decrease of 12 species on average from 2020 to 2021, notably the loss of 6 perennial forb species. Perennial species still outnumbered annual species and shrubs/trees remained on plot.\r\n2022: There was another decrease of average total species observed across the plots from 2021. Each growth habit category did see a decrease in species, aside from annual and perennial grasses, and perennials still outnumber their annual counterparts.\r\nRecommendations:\r\n2021: The ESR rehabilitation objectives of the aerial seeding has not been fully met, either on a plot level or on average between the three plots. No closures were issued and sign of cattle were found on plots. It is recommended that these plots receive proper rest and grazing management so that seeded species may establish root systems and communities.\r\n2022: The ESR rehabilitation objectives of the aerial seeding has not been fully met, either on a plot level or on average. No closures were issued and cattle trails and scat were observed across the plots. It is recommended that these plots continue to receive proper rest and grazing management so that seeded species may establish root systems and communities.",Polygon,Confirmed,Digitized by LTDL data entry personnel using a confirmed map,4/12/2021,1834.4,1832.6,Feature acres lower than planned treatment acres.,BLM,"Forage for wildlife, Forage quality, Habitat for wildlife, Habitat quality,, Loss of desirable species,, Loss of vegetation",The objective of the aerial seeding treatment is to revegetate the burned area with a well-adapted species mix that provides forage and will promote structural and species diversity within the burned area.,,,,,Planned cost/acre $89\r\n\r\nTwo different seed lists exist. The seed list in the 2020 Monitoring results was used instead of the planned seed list.,27:15:00
Model 17,Nothern Basin and Range,Post-burn aerial seeding,57656,22024,Implemented,See Comments,1,2/17/2020,2/19/2020,Acres,394.91,Seeding,Aerial Seeding,Aerial Seeding,-1,Confirmed seed list,Aerial Watershed,Seeds,Confirmed on Paper,Unknown,Species Specific,Bulk/rate (auto calculated) differs from seed list because of increased acreage. Costs and bulk lbs. taken from the seed list.,"Objectives will be considered met for the seeding if 1 native forb and 3 seeded bunchgrasses per square meter and 0.3 native shrubs per square meter are found in post-fire monitoring within 2-5 years, and 3-5 years, respectively.","Aerial Watershed Mix - Aerially seed approximately 301 acres with Snake River wheatgrass, Great Basin wildrye, thickspike wheatgrass, Sherman big bluegrass, and alfalfa.","Aerial seedings applied. The Aerial Watershed Mix was comprised of alfalfa, Snake River wheatgrass, Great Basin wildrye, thickspike wheatgrass, and Sandberg\u2019s bluegrass.","2020 Density Results:\r\nThe monitoring objectives for the seeding was 3 seeded bunchgrasses, 1 native forb, and 0.3 shrubs per square meter. Grasses and forbs met objectives on AIM Plot 01, some grasses and forbs were observed through density on AIM Plot 02, and no seeded species were observed in density on AIM Plot 03. Seeded species were observed in all three plots\u2019 species inventory. Recovery of grasses is going well on all three sites and the majority of the recovery is from Poa species.\r\n\r\nS3 Aerial Seeding\r\n2020 AIM Data Results:\r\nCover: Average foliar canopy cover was moderately low (39.0%) with cheatgrass and an unknown perennial grass taking the highest cover (10.4% and 10.2%, respectively). All combined perennial species had much higher cover (57.5%) than the combined cover for all annual species observed in LPI (29.9%). Many of the sites had a diversity of grass species and some tree cover.\r\n\r\nAIM Plot 03A was correlated to a Loamy Bottom 8-14 P.Z. site in a former / Artemisia tridentata ssp. tridentata / Leymus cinereus ( / basin big sagebrush / basin wildrye) vegetation site on a floodplain. No observations of wind and water erosion were made on the site with the exception of very long, connected, and potentially unstable water flow patterns. This is a departure from expected conditions on the R025XY003NV site and the area should be observed closely in the future for worsening erosion issues.\r\nGaps occurred mostly in >200cm segments and occupied 18.8% of the average 25m transects.\r\nSpecies Richness: An average of 58 different plants species were observed within the 2,827.4 square meter monitoring plots.\r\n\r\n2020 S3 Aerial and R2 Ground, R3 Aerial Seeding Recommendations:\r\nThe ESR rehabilitation objectives of the aerial seedings have not been fully met, although some seeded species have been observed and recovery of perennial species is apparent. There was a grazing closure issued for the Goose fire area. The objective of three perennial grasses per square meter has been met (primarily through Poa species regrowth) in the aerial seeding and imazapic treatment areas. It is advised that the area is reviewed and the fire area receive appropriate rest and grazing management so that seeded species may establish as treatments continue.",Polygon,Confirmed,Digitized by LTDL data entry personnel using a confirmed map,3/19/2024,394.91,332.73,Feature acres used for treatment based on,Contractor,"Cover for wildlife, Forage for wildlife, Loss of desirable species, Loss of vegetation, Vegetal cover",The objective of the aerial seeding treatment is to revegetate the burned area with a well-adapted species mix that provides forage and will promote structural and species diversity within the burned area.,,,,,"Planned cost $89/acre. Estimated cost from monitoring seed list. Treatment feature acres greater than original planned acreage, based on As Built Map. \r\n\r\nTwo different seed lists exist. The seed list in the 2020 Monitoring results was used instead of the planned seed list.",41:45:00
Model 17,Nothern Basin and Range,Post-burn aerial seeding,57657,22024,Implemented,See Comments,1,2/17/2020,2/19/2020,Acres,2598.87,Seeding,Aerial Seeding,Aerial Seeding,-1,Confirmed seed list,Aerial Mid Elevation,Seeds,Confirmed on Paper,Unknown,Species Specific,Monitoring report claims that Clover was included in the seed list (2020 Density Results) however there are no specifics as clover is not included on the seed list.,"Objectives will be considered met for the seeding if 1 native forb and 3 seeded bunchgrasses per square meter and 0.3 native shrubs per square meter are found in post-fire monitoring within 2-5 years, and 3-5 years, respectively.","Aerial Mid Elevation Mix -Aerially seed approximately 2,388 acres with Mountain big sagebrush, Basin big sagebrush, Snake River wheatgrass, thickspike wheatgrass, Sherman big bluegrass, and alfalfa.","Aerial seedings applied. The Aerial Mid Elevation seed mix was comprised of mountain big sagebrush, basin big sagebrush, clover, alfalfa, Snake River wheatgrass, thickspike wheatgrass, and Sandberg bluegrass.","ESR 2022 Monitoring Report\r\nR2 Ground, R3 Aerial Seeding\r\nGoose AIM Plot 04 was correlated to a Ceanothus Thicket site on a former Ceanothus velutinus (snowbrush ceanothus) vegetation site on a hill backslope.\r\nDrill seed mix consisted of Snake River wheatgrass (Elymus wawawaiensis), Sherman bluegrass (Poa secunda), Indian ricegrass (Achnatherum hymenoides), and Dryland alfalfa (Medicago sp.).\r\nDensity Results:\r\n2020: The drill and aerial overseeding of this portion of the fire has not been completed. The pre-treatment of the area with aerial imazapic (herbicide) was completed by the Nevada Department of Wildlife. A range of 1 to 7 different perennial species was observed within AIM Plot 04\u2019s density frames.\r\n2021: The rehab objective of 3 seeded bunchgrasses, 1 native forb, and 0.3 shrubs per square meter has not been fully met. No seeded species were observed in the density frames, however native regrowth of forbs and shrubs met the objective goals. Where there were plants observed in 2020 the numbers have decreased in 2021.\r\n2022: The rehabilitation objectives have not been met, again due to a lack of seeded grasses and seeded forbs present. Seeded and native regrowth of perennial grasses was relatively high at 10.5/m2 collectively. Native regrowth of forbs and shrubs are also showing signs of establishment on the plot.\r\nAIM Data Results:\r\nCover\r\n2020: Average foliar canopy cover was over all very low (11.3%) with a large amount of bare ground (50.7%). Plant cover observations through LPI were primarily perennial species with the exception of the presence of yellow salsify. No cheatgrass observations were made in LPI measurements.\r\n2021: Average foliar canopy cover decreased from the low 11.3% last year to 10.67% in 2021. No annuals were observed during Line-Point Intercept though they were observed on the plot. Shrubs increased by 2% but perennial forbs decreased 2.7% from 4.7% in 2020. While annuals have not established dominance on the site there is potential for that since there aren\u2019t many perennials established either.\r\n2022: Average foliar canopy cover increased since 2021 by 6% but still remains low at 16.7% total. Perennial grasses and shrub dominate the foliar cover at 5.9% and 4.3% respectively. No annual grasses were observed and annual forbs remained very low at only 0.5% observed on plot.\r\nGaps and Erosion\r\n2020: The percentages of gap ranges were split in two. The two smallest gap ranges (25-50cm and 51-100cm) each had approximately 13% while the two highest gap ranges (101-200cm and >200cm) each had approximately 24%.\r\nNo rills, gullies, or sheet erosion were observed on the plot. Widespread pedestalling (commonly exposed roots), common deposition/runoff, and moderately long water flow patterns were observed on the plot. This indicates wind and water erosion are common on the plot which could impact future treatment success.\r\n2021: The most frequently observed gap range was >200cm at 45.7% almost twice what it was in 2020. Additionally, the 101-200 range increased by roughly 6% and the two smallest ranges saw decreases in their frequency. No data was collected about signs of erosion on the plot.\r\n2022: The most frequently observed gap range was still >200cm at 40.0%, a reduction of 5.7% but still a significant amount of coverage. Overall, the distribution of gap across the size ranges remained similar to that observed in 2021. Small amount of pedestaling and deposition were observed across the plot.\r\n\r\nSpecies Richness\r\n2020: Perennials outnumbered annuals and the presence of shrub species is a good sign of soil stability and rehabilitation.\r\n2021: Distribution of species types remained similar to 2020. The biggest change was the loss of 6 perennial forbs and 5 total species observed on plot.\r\n2022: Species richness decreased by only 2 since 2021 but there was a shift in distribution in that perennial grasses lost 4 species and annual forbs gained 3. If this trend continues it could have negative consequences for the future health of the plot.\r\nRecommendations\r\n2021: The ESR rehabilitation objectives of the aerial seedings have not been fully met, although some seeded species have been observed and recovery of perennial species is apparent. There was a grazing closure issued for the Goose fire area. The objective of three perennial grasses per square meter has been met (primarily through Poa species regrowth) in the aerial seeding and imazapic treatment areas. It is advised that the area is reviewed and the fire area receive appropriate rest and grazing management so that seeded species may establish as treatments continue.\r\n2022: The ESR rehabilitation objectives of the aerial seedings have not been fully met, although some seeded species have been observed and recovery of perennial species is apparent. There was a grazing closure issued for the Goose fire area. The objective of three perennial grasses per square meter has been met (primarily through Poa species regrowth) in the aerial seeding and imazapic treatment areas. It is advised that the area is reviewed and the fire area receive appropriate rest and grazing management so that seeded species may establish as treatments continue.",Polygon,Confirmed,Digitized by LTDL data entry personnel using a confirmed map,3/19/2024,2598.87,2417.07,,Contractor,"Cover for wildlife, Forage for wildlife, Forage quality, Habitat for wildlife, Habitat quality, Loss of desirable species, Loss of sagebrush",The objective of the aerial seeding treatment is to revegetate the burned area with a well-adapted species mix that provides forage and will promote structural and species diversity within the burned area.,,,,,"planned cost $89/ acre. Monitoring shows seeding to not include private land within the burn boundary, but Built As Map shows that aerial seeding was implemented across private land as well, hence the greater acreage.\r\n\r\nTwo different seed lists exist. The seed list in the 2020 Monitoring results was used instead of the planned seed list.",45:50:00
Model 17,Nothern Basin and Range,Post-burn aerial seeding,57667,22024,Implemented,Successful,1,10/1/2020,3/31/2021,Acres,1225,Seeding,Aerial Seeding,Aerial Seeding,-1,Planned seed list,Aerial Drill Overseed,Seeds,Plan,Unknown,Species Specific,,For the purposes of biotic integrity establish native forbs to 1 per square meter density in post-fire monitoring within 2-4 years. For the purposes of biotic integrity establish native shrubs to 0.3 per square meter density in post-fire monitoring within 3-4 years.,"In winter 2020/2021, aerial seed approximately 1,225 acres (previously treated with imazapic) with Wyoming big sagebrush, Basin big sagebrush, and alfalfa.","Overseeding of previously drill seeded area complete, verified by As Built Map.","2022: The rehabilitation objectives have not been met, again due to a lack of seeded grasses and seeded forbs present. Seeded and native regrowth of perennial grasses was relatively high at 10.5/m2 collectively. Native regrowth of forbs and shrubs are also showing signs of establishment on the plot.",Polygon,Confirmed,Digitized by LTDL data entry personnel using a confirmed map,4/12/2021,1250.58,1250.58,,BLM,"Cover for wildlife, Forage for wildlife, Habitat quality, Loss of desirable species, Loss of sagebrush, Loss of vegetation",Cumulative lose of sagebrush within this area has had a long-term negative impact to GRSG and mule deer as well as all other sagebrush obligate species.,,,,,2020: The drill and aerial overseeding of this portion of the fire has not been completed.,03:48:00
Model 17,Nothern Basin and Range,Post-burn aerial seeding,58324,22158,Implemented,See Comments,2,12/15/2010,12/15/2010,Acres,2217,Seeding,Aerial Seeding,Aerial Seeding,-1,Confirmed seed list,,Seeds,Confirmed on Paper,Unknown,Species Specific,PLS Range is 11.10 - 17.75,Re-establish sagebrush over the burned area utilizing aerial seeding.,"2,217 acres will be seeded with Wyoming sagebrush in the\r\nfall/winter.","This project consisted of aerial seeding 2,217 acres. Rate of application was approximately 1. 00\r\npounds bulk seed per acre. The seed consisted of 2,200 pounds of Wyoming Sagebrush. The\r\nseed was applied to muddy ground in strips from east to west.","2011 Report: Data from the belt transect monitoring in late June showed no occurrence of sagebrush seedlings. Fire ecologists noticed the establishment of sagebrush seedlings during a late August site visit.\r\n\r\nCloseout: None of the drill seeded species were detected in monitoring location 002 in 2011, 2012, or\r\n2013. This area had been seeded in the past and had 25.3% cover of crested wheatgrass/Siberian\r\nwheatgrass in 2011, 20.0% cover in 2012, and 18.67 cover in 2013. Sandberg bluegrass\r\ncomprised 8% cover in 2011, 40% in 2012, and 24% cover in 2013. Cheatgrass was a minor\r\ncomponent at the monitoring location with 1.3% cover in 2011 and 2013 and 2.7% cover in\r\n2012. It is possible that seeded grasses may be present but were not properly identified by\r\nmonitoring personnel, as unidentified grasses had 33.3% cover in 2011, 58.7% cover in 2012,\r\nand 45.3% cover in 2013. No forbs, seeded or otherwise, were detected in the line point cover\r\ntransects in any year. Likewise, no seeded grasses or forbs were detected in 0.5 m density plots.\r\nWyoming big sagebrush was not detected in belt transects at either monitoring location.\r\nFire ecologists conducted site visits in late August 2011 and May 2012. Crested wheatgrass and\r\nSandberg bluegrass cover dominated the eastern two-thirds of the burned area while cheatgrass\r\ndominated the western one-third.\r\nSeeded species including bluebunch wheatgrass, western yarrow, Munroe globemallow, sand\r\npenstemon, and sagebrush were established in the area with higher cheatgrass cover (which\r\nlacked a monitoring location). Some grasses and forbs were observed to be reproductive.\r\nSagebrush ranged in height from about 2 to 8 inches in May 2012.",Polygon,Confirmed,"Digitized by BLM field office personnel, method unknown",None,2272.56,2272.56,,Contractor,"Habitat quality, Invasion by cheatgrass, Invasion by non-native annuals, Invasive species, Loss of desirable species, Loss of native vegetation, Loss of vegetation, Noxious weeds, Vegetal cover",Establish native shrubs within the burn perimeter in order to reestablish\r\nhabitat and restore proper ecosystem structure and function.,,,Muddy Ground,The seed was applied to muddy ground,,31:32:00
Model 17,Nothern Basin and Range,Post-burn aerial seeding,58509,22182,Implemented,Unknown,2,11/25/2018,12/10/2018,Unknown,,Seeding,Aerial Seeding,Aerial Seeding: Rotor Wing,-1,Confirmed seed list,,Seeds,Confirmed in GIS,Unknown,Unknown,,,,GIS is implementation data,Unknown,Polygon,Confirmed,"Digitized by BLM field office personnel, method unknown",None,3206.59,2989.19,,Unknown,"Establishment of seeded species, Loss of desirable species, Loss of native species, Loss of native vegetation, Loss of sagebrush, Loss of vegetation, Vegetal cover",,,,,,,04:45:00
Model 17,Nothern Basin and Range,Post-burn aerial seeding,58753,21243,Implemented,See Comments,1,11/8/2012,11/22/2012,Acres,13148,Seeding,Aerial Seeding,Aerial Seeding: Fixed Wing,-1,Confirmed seed list,Steep Slopes And Drainage,Seeds,Confirmed on Paper,Unknown,Species Specific,,"Objective 2 of the FMDA\u2019s objective and management actions is to\r\nmaintain, protect, and expand sage-grouse source habitats. Following wildland fire, use seeding\r\ntreatments with appropriate plant materials to attempt to stabilize sites and prevent dominance of\r\ninvasive, annual vegetation, and noxious weeds. Therefore aerial seeding meets this objective\r\nand is in conformance with the RMP as amended by the FMDA.",To seed the area.,"Grass: This project consisted of aerial seeding 27,634 acres within the Cave Canyon Fire as part of the Emergency Stabilization Plan.  There were three different seeding projects within this project.  The Sage Grouse Mix seeding rate of application was approximately 7.74 pounds bulk seed per acre.  The Wyoming & Juniper Mix seeding rate of application was approximately 11.74 pounds bulk seed per acre.  The Slope & Drainage Mix seeding rate of application was approximately 7.50 pounds bulk seed per acre.  Applications were done prior to chaining on the Sage Grouse and Wyoming & Juniper areas.  The seed was applied to moist ground, see the attached map for the project location.  The contractor was Crop Jet Aviation, LLC of Gooding, Idaho.  Pilots for the seeding were George Parker, Jason Tucker, and Andy Frostensen.  The project was completed using two fixed wing planes.   \r\nThree Seed Mixes: \nSage Grouse \u2013 5,630 acres \nWyoming Juniper \u2013 8,856 acres \nSlope and Drainages \u2013 13,148 acres","A qualitative summary was written by the monitoring crew after all the quantitative data was collected. The higher elevation points were typically more diverse than the lower elevation points. The appeared to be Vole damage to some of the monitoring sites. Big clearing of vegetation (mainly grass) was cut down. Monitoring points that did not have the implementation of the chaining had higher densities of cheatgrass. Overall there was a good establishment of seeded species throughout the monitoring sites. Sagebrush was observed in the higher elevation monitoring sites. During the specific sagebrush monitoring site, there were little seedlings recorded but seedlings were observed. The lower elevation monitoring sites had little to none sagebrush seedlings. The lack of diversity is a concern, but the lack of annual grasses was a positive outcome. The objective of three seeded grass species per square meter.\r\nThe quantitative third year monitoring results showed that there was a slight decrease in perennial grasses and a continued decrease in bare ground. That is to be expected the third year as the grasses begin to produce litter. The annual grasses decreased by only by 3%. Forbs increased by only 1%, but the litter increased by 24%. The density monitoring results show that there is a downward trend in the perennial grasses that maybe caused by the re-introduction of grazing. There was an increase in forb density across the project area. The sagebrush seedling density monitoring also showed a decrease in the density. An increase infestation with Voles was observed during monitoring this year. A large area where perennial grass had been cut down and seeds were missing was noticed. The increase in Voles could be one of the reason a decrease in perennial grass densities had declined.\r\n\r\nFY 22\r\nMonitoring plots were revisited by TFD Fuels technicians during the summer of 2022 for the 10th year monitoring. Qualitative assessments were completed which included a general plot description, species inventory, and photo documentation.\r\nThe following photo points are representative of the entire treated area of the Cave Canyon fire. There are 24 total photo plots across the treated burn area. For the 10th year monitoring year, 10 plots were revisited for qualitative assessments. Plots visited include 004, 005, 006, 008, 010,013, 014, 018, 024, and 025. Data collected included a general plot description, species inventory, and photo documentation.\r\n\r\nPART 9-RECOMMENDATIONS/CONCLUSIONS\r\nThe monitoring data, both qualitative and quantitative show that the perennial grass seeding and chain effort is a success, the sagebrush seeding was success in certain areas and not as effective as other. The continuation of monitoring of the sagebrush for the next 5 -10 years is necessary to fully determine if the overall project success. Portions of the lower elevation sites had highest percent cover of annual grasses and noxious weeds. The upper elevation areas had little to no presence of annual grass. The amount of cheatgrass found during monitoring is not a major concern, but during qualitative",Polygon,Confirmed,"Digitized by BLM field office personnel, method unknown",None,13140.23,13140.22,,Contractor,"Establishment of seeded species, Fire hazard, Loss of desirable species, Loss of vegetation, Vegetal cover","This treatment will aid in the establishment of a desirable perennial grass community that more closely matches the structural, species composition, and diversity of the native plant community to help achieve a healthy functioning rangeland. Accelerating the rate of re-establishment of native grasses is important to maintaining the value of the area as sage-grouse and mule deer winter habitat.",,,,,,15:56:00
Model 17,Nothern Basin and Range,Post-burn aerial seeding,58775,21243,Implemented,See Comments,1,2/1/2013,2/5/2013,Acres,8855,Seeding,Aerial Seeding,Aerial Seeding: Rotor Wing,-1,Confirmed seed list,Wyoming and Juniper,Seeds,Confirmed on Paper,Unknown,Species Specific,,"Objective 2 of the FMDA\u2019s objective and management actions is to\r\nmaintain, protect, and expand sage-grouse source habitats. Following wildland fire, use seeding\r\ntreatments with appropriate plant materials to attempt to stabilize sites and prevent dominance of\r\ninvasive, annual vegetation, and noxious weeds. Therefore aerial seeding meets this objective\r\nand is in conformance with the RMP as amended by the FMDA.",To seed the area.,"Sagebrush:  This project consisted of aerial seeding 14,252 acres within the Cave Canyon fire of 2012.  There were different seed varieties applied over different locations.  One area identified as Wyoming and Juniper, 8,855 acres, Wyoming Sagebrush was applied at 0.50 pounds per acre.  On the other area identified as Sage Grouse, 5,397 acres, Mountain (0.25 lbs/acre) and Low (0.12 lbs/acre) Sagebrush were applied at 0.37 pounds per acre. The seed consisted of 1,360 pounds of Mountain Sagebrush and 660 pounds of Low Sagebrush.   \r\nThe seed was applied to snow covered ground on upper elevation sites to mostly bare ground on the lower elevations sites, see the attached map for the project location.  The contractor was Thomas Helicopters, Inc of Gooding, ID.  Pilot for the seeding was Rod Thomas.  The project was completed using one helicopter and one sling type bucket.  The length of application was due to foggy conditions at the Contractor\u2019s departure airport.","A qualitative summary was written by the monitoring crew after all the quantitative data was collected. The higher elevation points were typically more diverse than the lower elevation points. The appeared to be Vole damage to some of the monitoring sites. Big clearing of vegetation (mainly grass) was cut down. Monitoring points that did not have the implementation of the chaining had higher densities of cheatgrass. Overall there was a good establishment of seeded species throughout the monitoring sites. Sagebrush was observed in the higher elevation monitoring sites. During the specific sagebrush monitoring site, there were little seedlings recorded but seedlings were observed. The lower elevation monitoring sites had little to none sagebrush seedlings. The lack of diversity is a concern, but the lack of annual grasses was a positive outcome. The objective of three seeded grass species per square meter.\r\nThe quantitative third year monitoring results showed that there was a slight decrease in perennial grasses and a continued decrease in bare ground. That is to be expected the third year as the grasses begin to produce litter. The annual grasses decreased by only by 3%. Forbs increased by only 1%, but the litter increased by 24%. The density monitoring results show that there is a downward trend in the perennial grasses that maybe caused by the re-introduction of grazing. There was an increase in forb density across the project area. The sagebrush seedling density monitoring also showed a decrease in the density. An increase infestation with Voles was observed during monitoring this year. A large area where perennial grass had been cut down and seeds were missing was noticed. The increase in Voles could be one of the reason a decrease in perennial grass densities had declined.\r\n\r\nFY 22\r\nMonitoring plots were revisited by TFD Fuels technicians during the summer of 2022 for the 10th year monitoring. Qualitative assessments were completed which included a general plot description, species inventory, and photo documentation.\r\nThe following photo points are representative of the entire treated area of the Cave Canyon fire. There are 24 total photo plots across the treated burn area. For the 10th year monitoring year, 10 plots were revisited for qualitative assessments. Plots visited include 004, 005, 006, 008, 010,013, 014, 018, 024, and 025. Data collected included a general plot description, species inventory, and photo documentation.\r\n\r\nPART 9-RECOMMENDATIONS/CONCLUSIONS\r\nThe monitoring data, both qualitative and quantitative show that the perennial grass seeding and chain effort is a success, the sagebrush seeding was success in certain areas and not as effective as other. The continuation of monitoring of the sagebrush for the next 5 -10 years is necessary to fully determine if the overall project success. Portions of the lower elevation sites had highest percent cover of annual grasses and noxious weeds. The upper elevation areas had little to no presence of annual grass. The amount of cheatgrass found during monitoring is not a major concern, but during qualitative",Polygon,Confirmed,"Digitized by BLM field office personnel, method unknown",None,8610.24,8601.39,,Contractor,"Establishment of seeded species, Fire hazard, Loss of desirable species, Loss of vegetation, Vegetal cover, Erosion, Forage for livestock, Loss of cultural sites, Loss of farming structures, Noxious weeds, Habitat for mule deer, Habitat for sage grouse","This treatment will aid in the establishment of a desirable perennial grass community that more closely matches the structural, species composition, and diversity of the native plant community to help achieve a healthy functioning rangeland. Accelerating the rate of re-establishment of native grasses is important to maintaining the value of the area as sage-grouse and mule deer winter habitat.",Other (See Trt Notes),The length of application was due to foggy conditions at the Contractor\u2019s departure airport.,Other (See Trt Notes),The seed was applied to snow covered ground on upper elevation sites to mostly bare ground on the lower elevations sites,Contract cost is estimated based on the portion of the total acres seeded that this seed mix represents.,29:13:00
Model 17,Nothern Basin and Range,Post-burn aerial seeding,59826,22399,Implemented,Unknown,2,1/00/2012,1/00/2012,Acres,,Seeding,Aerial Seeding,Aerial Seeding,-1,Planned seed list,,Seeds,Plan,Unknown,Unknown,,To conduct an aerial seeding.,"Area is proposed to be aerial seeded with desirable perennial species (Wyoming big sagebrush and forage kochia) to hold soil in place and reduce the threat of cheatgrass and other invasive annuals from dominating the site. There are no listed noxious weeds on this site. Previous fires within the Tule Springs area have reverted to invasive annual plant dominance when the  sites have not been seeded with desirable perennial species  .  Increasing the presence of invasive annual, primarily cheatgrass, within the Tule Springs area will continue to increase the risk frequent large wildfires and push the area through an ecological threshold.  Once through this threshold it will be extremely difficult to break the fire-cheatgrass cycle and establish desirable perennial plants.",An aerial seeding was completed where big sagebrush was targeted.,None,Polygon,Confirmed,"Digitized by BLM field office personnel, method unknown",8/4/2021,2000.53,2000.53,,Unknown,"Establishment of seeded species, Habitat productivity, Habitat quality","The Buckskin Fire started on 9/15/2011 by lightning and was contained on 9/17/2011 after burning a total of 2,000 acres. The fire burned in the Tule Springs Pasture of the Tule Springs Allotment # 6018.There are no Wilderness Study Areas or Wilderness associated with the burned area, however the burn is within the Alvord-Tule Wild Horse Herd Management Area. Vegetation within the burned area was dominated by Wyoming big sagebrush with a significant understory of introduced annual grasses (cheatgrass and Japanese brome).  The Tule Springs area is one of the driest portions of the Burns District receiving only 6 to 8 inches of precipitation annually.  A number of fires have burned in the Tuley Springs area since the early 1980s,  Post-fire plant communities often resulted in large areas of exposed soils subject to wind erosion.  Since the late 1990s, seeding( both aerial and drill) has occurred on most fires with fairly good success.  Seeding has proven to limit soil movement and helped to limit dominance to invasive annual plants.  The Buckskin Fire will be aerial seeded with perennial species (Wyoming big sagebrush and forage kochia) to control and prevent short-term soil loss and cheatgrass and other invasive annuals from dominating the site. The proposed seeding in the Buckskin fire area is fenced separately from the rest of the allotment in the Tule Springs pasture  Herders provided by the grazing permittee would move any cattle that wander into the area, away from the proposed seeding. There should not be much pressure from livestock in this area, because available livestock water can be controlled by turning on or turning off  water to troughs on the existing pipeline in the area. The 2,000 acre seeding would be a small part of the 136,895 acre Tule Spring Pasture; therefore, temporary fencing, which would increase the rehabilitation cost unnecessarily, and is not proposed for this burned area. This method of protection has been used in the past in this general area, with success.",Unknown,No documentation.,Unknown,No documentation.,,30:32:00
Model 17,Nothern Basin and Range,Post-burn aerial seeding,66398,23890,Implemented,See Comments,2,2/16/2021,2/25/2021,Acres,8000,Seeding,Aerial Seeding,Aerial Seeding,-1,Planned seed list,Poodle Mountain WSA,Seeds,Plan,Unknown,Unknown,"The seed mix would be compromised of species suited for the site potentially including: Bottlebrush squirreltail (Elymus elymoides), Sandberg bluegrass (Poa secunda), Bluebunch wheatgrass (Pseudoroegneria spicata), Western Wheatgrass (Pascopyrum smithii), Low Sagebrush (Artemisia arbuscula), and Wyoming big sagebrush (Artemisia tridentate ssp. Wyomingensis).",To competitively restrict invasive annual grass establishment.,"Poodle Mountain WSA\r\nApproximately 8,035 acres of BLM administered lands would be aerial seeded in the fall of 2020. Application of seed by aircraft would occur with species appropriate for the site based on resistance resilience and ecological site descriptions. Native perennial grass species will be seeded to competitively restrict invasive annual grass establishment.",Aerial seeding in the WSA portion of the Poodle Fire.,"ESR 2022 Summary Report \r\nMonitoring Results \r\nPlot T140-A1-BuffaloHills-POO-21 \r\nTreatment: aerially seeded \r\nPlot T140-A1-BuffaloHills-POO-21 was established in 2021 and monitored for the second time in 2022. This site is not meeting the 3-year ESR objective for percent perennial cover (14%). In 2022, this site had a recorded 2% percent perennial cover. \r\nThis site is also not meeting the 3-year ESR objective for density (1 plant/sq. meter). In 2022, this site had an average density of 0.5 seeded plants/sq. meter. The only seeded species observed in plot was Sandberg bluegrass. \r\nPlot T140-A2-BuffaloHills-POO-21 \r\nTreatment: aerially seeded \r\nPlot T140-A2-BuffaloHills-POO-21 was established in 2021 and monitored for the second time in 2022. This site is not meeting the 3-year ESR objective for percent perennial cover (24.5%). In 2022, this site had a recorded 8.7% perennial cover. \r\nThis site is meeting the 3-year ESR objective for density (1 plant/sq. meter). In 2021, this site had an average of 4.6 seeded plants/sq. meter. Seeded species observed at this plot included Sandberg bluegrass and bluebunch wheatgrass.",Polygon,Confirmed,Digitized by LTDL data entry personnel using a confirmed map,1/25/2023,8064.19,7980.98,,Contractor,"Establishment of seeded species, Loss of perennials, Habitat quality, Habitat for wildlife, Noxious weeds, Invasive species, Rangeland health",To competitively restrict invasive annual grass establishment.,,,,,,33:45:00
Model 17,Nothern Basin and Range,Post-burn aerial seeding,66399,23890,Implemented,See Comments,2,2/00/2022,2/00/2022,Acres,9000,Seeding,Aerial Seeding,Aerial Seeding,-1,Planned seed list,East of Highway 447,Seeds,Plan,Unknown,Unknown,"The seed mix would be compromised of species suited for the site potentially including: Bottlebrush squirreltail (Elymus elymoides), Sandberg bluegrass (Poa secunda), Bluebunch wheatgrass (Pseudoroegneria spicata), basin wildrye (Leymus cinereous), Sanfoin (Onobrychis viciifolia), Siberian wheatgrass (Agropyron fragile), Crested Wheatgrass (Agropyron cristatum), Forage Kochia (Bassia prostrata), Low Sagebrush (Artemisia arbuscula) and Wyoming big sagebrush (Artemisia tridentate ssp. Wyomingensis).",To competitively restrict invasive annual grass establishment.,"East of Highway 447\r\nApproximately 9,020 acres of BLM administered lands would be aerial seeded between the fall of 2020 and fall of 2021. Prior to seeding, 7,639 acres would be treated with Imazapic, in the fall of 2020, and allowed to fallow to combat invasive annual grasses. Areas that receive chemical treatment will be seeded the following year. Application of seed by aircraft would occur with species appropriate for the site based on resistance resilience and ecological site descriptions. Both native and non-native perennial grass species will be seeded to competitively restrict invasive annual grass establishment.",Aerial seeding on the non-WSA portion of the Poodle Fire and in Crutcher Canyon,"ESR 2022 Summary Report \r\nMonitoring Results \r\nPlot T145-A1-LoneJuniper-POO-22 \r\nTreatment: aerially seeded \r\nPlot T145-A1-LoneJuniper-POO-22 was established and monitored for the first time in 2022. This site is not meeting the 3-year ESR objective for percent perennial cover (14%). In 2022, this site had a recorded 9.33% percent perennial cover. \r\nThis site is meeting the 3-year ESR objective for density (1 plant/sq. meter). In 2022, this site had an average density of 3.2 seeded plants/sq. meter. The only seeded species observed in plot was squirreltail. \r\nPlot T145-A2-Granite-POO-22 \r\nTreatment: aerially seeded \r\nPlot T145-A2-Granite-POO-22 was established and monitored for the first time in 2022. This site is not meeting the 3-year ESR objective for percent perennial cover (14%). In 2022, this site had a recorded 5.33% percent perennial cover. \r\nThis site is not meeting the 3-year ESR objective for density (1 plant/sq. meter). In 2022, this site had an average density of 0.5 seeded plants/sq. meter. . The only seeded species observed in plot was squirreltail.",Polygon,Confirmed,Digitized by LTDL data entry personnel using a confirmed map,1/25/2023,8246.8,8244.57,,Contractor,"Establishment of seeded species, Loss of perennials, Habitat quality, Habitat for wildlife, Noxious weeds, Invasive species, Rangeland health",To competitively restrict invasive annual grass establishment.,,,,,,36:55:00
Model 17,Nothern Basin and Range,Post-burn aerial seeding,67976,24229,Implemented,Unsuccessful,2,10/16/2021,10/23/2021,Acres,4598,Seeding,Aerial Seeding,Aerial Seeding: Fixed Wing,-1,Confirmed seed list,Sage Grouse (Native) aerial seed mix,Seeds,Confirmed on Paper,Unknown,Species Specific,The grass and forb seed were premixed by ESR staff.,The objective of the seeding treatment is to establish perennial-dominated plant communities within 3 years. The following grass density objectives are based on ecological site potential. The aerial seed treatments would be considered successful if: The seeded grass species reach densities of: \u2022 3 plants per square meter for grasses,"All BLM burned acres will be aerial seeded utilizing a combination of two separate seeds mixes. Approximately, 4,500 acres in the Badger fire would be aerially seeded with a native seed mix (Greater Sage-Grouse Areas) and an additional 9,000 acres will be aerial seeded with native like seed mix (Steep Slopes, Drainages and Low Elevation) in the fall of 2020.","This project consisted of aerial seeding 13,551 acres of the Badger Fire prior to chaining the areas accessible to dozers. The contractor was Crop Jet Aviation, LLC out of Gooding, Idaho. The project was completed using three fixed wing aircraft. The grass and forb seed were premixed by ESR staff. The project was started on October 16th and completed on October 23, 2020. During the time there was a cold front that lasted for six days, with high winds.\r\nThere were two seed mixes for the project. The mix seeded on the chaining area, 4,598 acres, was a native mix called Sage Grouse. The mix for the remaining area, 8,953 acres, was a non-native mix called Slopes.","Sage Grouse (Native) Seed Mix \r\n\r\nTwo years post-treatment the total density of seeded grass species from the Sage Grouse (native) seed mix was 0.81 plants/m2, which does not meet the treatment objective (Table 6). Bluebunch wheatgrass (Pseudoroegneria spicata) was the dominant seeded grass species in terms of density and cover, with squirreltail (Elymus elymoides) and Sherman\u2019s big bluegrass (Poa secunda \u2018sherman\u2019) also present (Tables 5-6). Seeded forbs did not meet density objective, with a total density of 0.10 plants/m2 (Table 6) and no seeded forbs recorded on cover-point transects (Table 5). However, total cover and density of non-seeded forbs was very high in 2022 (Tables 5-6), likely due to the wet spring. Cover and density of non-seeded grasses were also much higher in 2022, with grass cover almost doubling from 2021 levels (Table 5-6). Bitterbrush (Purshia tridentata) was not observed on monitoring transects (Tables 5-6). Cover and density of cheatgrass (Bromus tectorum) was higher in 2022 than in 2021, but still relatively low on Sage Grouse seed mix monitoring plots (Tables 5-6). Noxious weeds were not recorded on monitoring transects in either year (Tables 5-6).\r\n\r\nThree years post-treatment the total density of seeded grass species from the Sage Grouse (native) seed mix was 2.13 plants/m2, a significant increase from the 0.81 plants/m2 recorded in 2022 (Table 6), but below the treatment objective of 3.0 plants/m2. Bluebunch wheatgrass was the dominant seeded grass species in terms of density and cover, with squirreltail the only other seeded grass species on cover and density transects in 2023 (Tables 5-6). Other grasses, predominately Sandberg bluegrass, accounted for most of the perennial grass density and cover on Sage Grouse seed treatment plots (Tables 5-6). Seeded forbs did not meet density objective, with a total density of 0.14 plants/m2 (Table 6) and no seeded forbs were recorded on cover transects (Table 5). However, total cover and density of non-seeded forbs remained high in 2023, although both declined from 2022 due to much lower annual forb abundance in the drier conditions of 2023 (Tables 5-6). Bitterbrush was not observed on cover or density transects, but density of other shrubs increased in 2023 (Tables 5-6). Cover and density of cheatgrass increased significantly, with density increasing from 22.77 plants/m2 in 2022 to 130.43 plants/m2 in 2023 (Tables 5-6). Noxious weeds were not recorded on monitoring transects in 2023 (Tables 5-6).",Polygon,Confirmed,Digitized by LTDL data entry personnel using a confirmed map,3/27/2023,4589.56,4567.02,,Contractor,"Establishment of seeded species, Habitat quality, Habitat productivity, Habitat for wildlife",To establish perennial-dominated plant communities within 3 years.,,,,,Costs includes the other aerial grass seeding treatment 67977 and treatments are related.,42:47:00
Model 17,Nothern Basin and Range,Post-burn aerial seeding,67977,24229,Implemented,Unsuccessful,2,10/16/2021,10/23/2021,Acres,8953,Seeding,Aerial Seeding,Aerial Seeding: Fixed Wing,-1,Confirmed seed list,Slopes (Non-native) aerial seed mix,Seeds,Confirmed on Paper,Unknown,Species Specific,The grass and forb seed were premixed by ESR staff.,The objective of the seeding treatment is to establish perennial-dominated plant communities within 3 years. The following grass density objectives are based on ecological site potential. The aerial seed treatments would be considered successful if: The seeded grass species reach densities of: \u2022 3 plants per square meter for grasses,"All BLM burned acres will be aerial seeded utilizing a combination of two separate seeds mixes. Approximately, 4,500 acres in the Badger fire would be aerially seeded with a native seed mix (Greater Sage-Grouse Areas) and an additional 9,000 acres will be aerial seeded with native like seed mix (Steep Slopes, Drainages and Low Elevation) in the fall of 2020.","This project consisted of aerial seeding 13,551 acres of the Badger Fire prior to chaining the areas accessible to dozers. The contractor was Crop Jet Aviation, LLC out of Gooding, Idaho. The project was completed using three fixed wing aircraft. The grass and forb seed were premixed by ESR staff. The project was started on October 16th and completed on October 23, 2020. During the time there was a cold front that lasted for six days, with high winds.\r\nThere were two seed mixes for the project. The mix seeded on the chaining area, 4,598 acres, was a native mix called Sage Grouse. The mix for the remaining area, 8,953 acres, was a non-native mix called Slopes.","Slopes (Non-native) seed mix \r\n\r\nTwo years post-treatment, the total density of seeded grass species from the Slopes (non-native) seed mix was 1.86 plants/m2, which does not meet the treatment objective (Table 9). Siberian wheatgrass (Agropyron fragile) was the dominant seeded grass species in terms of density and cover, with Snake River wheatgrass (Elymus wawawaiensis) also present (Tables 8-9). Bitterbrush was not observed on monitoring transects (Tables 8-9). Other forbs increased in cover and especially density, with density increasing from 5.93 plants/m2 in 2021 to 114.16 plants/m2 between 2021 and 2022 (Tables 8-9). Other grasses also increased significantly in terms of cover and density between 2021 and 2022 (Tables 8-9), with bluebunch wheatgrass and Sandberg bluegrass dominant other grass species.  As with the Sage Grouse seeded area, cover and density of cheatgrass was higher in 2022 than in 2021, but still relatively low (Tables 8-9). Noxious weeds were not recorded on monitoring transects in either monitoring year (Tables 8-9).\r\n\r\nThree years post-treatment, the total density of seeded grass species from the Slopes (non-native) seed mix was 1.36 plants/m2, a decline from 1.86 plants/m2 in 2022, and below the treatment objective (Table 9). Siberian wheatgrass was the dominant seeded grass species in terms of density and cover, with Snake River wheatgrass also present (Tables 8-9). Other grasses comprised the majority of cover and density, but declined from 2022 to 2023 (Tables 8-9). Sandberg bluegrass was the dominant species in terms of cover and density, with bluebunch wheatgrass also significant, and smaller contributions from crested wheatgrass and squirreltail. Bitterbrush was not observed on monitoring transects (Tables 8-9). Other forbs decreased in cover and density from 2022 to 2023, but remained an important component of the vegetation community (Tables 8-9). As with the Sage Grouse seeded area, cheatgrass abundance was higher in 2023 than in 2022, with density increasing from 16.27 plants/m2 to 125.58 plants/m2 in 2023 (Tables 8-9). Noxious weeds were not recorded on monitoring transects in 2023 (Tables 8-9).",Polygon,Confirmed,Digitized by LTDL data entry personnel using a confirmed map,3/27/2023,8974.28,8905.98,,Contractor,"Establishment of seeded species, Habitat quality, Habitat productivity, Habitat for wildlife",To establish perennial-dominated plant communities within 3 years.,,,,,Costs is reported in  the other aerial grass seeding treatment 67976 and treatments are related.,44:02:00
Model 17,Nothern Basin and Range,Post-burn aerial seeding,67979,24229,Implemented,See Comments,2,1/20/2021,1/20/2021,Acres,2202,Seeding,Aerial Seeding,Aerial Seeding: Rotor Wing,-1,Confirmed seed list,Sage Grouse aerial brush seed mix,Seeds,Confirmed on Paper,Unknown,Species Specific,"Rate of application was approximately .52 pounds bulk seed per acre. The seed consisted of 1,160 pounds of Mountain Sage.",The objective of the seeding treatment is to establish perennial-dominated plant communities within 3 years. The shrub density objectives are based on ecological site potential. The aerial sagebrush seed treatment would be considered effective if: \u2022 Sagebrush seedlings average 0.10 seedlings per square meter across all density plots; or \u2022 In qualitative surveys seedlings are found to be common.,"The entire burned area would be aerially seeded with a Low, Mountain, and Wyoming sagebrush seed in the winter months of 2020/2021. The species are conducive to being applied aerially and have been successfully used in nearby project","This project consisted of aerial strip seeding 2,202 acres out of a 4,404 acre block of BLM land. This was an aerial Sagebrush seeding in the Badger Grouse Area, in the Burley Field Office. Rate of application was approximately .52 pounds bulk seed per acre. The seed consisted of 1,160 pounds of Mountain Sage. The seed was applied to bare muddy ground on some areas and snow-covered ground in other areas. The weather conditions were ideal with very little wind on the seeding day.\r\nThe contractor was High Desert Aviation, Inc of Gooding, ID. The project was completed using one helicopter flying from the project site. The project was started and completed on January 20, 2021.",Mountain big sagebrush was not present on density belts in any monitoring year (Table 7).,Polygon,Confirmed,Digitized by LTDL data entry personnel using a confirmed map,3/27/2023,4589.56,4567.02,,Contractor,"Establishment of seeded species, Habitat quality, Habitat productivity, Habitat for wildlife",To establish perennial-dominated plant communities within 3 years.,,,,,,48:24:00
Model 17,Nothern Basin and Range,Post-burn aerial seeding,69518,21213,Implemented,Unknown,2,00/00/2020,00/00/2020,Acres,7738,Seeding,Aerial Seeding,Aerial Seeding,-1,Confirmed seed list,Kochia Greenstrip Mix,Seeds,Confirmed on Paper,Unknown,Species Specific,,To establish greenstrip to reduce fire hazards.,Aerial seeding of Immigrant Forage Kochia.,"Planted forage kochia, verified by map as built.",Unknown,Polygon,Confirmed,Digitized by LTDL data entry personnel using a confirmed map,4/27/2023,8156.93,8122.9,,Unknown,"Establishment of seeded species, Hazardous fuels reduction",To establish greenstrip,,,,,,58:05:00
