Model,Ecoregion,Treatment,Trt_ID,Prj_ID,Plan_Imp,Success,Dates_Confirmed,Init_Date,Comp_Date,Units,Num_Units,Trt_Type_Major,Trt_Type_Sub,Treatment_Type,Treatment_Seeded,Seed_List,Seed_Mix_Name,Seeds_or_Seedlings,Seed_List_Confirmed,Control_Areas,Seed_Application_Rate,Seed_Notes,Objectives,Planned_Implementation,Actual_Implementation,Treatment_Effect_and_Results,Trt_Feature_Type,Feature_Status,How_Feature_Created,Feature_Creation_Date,Total_Acres,BLM_Acres,GIS_Notes,Initiated_By,Trt_Concerns,Trt_Concerns_Desc,Problems_Apply_Trt,Problems_Apply_Trt_Desc,Conditions_At_Trt,Conditions_At_Trt_Desc,Trt_Notes,User_Updated
Model 16,Nothern Basin and Range,Vegetation disturbance,4585,1642,Implemented,None,1,00/00/2009,00/00/2012,Acres,692,Vegetation/Soil Manipulation,Vegetation Disturbance,Tree/Brush Control: Pinyon Juniper Removal,0,,,,,,,,"The purpose of this restoration effort is to reduce hazardous fuels and restore the sage\r\nsteppe ecosystem processes and vegetation conditions that resemble historic mosaic plant\r\ncommunities, so that historic fire return intervals in the sage steppe ecosystems can be\r\nsustained. The proposed restoration projects would restore habitat for sagebrush obligate\r\nspecies, improve hydrologic conditions and enhance the forage base for wildlife and\r\ndomestic animals.","Hand Treatment is the most labor intensive method of restoration and would generally be accomplished by crews with chainsaws cutting down juniper. This treatment method would be the most widely used in the proposed project boundaries. The trees would then be piled for burning or yarded to areas where trucks or skidders can reach them. This method would be used in the most environmentally sensitive areas or in areas where it is not feasible to use fire or mechanical means. The benefit of hand restoration is that sensitive areas, such as those that include riparian/wetland areas, aspen trees, etc. or areas\r\ninaccessible with mechanical equipment can be treated with beneficial results. The disposal of the juniper trees and associated slash is a challenge for hand restoration because, once cut down, they cannot be moved easily by hand. In all hand treatments areas woodcutting would be considered. This material would generally be piled and burned within 100 feet of the primary access road; otherwise the material would be left on site.",,,Polygon,Confirmed,"Digitized by BLM field office personnel, method unknown",,691.5619272,691.5716798,,,"Habitat for greater sage grouse, Invasion by pinyon-juniper, Fire hazard, Hazardous fuels reduction","The proposed action is to utilize a combination of mechanical, prescribed fire and hand treatments to reduce hazardous fuels, increase the ability of fire managers to control unplanned wildfire and restore fire adapted ecosystems on 4,616 acres of sagebrush-steppe ecosystem within the Tuledad Fuels Reduction and Habitat Restoration Project Area.",None,,None,,,55:50:00
Model 16,Nothern Basin and Range,Vegetation disturbance,11001,3915,Implemented,Unknown,2,6/1/2002,7/1/2002,Acres,3018,Vegetation/Soil Manipulation,Vegetation Disturbance,Tree/Brush Control: Mechanical,0,,,,,,,,The reason for the project is to improve the vigor of young sagebrush and understory species.  This is completed also to improve wildlife (sagegrouse) habitat.,The proposed action is to use a rotary beater pulled by a rubber-tired tractor to remove Wyoming big sagebrush tops down to a level of approximately 8 inches.  This project will take place on approximately 1500 acres within the areas outlined on the attached maps.  The entire area within the outlines will have strips up to 40 feet weide treated with like strips untreated.  The ojective is to improve the virgor of young sagebrush and understory species.,,,Polygon,Confirmed,"Digitized by BLM field office personnel, method unknown",,3524.491692,3523.025618,This shapefile was provided by the field office and matches the project's paper maps perfectly.,BLM and Cooperators,"Habitat for sage grouse, Loss of vegetation",The reason for the project is to improve the vigor of young sagebrush and understory species.  This is completed also to improve wildlife (sagegrouse) habitat.,None,,None,,"This project consisted of a simple  NEPA plan, a RIPS Report and some maps.  This indicates the project implementation and the field offices'' shapefiles indicate another reason for the project is to help sage grouse habitat.",21:13:00
Model 16,Nothern Basin and Range,Vegetation disturbance,11436,4072,Implemented,None,2,9/1/2006,00/00/2006,Acres,675,Vegetation/Soil Manipulation,Vegetation Disturbance,Vegetation Disturbance: Mowing,0,No seed list,,,,,,,"The specific objectives of the proposed action would be to replace the existing annual vegetation\r\nand restore adapted perennial grasses, forbs and shrubs. In addition, the establishment of\r\nperennial grasses, forbs and shrubs is expected to reduce wildland fire frequency and associated\r\nsuppression costs and allow more natural ecological functions to occur.",Brush beating and interseeding would be utilized in the High Peak unit to reduce\r\nsagebrush composition and to release and enhance the herbaceous component of the\r\nvegetative community.,,,Polygon,Confirmed,"Digitized by BLM field office personnel, using a GPS unit on the ground",,675.9991527,641.3598276,,BLM,"Fire hazard, Rangeland health, Loss of Perennials","The specific objectives of the proposed action would be to replace the existing annual vegetation\r\nand restore adapted perennial grasses, forbs and shrubs. In addition, the establishment of\r\nperennial grasses, forbs and shrubs is expected to reduce wildland fire frequency and associated\r\nsuppression costs and allow more natural ecological functions to occur.",None,,None,,,02:45:00
Model 16,Nothern Basin and Range,Vegetation disturbance,11539,4106,Implemented,None,2,6/3/2013,7/22/2013,Acres,561,Vegetation/Soil Manipulation,Vegetation Disturbance,Tree/Brush Control: Pinyon Juniper Removal - Hand Cutting,0,,,,,,,,"...to reduce hazardous fuels, increase the ability of fire managers to control unplanned wildfire and restore fire adapted ecosystems...","Hand Treatment is the most labor intensive method of restoration and would generally be accomplished by crews with chainsaws cutting down juniper. This treatment method would be the most widely used in the proposed project boundaries. The trees would then be piled for burning or yarded to areas where trucks or skidders can reach them. This method would be used in the most environmentally sensitive areas or in areas where it is not feasible to use fire or mechanical means. The benefit of hand restoration is that sensitive areas, such as those that include riparian/wetland areas, aspen trees, etc. or areas inaccessible with mechanical equipment can be treated with beneficial results. The disposal of the juniper trees and associated slash is a challenge for hand restoration because, once cut down, they cannot be moved easily by hand. In all hand treatments areas woodcutting would be considered. This material would generally be piled and burned within 100 feet of the primary access road; otherwise the material would be left on site.",,,Polygon,Confirmed,"Digitized by BLM field office personnel, method unknown",,561.702395,561.7028941,,,"Provide forage for wildlife, Provide cover for wildlife, Noxious Weeds, Loss of riparian vegetation, Habitat for sage grouse","The purpose of this restoration effort is to reduce hazardous fuels and restore the sage steppe ecosystem processes and vegetation conditions that resemble historic mosaic plant communities, so that historic fin: return intervals in the sage steppe ecosystems can be sustained. The proposed restoration projects would restore habitat for sagebrush obligate species, improve hydrologic conditions and enhance the forage base for wildlife and domestic animals. Vegetation, soil and cultural resources within the Tuledad Fuels Reduction and Habitat Restoration Project area have been determined to be at substantial risk of wildfire due to heavy fuels buildup.  The proposed action is to utilize a combination of mechanical, prescribed fire and hand treatments to reduce hazardous fuels, increase the ability of fire managers to control unplanned wildfire and restore fire adapted ecosystems on 4,616 acres of sagebrush-steppe ecosystem within the Tuledad Fuels Reduction and Habitat Restoration Project Area.",None,,None,,"This treatment contains a thinning unit, and a lop and scatter unit. They both appear to be hand treatments. See treatment GIS attribute table for further information.",03:16:00
Model 16,Nothern Basin and Range,Vegetation disturbance,13772,4952,Implemented,None,1,8/4/2010,9/13/2010,Acres,248.88,Vegetation/Soil Manipulation,Vegetation Disturbance,Vegetation Disturbance: Mastication,0,,,,,,,,"Where juniper poses a fire-risk and threatens sagebrush habitat, mechanical mastication will\r\nremove about 90% or more of juniper trees in the analysis area (see map, Attachment A).","In addition to minimizing fire impacts to\r\nsage-grouse winter range, brood rearing habitat would be improved by mowing selected draws and building check dams-which creates more mesic habitat.",,,Polygon,Confirmed,"Digitized by BLM field office personnel, method unknown",,248.8842548,248.6562119,,BLM,"Habitat for Sage Grouse, Fire Hazard","There is a need to restore the sagebrush steppe and reduce the potential for devastating wildfires.\r\nThe purpose of the proposed project is to reduce the risk of extreme wildland fire behavior by\r\nbreaking-up fuel continuity and reducing hazardous fuels in the area. Minimizing fire impacts is\r\nessential in restoring sagebrush steppe and preserving sage-grouse habitat. In addition to minimizing\r\nfire impacts to sage-grouse winter range, there is also a need to improve brood rearing\r\nhabitat which is a limiting factor for sage-grouse recruitment in the analysis area.\r\nLoss of sagebrush due to a wildfire event could result in critical winter habitat being lost and imperil\r\nsage-grouse populations in the area. Additionally, sagebrush habitat is threatened due to\r\njuniper encroachment. Juniper removal, creation of greenstrips, and the development of mesic\r\nhabitat would decrease fire risk and help preserve sagebrush habitat.\r\nThe decision intends to decrease the risk to wildland firefighters, communities, natural resources,\r\nand the natural ecosystem.",None,,None,,,20:29:00
Model 16,Nothern Basin and Range,Vegetation disturbance,17402,6304,Implemented,None,2,3/4/2007,9/10/2007,Acres,458,Vegetation/Soil Manipulation,Vegetation Disturbance,Vegetation Disturbance: Mowing,0,,,,,,,,The objective of the treatment is to lessen the potential of fast-moving destructive wildfires thereby\r\nproviding increased safety for the public. Safe areas for firefighters would also be created to suppress\r\nwildland fire if one were to occur.,"Several different mechanical treatments would be included in the process of fuel\r\nreduction to include: a tracked or rubber-tired brush cutter (a.k.a. bullhog), hand thinning (chainsaws),\r\nand a chipper. The mechanical treatment would increase canopy spacing to 30-60' among juniper\r\nwoodland to introduce size differences, spacing diversity, and age diversity. This treatment would\r\nmulch, lop and scatter, and chip trees in a mosaic pattern following ridges, drainage bottoms, flat\r\nbenches, and roadways.",,,Polygon,Confirmed,"Digitized by BLM field office personnel, method unknown",,1033.259394,1023.948629,,,"Rangeland Health, Fire Hazard, Public Safety",Firefighter and public safety is always the first priority in fuel management for the SLFO. The SLFO Fire Management Plan and activities reflect this priority and commitment. The objective of the treatment is to lessen the potential of fast-moving destructive wildfires thereby providing increased safety for the public. Safe areas for firefighters would also be created to suppress wildland fire if one were to occur.\r\nThe area has departed from the historic and natural fire regime being categorized in fire regime III and condition class 3. The ecosystem is not resilient to a major disturbance and remains at high risk of a catastrophic wildland fire.,None,,None,,,10:17:00
Model 16,Nothern Basin and Range,Vegetation disturbance,22293,8137,Implemented,None,2,5/29/2012,6/20/2012,Acres,519,Vegetation/Soil Manipulation,Vegetation Disturbance,Tree/Brush Control: Pinyon Juniper Removal,0,,,,,,,,Treatments proposed on within the Barrel Springs Road treatment area would reduce the canopy\r\ncover of juniper by at least 75 percent on pine as well as Wyoming and low sagebrush\r\ncommunities on approximately 410 acres (77 percent) of the 532 acre area. Additionally the\r\nproject would be designed to increase shrub and herbaceous cover in area where juniper trees\r\nwould be removed.,"The selected treatment methods selected for this site would include:\r\n\u2022 Hand cutting of junipers with chainsaws over the entire site;\r\nCut trees would remain in place and un-limbed on approximately 75-95 percent of the\r\nsite;\r\n\u2022 Cut trees would be fully or partially limbed (limbs above the downed trunk removed) on\r\napproximately 10-15 percent of the site;\r\n\u2022 Individual trees and limbs would be piled and burned over the stump on approximately 10-15\r\npercent of the area; and\r\n\u2022 As identified in Table 3.5-1, treatments for all cultural properties recommended eligible or\r\nthat remain unevaluated to the National Register, would be limited to hand thinning only.\r\nFor all ineligible sites, treatments may include mechanical treatments or prescribed burning.",,,Polygon,Confirmed,"Digitized by BLM field office personnel, method unknown",,519.0134064,515.7866262,,,"Fire hazard, Habitat for wildlife, Rangeland health","The Purpose of the Proposed Action is to implement site-specific treatments consistent with and to meet the restoration objectives identified by the SSER FEIS to improve ecological sites that are encroached by juniper, restore vegetation conditions that resemble historic mosaic plant communities, and reduce risks of catastrophic wildfire associated with high fuel load",None,,None,,,51:55:00
Model 16,Nothern Basin and Range,Vegetation disturbance,22294,8137,Implemented,None,2,7/8/2013,9/9/2013,Acres,598.7,Vegetation/Soil Manipulation,Vegetation Disturbance,Tree/Brush Control: Pinyon Juniper Removal,0,,,,,,,,This site would be treated to reduce fuel levels and vertical fuel continuity between forest lands\r\nin the Warner Mountains and private lands in Surprise Valley. Specifically reduce the canopy\r\ncover of juniper by at least 75 percent on pine and mountain brush communities on\r\napproximately 461 acres (77 percent) of the 599 acre area. Additionally the project would be\r\ndesigned to increase shrub and herbaceous cover in area where juniper trees would be removed.,"The selected treatment methods selected for this site would include:\r\n\u2022 Hand cutting of junipers with chainsaws over the entire site;\r\no Cut trees would remain in place and un-limbed on approximately 60-75 percent of the\r\nsite, and\r\no Cut trees would be fully or partially limbed (limbs above the downed trunk removed)\r\non approximately 10-30 percent of the site;\r\n\u2022 Individual trees or small numbers of trees and limbs would be piled and burned over the\r\nstump on approximately 10-30 percent of the area;\r\n\u2022 Broadcast burning would be conducted on up to 599 acres of east side pine timber lands and\r\nmountain big sagebrush communities; and\r\n\u2022 As identified in Table 3.5 1, treatments for all cultural properties recommended eligible or\r\nthat remain unevaluated to the National Register, would be limited to hand thinning only.\r\nFor all ineligible sites, treatments may include mechanical treatments or prescribed burning.",,,Polygon,Confirmed,"Digitized by BLM field office personnel, method unknown",,598.6767452,381.3001456,,,"Fire hazard, Habitat for wildlife, Rangeland health","The Purpose of the Proposed Action is to implement site-specific treatments consistent with and to meet the restoration objectives identified by the SSER FEIS to improve ecological sites that are encroached by juniper, restore vegetation conditions that resemble historic mosaic plant communities, and reduce risks of catastrophic wildfire associated with high fuel load",None,,None,,,57:21:00
Model 16,Nothern Basin and Range,Vegetation disturbance,22356,8166,Implemented,None,2,4/25/2008,6/6/2008,Acres,1158,Vegetation/Soil Manipulation,Vegetation Disturbance,Vegetation Disturbance: Mastication,0,,,,,,,,"Objective 1: Create fuel breaks in an area encompassing approximately 4,571 acres by improving crown spacing to an average of approximately 40' (+/- 10').\r\nObjective 2: Improve species diversity in the area.","A bullhog would mulch juniper trees (objective # 1 and #2) to ground level to a stump height of no more than a 6"" measured on the uphill side. The mulch, created by the bullhog, would be scattered if the depth of the mulch is greater than 6&&.","The NEPA document says that the total proposed treatment area is 4571 acres, to be implemented between 2007 and 2011, but is incorrect. Our actual treatment area is 1221 acres for bullhog and a few hundred acres for slash and pile burn. During June 2008, a contractor bullhogged 1158 acres of juniper. The original contract called for 1221 acres, but some acres were inaccessible to the bullhog. An area of about 50-60 acres was cut 100% at the north end of the project on the west side of the road, to make up for the inaccessible acres.","We did not quite achieve the objective of the first phase of the North Grouse Creek project with the bullhog of 45 foot spacing, mostly because the trees that are left are almost all incompletely mulched trees that have a branch or two at their base that is still alive. With this first treatment, canopy spacing was increased from an average of 8 ft. (between 3 plots)\r\nto an average of 26 ft. (between 2 plots), with percentage cover decreasing from an average of 23.2% to 3.2%. This represents an 86% decrease in canopy cover, which may mean more in meeting our objectives than the canopy spacing.",Polygon,Confirmed,"Digitized by BLM field office personnel, method unknown",,1157.751445,1099.843426,,BLM,"Wildland Urban Interface, Public Safety, Rangeland Health, Fire Hazard","Recent research in the Great Basin has demonstrated clearly that pinyon and juniper are increasing in density throughout much of this region and many areas that were formerly dominated by shrubs are now being taken over by pinyon and juniper (Romme et al. 2002, GLTI 1997, Naillon 1999, West et al. 1987). The SLFO is experiencing an encroachment of Utah juniper (Juniperus osteosperma) in the Grouse Creek area in Box Elder County Utah&* beyond its historic densities. This process of encroachment is creating a tree over story which decreases the climax shrub and grass species due to shading and increased water resource competition. When juniper canopy cover increases, the potential for crown fire activity becomes greater due to the extra fuel loading available. Crown fires in thick juniper stands are difficult and expensive to suppress and exhibit greater severity to the vegetation and soils. The current hazardous fuel conditions within the area are at risk for unusually large and severe wildfires. \r\nIn this light, it is evident that a WUI treatment is needed in order to begin the process of restoring the integrity of the sagebrush steppe and reduce the potential for large, devastating wildfires.",None,,None,,,11:14:00
Model 16,Nothern Basin and Range,Vegetation disturbance,22398,8179,Implemented,None,2,00/00/2012,00/00/2012,Acres,1246.19,Vegetation/Soil Manipulation,Vegetation Disturbance,Tree/Brush Control: Pinyon Juniper Removal,0,,,,,,,,"Reduce current western juniper density within the 10,162 acre project area by 50-60 percent. Project treatments are intended to reduce current fuel loadings and decrease the risk of catastrophic wildfire.","Reduce juniper densities on 10,162 acres using a combination of mechanical and prescribed fire methods over a 10 year treatment schedule See Appendix 1: (North Horse Stewardship Treatment Plan). Combined treatments would\r\ninclude the use of mechanical methods and prescribed fire to accomplish project objectives. The project area is sub divided into10 units. Mechanical treatments would require the use of mechanical equipment, including but not limited to rubber tire skidders, rubber tired rotary saws, chainsaws, whole tree chippers, chip transport vans, and tracked equipment. Due to the large area of treatment, environmental clearances would be needed each year before treatment is conducted per unit (Refer to Map 1 and Appendix 1 for areas and timing of clearances for particular units). A minimum of 500 acres of combined treatment is targeted per year. Prescribed fire would be used over a period of ten years to reduce juniper density on approximately 1250 acres. Temporary roads not to exceed 1.5 miles per year and landings would be constructed with in the project area. See Appendix 2: (North Horse Standard Operating Procedures) for specific temporary road and landing\r\nrequirements. Areas identified in the future as having significant cultural, botanical, hydrological, recreation, and wildlife resources that require protection would be excluded from treatment. These areas of concern would have specific operating procedures to maintain the integrity of the resource See Appendix 2: (North Horse Standard Operating Procedures).",,,Polygon,Confirmed,"Digitized by BLM field office personnel, method unknown",,1246.185565,1245.756077,,,"Fire hazard, Rangeland health, Habitat for wildlife","The Bureau of Land Management (BLM), Eagle Lake Field Office (ELFO) proposes to reduce high densities of western juniper (Juniperus occidentalis) on 10,162 acres of BLM administered land northeast of Horse Lake (see map #1).  The primary objective is to reduce the risk of catastrophic wildfire with secondary benefit being restoration of the  sage-steppe ecosystem . Western juniper removed from the project area would be chipped and utilized in local co-generation facilities. The project is divided into ten units and the fuel treatments would be accomplished over a 10 year period.\r\n\r\nThe project area is currently characterized as Fire Regime Condition Classes 2 and 3, where fire return intervals have moderate to high departure from the natural regime of vegetative characteristics, fuels accumulations, fire frequency and severity. Condition Class 2 comprises approximately 65% of the project acres and the remaining 35% of the project area is in Condition Class 3. Within the project area, vegetation composition, structure, and diversity have been altered from their historic range from the persistent suppression of wildland fire which has allowed for increased numbers of western juniper. The risk of losing key components to the sage-steppe ecosystem within the area is moderate to high.  The project area has not experienced a large wildland fire in the last 50 years. Normally this area would experience low to moderate intensity wildland fire events every 0-35 years. Past fire suppression actions and the associated western juniper encroachment have contributed to the risk of catastrophic wildfire in the identified project area.\r\n\r\nCurrent western juniper populations are accelerating to levels exceeding the abilities of natural disturbances (disease, insects, and wildland fires) to maintain historic densities. In addition to increased wildfire risk, the increased density of western juniper has impacted overall rangeland health and has altered historic wildlife habitats.\r\n\r\nObjective #1 Decrease the Risk of Catastrophic Wildfire\r\n\r\n\tReduce current western juniper density within the 10,162 acre project area \t\tby 50-60 percent. Project treatments are intended to reduce current fuel loadings and decrease the risk of catastrophic wildfire. Prescribed fire would be used over a period of ten years to reduce juniper density on approximately 1250 acres. Broadcast and pile burning would be utilized in areas where juniper densities are relatively low and is not feasible to treat with mechanical methods.  \r\n\r\nAchievement Indicators: \r\n1) Reduced biomass within overall project area by 50-60%\r\n\r\nObjective #2 Future Fire Suppression Safety\r\n\r\nReduce current fuel loading in the project area to promote low intensity wildfires, increased firefighter safety, and reduce wildfire suppression costs. The post treatment fuel condition would promote lower intensity fires by decreasing the juniper densities and creating an open landscape. The resulting condition with in the project area would reduce the possibility of large catastrophic wildfires that may threaten life and property. \r\n\r\nIndicator: \r\n1) Reduction of fuel loading and continuity\r\n2) Future fire behavior (Fireline Intensity) allows for direct attack suppression methods by firefighters",None,,None,,,43:57:00
Model 16,Nothern Basin and Range,Vegetation disturbance,22402,8179,Implemented,None,2,00/00/2010,00/00/2010,Acres,710.6,Vegetation/Soil Manipulation,Vegetation Disturbance,Tree/Brush Control: Pinyon Juniper Removal,0,,,,,,,,"Reduce current western juniper density within the 10,162 acre project area by 50-60 percent. Project treatments are intended to reduce current fuel loadings and decrease the risk of catastrophic wildfire.","Reduce juniper densities on 10,162 acres using a combination of mechanical and prescribed fire methods over a 10 year treatment schedule See Appendix 1: (North Horse Stewardship Treatment Plan). Combined treatments would\r\ninclude the use of mechanical methods and prescribed fire to accomplish project objectives. The project area is sub divided into10 units. Mechanical treatments would require the use of mechanical equipment, including but not limited to rubber tire skidders, rubber tired rotary saws, chainsaws, whole tree chippers, chip transport vans, and tracked equipment. Due to the large area of treatment, environmental clearances would be needed each year before treatment is conducted per unit (Refer to Map 1 and Appendix 1 for areas and timing of clearances for particular units). A minimum of 500 acres of combined treatment is targeted per year. Prescribed fire would be used over a period of ten years to reduce juniper density on approximately 1250 acres. Temporary roads not to exceed 1.5 miles per year and landings would be constructed with in the project area. See Appendix 2: (North Horse Standard Operating Procedures) for specific temporary road and landing\r\nrequirements. Areas identified in the future as having significant cultural, botanical, hydrological, recreation, and wildlife resources that require protection would be excluded from treatment. These areas of concern would have specific operating procedures to maintain the integrity of the resource See Appendix 2: (North Horse Standard Operating Procedures).",,,Polygon,Confirmed,"Digitized by BLM field office personnel, method unknown",,635.935307,635.9360157,,,"Fire hazard, Rangeland health, Habitat for wildlife","The Bureau of Land Management (BLM), Eagle Lake Field Office (ELFO) proposes to reduce high densities of western juniper (Juniperus occidentalis) on 10,162 acres of BLM administered land northeast of Horse Lake (see map #1).  The primary objective is to reduce the risk of catastrophic wildfire with secondary benefit being restoration of the  sage-steppe ecosystem . Western juniper removed from the project area would be chipped and utilized in local co-generation facilities. The project is divided into ten units and the fuel treatments would be accomplished over a 10 year period.\r\n\r\nThe project area is currently characterized as Fire Regime Condition Classes 2 and 3, where fire return intervals have moderate to high departure from the natural regime of vegetative characteristics, fuels accumulations, fire frequency and severity. Condition Class 2 comprises approximately 65% of the project acres and the remaining 35% of the project area is in Condition Class 3. Within the project area, vegetation composition, structure, and diversity have been altered from their historic range from the persistent suppression of wildland fire which has allowed for increased numbers of western juniper. The risk of losing key components to the sage-steppe ecosystem within the area is moderate to high.  The project area has not experienced a large wildland fire in the last 50 years. Normally this area would experience low to moderate intensity wildland fire events every 0-35 years. Past fire suppression actions and the associated western juniper encroachment have contributed to the risk of catastrophic wildfire in the identified project area.\r\n\r\nCurrent western juniper populations are accelerating to levels exceeding the abilities of natural disturbances (disease, insects, and wildland fires) to maintain historic densities. In addition to increased wildfire risk, the increased density of western juniper has impacted overall rangeland health and has altered historic wildlife habitats.\r\n\r\nObjective #1 Decrease the Risk of Catastrophic Wildfire\r\n\r\n\tReduce current western juniper density within the 10,162 acre project area \t\tby 50-60 percent. Project treatments are intended to reduce current fuel loadings and decrease the risk of catastrophic wildfire. Prescribed fire would be used over a period of ten years to reduce juniper density on approximately 1250 acres. Broadcast and pile burning would be utilized in areas where juniper densities are relatively low and is not feasible to treat with mechanical methods.  \r\n\r\nAchievement Indicators: \r\n1) Reduced biomass within overall project area by 50-60%\r\n\r\nObjective #2 Future Fire Suppression Safety\r\n\r\nReduce current fuel loading in the project area to promote low intensity wildfires, increased firefighter safety, and reduce wildfire suppression costs. The post treatment fuel condition would promote lower intensity fires by decreasing the juniper densities and creating an open landscape. The resulting condition with in the project area would reduce the possibility of large catastrophic wildfires that may threaten life and property. \r\n\r\nIndicator: \r\n1) Reduction of fuel loading and continuity\r\n2) Future fire behavior (Fireline Intensity) allows for direct attack suppression methods by firefighters",None,,None,,,57:33:00
Model 16,Nothern Basin and Range,Vegetation disturbance,22404,8179,Implemented,None,2,00/00/2011,00/00/2011,Acres,1129.9,Vegetation/Soil Manipulation,Vegetation Disturbance,Tree/Brush Control: Pinyon Juniper Removal,0,,,,,,,,"Reduce current western juniper density within the 10,162 acre project area by 50-60 percent. Project treatments are intended to reduce current fuel loadings and decrease the risk of catastrophic wildfire.","Reduce juniper densities on 10,162 acres using a combination of mechanical and prescribed fire methods over a 10 year treatment schedule See Appendix 1: (North Horse Stewardship Treatment Plan). Combined treatments would\r\ninclude the use of mechanical methods and prescribed fire to accomplish project objectives. The project area is sub divided into10 units. Mechanical treatments would require the use of mechanical equipment, including but not limited to rubber tire skidders, rubber tired rotary saws, chainsaws, whole tree chippers, chip transport vans, and tracked equipment. Due to the large area of treatment, environmental clearances would be needed each year before treatment is conducted per unit (Refer to Map 1 and Appendix 1 for areas and timing of clearances for particular units). A minimum of 500 acres of combined treatment is targeted per year. Prescribed fire would be used over a period of ten years to reduce juniper density on approximately 1250 acres. Temporary roads not to exceed 1.5 miles per year and landings would be constructed with in the project area. See Appendix 2: (North Horse Standard Operating Procedures) for specific temporary road and landing\r\nrequirements. Areas identified in the future as having significant cultural, botanical, hydrological, recreation, and wildlife resources that require protection would be excluded from treatment. These areas of concern would have specific operating procedures to maintain the integrity of the resource See Appendix 2: (North Horse Standard Operating Procedures).",,,Polygon,Confirmed,"Digitized by BLM field office personnel, method unknown",,1129.897704,1129.504386,,,"Fire hazard, Rangeland health, Habitat for wildlife","The Bureau of Land Management (BLM), Eagle Lake Field Office (ELFO) proposes to reduce high densities of western juniper (Juniperus occidentalis) on 10,162 acres of BLM administered land northeast of Horse Lake (see map #1).  The primary objective is to reduce the risk of catastrophic wildfire with secondary benefit being restoration of the  sage-steppe ecosystem . Western juniper removed from the project area would be chipped and utilized in local co-generation facilities. The project is divided into ten units and the fuel treatments would be accomplished over a 10 year period.\r\n\r\nThe project area is currently characterized as Fire Regime Condition Classes 2 and 3, where fire return intervals have moderate to high departure from the natural regime of vegetative characteristics, fuels accumulations, fire frequency and severity. Condition Class 2 comprises approximately 65% of the project acres and the remaining 35% of the project area is in Condition Class 3. Within the project area, vegetation composition, structure, and diversity have been altered from their historic range from the persistent suppression of wildland fire which has allowed for increased numbers of western juniper. The risk of losing key components to the sage-steppe ecosystem within the area is moderate to high.  The project area has not experienced a large wildland fire in the last 50 years. Normally this area would experience low to moderate intensity wildland fire events every 0-35 years. Past fire suppression actions and the associated western juniper encroachment have contributed to the risk of catastrophic wildfire in the identified project area.\r\n\r\nCurrent western juniper populations are accelerating to levels exceeding the abilities of natural disturbances (disease, insects, and wildland fires) to maintain historic densities. In addition to increased wildfire risk, the increased density of western juniper has impacted overall rangeland health and has altered historic wildlife habitats.\r\n\r\nObjective #1 Decrease the Risk of Catastrophic Wildfire\r\n\r\n\tReduce current western juniper density within the 10,162 acre project area \t\tby 50-60 percent. Project treatments are intended to reduce current fuel loadings and decrease the risk of catastrophic wildfire. Prescribed fire would be used over a period of ten years to reduce juniper density on approximately 1250 acres. Broadcast and pile burning would be utilized in areas where juniper densities are relatively low and is not feasible to treat with mechanical methods.  \r\n\r\nAchievement Indicators: \r\n1) Reduced biomass within overall project area by 50-60%\r\n\r\nObjective #2 Future Fire Suppression Safety\r\n\r\nReduce current fuel loading in the project area to promote low intensity wildfires, increased firefighter safety, and reduce wildfire suppression costs. The post treatment fuel condition would promote lower intensity fires by decreasing the juniper densities and creating an open landscape. The resulting condition with in the project area would reduce the possibility of large catastrophic wildfires that may threaten life and property. \r\n\r\nIndicator: \r\n1) Reduction of fuel loading and continuity\r\n2) Future fire behavior (Fireline Intensity) allows for direct attack suppression methods by firefighters",None,,None,,,33:56:00
Model 16,Nothern Basin and Range,Vegetation disturbance,24181,8869,Implemented,Unknown,2,10/1/2008,9/30/2009,Acres,948.2,Vegetation/Soil Manipulation,Vegetation Disturbance,Tree/Brush Control: Pinyon Juniper Removal - Hand Cutting,0,,,,,,,,"The objectives of the project include:\r\n1.  Maintain wildlife habitat and rangeland through juniper control \r\n2.  Retain large structure within the project areas to maintain visual characteristics, wildlife habitat diversity, and as represented by the ecological site potential\r\n3.  Maintain or enchance visual quality through project design and layout by visually mimicking historical fire-induced patterned vegetation mosaics to blend with the surroudning landsacpe.","The alternative chosen would conduct restoration work through manual juniper cutting and thinning (chainsaw) on no more than the 8814 acres encomapssed by the project area to improve sage-grouse habitat associated with playas.  The project area covered by this EA is 8814 acres.\r\n  Young juniper trees 18-inches dbh and less that do not express old growth characteristics would be manually cut and thinned across the project area.  In locations where more water is present, some trees greater than 18-inches dbh would be thinned due to the ability of young trees to grow rapidly.  All young juniper trees would be cut from shrub-steppe plant communities and young juniper would be thinned in old growth juniper woodland plant communities.  No old growth juniper would be cut.",,The goal for the action is to conduct restoration work through manual juniper cutting and thinning and no more then 8814 acres encompassed by the project area to improve sage-grouse habitat assocatied with playas.,Polygon,Confirmed,Digitized by LTDL data entry personnel using a map of unknown origin,12/8/2010,8628.641169,8619.908367,This shapefile was hand digitzed from a paper map and has several polygons representing the treatment areas.,BLM and Cooperators,Habitat for sage grouse,"The need for action is to address degradation of sage-grouse habitat due to encroaching juniper in areas associated with playas. The increased growth of juniper into the project area has caused an imbalance in the vegetative composition when compared to the ecological sit potential. An ecological site, as defined for rangeland, is a distinctive kind of land with specific physical characteristics that produces a distinctive kind and amount of vegetation. Each ecological site has a characteristic plant community, and has evolved with a characteristic fire  regime. Fire frequency and intensity contribute to the characteristic plant community of the site.\r\n     In order to improve sage-grouse habitat, there is a need to remove juniper trees to restore shrubsteppe habitats. Sage-grouse are sagebrush obligates requiring large areas with a variety of sagebrush communities to meet life-history needs. The shrub-steppe communities in the project area are being invaded by western juniper. This invasion leads to the deterioration of shrubsteppe habitat and therefore deterioration of sage-grouse habitat. Juniper encroachment is one of the primary limitations to habitat and current range of sage-grouse in the Prineville BLM\r\nDistrict (Hagen, 2005).\r\n    Playas are also an important feature for sage-grouse. Playas are &&usually dry and nearly level lake plains that occupy the lowest parts of closed depressions, such as those occurring on intermontane basin floors. Temporary ponding occurs primarily in response to precipitationrunoff\r\nevents&& (Schoeneberger & Wysocki, 2008). Playas provide an important source of high quality forage. Sage-grouse adults and chicks depend on forbs found in wetlands, including playas, during the late growing season when upland sources have desiccated (Hagen, 2005). A playas ability to make a protein rich diet available longer in the year prolongs the need for sagegrouse to transition to a winter diet dependent on sagebrush. Research suggests chick survival rates lower with earlier transitions to fall/winter diets (Hagen, 2005) and chick survival has been identified as one of the greatest limiting factors for sage-grouse populations.\r\n     Removing junipers in the landscape surrounding playas would expand the total area of optimal habitat needed to meet life-history needs. A paired watershed study in Central Oregon looking at the effects of thinning young juniper found that water is released when trees are thinned, making it available as increased soil moisture, ground water, and/or spring flow (Deboodt et al., 2009). Water released from the proposed juniper cutting and thinning would be available to remaining shrub-steppe vegetation and associated playas. An increase in available water for playas could extend the duration of ponding, extending the duration of forage availability for sage-grouse.",None,,None,,,17:25:00
Model 16,Nothern Basin and Range,Vegetation disturbance,24372,8941,Implemented,None,2,11/11/2010,2/15/2011,Acres,354.8,Vegetation/Soil Manipulation,Vegetation Disturbance,Vegetation Disturbance: Mastication,0,,,,,,,,Create fuel breaks by removing 85-100% of dense juniper stands 100 feet from the center line on each side of most access points (roads) within the analysis area. Ingress and egress would become possible for firefighters and firefighter safety would be improved;,"A bullhog (mechanical masticator) would mulch juniper trees (objective #1 and #2) to ground level leaving a juniper stump height no greater than 6\u201d measured on the uphill side. The shredded mulch, created by the bullhog, would be scattered around the area if the depth of the mulch is greater than 6\u201d.",,,Polygon,Confirmed,"Digitized by BLM field office personnel, method unknown",,354.8131109,354.521443,,,"Loss of Perennials, Loss of Vegetation, Pinon-Juniper, Fire Hazard, Encroaching Vegetation","Recent research has demonstrated clearly that pinyon and juniper are increasing in density\r\nthroughout Utah in many areas that were formerly dominated by shrubs. The SLFO is\r\nexperiencing encroachment of Utah juniper (Juniperus osteosperma) in Box Elder County Utah\r\nbeyond its historic densities. This process is creating a tree over story which decreases the\r\nclimax shrub and grass species due to shading and increased water resource competition. When\r\njuniper canopy cover increases, the potential for crown fire activity becomes greater due to the\r\nextra fuel loading available. Crown fires in thick juniper stands are difficult and expensive to\r\nsuppress and exhibit greater severity to the vegetation and soils. The current hazardous fuel\r\nconditions within the area are at risk for unusually large and severe wildfires. Although some\r\nnative understory still exists, it is being out competed by juniper and is at risk of conversion to\r\njuniper woodland.\r\nIn this light, it is evident that a HFR treatment in Fire Management Unit (FMU) B04, see FMP,\r\nis needed in order to begin the process of restoring the integrity of the sagebrush steppe and\r\nreduce the potential for large, devastating wildfires.",None,,None,,,56:35:00
Model 16,Nothern Basin and Range,Vegetation disturbance,28662,10568,Implemented,None,2,8/26/2013,9/2/2013,Acres,1186,Vegetation/Soil Manipulation,Vegetation Disturbance,Vegetation Disturbance: Mowing,0,,,,,,,,The primary objective is to reduce sagebrush fuel loadings thus altering the age class and sagebrush densities within the greenstrip.,"Approximately 2,500 acres of sagebrush community would be mowed using agricultural tractor(s) and rotary cutter(s).  Treatment areas would be focused in areas where residual herbaceous vegetation is adequate to promote native release.  Areas within constructed fuel breaks where understory has been compromised may be seeded as needed.   \r\nThe mowing would be completed in mosaic designs with irregular edges.  Mowing width would be from 300 to 500 feet.  Mowing height would be four to six inches ground conditions permitting.  A combination of both island and strip methods would be used to leave corridors and intact habitat for wildlife species.  Mowing would be targeted for completion during the later summer and fall months (August thru October).",,,Polygon,Confirmed,"Digitized by BLM field office personnel, method unknown",8/29/2013,1186.498756,1186.499794,,Contractor,"Fire hazard, Habitat for antelope, Habitat for mule deer, Habitat for wildlife, Provide cover for wildlife, Provide forage for livestock, Provide forage for wildlife, Public Safety, Rangeland health, Habitat for wild horses","The Owyhee Allotment portion of the Owyhee Desert is characterized as a large monoculture of even-aged sagebrush stands with low vegetative diversity.  The sagebrush communities provide important habitat for sage grouse with 13 leks (breeding display areas) found within the Owyhee Allotment.  Many other sensitive species are found within this area, including the burrowing owl and pygmy rabbit.  Wild horses and pronghorn antelope also utilize the Owyhee Desert, as well as cattle.  As shown on Map 2, approximately 22 percent of the Owyhee Allotment has burned since 2005.  Action is needed to prevent the spread of wildland fire into much of the remaining Sagebrush Steppe communities and protect intact habitat used by species of concern such as sage grouse.  The purpose of the proposed fuel break is to decrease the threat of a large catastrophic wildland fire and improve habitat diversity.  Objectives are to: \r\no\tCreate a fuel break that will, in the event of a wildland fire, allow for suppression actions to be conducted safely.\r\no\tProtect sage grouse habitat by reducing fuel load and threat by wildland fire.\r\no\tEnhance sage grouse habitat by providing potential lek sites within the area.\r\no\tAllow for native release of herbaceous understory vegetation and increase community diversity.",None,,None,,,52:00:00
Model 16,Nothern Basin and Range,Vegetation disturbance,29451,10878,Implemented,None,2,00/00/2010,00/00/2014,Acres,1484.7,Vegetation/Soil Manipulation,Vegetation Disturbance,Vegetation Disturbance: Mechanical Thinning,0,,,,,,,,"The purpose of this work is to remove both commercial and non-commercial  timber to enhance forest health , tree growth , and resilience to insect and disease, reduce wildfire fuels, and  enhance understory biodiversity . Removal will target dense patches and mature malformed stems and  aim to retain saplings of good growth form to provide future recruitment of an increasing proportion  of mature  trees with commercial  value.","Item I Service Activity #OOOlA\r\nAll live juniper greater than 3 inches in basal diameter shall be cut, chipped and removed from the site with the exception of trees classified as old growth. The definition and standards of old growth juniper will be discussed during the pre-bid field trip which is scheduled to occur June 27, 2012 at 10:00 am, weather permitting, or as soon thereafter as weather/snow conditions permit.\r\nItem I Service Activity #OOOIB\r\nAll live western juniper, one inch to three inches in diameter in basal diameter, shall be completely severed, by hand if necessary, no higher than nine inches above ground level or any natural obstruction (i .e. rocks).",,,Polygon,Confirmed,"Digitized by BLM field office personnel, method unknown",,1484.698378,1055.893246,,,"Fire hazard, Nesting bald eagles","The proposed action will decrease the risk of large catastrophic wildfires by reducing canopy cover of western juniper from 25 to 30 percent to approximately 10 to 15 percent and will promote reestablishment of lower fuel hazard vegetation types dominated by native shrubs, grasses, and forbs.\r\n\r\nTreatment implementation in bald eagle habitat will be restricted annually to the period between September 1 and December 31. The COTR will coordinate with the Eagle Lake Wildlife Biologist to identify nest activity and to determine that the young have fledged from active nests prior to commencing work. Seasonal restriction dates may be modified based on the recommendation of the Wildlife Biologist.",None,,None,,,28:25:00
Model 16,Nothern Basin and Range,Vegetation disturbance,29704,10959,Implemented,None,2,00/00/2012,00/00/2013,Acres,24670,Vegetation/Soil Manipulation,Vegetation Disturbance,Tree/Brush Control: Pinyon Juniper Removal,0,,,,,,,,"The purpose of the proposal is to remove existing post settlement western juniper (Juniperus ocidentalis) to improve habitats for wildlife species within the project area. The need for the proposed action arises from the fact that habitats for special status and publicly important wildlife species such as sage-grouse, mule deer, bighorn sheep and pronghorn antelope on BLM-administered lands in the project area being outside the desired range of conditions described in the Lakeview Resource Management Plan/Record of Decision (pages 23) due to the proliferation of post-settlement western juniper.","This alternative includes different prescriptions depending on the treatment needs for each individual unit. A total of 17,642 acres would involve a combination of cutting and prescribed burning. Of the 17,642 acres of cut and burn, 1,373 would utilize a combination of hand cutting and/or machinery to accomplish the cutting and removal of juniper around sensitive sites such as aspen or ponderosa pine stands. Machinery could be used to cut the juniper and pull them away from other sensitive sites or juniper could be hand felled and then machinery used only for moving trees away from sensitive sites. The remaining 16,269 acres would utilize only hand felling. Hand cutting that would require no further slash removal with the use of prescribed fire would occur on 7,028 acres. This alternative also proposes to use material sales in the form of firewood as a form of slash removal in combination with prescribed fire on 3,297 acres. Firewood would be removed from accessible areas using standard pickup trucks, subject to normal BLM seasonal restrictions on firewood cutting for wet soil conditions and off-road travel.",GIS shows completion in 2012 and 2013 using chainsaws.,,Polygon,Confirmed,"Digitized by BLM field office personnel, using a GPS unit on the ground",1/7/2015,16892.15234,16439.71366,,,"Habitat for antelope, Habitat for sage grouse, Habitat for mule deer, Habitat for desert bighorn sheep, Encroaching vegetation, Hazardous fuels reduction, Invasion by pinyon-juniper, Loss of sagebrush, Pinon-juniper, Watershed health","The purpose of the proposed action is to remove existing post-settlement western juniper (Juniperus ocidentalis) (juniper) in order to improve habitats for wildlife species within the South Warner Habitat Juniper Removal Project Area (hereafter referred to as the \u2018Project Area\u2019). Habitats for sage-grouse (Centrocercus urophasianus), mule deer (Odocoileus hemionus), bighorn sheep (Ovis canadensis) and pronghorn (Antilopcapra americana) have been degraded by the encroachment of juniper. Juniper if left unchecked will suppress native shrub, grass and forb species that these wildlife depend on. Removal of post-settlement juniper would maintain or restore sagebrush steppe habitats.",None,,None,,,29:41:00
Model 16,Nothern Basin and Range,Vegetation disturbance,30307,11184,Implemented,None,2,00/00/2009,00/00/2009,Acres,82,Vegetation/Soil Manipulation,Vegetation Disturbance,Tree/Brush Control: Pinyon Juniper Removal - Hand Cutting,0,,,,,,,,"The Proposed Action would implement juniper removal around the Stateline lek. Juniper removal would be by hand, cut at or near ground level with minimal ground disturbance using chain saws, with crew access to the entire project via existing roads and on foot. In order to satisfy wildlife, visual, and cultural needs, there will be three prescriptions for this project. For most of the project area trees would be felled and left in place. As is the current standard for the entire field office, trees that are culturally important or that appear to be greater than 200 years old; deeply furled bark, rounded tops, large diameter trunks etc., will not be cut. In areas of ""ephemeral draws&&, there will be no cutting within 50 feet of either side to reduce sedimentation into these draws the following spring. The prescription will be slightly different in cultural areas sensitive to project activities. These areas will be flagged before mechanical removal of trees begins. In order to lessen confusion, cultural areas will be flagged with a different color than the project's boundary. In these areas, no tree larger than 6 inch DBH will be Cut. These trees will not be scattered, limbed or &&bucked up&& into smaller pieces. Flagging will be removed at the end of the project in order not to draw attention to these smaller areas. A third prescription will be in effect as a visual buffer along the Barrel Springs Byway and the eastern boundary road. This is required in order to reduce cumulative visual disturbances along this scenic thoroughfare from similar projects along its route. A buffer extending from the first tree along both roads and extending out 200 feet beyond\r\nthem will be instituted. In this buffer, cut trees will be limbed and scattered and the boles &&bucked up' into pieces.","The Proposed Action would implement juniper removal around the Stateline lek. Juniper removal would be by hand, cut at or near ground level with minimal ground disturbance using chain saws, with crew access to the entire project via existing roads and on foot. In order to satisfy wildlife, visual, and cultural needs, there will be three prescriptions for this project. For most of the project area trees would be felled and left in place. As is the current standard for the entire field office, trees that are culturally important or that appear to be greater than 200 years old; deeply furled bark, rounded tops, large diameter trunks etc., will not be cut. In areas of ""ephemeral draws&&, there will be no cutting within 50 feet of either side to reduce sedimentation into these draws the following spring. The prescription will be slightly different in cultural areas sensitive to project activities. These areas will be flagged before mechanical removal of trees begins. In order to lessen confusion, cultural areas will be flagged with a different color than the project's boundary. In these areas, no tree larger than 6 inch DBH will be Cut. These trees will not be scattered, limbed or &&bucked up&& into smaller pieces. Flagging will be removed at the\r\nend of the project in order not to draw attention to these smaller areas. A third prescription will be in effect as a visual buffer along the Barrel Springs Byway and the eastern boundary road. This is required in order to reduce cumulative visual disturbances along this scenic thoroughfare from similar projects along its route. A buffer extending from the first tree along both roads and extending out 200 feet beyond\r\nthem will be instituted. In this buffer, cut trees will be limbed and scattered and the boles &&bucked up&$ into pieces.",,"On June 9, 2009, a visual observation of Stateline juniper cut on Barrel Springs was conducted. When out looking at the vegetation on treated areas, there were six sage grouse observed feeding in the treated area of the project and also observed a killdeer nest in the treated area.",Polygon,Confirmed,"Digitized by BLM field office personnel, method unknown",,344.6018216,346.6606732,,,"Habitat for sage grouse, Provide cover for wildlife, Provide forage for wildlife",Juniper is encroaching on a very populated sage grouse lek. Removing juniper will improve their habitat.,None,,None,,,59:00:00
Model 16,Nothern Basin and Range,Vegetation disturbance,33496,12423,Implemented,None,1,1/1/1950,12/31/1950,Acres,4337.48,Vegetation/Soil Manipulation,Vegetation Disturbance,Tree/Brush Control: Mechanical,0,,,,,,,,Brush removal,,The brush was removed using heavy offset discs and wheatland plows. There seems to have been about an 85% kill or better.,,Polygon,Confirmed,"Digitized by BLM field office personnel, method unknown",,4365.967652,4350.554838,,Contractor,None,Brush removal,None,,None,,,43:49:00
Model 16,Nothern Basin and Range,Vegetation disturbance,33958,12594,Implemented,None,1,2/22/2013,2/22/2013,Acres,1028,Vegetation/Soil Manipulation,Vegetation Disturbance,Vegetation Disturbance: Mastication,0,,,,,,,,,"Where juniper poses a fire-risk and threatens sagebrush habitat, mechanical mastication would\r\nmulch about 90% or more of juniper trees in selected areas within the analysis area.",,,Polygon,Confirmed,Digitized by LTDL data entry personnel using a confirmed map,5/12/2015,1025.964981,1025.903203,,Contractor,"Fire hazard, Hazardous fuels accumulation, Hazardous fuels reduction, Invasion by pinyon-juniper, Establishment of seeded species, Habitat for greater sage grouse","The purpose of the proposed project is to reduce the risk of extreme wildland fire behavior by\r\nbreaking-up fuel continuity and reducing hazardous fuels in the area. Minimizing fire impacts is\r\nessential in restoring sagebrush steppe and preserving sage-grouse habitat. In addition to minimizing\r\nfire impacts to sage-grouse winter range, there is also a need to improve brood rearing\r\nhabitat which is a limiting factor for sage-grouse recruitment in the analysis area.\r\nLoss of sagebrush due to a wildfire event could result in critical winter habitat being lost and imperil\r\nsage-grouse populations in the area. Additionally, sagebrush habitat is threatened due to\r\njuniper encroachment. Juniper removal, creation of greenstrips, and the development of mesic\r\nhabitat would decrease fire risk and help preserve sagebrush habitat.\r\nThe decision intends to decrease the risk to wildland firefighters, communities, natural resources,\r\nand the natural ecosystem.",None,,None,,Bullhog Phase 1. Project progression maps had a majority portion completed on 2/22/2013 but all was aerially seeding in a later treatment. Unknown what the final data of phase 1 of treatment.,11:32:00
Model 16,Nothern Basin and Range,Vegetation disturbance,33959,12594,Implemented,None,2,12/13/2013,3/1/2014,Acres,1077,Vegetation/Soil Manipulation,Vegetation Disturbance,Vegetation Disturbance: Mastication,0,,,,,,,,,"Where juniper poses a fire-risk and threatens sagebrush habitat, mechanical mastication would\r\nmulch about 90% or more of juniper trees in selected areas within the analysis area",,,Polygon,Confirmed,Digitized by LTDL data entry personnel using a confirmed map,5/12/2015,1078.080765,822.962933,Total project acres should be 1077 not the 2150 calculated.,Contractor,"Fire hazard, Hazardous fuels accumulation, Hazardous fuels reduction, Invasion by pinyon-juniper, Establishment of seeded species, Habitat for greater sage grouse","The purpose of the proposed project is to reduce the risk of extreme wildland fire behavior by\r\nbreaking-up fuel continuity and reducing hazardous fuels in the area. Minimizing fire impacts is\r\nessential in restoring sagebrush steppe and preserving sage-grouse habitat. In addition to minimizing\r\nfire impacts to sage-grouse winter range, there is also a need to improve brood rearing\r\nhabitat which is a limiting factor for sage-grouse recruitment in the analysis area.\r\nLoss of sagebrush due to a wildfire event could result in critical winter habitat being lost and imperil\r\nsage-grouse populations in the area. Additionally, sagebrush habitat is threatened due to\r\njuniper encroachment. Juniper removal, creation of greenstrips, and the development of mesic\r\nhabitat would decrease fire risk and help preserve sagebrush habitat.\r\nThe decision intends to decrease the risk to wildland firefighters, communities, natural resources,\r\nand the natural ecosystem.",None,,None,,Bullhog Phase 2,08:20:00
Model 16,Nothern Basin and Range,Vegetation disturbance,55825,21526,Implemented,Unknown,1,7/00/2004,10/00/2004,Acres,233,Vegetation/Soil Manipulation,Vegetation Disturbance,Tree/Brush Control: Thin and Pile,0,,,,,,,,Thin understory Douglas fir,Thin understory Douglas fir with a track chipper and handwork,"GIS is implementation data. \r\n\r\nThis treatment is shown as a ""completed"" area on a 2005 treatment map.\r\nPhotos were taken in 2004 of completed saw work.\r\n\r\nFrom 2005 Rx Plan:  Piles were created July - October 2004 and should be fully cured to achieve desired consumption.",Unknown,Polygon,Confirmed,"Digitized by BLM field office personnel, method unknown",,233.35,212.43,,Unknown,"Fire hazard, Hazardous fuels reduction, Public safety","This project will 1) effectively reduce the potential for catastrophic crown fire in the Silver City\r\narea by reducing the amount and continuity of hazardous fuels, 2) provide for defensible space, travel corridors,\r\nand safety zones, 3) improve the long term health of nearby forest, 4) retain a scenic landscape, 5) constructing\r\n500 feet of permanent road (RS-1) is needed for future fire suppressions actions to serve as either a heli-spot\r\ndip tank or firefighter access landing, 6) within the transportation corridors, large fir trees growing adjacent to\r\naspen will be removed to transition the predominate fir forest to a forest with considerably more aspen in an\r\neffort to reduce fire severity.\r\n\r\nThe objective of this treatment is to reduce crown fire potential by thinning small trees (<8"" dbh) and limbing the\r\nretention trees to a height of8 feet. In the event of wildfire, these treatments would help reduce crown fires into surface fires,\r\n(reducing fire intensity and slowing fire spread), thereby increasing the opportunity to control the fire. An additional goal is\r\nto improve forest health by reducing crowded conifer stands.",,,,,South and West units.,12:32:00
Model 16,Nothern Basin and Range,Vegetation disturbance,56083,21569,Implemented,Unknown,2,9/2/2019,9/25/2019,Acres,1129.98,Vegetation/Soil Manipulation,Vegetation Disturbance,Vegetation Disturbance: Mowing,0,,,,,,,,To create a fuel break,"Specifications for Treatment\r\nMowing - Item 0056 \u2013\r\nAA-Level I \u2013 Unit density of material to be treated is estimated to be from 0-30% total cover. 837 acres\r\nAC-Level III \u2013 Unit density of material to be treated is estimated to be greater than 60% total cover. 296 Acres\r\n\r\n( a) Mowing shall be performed in a linear fashion along roadways creating a 400 foot buffer, 200 feet on both sides from\r\nthe edge of the road. Mowing may include some mosaic areas of non-mowed areas due to avoidance sites, rock out crops or\r\nravines.\r\n(b) Mowing shall be performed on both sides of the roadway. Mowing only one side of a road may occur where only one\r\nside meets the mowing criteria or if there is a restriction, or steep slopes.\r\n(c) Timing: Mowing will be conducted late in the fall in an effort to reduce the risk of starting a wildfire. Those dates are as\r\nfollows; September 15/2019 \u2013 November 14/2019\r\n(d) Surface Conditions: Equipment shall not be operated when the soil is wet and the equipment causes a three inch or\r\ngreater rut. If such conditions are encountered, the Contractor shall stop work and notify the Contracting Officer\r\nRepresentative.\r\n(e) Height of Mowing: The height of mowing shall be six inches, measured from the original ground surface.\r\n\r\nThe performance period will tentatively commence the second week of September. Period of performance is (60) calendar\r\ndays.\r\nBrush mowing shall be accomplished by a wheeled tractor with a powered mowing device. Brush fields as specified on each\r\ntask order shall be mowed and or slashed to within six inches from the ground.\r\nSurface rock and uneven terrain may reduce tractor speeds and cause mechanical problems. Routine periodic maintenance of\r\nequipment may reduce the daily hours of operation. Tractors and mowers working on the project should produce roughly\r\n43.6 acres per each day.\r\n\r\nTractors: The Contractor shall furnish the necessary tractors with adequate drawbar horsepower, traction, and weight to\r\naccomplish the mowing requirement within the time limits and plowing requirements specified by the government. The\r\ntractors shall be of the following type: Four wheel drive, RUBBER TIRE tractor with a MINIMUM HORSEPOWER OF\r\n90 rated at power take-off unit. Rollover protection structures are required on equipment regardless of age, as defined in\r\nCFR1920-1000-1002. Operators skilled in the operation of the furnished tractor(s) shall also be supplied by the Contractor.\r\nTractor(s) shall be furnished and maintained in good mechanical conditions throughout the term of the contract. The\r\nContractor shall furnish all required fuel, oil, and lubricants for operation of all contractor furnished equipment (tractors,\r\nmowers, transports).\r\nMowers: The mowers shall be the following type:) Pull behind rotary style cutter CAPABLE OF CUTTING A MINIMUM\r\nSWATH OF FIFTEEN (15) FEET. Mowers must be capable of traversing terrain and cutting vegetation to a height of\r\napproximately 6 inches for brush.","From contract diaries: We flagged all the archeological sites prior to meeting Warden. We flagged each spot at the road with start and stop markers. We thane meet Warden and discussed the\r\nconference record. We went over the contract and specifications, specifically the Archeological sites were the mowing would only be at 10 inches of height and not\r\nturning around the mower within the site. We also went over the time frame. He agreed to start on the 19th of September. We have only flagged Whiskey hill road but\r\nwill continue to flag the project this week.\r\n\r\n10/31/2019: The project is complete and warden\u2019s work meets contract specifications. One of his tractors has been left on rabbit creek road. He will be picking it up by next week\r\nand taking it back to his shop.",Unknown,Polygon,Confirmed,"Digitized by BLM field office personnel, method unknown",None,1129.98,1011.15,,Contractor,"Fire hazard, Hazardous fuels reduction, Public safety, Wildland Urban Interface, Habitat for sage grouse","The purpose or goal of the action is\r\nto protect the WUI (Wildland Urban Interface) area, the surrounding intact sage-grouse habitat, and the ESR (Emergency\r\nStabilization and Rehabilitation) investments from the threat of wildfire, and thereby stem the subsequent threat of invasive\r\nplant expansion within and adjacent to the Soda Fire boundary, while providing optimal safe areas and anchor points for\r\nfirefighters to more rapidly and effectively suppress fires.",Mechanical problems,Warden called me this morning and told me that he was going to Marsing to find a welder to fix something that had broken on one of his tractors,,,Contract No. 140L0719Q0012\r\n\r\nThere are conflicting dates between the contract diaries and VTRT. The dates from VTRT have been used for this treatment.,44:54:00
Model 16,Nothern Basin and Range,Vegetation disturbance,56291,21609,Implemented,Successful,1,7/00/2008,9/00/2008,Acres,7760,Vegetation/Soil Manipulation,Vegetation Disturbance,Tree/Brush Control: Pinyon Juniper Removal,0,,,,,,,,Encroaching juniper would be cut.,"Encroaching juniper would be cut, and in some cases, left. Leaving downed juniper with\r\nno follow-up treatment would only be considered when such an activity would not\r\ncontribute appreciably to hazardous fuel loading. If, however, the downed juniper would\r\ncreate a hazardous fuel load, it would be Jackpot burned to reduce the hazard of a\r\nwildfire occurrence. Single-tree burning may occur on a limited basis as an alternative\r\nmethod to cutting. Many sites within the low sagebrush-bunchgrass communities are not\r\ncurrently invaded by juniper and would not be targeted for treatment.","Data obtained from this treatment's GIS Attribute Table - Juniper cutting completed.\r\n\r\nApproximately 7,670 acres were selectively cut in 2008.","This year\u2019s activities were successful due to close coordination and cooperation with Burns BLM Resource Area Staff, Burns Interagency Fire Zone, Harney County Soil and Water Conservation District (SWCD), Harney County Watershed Council, USGS, three grazing permittees, and two additional private land owners.",Polygon,Confirmed,"Digitized by BLM field office personnel, method unknown",None,7660.17,6734.23,,See Cooperators List,"Competition for resources, Brush control, Encroaching vegetation, Habitat productivity, Habitat quality, Invasive species, Loss of desirable species, Loss of native species, Loss of vegetation, Loss of sagebrush, Rangeland health, Vegetal cover, Habitat for wildlife, Wildlife in treated area, Pinon-juniper","There is a need to reduce encroached juniper within plant communities in the\r\nProject Area. Juniper invasion into sagebrush steppe, grassland, and riparian\r\necosystems can result in reduced density and diversity of shrubs, diminished\r\nperennial herbaceous vegetation, acceleration of erosional processes, and\r\ndiminished soil moisture.\r\nThere is a need to maintain or enhance important wildlife habitats (aspen,\r\nmountain mahogany, bitterbrush, riparian and sagebrush communities) that are\r\ndegraded, being overtaken or lost due to competition from juniper.\r\nThere is a need to improve plant forage species for mule deer, Rocky Mountain\r\nelk, antelope, wild horses, and livestock in plant communities undergoing\r\nconversion to juniper woodlands.\r\nThere is a need to restore fire as a natural process within the Project Area to the\r\nextent feasible under constraints of human safety, private property, and resource\r\nvalues. The historic fire regime within the Project Area has been highly altered.\r\nThere is a need to reduce accumulations of hazardous fuels within the Project\r\nArea to levels where cost-effective resource protection is possible and safety for\r\nfirefighters is improved. Surface fuel loading is particularly high in 3 7 sites\r\n(3 ,428 acres) where juniper was previously cut and that now contain downed\r\njuniper slash.",,,,,,56:21:00
Model 16,Nothern Basin and Range,Vegetation disturbance,56407,21626,Implemented,Unknown,2,6/2/2014,6/16/2014,Acres,5987,Vegetation/Soil Manipulation,Vegetation Disturbance,Tree/Brush Control: Pinyon Juniper Removal - Hand Cutting,0,,,,,,,,The objective of this juniper slashing is to maintain the shrub steppe landscape by removing encroaching junipers\r\nand to maintain previous treatments with periodic retreatment.,"Upper Castle Creek Cutting, Planned treatment in HL focus area.\r\nUnit #1-Upper Castle Unit 1. 3,943 acres.\r\nWithin the treatment area, all live juniper trees regardless of size will be cut down and left on site. Please see Item 13, Upper\r\nCastle Unit 1 (a-g) for exceptions and further specifics.\r\nUnit #2- Upper Castle Unit 2. 2,034 acres.\r\nWithin the treatment area, all live juniper trees 10 in DBH and less will be cut down and left on site. All limbs (green) that\r\nhave re-sprouted from previous treatments will be severed from the stump and left on site. Please see Item 13, Upper Castle\r\nUnit 2/Pixley Basin Unit 1 (a-g) for exceptions and further specifics.","Lop and scatter of juniper\r\n\r\nThere were some areas of the project that Cutting Edge had to rework, but overall their efficiency and ability\r\nto cover a lot of the project area in 1/4th of the allotted time was outstanding.",Unknown,Polygon,Confirmed,"Digitized by BLM field office personnel, method unknown",,5986.89,5925.24,,Contractor,"Hazardous fuels reduction, Public safety, Pinon-juniper, Wildland Urban Interface",The objective of this juniper slashing is to maintain the shrub steppe landscape by removing encroaching junipers\r\nand to maintain previous treatments with periodic retreatment.,,,,,Units 1 and 2\r\nCONTRACT NUMBER: L14PC00064\r\n\r\nThere is a discrepancy between the VTRT attribute dates and the dates found in the contract documents. The dates from VTRT have been entered for this treatment.,10:53:00
Model 16,Nothern Basin and Range,Vegetation disturbance,56409,21627,Implemented,See Comments,2,6/19/2014,6/22/2014,Acres,300,Vegetation/Soil Manipulation,Vegetation Disturbance,Tree/Brush Control: Lop and Scatter,0,,,,,,,,The objective of this treatment is to maintain the shrub steppe landscape by removing encroaching junipers,"Jordan Creek Juniper Cutting Unit 300 ACRES\r\nWithin the treatment area, all live juniper trees up to 18 inches DBH will be cut down and left on site. Please see Jordan Creek 13(a-f) for exceptions and further specifics.\r\nThe Contractor will furnish all tools, labor, supervision, equipment, materials, supplies, transportation, training and incidentals necessary to accomplish the task in accordance with the specifications provided.\r\n\r\na) LEVEL OF DIFFICULTY: The Level of Difficulty for the Jordan Creek Juniper Cutting project can be categorized as Line Item 0001AB-Level II, Unit density of material to be severed is estimated to average between 21 and 40 percent cover. This Line Item defines treatment as \u201cAll live, standing vegetation (juniper trees), between 1inch diameter breast height (DBH) and 18 inches DBH shall be completely severed with the stump height not to exceed 6 inches.\r\nb) All junipers up to 18inches DBH will be cut down and left on site. See restrictions for leave trees specifications.\r\nc) Any and all trees to be cut or removed shall be completely severed, and the remaining stump height shall be within (6) in. from the ground on the uphill side.\r\nd) No live branches will remain on the stump of any juniper tree after the tree is cut.\r\ne) Restrictions: The following juniper trees will not be cut down 1) climax/old growth 2) trees with large hawk nests, 3) trees with artificial bird nest boxes, 4) juniper trees flagged or spray painted by BLM for retention, 5) trees that are part of a fence-line.\r\nf) Mountain mahogany will not be cut.","Summitt did a fantastic job and worked extremely fast. The foreman, Alvaro, was very professional and eager to make any necessary corrections regarding contract specifications. Due to the extreme pace at which Summitt works, it is important to perform inspections as soon as possible in order to promptly correct any deficiency issues. Overall, Summitt was a pleasure to work with, did a great job and were way ahead of schedule.\r\n\r\nAll live Juniper with a DBH up to 18 inches were cut down and left on site, resulting in a large reduction of Juniper encroachment.","All live Juniper with a DBH up to 18 inches were cut down and left on site, resulting in a large reduction of Juniper encroachment.",Polygon,Confirmed,"Digitized by BLM field office personnel, method unknown",None,300.37,300.37,,Contractor,"Brush control,, Habitat quality, Invasion by pinyon-juniper",The objective of this treatment is to maintain the shrub steppe landscape by removing encroaching junipers,,,,,,41:00:00
Model 16,Nothern Basin and Range,Vegetation disturbance,56465,21632,Implemented,See Comments,2,6/29/2015,9/15/2015,Acres,5371.95,Vegetation/Soil Manipulation,Vegetation Disturbance,Tree/Brush Control: Pinyon Juniper Removal - Hand Cutting,0,,,,,,,,"The objective of this treatment is to control encroaching western juniper into\r\nsagebrush-steppe by slashing and girdling western juniper trees within the project boundary. Pole Creek #4, Slashing, Girdling: The objective of this treatment is to prepare the project site for future prescribed burning.","Scope of Work.\r\nPole Creek #15-1, 1,390 Acres. Slashing, Girdling. Contractor will be required to either slash or girdle western juniper\r\ntrees within the project boundary. The Contractor will furnish all tools, labor, supervision, equipment, materials, supplies,\r\ntransportation, training and incidentals necessary to accomplish the task in accordance with the specifications provided.\r\nPole Creek #15-2, 1,180 Acres. Slashing, Girdling. Contractor will be required to either slash or girdle western juniper\r\ntrees within the project boundary. The Contractor will furnish all tools, labor, supervision, equipment, materials, supplies,\r\ntransportation, training and incidentals necessary to accomplish the task in accordance with the specifications provided.\r\nPole Creek #15-3, 1,293 Acres. Slashing, Girdling. Contractor will be required to either slash or girdle western juniper\r\ntrees within the project boundary. The Contractor will furnish all tools, labor, supervision, equipment, materials, supplies,\r\ntransportation, training and incidentals necessary to accomplish the task in accordance with the specifications provided.\r\n\r\nSpecifications for treatment: Pole Creek, Unit 15-1, 1,390 acres SLASHING/GIRDLING\r\nWithin the treatment area: Pole Creek Unit 15-1\r\nSLASHING: The slashing in Pole Creek Unit 15-1 is characterized by two slashing difficulties.\r\n430 acres, Slashing Item 0001AB-Level II-Unit density of material to be severed is estimated to average between 21 and 40\r\npercent of total cover.\r\n960 acres, Slashing Item 0001AC-Level III-Unit density of material to be severed is estimated to average between 41 and 60\r\npercent of cover.\r\nCutting Specifications: These cutting specifications apply to all levels of slashing difficulty.\r\nSLASHING:\r\n(a) All juniper from 0in \u2013 8 in. DBH will be severed at the stump and will be left on site.\r\n(b) Any and all trees to be slashed shall be completely severed, and the remaining stump height shall be within (6) in.\r\nfrom the ground on the uphill side.\r\n(c) No live branches will remain on the stump of any juniper tree after the tree is slashed.\r\nGIRDLING: The girdling in Pole Creek Unit 15-1 is characterized by two girdling difficulties.\r\n430 acres, Girdling, Item 0002AA Level I-The expected number of trees to be treated is less than 30 trees per acre.\r\n960 acres, Girdling, Item 0002AB Level II-The expected number of trees to be treated is between 30 and 60 trees per acre.\r\nCutting Specifications: The girdling specifications apply to all levels of girdling difficulties.\r\nGIRDLING:\r\n(a) All western juniper trees, except old growth, greater than 8in DBH will be girdled with one horizontal chainsaw cut\r\nmade completely around the bole of each tree; such that the minimum cut depth inside the cambium is 2 inches.\r\n(b) The cut will be made between 1ft and 3ft from ground level.\r\n(c) All live limbs will be cut below the girdling cuts.\r\n\r\nSpecifications for treatment: Pole Creek, Unit 15-2, 1,180 acres SLASHING/GIRDLING\r\nWithin the treatment area: Pole Creek Unit 15-2\r\nSLASHING: The slashing in Pole Creek Unit 15-2 is characterized by two slashing difficulties.\r\n595 acres, Slashing Item 0001AB-Level II-Unit density of material to be severed is estimated to average between 21 and 40\r\npercent of total cover.\r\n585 acres, Slashing Item 0001AC-Level III-Unit density of material to be severed is estimated to average between 41 and 60\r\npercent of cover.\r\nCutting Specifications: These cutting specifications apply to all levels of slashing difficulty.\r\nSLASHING:\r\n(a) All juniper from 0in \u2013 8 in DBH will be severed at the stump and will be left on site.\r\n(b) Any and all trees to be slashed shall be completely severed, and the remaining stump height shall be within (6) in.\r\nfrom the ground on the uphill side.\r\n(c) No live branches will remain on the stump of any juniper tree after the tree is slashed.\r\nGIRDLING: The girdling in Pole Creek Unit 15-2 is characterized by 2 girdling difficulties.\r\n595 acres, Girdling, Item 0002AA Level I-The expected number of trees to be treated is less than 30 trees per acre.\r\n585 acres, Girdling, Item 0002AB Level II-The expected number of trees to be treated is between 30 and 60 trees per acre.\r\nCutting Specifications: The girdling specifications apply to all levels of girdling difficulties.\r\nGIRDLING:\r\n(a) All western juniper trees, except old growth, greater than 8 in. DBH will be girdled with one horizontal chainsaw\r\ncut made completely around the bole of each tree; such that the minimum cut depth inside the cambium is 2 inches.\r\n(b) The cut will be made between 1ft and 3ft from ground level.\r\n(c) All live limbs will be cut below the girdling cuts.\r\nSpecifications for treatment: Pole Creek, Unit 15-3, 1,293 acres SLASHING/GIRDLING\r\nWithin the treatment area: Pole Creek Unit 15-3\r\nSLASHING: The slashing in Pole Creek Unit 15-3 is characterized by two slashing difficulties.\r\n174 acres, Slashing Item 0001AB-Level II-Unit density of material to be severed is estimated to average between 21 and 40\r\npercent of total cover.\r\n1,119 acres, Slashing Item 0001AC-Level III-Unit density of material to be severed is estimated to average between 41 and\r\n60 percent of cover.\r\nCutting Specifications: These cutting specifications apply to all levels of slashing difficulty.\r\nSLASHING:\r\n(a) All juniper from 0in \u2013 8 in DBH will be severed at the stump and will be left on site.\r\n(b) Any and all trees to be slashed shall be completely severed, and the remaining stump height shall be within (6) in.\r\nfrom the ground on the uphill side.\r\n(c) No live branches will remain on the stump of any juniper tree after the tree is slashed.\r\nGIRDLING: The girdling in Pole Creek Unit 15-3 is characterized by 2 girdling difficulties.\r\n174 acres, Girdling, Item 0002AA Level I-The expected number of trees to be treated is less than 30 trees per acre.\r\n\r\n1,119 acres, Girdling, Item 0002AB Level II-The expected number of trees to be treated is between 30 and 60 trees per acre.\r\nCutting Specifications: The girdling specifications apply to all levels of girdling difficulties.\r\nGIRDLING:\r\n(a) All western juniper trees, except old growth, greater than 8 in. DBH will be girdled with one horizontal chainsaw cut\r\nmade completely around the bole of each tree; such that the minimum cut depth inside the cambium is 2 inches.\r\n(b) The cut will be made between 1ft and 3ft from ground level.\r\n(c) All live limbs will be cut below the girdling cuts.\r\n\r\nPole Creek #4, 1,508 Acres. Slashing, Girdling. Cutting specifications will include slashing and girdling juniper trees in a\r\nmanner that will contribute to increased fire behavior during subsequent prescribed burning. There will be variation in\r\ndensity of trees throughout the unit due to the size of the project.","There were a total of four units that were treated in 2015 using slash and girdling mechanical treatment. Pole Creek Units #1 (1390 acres), #2 (1180 acres), #3 (1292 acres), and #4 (1508 acres) were completed by September.",Both units 15-1 and 14-3 were slashed in 2014/2015 by slashing 25% of 4-8 in DBH trees and girdling 30 % or less of the 8inch and greater trees. It has been determined that this has not created enough ground fuels to accomplish prescribed fire objectives.,Polygon,Confirmed,"Digitized by BLM field office personnel, method unknown",None,5371.95,5021.32,,BLM and Cooperators,"Fire hazard, Forest health, Habitat quality, Invasive species, Loss of desirable species, Public safety, Rangeland health, Threatened species, Endangered species, Habitat for wildlife, Hazardous fuels reduction, Invasion by pinyon-juniper, Loss of sagebrush, Pinon-juniper, Sensitive species, Wildlife in treated area","The proposed treatments will aid in the long-term health of the land by restoring and maintaining the shrub steppe and aspen communities which provide important cover for watershed health, diverse wildlife habitats, and scenic values. In addition the proposed juniper treatments would have long lasting ecological benefits such as increased watershed stability, improved hydrologic function, increased spring and stream flows, and improved upland and riparian habitat. These ecological benefits would result in improved habitat conditions for a broad diversity of terrestrial and aquatic wildlife species, including special status species such as greater sage-grouse and redband trout.",,,,,"Pole Creek Unit #15-1, 2, 3 and Unit #4\r\n\r\nPartners: Bureau of Land Management (BLM), Nonprofit, Private, State, U.S. Fish & Wildlife Service.\r\nRMEF Funding; HLI Funds",20:11:00
Model 16,Nothern Basin and Range,Vegetation disturbance,56562,21645,Implemented,Unknown,2,10/27/2014,11/6/2014,Acres,3244,Vegetation/Soil Manipulation,Vegetation Disturbance,Tree/Brush Control: Pinyon Juniper Removal,0,,,,,,,,"Sub-Item ES - Hand Severing, Level 8 - Percent cover of material to be treated is estimated to\r\nbe between 0 and 5% total cover, but will be hand severed less than 4 ft. in height raising the\r\nlevel to 8.","PERFORMANCE TIME: 8/18/14 to 11/01/14\r\nSPECIFICATIONS:\r\nAll live juniper shall be cut including all branches near the base of each live tree, and felled trees\r\nshall be hand severed to a height 4 ft. or less. In the Little Kiger 2 cut unit, all dead trees shall be\r\ncut and hand severed to 4 ft. or less, but branches protruding from the base/stump of felled\r\ndead trees less than 4 ft. in height will not need to be cut.\r\nSATISFACTORY WORK:\r\nAcceptance of work will be based on compliance with all specifications that correspond to the\r\ntreatment.\r\nPAYMENT:\r\nPayment will be made for completed acres inspected and accepted by the government.",Contract Diary 11/6/2014 - All units have been completed and the contractor work is acceptable.,Unknown,Polygon,Confirmed,Digitized by LTDL data entry personnel using a confirmed map,2/1/2021,3257.25,3136.89,,Contractor,"Brush control, Competition for resources, Encroaching vegetation, Habitat productivity, Habitat quality, Hazardous fuels reduction, Invasion by pinyon-juniper, Invasive species, Loss of desirable species, Loss of native species, Loss of sagebrush, Pinon-juniper, Rangeland health, Vegetal cover",Five Creeks Healthy Lands Initiative and Home Ranch LLC Smyth-Kiger Allotment CCA - Greater\r\nSage Grouse Habitat Improvement Project.,,,,,,46:06:00
Model 16,Nothern Basin and Range,Vegetation disturbance,56651,21663,Implemented,Unknown,2,7/24/2019,9/22/2019,Acres,37486,Vegetation/Soil Manipulation,Vegetation Disturbance,Tree/Brush Control: Pinyon Juniper Removal - Hand Cutting,0,,,,,,,,To improve and maintain sagebrush steppe habitat by removing encroaching western juniper,"Juniper Cutting\r\n\u2022 Trees would be cut to a stump height of eight inches or less.\r\n\u2022 No live branches would remain on the stump.\r\n\u2022 Camping areas for cutting crews would be pre-approved by authorized officer.\r\n\u2022 Branches would be lopped from felled juniper to a height of no more than 1.22 meters (4 feet).\r\n\u2022 Old growth, trees of cultural significance, and bearing trees would be avoided.\r\nTreatment methods would include cutting juniper3 with handsaws or chainsaws, lopping with pruning shears, and using heavy equipment such as a track-hoe fitted with a grinding implement (masticator) or a shearing implement (large, powerful pruning shears). Material may be scattered on site and left in place, or the material may be piled and burned or jackpot burned.\r\n\r\nSpecifications for Treatment: Old Mann Pasture #00564, Howell Creek FFR #00656\r\n(a) 100% of live and dead juniper trees will be severed at the stump and will be left on site.\r\n(b) No live branches will remain on the stump after the juniper tree is cut and the remaining\r\nstump height shall be = 8 inches from the ground on the uphill side.\r\n(c) 100% of juniper trees that have been severed will be slashed to a height of = 4 feet (48\r\ninches or 1.2 meters) as measured from ground level.\r\n(d) Any tree that is severed/slashed and blocks any road or two track will be moved to allow\r\ntravel by vehicles or UTV/ATV.\r\n(e) No trees will be felled into or within flagged avoidance sites.\r\n\r\nUnit 1: 12,206 Acres. Lop and Leave. Contractor will be required to hand severe western juniper trees regardless of\r\nsize within the unit boundaries.\r\nUnit 2: 10,581 Acres. Lop and Leave. Contractor will be required to hand severe western juniper trees regardless of\r\nsize within the unit boundaries.","Lop and Scatter: 37,486 Acres\r\nContracting: (BOSH Units: Portions of FY19 1-5) Lop and Scatter contracts for a total of 34,647 acres were awarded in 3 separate units to two different contractors in July. All western juniper trees except old growth and flagged avoidance areas were cut and lopped below 48 inches. The contractors were able to begin work on August 1st and completed the final unit on September 22, 2019. These units were located in the Bachman Grade, Triangle, and Castle Creek areas. (see attached maps)\r\nBLM Crews Lop and Scatter: (BOSH Units: Portion of FY19 Unit 1) BOSH \u201cIn-House\u201d cutting treatments began in late February using Boise District BLM fire crews. These crews worked with BLM specialists to mitigate disturbances to wildlife, botanical, and cultural resources. By mid-April the crews returned to their duty stations after accomplishing 1,892 Acres of Lop and Scatter.\r\nNRCS Treatment: (BOSH Units: Howl and Old Mann Units) In cooperation with the Natural Resources Conservation Service, the BLM completed lop and scatter efforts on the Howl (70 Acres) and Old Mann (877 acres) units in September of 2019.\r\n\r\nSee Contract journals for more information.",FY19 plots were not\r\nreread in FY20 to allow adequate time for vegetative changes to occur before being reread. No\r\nadaptations or changes have yet occurred due to results from AIM/HAF datasets.,Polygon,Confirmed,"Digitized by BLM field office personnel, method unknown",None,37517.62,35373.55,,Contractor,"Encroaching vegetation, Endangered species, Habitat for greater sage grouse, Habitat for sage grouse, Habitat for sage sparrow, Habitat for wildlife, Habitat quality, Invasion by pinyon-juniper, Loss of desirable species, Loss of sagebrush, Loss of perennials, Noxious weeds, Nesting bald eagles, Nesting bird species, Pinon-juniper, Rangeland health, Sensitive species, Special status species, Threatened species, Wildlife in treated area","The Bruneau-Owyhee Sage-grouse Habitat (BOSH) Project EIS Record of Decision was\r\napproved on February 5, 2019 and is a landscape-level project designed to improve and maintain\r\nsagebrush steppe habitat by removing encroaching juniper to benefit greater sage-grouse\r\n(hereafter sage-grouse) and other wildlife.\r\nIn the recent past, juniper treatments have typically been local and reactive rather than regional and strategic (Wisdom and Chambers 2009). Many acres of juniper have been treated since 2004, but treatments are not keeping pace with the current rate of juniper encroachment in southwestern Idaho (Wisdom and Chambers 2009; USDI FWS 2010a). In order to make effective, measurable and long-term changes beneficial to sage-grouse, juniper treatments must be completed at the landscape scale and target early-stage encroachment (Wisdom and Chambers 2009; Baruch-Mordo et al. 2013; Bates et al. 2017; Coates et al. 2017; Gibson et al. 2016; Miller et al. 2017; Prochazka et al. 2017; Severson et al. 2017a and 2017c). Past treatments have tended to focus on areas of late stage encroachment that may not benefit sage-grouse for many years. Targeting early stage encroachment provides immediate benefits by improving nesting and brood rearing habitat, and providing connectivity between habitat types.\r\nImpacts to sage-grouse populations from the presence of juniper are occurring before major shifts in vegetation composition are observed. Baruch-Mordo et al. (2013) found that even a low level presence of juniper in sagebrush steppe habitat can cause population-level impacts to sage-grouse; no leks remained active when conifer (e.g., juniper) canopy exceeded 4% cover within 1 kilometer (0.62 mile) of a lek. A more recent study by Coates et al. (2017) indicated that juniper canopy cover as low as 2% can lead to avoidance, and reduced survival of sage-grouse and that juniper stands can negatively impact sage-grouse distributions and demographics. In the winter, sage-grouse avoided areas within 805 meters (0.5 mile) of conifer habitats (Doherty et al. 2008). The reasons for sage-grouse avoidance of juniper are currently unclear; however, the prevailing thought is that it may be related to the presence of predators (birds of prey use juniper trees as perches) and habitat fragmentation of the sagebrush steppe. Not only does juniper encroachment cause a loss of habitat for sage-grouse, it can also directly affect survival of individual sage-grouse and their populations, overall.\r\nTreating juniper in the early stages of encroachment, while there is still a viable and diverse understory of sagebrush and herbaceous native plant species, increases the likelihood of maintaining a resistant and resilient sagebrush steppe ecosystem. The 2010 finding by the FWS recognized the potential value of conifer removal treatments, particularly when done in the early stages of encroachment when sagebrush and forb understory is still intact (USDI FWS 2010a). If juniper treatment is not completed during the early stages of woodland development, the sagebrush steppe plant community runs the risk of crossing a threshold from which the sagebrush community may not be able to recover (Miller et al. 2000; Bates et al. 2013; Miller et al. 2013). Also, juniper treatments are more likely to be successful and less costly at the stages of early encroachment (Taylor et al. 2013). Studies of large-scale, early stage juniper control in eastern Oregon and southwestern Idaho have shown relatively rapid vegetation recovery (i.e., two to three years after juniper cutting) (Burkhardt and Tisdale 1969; Bates et al. 2000; Miller et al. 2000; Bates et al. 2005; Bates et al. 2017). Researchers have found there is usually a two-fold to seven-fold increase in herbaceous cover following juniper treatments, although this varied by site condition and level of juniper encroachment, with areas of late stage encroachment showing the poorest response to treatment (Miller 2005; Bates et al. 2013; Bates et al. 2017). There are also several recent studies indicating that removal of juniper encroaching into sagebrush steppe habitat at the early stages is important to maintain sage-grouse populations and suitable habitat (Bates et al. 2011; Pyke 2011; Baruch-Mordo et al. 2013; Bates et al. 2013; Miller et al. 2013; Miller et al. 2014a; Bates et al. 2017; Coates et al. 2017; Gibson et al. 2016; Miller et al. 2017; Prochazka et al. 2017; Severson et al. 2017a and 2017c).\r\nIn response to the threat of sagebrush steppe habitat loss posed by the encroachment of western juniper, the Boise District BLM, in collaboration with the Idaho Department of Fish and Game (IDFG), the USDA Natural Resources Conservation Service (NRCS), FWS, Idaho Department of Lands (IDL), and Idaho Governor\u2019s Office of Species of Conservation, proposes to treat up to 726,000 acres of early stage juniper encroachment in southwestern Idaho. The BLM and its collaborators are proposing this project to maintain and improve sagebrush steppe habitat for the benefit of sage-grouse and other wildlife that rely on these habitats.",,,,,"Units 1, 2, 3 and the Old Man Allotment/Howl Creek FFR \r\n\r\nMap in the 2019 report distinguishes between contract areas. VTRT was used. The VTRT corresponds with the project map for confirmed 2019 treatments, but the dates in the documentation and GIS differ: the documentation mentions treatments beginning in February.\r\n\r\nCooperators on specific treatments are not specified, but planning partners include:\r\n\u2022 Idaho Governor\u2019s Office of Species\r\nConservation\r\n\u2022 Idaho Department of Fish and Game\r\n\u2022 Boise District BLM\r\n\u2022 Owyhee Field Office BLM\r\n\u2022 USDA Natural Resources Conservation\r\nService\r\n\u2022 Idaho Department of Lands\r\n\u2022 U.S. Fish and Wildlife Service\r\n\u2022 Pheasants Forever, Inc.\r\n\r\nWithin the BOSH project area, the Idaho Department of Lands is cutting juniper on State lands and several private land owners are also cutting and burning juniper.",20:35:00
Model 16,Nothern Basin and Range,Vegetation disturbance,56652,21663,Implemented,Unknown,2,10/1/2019,9/18/2020,Acres,22626,Vegetation/Soil Manipulation,Vegetation Disturbance,Tree/Brush Control: Pinyon Juniper Removal,0,,,,,,,,Juniper control,"Juniper Cutting\r\n\u2022 Trees would be cut to a stump height of eight inches or less.\r\n\u2022 No live branches would remain on the stump.\r\n\u2022 Camping areas for cutting crews would be pre-approved by authorized officer.\r\n\u2022 Branches would be lopped from felled juniper to a height of no more than 1.22 meters (4 feet).\r\n\u2022 Old growth, trees of cultural significance, and bearing trees would be avoided.\r\nMastication and Shearing\r\n\u2022 Mastication and shearing of juniper would be used where it would be the most effective tool within 60 meters (200 feet) from either side of designated roads, for example:\r\no To reduce fuel loading along roadways;\r\no Trees may be masticated where viewsheds are a concern.\r\no Heavy equipment would not be permitted beyond the 60-meter (200-foot) corridor along roadways, and would not be permitted in riparian/wetland areas.","Lop and Scatter: 26,535 Acres\r\nBLM Contracts: (BOSH Units: Flint, Hardiman/Hart, South Mountain, Juniper Mountain) Lop\r\nand Scatter contracts for a total of 22,401 acres were awarded in 4 separate units to one\r\ncontractor in August. All western juniper trees except old-growth and flagged avoidance areas\r\nwere cut and lopped below 48 inches. The contractors were able to begin work on August 31\r\nand completed the final unit on October 20, 2020. These units were located in the Flint Creek\r\nRoad, South Mountain Road, Owl Creek, and Hart Creek areas. (see attached map)\r\n\r\n\r\nChanges made based on Adaptive Management: During the implementation phase multiple\r\ntechniques and protocols will continue to be refined.\r\nContract specification refinement implemented in FY20 treatments included modifications to\r\ncontracting language to leave adequate space (5 feet) between juniper residue and fence lines to\r\nallow wildlife and livestock movement. Contract language refinement recommended for FY21\r\nwill include language on lopping dead juniper material to 48-inches.\r\nImprovements in communication will occur in FY21 regarding working with permittees,\r\nadjacent landowners, and cooperating agencies. Preseason meetings will continue to occur with\r\nour partners as well working with our public information and range staff.",Unknown,Polygon,Confirmed,"Digitized by BLM field office personnel, method unknown",,22626.07,22614.77,,BLM and Cooperators,"Encroaching vegetation, Endangered species, Habitat for greater sage grouse, Habitat for sage grouse, Habitat for sage sparrow, Habitat for wildlife, Habitat quality, Invasion by pinyon-juniper, Loss of desirable species, Loss of sagebrush, Loss of perennials, Noxious weeds, Nesting bald eagles, Nesting bird species, Pinon-juniper, Public safety, Rangeland health, Sensitive species, Special status species, Threatened species, Wildlife in treated area","The Bruneau-Owyhee Sage-grouse Habitat (BOSH) Project EIS Record of Decision was\r\napproved on February 5, 2019 and is a landscape-level project designed to improve and maintain\r\nsagebrush steppe habitat by removing encroaching juniper to benefit greater sage-grouse\r\n(hereafter sage-grouse) and other wildlife.\r\nIn the recent past, juniper treatments have typically been local and reactive rather than regional and strategic (Wisdom and Chambers 2009). Many acres of juniper have been treated since 2004, but treatments are not keeping pace with the current rate of juniper encroachment in southwestern Idaho (Wisdom and Chambers 2009; USDI FWS 2010a). In order to make effective, measurable and long-term changes beneficial to sage-grouse, juniper treatments must be completed at the landscape scale and target early-stage encroachment (Wisdom and Chambers 2009; Baruch-Mordo et al. 2013; Bates et al. 2017; Coates et al. 2017; Gibson et al. 2016; Miller et al. 2017; Prochazka et al. 2017; Severson et al. 2017a and 2017c). Past treatments have tended to focus on areas of late stage encroachment that may not benefit sage-grouse for many years. Targeting early stage encroachment provides immediate benefits by improving nesting and brood rearing habitat, and providing connectivity between habitat types.\r\nImpacts to sage-grouse populations from the presence of juniper are occurring before major shifts in vegetation composition are observed. Baruch-Mordo et al. (2013) found that even a low level presence of juniper in sagebrush steppe habitat can cause population-level impacts to sage-grouse; no leks remained active when conifer (e.g., juniper) canopy exceeded 4% cover within 1 kilometer (0.62 mile) of a lek. A more recent study by Coates et al. (2017) indicated that juniper canopy cover as low as 2% can lead to avoidance, and reduced survival of sage-grouse and that juniper stands can negatively impact sage-grouse distributions and demographics. In the winter, sage-grouse avoided areas within 805 meters (0.5 mile) of conifer habitats (Doherty et al. 2008). The reasons for sage-grouse avoidance of juniper are currently unclear; however, the prevailing thought is that it may be related to the presence of predators (birds of prey use juniper trees as perches) and habitat fragmentation of the sagebrush steppe. Not only does juniper encroachment cause a loss of habitat for sage-grouse, it can also directly affect survival of individual sage-grouse and their populations, overall.\r\nTreating juniper in the early stages of encroachment, while there is still a viable and diverse understory of sagebrush and herbaceous native plant species, increases the likelihood of maintaining a resistant and resilient sagebrush steppe ecosystem. The 2010 finding by the FWS recognized the potential value of conifer removal treatments, particularly when done in the early stages of encroachment when sagebrush and forb understory is still intact (USDI FWS 2010a). If juniper treatment is not completed during the early stages of woodland development, the sagebrush steppe plant community runs the risk of crossing a threshold from which the sagebrush community may not be able to recover (Miller et al. 2000; Bates et al. 2013; Miller et al. 2013). Also, juniper treatments are more likely to be successful and less costly at the stages of early encroachment (Taylor et al. 2013). Studies of large-scale, early stage juniper control in eastern Oregon and southwestern Idaho have shown relatively rapid vegetation recovery (i.e., two to three years after juniper cutting) (Burkhardt and Tisdale 1969; Bates et al. 2000; Miller et al. 2000; Bates et al. 2005; Bates et al. 2017). Researchers have found there is usually a two-fold to seven-fold increase in herbaceous cover following juniper treatments, although this varied by site condition and level of juniper encroachment, with areas of late stage encroachment showing the poorest response to treatment (Miller 2005; Bates et al. 2013; Bates et al. 2017). There are also several recent studies indicating that removal of juniper encroaching into sagebrush steppe habitat at the early stages is important to maintain sage-grouse populations and suitable habitat (Bates et al. 2011; Pyke 2011; Baruch-Mordo et al. 2013; Bates et al. 2013; Miller et al. 2013; Miller et al. 2014a; Bates et al. 2017; Coates et al. 2017; Gibson et al. 2016; Miller et al. 2017; Prochazka et al. 2017; Severson et al. 2017a and 2017c).\r\nIn response to the threat of sagebrush steppe habitat loss posed by the encroachment of western juniper, the Boise District BLM, in collaboration with the Idaho Department of Fish and Game (IDFG), the USDA Natural Resources Conservation Service (NRCS), FWS, Idaho Department of Lands (IDL), and Idaho Governor\u2019s Office of Species of Conservation, proposes to treat up to 726,000 acres of early stage juniper encroachment in southwestern Idaho. The BLM and its collaborators are proposing this project to maintain and improve sagebrush steppe habitat for the benefit of sage-grouse and other wildlife that rely on these habitats.",,,,,"Cooperators on specific treatments are not specified, but planning partners include:\r\n\u2022 Idaho Governor\u2019s Office of Species\r\nConservation\r\n\u2022 Idaho Department of Fish and Game\r\n\u2022 Boise District BLM\r\n\u2022 Owyhee Field Office BLM\r\n\u2022 USDA Natural Resources Conservation\r\nService\r\n\u2022 Idaho Department of Lands\r\n\u2022 U.S. Fish and Wildlife Service\r\n\u2022 Pheasants Forever, Inc.\r\n\r\nWithin the BOSH project area, the Idaho Department of Lands is cutting juniper on State lands and several private land owners are also cutting and burning juniper.",02:02:00
Model 16,Nothern Basin and Range,Vegetation disturbance,57360,6255,Implemented,Unknown,2,6/5/2006,10/10/2015,Acres,9960,Vegetation/Soil Manipulation,Vegetation Disturbance,Tree/Brush Control: Pinyon Juniper Removal - Hand Cutting,0,No seed list,,,,,,,To conduct a cutting.,No documentation.,A cutting was completed using chainsaws to target juniper.,None,Polygon,Confirmed,"Digitized by BLM field office personnel, method unknown",3/26/2021,9960,9959.48,,Contractor,Rangeland health,"Juniper has and continues to expand beyond its historical range, impacting and replacing the\r\nnative sagebrush steppe communities which provide important habitat for a variety of wildlife\r\nspecies including sage grouse. As woodlands encroach and increase in dominance sagebrush\r\nsteppe communities shrubs rapidly decline. In the case of pinyon-juniper tree encroachment, as\r\nthe site becomes dominated by the trees, sagebrush will die out, the herb layer may decline, and\r\nseed banks become depleted (Koniak and Everett 1982, Miller et al. 2000). Natural disturbances\r\nsuch as fire become rare as these trees age and as they dominate a site (Miller and Tausch 2001).\r\nAbsence of fire has permitted juniper woodland expansion into sagebrush habitats (Miller and\r\nRose 1999), effectively reducing the suitability of those regions for greater sage-grouse. As\r\nconifers expand into sagebrush communities, contiguous sagebrush stands are reduced in size\r\nand diverse grasses and forbs used by sage-grouse and other species are diminished. Juniper\r\nencroachment into these sites has the potential to displace sagebrush communities, reduce plant\r\ndiversity, reduce productive capability and impair ecological processes.",Unknown,No documentation.,Unknown,No documentation.,,53:10:00
Model 16,Nothern Basin and Range,Vegetation disturbance,57858,22085,Implemented,Unknown,2,7/14/2017,12/22/2017,Acres,624,Vegetation/Soil Manipulation,Vegetation Disturbance,Tree/Brush Control: Pinyon Juniper Removal,0,,,,,,,,Total juniper reduction (cutting and piling),"Total juniper reduction (cutting and piling) - The treatment consists of cutting all expansion juniper within portions of a project unit. Juniper will be cut and piled prior to follow-up treatments; this could be accomplished by nonmotorized or motorized means. \r\nCommercial use of cut expansion juniper - Downed expansion juniper could be collected for firewood, ornamental use, or other uses. Section 113(b) (2) of the Steens Act allows for the removal of legally downed juniper in the CMPA outside of wilderness and WSAs. \r\nSelective juniper reduction (cutting and piling) - Treatments could vary from cutting every third tree in juniper pockets to limbing and girdling expansion juniper found in dense stands. Juniper could be cut and piled prior to follow-up treatments; this could be accomplished by nonmotorized or motorized means. \r\nEvery third tree cutting involves felling trees into juniper pockets to provide ladder fuels for remaining junipers. This method has worked well in areas with moderately dense juniper, steep slopes, and remnant ground fuels to carry fire between juniper pockets. In areas of moderate slopes this technique may be limited as fire needs more ladder fuels and a mechanism such as high or up-slope winds to carry fire through surrounding tree canopies. \r\nDroop cutting involves cutting lower limbs of expansion juniper so they droop to the ground. Limbs are not severed from the tree bole; instead they are cut three-fourths through from the top down. This method results in ladder fuels still attached to the base of standing trees. As fire carries through juniper stands, dead limbs ignite and carry fire into the tree canopy. This technique is limited by topography and fuel conditions required to carry fire between juniper pockets. Advantages to this technique include a minimized cutting time to treat stands of juniper, and the majority of fuels is left in a vertical arrangement above ground surface thereby reducing heat effects to soils and other resources (primarily cultural). A further advantage is the post-treatment Project Area resembles the result of a wildfire. \r\nThe limb and girdle method involves scoring and cutting limbs around the base of the juniper as well as cutting through the cambium layer. This technique results in dead material at the base of juniper trees providing a receptive fuel bed for fire, while increasing chances of killing the trees. The limb and girdle method works well in dense stands of juniper with little to no understory to carry fire. As with droop cutting, the limb and girdle method results in juniper remaining upright which keeps the majority of the fuels away from fragile soils and mimics the lower intensity of a wildfire event.",Data obtained from this treatment's GIS Attribute Table - cutting completed.,Unknown,Polygon,Confirmed,"Digitized by BLM field office personnel, method unknown",None,623.52,623.52,,Contractor,"Encroaching vegetation, Habitat quality, Hazardous fuels reduction, Hazardous fuels accumulation, Invasion by pinyon-juniper, Invasive species, Loss of desirable species, Rangeland health, Pinon-juniper",Juniper - Fuels Reduction.,,,,,,31:55:00
Model 16,Nothern Basin and Range,Vegetation disturbance,57859,22085,Implemented,Unknown,2,7/14/2017,12/22/2017,Acres,624,Vegetation/Soil Manipulation,Vegetation Disturbance,Vegetation Disturbance: Mechanical Pile,0,,,,,,,,Total juniper reduction (cutting and piling),"Mechanical piling and hand piling will be used to reduce fuel loading and continuity in previously cut juniper units. However, these actions may also occur in other areas. Machine piles are usually 12 feet tall by 16 to 22 feet wide and are constructed by grapple equipped excavators or dozers. Piling will take place when the ground is frozen or during dry soil conditions. Piles will be burned within 2 years of construction during late fall, winter, or spring, preferably when the ground is frozen or wet. A mixture of native and nonnative grasses, forbs, and shrub species will be seeded at these piles following burning.",Data obtained from this treatment's GIS Attribute Table - Manual-Mechanized cutting completed.,Unknown,Polygon,Confirmed,"Digitized by BLM field office personnel, method unknown",None,623.52,623.52,,Contractor,"Fire hazard, Hazardous fuels accumulation, Hazardous fuels reduction",Fuels reduction - post treatment cleanup.,,,,,,35:44:00
Model 16,Nothern Basin and Range,Vegetation disturbance,60534,21633,Implemented,Unknown,2,8/24/2020,9/15/2020,Acres,3498.58,Vegetation/Soil Manipulation,Vegetation Disturbance,Tree/Brush Control: Pinyon Juniper Removal,0,,,,,,,,Move treatment area(s) closer to reference conditions through fuels reduction and subsequent prescribed burning.,"Graves Creek: 3,550 Acres. Lop and Leave. Contractor will be required to hand severe western juniper trees within\r\nthe interior unit boundary.\r\nItem 0003AK \u2013 Level X: Lop and Leave 1,517 Acres\r\nCanopy cover of the material to be lopped and left to a height of 48 inches is estimated to be greater than 60 percent total cover.\r\n(a) 100% of juniper trees 12 inches DBH and less will be severed at the stump and will be left on site.\r\n(b) No live branches will remain on the stump after the juniper tree is cut and the remaining stump height shall be within (6) in. from the ground on the uphill side.\r\n(c) 100% of juniper trees that have been severed will be slashed to a height of 48 inches as measured from ground level.\r\n(d) Any tree that is slashed/cut and blocks any road will be slashed and moved to allow travel on roadways by vehicle.\r\nSlashing Restrictions: Apply to Item 0003AK \u2013 Level X: Lop and Leave listed above.\r\n(a) Old growth juniper will not be cut down. Old growth trees are identified by their rounded, flat, or irregularly shaped canopies as opposed to seral trees which are easily distinguished by their conical (Christmas tree) appearance. Additional indicators of old growth trees include deeply furrowed, fibrous, and reddish bark; presence of lichens; and large branches near the base of the trunk.\r\n(b) Slashing will not occur to any tree containing a raptor nest (including large cavities suitable for nesting).\r\n(c) Slashing will not occur to any tree that is part of a fence line or that can\u2019t be slashed without damaging the fence line.",GIS is implementation data. \r\n\r\nLop and scatter,Unknown,Polygon,Confirmed,"Digitized by BLM field office personnel, method unknown",None,3498.58,3448.41,,Unknown,Invasion by pinyon-juniper,Move treatment area(s) closer to reference conditions through fuels reduction and subsequent prescribed burning.,,,,,The VTRT polygon for this treatment is the same proposed project area as the planned graves creek lop and leave in 2019. It is assumed that it is the same project.\r\n\r\n$124/acre,22:40:00
Model 16,Nothern Basin and Range,Vegetation disturbance,60846,15133,Implemented,Unknown,2,6/2/2014,6/18/2014,Acres,1343,Vegetation/Soil Manipulation,Vegetation Disturbance,Tree/Brush Control: Pinyon Juniper Removal - Hand Cutting,0,,,,,,,,The objective of this treatment is to maintain the shrub steppe landscape by removing encroaching junipers.,"Hand treatments will be used to remove juniper.\r\n\r\nUnit #1-Pixley Basin Unit. 1,343 acres\r\n\r\n(a) All junipers regardless of size will be cut down and left on site except: 1) climax/old growth 2) trees with large hawk nests, 3) trees with artificial bird nest boxes, 4) juniper trees flagged or spray painted with Orange by BLM for retention, 5) trees that are part of a fence-line.\r\n(b) Any and all trees to be cut or removed shall be completely severed, and the remaining stump height shall be within (6) in. from the ground on the uphill side.\r\n(c) No live branches will remain on the stump of any juniper tree after the tree is cut.\r\n(d) All severed trees or slash will be placed at least 6 feet away from mountain mahogany trees that have DBHs of at\r\nleast 3 inches.\r\n(e) Slash will not be piled on historical debris.\r\n(f) Mountain mahogany will not be cut.\r\n(g) Slashing: Once trees are felled, Contractor will cut the tree (stem, branches, limbs) so as that no portion of the tree protrudes higher than 3 feet off the ground regardless of the size of the tree.","Juniper removal on 1,343 acres",Unknown,Polygon,Confirmed,"Digitized by BLM field office personnel, method unknown",,1342.17,1342.17,The GIS came from the Boise DO. The attribute table does not have date information so it is unknown if this is a planned or implemented treatment.,Unknown,"Encroaching vegetation, Habitat quality, Pinon-juniper, Invasion by pinyon-juniper",The objective of this treatment is to maintain the shrub steppe landscape by removing encroaching junipers.,,,,,,31:06:00
Model 16,Nothern Basin and Range,Vegetation disturbance,60873,21624,Implemented,Unknown,2,8/15/2008,8/17/2008,Acres,2354,Vegetation/Soil Manipulation,Vegetation Disturbance,Tree/Brush Control: Pinyon Juniper Removal - Hand Cutting,0,,,,,,,,The objective of this treatment is to maintain the shrub steppe and mountain mahogany savanna landscape by\r\nremoving the encroaching junipers.,"Specifications for Slashing 2,334 acres and Girdling 20 acres\r\nSlashing Line Item 0001AA\u2014Level I \u201cUnit density of material to be severed averages less than 20% of total cover.\u201d\r\nGirdling Line Item 0002AA \u2013 Level I \u201cThe expected number of trees to be treated is less than 30 trees per acre using the\r\nGirdling techniques are as described in 5.2.2(a) except: 1) all limbs will be removed below the girdling cuts.\r\n2) No hardwoods will be cut.\r\nWithin the treatment area:\r\n(a) All junipers will be cut except: 1) climax/old growth 2) trees with large hawk nests, 3) trees with\r\nartificial bird nest boxes, 4) juniper trees flagged (in blue flagging) by BLM for retention, 5) trees that are part of a\r\nfence-line.\r\n(b) Trees will be cut as level and flush with the surface as possible.\r\n(c) No live branches will remain on the stump of any juniper tree after the tree is cut.\r\n(d) All severed trees or slash will be placed at least 6 feet away from mountain mahogany trees that have DBHs of at\r\nleast 3 inches.\r\n(e) Special Owyhee Back Country Byway View-shed Requirements: Approximately 20 acres. To minimize visual\r\neffects of slash along the Byway view-shed, juniper targeted for cutting along the immediate view-shed of the\r\nByway will be treated in the following ways:\r\n1) Juniper with DBH\u2019s greater that 6\u201d will be girdled instead of being cut down (Line Item 0002AA \u2013\r\nLevel I) using the girdling techniques described in 5.2.2(a) except:\r\na) all limbs will be removed below the girdling cuts.\r\nb) No hardwoods will be cut.\r\n2) Juniper with DBH\u2019s less than 6\u201d will be severed and either:\r\na) dragged outside of the Byway view-shed, or\r\nb) cut up and debris scattered so it is not evident to the causal observer along the Byway, or\r\nc) debris cut up and piled up outside of the Byway View-shed, using topography or behind the mountain\r\nmahogany stands to screen out the slash.\r\n(f) Slash will not be piled on historical debris.\r\n(g) Mountain mahogany will not be cut.\r\n(h) The contractor will begin and complete work on the West Unit before moving on to the North and South Units.",Hand cut of juniper\r\n\r\nGIS is implementation data.,Unknown,Polygon,Confirmed,"Digitized by BLM field office personnel, method unknown",,2353.61,2353.2,,Contractor,"Encroaching vegetation, Invasion by pinyon-juniper, Habitat quality, Pinon-juniper",The objective of this treatment is to maintain the shrub steppe and mountain mahogany savanna landscape by\r\nremoving the encroaching junipers.,,,,,Phase 1,49:18:00
Model 16,Nothern Basin and Range,Vegetation disturbance,60893,21626,Implemented,Successful,2,7/20/2015,7/31/2015,Acres,5730,Vegetation/Soil Manipulation,Vegetation Disturbance,Tree/Brush Control: Pinyon Juniper Removal,0,,,,,,,,The objective of this juniper slashing is to maintain the shrub steppe landscape by removing encroaching junipers\r\nand to maintain previous treatments with periodic maintenance.,"Unit #1-Upper Castle Unit 1. This unit is located approximately 35 miles south of Grandview, Idaho in Owyhee County\r\nnear the Owyhee Back Country Byway (also known as Mud Flat Road). This unit was previously treated in 2010 and is targeted at slashing small trees that may have been missed as well as stump\r\nsprout of limbs.\r\nUnit #2- Upper Castle Unit 2. This unit is located approximately 35 miles south of Grandview, Idaho in Owyhee County\r\nnear the Owyhee Back Country Byway (also known as Mud Flat Road). \r\n\r\nUnit #1-Upper Castle Unit 1. 4,069 acres.\r\nWithin the treatment area, all live juniper trees 10 in DBH and less will be slashed and left on site. All limbs (green) that have\r\nre-sprouted from previous treatments will be severed from the stump and left on site. Please see Item 13, Upper Castle Unit 1\r\n(a-g) for exceptions and further specifics.\r\nUnit #2- Upper Castle Unit 2. 1,656 acres.\r\nWithin the treatment area, all live juniper trees regardless of size will be slashed down and left on site.\r\n\r\nWithin the treatment area: Upper Castle Creek Unit 1 (4,069acres) juniper slashing is comprised entirely of Level I\r\ndifficulty.\r\nItem 0001AA - Level I: Unit density of material to be severed is estimated to average 20 percent or less of total cover.\r\n(a) All juniper trees 10 in DBH and less will be slashed except 1) trees with artificial bird nest boxes, 2) juniper trees\r\nflagged by BLM for retention, 3) trees that are part of a fence-line. Juniper trees which meet the Specifications for\r\nTreatment that are on the unit boundary and have boundary flagging shall be slashed.\r\n(b) All trees to be slashed shall be completely severed, and the remaining stump height shall be within six inches from\r\nthe ground on the uphill side.\r\n(c) No live branches will remain on the stump of any juniper tree after the tree is slashed.\r\n(d) All green limbs (re-sprout) from previous treatments will be severed from the stump so no live branches remain on\r\nthe stump of any juniper tree that has been previously slashed in prior treatments.\r\n(e) All severed trees or slash will be placed at least 6 feet away from mountain mahogany trees that have DBHs of at\r\nleast 3 inches\r\n(f) Slash will not be piled on historical debris.\r\n(g) Mountain mahogany will not be slashed.\r\n\r\nWithin the treatment area: Upper Castle Creek Unit 2 (1,656 acres) juniper slashing can be broken down into two levels of\r\ndifficulty.\r\nItem 0001AA - Level I: 1,406 acres. Unit density of material to be severed is estimated to average 20 percent or less of\r\ntotal cover.\r\nItem 0001AB - Level II: 250 acres. Unit density of material to be severed is estimated to average between 21 and 40\r\npercent cover.\r\nSlashing specifications: These slashing specifications apply to all levels of difficulty.\r\n(a) All juniper trees regardless of size will be slashed except: 1) climax/old growth 2) trees with large hawk nests, 3)\r\ntrees with artificial bird nest boxes, 4) juniper trees flagged by BLM for retention, 5) trees that are part of a fence line.\r\nJuniper trees which meet the Specifications for Treatment that are on the unit boundary and have boundary\r\nflagging shall be slashed.\r\n(b) All trees to be slashed shall be completely severed, and the remaining stump height shall be within six inches from\r\nthe ground on the uphill side.\r\n(c) No live branches will remain on the stump of any juniper tree after the tree is slashed.\r\n(d) All severed trees or slash will be placed at least 6 feet away from mountain mahogany trees that have DBHs of at\r\nleast 3 inches\r\n(f) Slash will not be piled on historical debris.\r\n(g) Mountain mahogany will not be slashed.","In July 2015 concreters were hired to cut out any regen in plot UCC_Unitt#1 maintenance for a total acreage of 4,069 acres. They also completed UCC_Unit#2 (1,656 acres) of Juniper thinning.","It seems the results were successful, and monitoring frequency will change from annually to every 3rd year.",Polygon,Confirmed,"Digitized by BLM field office personnel, method unknown",None,5729.9,5729,,Contractor,"Encroaching vegetation, Habitat for sage grouse, Habitat quality, Invasion by pinyon-juniper",The objective of this juniper slashing is to maintain the shrub steppe landscape by removing encroaching junipers\r\nand to maintain previous treatments with periodic maintenance.,,,,,UCC Unit #1 Maintenance \r\nUCC Unit #2 FY15,09:08:00
Model 16,Nothern Basin and Range,Vegetation disturbance,62151,22880,Implemented,Unknown,2,11/00/2004,12/00/2004,Acres,1352,Vegetation/Soil Manipulation,Vegetation Disturbance,Vegetation Disturbance: Mowing,0,,,,,,,,Fuels Reduction,,West Wagontire BB 1 and BB 2 were mowed targeting shrub and hardwood. \r\n\r\nGIS is implementation data,Unknown,Polygon,Confirmed,"Digitized by BLM field office personnel, method unknown",None,1352.35,1352.35,,BLM,"Habitat for sage grouse, Habitat quality, Habitat for wildlife, Hazardous fuels reduction, Hazardous fuels accumulation","Fuels Reduction, Sage-grouse",,,,,Oregon-Non-HFRA,18:31:00
Model 16,Nothern Basin and Range,Vegetation disturbance,71423,25203,Implemented,Unknown,2,9/15/2021,12/15/2021,Acres,8040,Vegetation/Soil Manipulation,Vegetation Disturbance,Vegetation Disturbance: Mowing,0,No seed list,,,,,,,Mowing to maintain and expand fuelbreaks in the Owyhee Desert.,"Fuel breaks will be mowed in original footprint as mapped, in a linear fashion, and off one or both sides of the road. Mowing will be done on shrubs and/or perennial or annual grasses. Beating or chopping is also included on brushy vegetation \xbd to 3 inches in diameter at the base and up to 3-5 feet in height. Vegetation will be cut to a height of 4 to 6\r\ninches in designated mowing areas. The tractor(s) will not exceed three miles per hour while mowing. Implementation will desist in the event wet conditions arise (including snow and excessive moisture). Operators of equipment will make every attempt to take different paths to and from the base camp to work area to limit the amount of disturbance upon a single path.","Mowing was completed, verified by as built treatment map.",Unknown.,Polygon,Confirmed,Digitized by LTDL data entry personnel using a confirmed map,10/25/2023,11889.01,11889.01,Treated acres significantly lower than feature acres.,Unknown,Fire hazard,Maintain and expand fuelbreaks in the Owyhee desert.,,,,,,56:36:00
Model 16,Nothern Basin and Range,Vegetation disturbance,73132,25203,Implemented,Successful,2,9/15/2020,11/30/2020,Acres,4300,Vegetation/Soil Manipulation,Vegetation Disturbance,Vegetation Disturbance: Mowing,0,No seed list,,,,,,,Maintain Owyhee fuel break system,Unknown.,"Mowing maintanence of fuel breaks including Owyhee, Star Ridge, Silver and Shallow Lake, and Boulevard completed, confirmed by GIS attribute table.",Unknown.,Polygon,Confirmed,"Digitized by BLM field office personnel, method unknown",4/6/2021,4300.51,4300.51,,BLM,"Fire hazard, Establishment of seeded species",Maintain and expand fuelbreaks in the Owyhee desert.,,,,,,18:37:00
