Model,Ecoregion,Treatment,Trt_ID,Prj_ID,Plan_Imp,Success,Dates_Confirmed,Init_Date,Comp_Date,Units,Num_Units,Trt_Type_Major,Trt_Type_Sub,Treatment_Type,Treatment_Seeded,Seed_List,Seed_Mix_Name,Seeds_or_Seedlings,Seed_List_Confirmed,Control_Areas,Seed_Application_Rate,Seed_Notes,Objectives,Planned_Implementation,Actual_Implementation,Treatment_Effect_and_Results,Trt_Feature_Type,Feature_Status,How_Feature_Created,Feature_Creation_Date,Total_Acres,BLM_Acres,GIS_Notes,Initiated_By,Trt_Concerns,Trt_Concerns_Desc,Problems_Apply_Trt,Problems_Apply_Trt_Desc,Conditions_At_Trt,Conditions_At_Trt_Desc,Trt_Notes,User_Updated
Model 26,Central Basin and Range,Post-burn aerial seeding,1429,541,Implemented,Unknown,2,9/25/2007,9/25/2007,Acres,841,Seeding,Aerial Seeding,Aerial Seeding,-1,Confirmed seed list,Barnes Canyon Aerial Seed Mix,Seeds,Confirmed on Paper,Within Treatment,Species Specific,"The last 4 seeds represent a baged mix that was purchased and comprised of these 4 seeds: The mix is comprised of Rimrock Indian Ricegrass (63%), Sandbergs Bluegrass (ca. 15%), Bottlebrush Squirreltail (ca. 15%) and Sand Dropseed (ca. 7%).  It appears the purchased the bags in addition to buying several of these species independently, which is why they are listed twice.  The weights and costs for these particular seeds represent the approximate proportional weights of each species in the bag.",The Aerial seeding with a one way chaining treatment will be deemed effective if the following objectives are met. 1) An average of seven or more desirable perennial plants per square-meter will be permanently established in the burned area within three growing seasons post-fire. 2) The aerial seeding/chaining will result in greater abundance (density and cover) of seeded species when compared to unseeded controls. 3) The seeded area will have lower abundance (density and cover) of invasive annual grasses than the unseeded control areas.,Some seed was purchased at the fall seed buy during the FY2007 season and will be delivered in late September 2007. Additional seed was moved from the Las Vegas Seed Warehouse to Ely for mixing. The designated area should be seeded during Fall/Winter of FY2008.,"Dates, acreage, and implementation verified by RIPS report.","Monitoring will be conducted during the growing seasons of 2008, 2009, and 2010 to assess the effectiveness of this treatment. Treatment effectiveness data obtained during the first growing season will be included the FY2008 EOY report.",Polygon,Confirmed,"Digitized by BLM field office personnel, method unknown",00/00/0000,840.9943126,840.5940895,,Unknown,"Erosion, Impact on Cultural Resources, Invasion by Cheatgrass, Noxious Weeds",ESR,None,,None,,,31:01:00
Model 26,Central Basin and Range,Post-burn aerial seeding,1494,562,Implemented,Unknown,2,1/27/2009,1/27/2009,Acres,891,Seeding,Aerial Seeding,Aerial Seeding: Rotor Wing,-1,Confirmed seed list,HLI Sagebrush Seeding,Seeds,Confirmed on Paper,Unknown,Species Specific,,"The Elko BLM and the Nevada Department of Wildlife have been working together for over a\r\ndecade working to rehabilitate important sagebrush habitat in western Elko County. Efforts have\r\nfocused on restoring mule deer winter range, sage grouse, and pronghorn habitat. As a\r\npartnership we have strategically worked to select areas of the highest habitat value amongst an\r\narea of over 500,000 acres that have burned in the last decade.",Unknown planning.,"Due to the limited time and funds for completing rehabilitation projects after the 2006 fire season, not all areas were able to be treated. Through monitoring of the fires, areas that were found not be recovering on their own and had critical habitat values for sage grouse and mule deer were identified for treatment. Through coordination with NDOW Biologists the highest\r\npriority areas were selected for treatment based on the amount of available seed purchased through HLI funds. 1200 lbs. of Wyoming Big Sagebrush was purchased for Barth.\r\nSee attached report for photo (poor condition) ""Preparing for the Barth Aerial Sagebrush Seeding Project (Gripp 1/27/09)&&",,Polygon,Confirmed,"Digitized by BLM field office personnel, using an aircraft GPS unit",,891.1982756,869.38269,,,"Erosion, Noxious Weeds, Livestock in treated area, Habitat for mule deer, Habitat for sage grouse, Habitat for wildlife, Invasion by non-native annuals, Migratory Birds, Special Status Species, Provide forage for wildlife, Provide cover for wildlife","The purpose of the proposed action described in the emergency stabilization and rehabilitation plans and this EA is to protect the burned area from livestock grazing, seed the burned area to stabilize the soils and prevent the establishment of annual, invasive nonnative and noxious plant species, allow the undamaged plant species time to reestablish, and treat the invasive nonnative and noxious plant species to prevent spreading. The need for the proposed action is to stabilize and prevent unacceptable degradation to natural and cultural resources, to minimize threats to life or property resulting from the effects of the fire, to construct physical improvements necessary to prevent degradation of land or resources, and to prescribe cost effective post-fire stabilization and rehabilitation measures necessary to protect human life, property, and critical cultural and natural resources.",None,,None,,,15:34:00
Model 26,Central Basin and Range,Post-burn aerial seeding,1572,585,Implemented,Partially Successful,2,1/00/2007,1/00/2007,Acres,11139.55,Seeding,Aerial Seeding,Aerial Seeding: Fixed Wing,-1,Confirmed seed list,High Elevation WLSM,Seeds,Confirmed on Paper,Unknown,Unknown,,"The primary objective of the treatment is to aerially seed areas of the fire that are critical to wildlife, or most at risk for long-term irreversible damage due to the effects of the fire. High elevation areas like the area targeted by this treatment often respond slowly following fire as their species are not fire tolerant. This opens the area up to non-native grass invasion. Sagebrush and yarrow were seeded to add vegetation structure and species richness to the treatment areas.\r\n\r\nEstablish one seeded plant per square meter rooted firmly in soil with consideration for site selection factors of soils, topography, native release of desirable species, and potential for seedling establishment.  Provide for watershed protection and reduce erosive potential.  Help provide cover and forage for wildlife.  Provide for soil stabilization on slopes and drainage bottoms.  Reduce potential for invasive weed introductions.  Provide browse for mule deer in crucial winter habitat.  Provide habitat for sage grouse and other birds and mammals that depend on sagebrush.","Sagebrush and yarrow add vegetation structure and species richness to treated areas.  Aerially seed approximately 11,140 acres with Mountain Big Sagebrush and Western Yarrow.",The aerial wildlife (high elevation) seeding was completed in January via fixed wing through an aircraft rental agreement. The ground crew consisted of BLM helitack and a project inspector. AG Nav maps of the aerial seeding were completed for the project file.  The aerial seeding was monitored to ensure the correct seed mix was dispersed over the targeted area at the specified rate.  The project inspector ensured treatment met contract specifications.,"Effectiveness Monitoring: BLM monitoring personnel assess the seeding areas yearly to evaluate treatment success.  Effectiveness is based on establishment of three seeded plants per square meter rooted firmly in the soil with consideration to site selection factors such as soils, topography, native release of desirable species, and the potential for seedling establishment. Monitoring data is shared with range staff to provide comparisons with unburned reference sites and to provide analysis on the general vegetation health of the burned area.\r\n\r\nThe Basco Aerial Wildlife (high elevation) Seeding applied was monitored at BAWH \u2013 05 for three years and at BAWP \u2013 01 for the second and final years. \r\nMonitoring Results: \r\n2007 \u2013 Mountain Big Sagebrush was recorded at low density at BAWH \u2013 05: Western Yarrow was not recorded.  BAWP \u2013 01 was initially established off-treatment in 2007 and had to be relocated during 2008 so no 2007 data exists for this plot. \r\n2008 \u2013 Mountain Big Sagebrush appeared to decline but remained at low density during the second monitoring season at BAWH \u2013 05.  Minor fluctuations from year-to-year should be assessed cautiously because they may only reflect absolute non-repeatability of individual quadrats along a paced transect.  Western Yarrow was recorded at a high moderate density approaching the objective density of three plants per square meter at BAWP \u2013 01; Mountain Big Sagebrush was recorded at low density. \r\n2009 \u2013 Mountain Big Sagebrush was recorded at very low density.  During the second and final monitoring years, only one plant was recorded.  Western Yarrow was never recorded.  Mountain Big Sagebrush appears to be a difficult shrub to establish from seed: other applications of Mountain Big Sagebrush in the Elko District have met with low levels of success. The monitoring plot is located in a 10-12 inch precipitation zone where applications of Western Yarrow have generally been successful.  Reasons for the apparent lack of success of Western yarrow at BAWH \u2013 01 are unknown.  Native release at BAWH \u2013 01 was dense and combined a vigorous regenerating stand of Idaho Fescue in association with numerous broadleaf forbs including Arrowleaf Balsamroot.  Competition from native release may have inhibited establishment of seeded Western Yarrow (and Mountain Big Sagebrush) at BAWH \u2013 01.  At BAWP \u2013 01 Western Yarrow exceeded the objective density of two plants per square meter the first year, dropping to over one plant per square meter the second year.  Reasons for success of Western Yarrow at BAWP \u2013 01 compared to apparent failure at BAWH \u2013 01 are unknown.  BAWP \u2013 01 is a floodplain site, BAWH \u2013 01 a steep backslope. Because Mountain Big Sagebrush was recorded at BAWH \u2013 01 during all three monitoring years, and exceeded the target density of one plant per square meter at BAWP \u2013 01 during 2008 and 2009, we may consider the Basco Aerial Wildlife (high elevation) Seeding partially successful.",Polygon,Confirmed,"Digitized by BLM field office personnel, using an aircraft GPS unit",,11146.65181,10578.29016,,,"Erosion, Habitat for antelope, Habitat for mule deer, Habitat for sage grouse, Invasion by non-native annuals, Livestock in treated area, Noxious Weeds, Migratory Birds, Provide forage for wildlife, Provide forage for livestock, Special Status Species","Implementation of the proposed action described in the Emergency Stabilization and Rehabilitation Plan EA for the Basco Fire will protect soils in the burned area, including preventing potential loss of soil due to wind and water erosion&* will reduce potential invasion and establishment of noxious weeds and cheatgrass&* will provide quality forage for livestock and wildlife&* and will facilitate meeting established standards and guidelines for livestock grazing.",None,,None,,WLSM High Elevation,19:28:00
Model 26,Central Basin and Range,Post-burn aerial seeding,1573,585,Implemented,Partially Successful,2,1/00/2007,1/00/2007,Acres,10609.71,Seeding,Aerial Seeding,Aerial Seeding: Fixed Wing,-1,Confirmed seed list,Low Elevation WLSM,Seeds,Confirmed on Paper,Unknown,Unknown,,"The primary objective of the treatment is to aerially seed areas of the fire that are critical to wildlife, or most at risk for long-term irreversible damage due to the effects of the fire. Big Basin sagebrush and yarrow were seeded to add vegetation structure and species richness to the treatment areas.","Aerial Watershed Seeding, Aerial Wildlife High Elevation & Aerial Wildlife Low Elevation Mix\r\nThe aerial watershed seeding (1293 acres), aerial wildlife high elevation seeding (11,275 acres), and aerial wildlife low elevations seeding (10,438 acres) treatments were done in January 2007 with a fixed-wing aircraft through and aircraft rental agreement. AgNav maps of the aerial seeding were completed for the project file. Aerial seeding was monitored to ensure that seed was being dispersed in the proper area, with the correct species mix and at the specified rate. A project inspector was present throughout the process to ensure the treatment met contract specifications.","The data for this study is averaged from two study sites; BAWL-02 and BAWL-04. \r\n\r\nThe seeded species per square meter were observed with the following density: \r\nBasin big sagebrush, .75\r\nWestern yarrow, .07\r\nTotal seeded species per square meter: .82\r\n\r\nNative release species observed within the transects included: POSE, AGCR, CAPR5, POSEJ, JUBA, SIHY, LUPIN, GARA2, ERIGE2, MEOB, CRAC2, MIGR, IVAX, SEIN, CHFR, CYMOP, THIN, CHVI8.\r\n\r\nData has been submitted to rangeland specialists to compare seeded sites to unburned reference sites and determine if and when seeded areas have recovered sufficiently to reinstate livestock grazing in the treatment area.","BLM monitoring personnel assess the seeding areas yearly to evaluate treatment success.  Effectiveness is based on establishment of three seeded plants per square meter rooted firmly in the soil with consideration to site selection factors such as soils, topography, native release of desirable species, and the potential for seedling establishment. Monitoring data is shared with range staff to provide comparisons with unburned reference sites.",Polygon,Confirmed,"Digitized by BLM field office personnel, using an aircraft GPS unit",,10616.16819,9556.066195,,,"Erosion, Habitat for antelope, Habitat for mule deer, Habitat for sage grouse, Invasion by non-native annuals, Livestock in treated area, Noxious Weeds, Migratory Birds, Provide forage for wildlife, Provide forage for livestock, Special Status Species","Implementation of the proposed action described in the Emergency Stabilization and Rehabilitation Plan EA for the Basco Fire will protect soils in the burned area, including preventing potential loss of soil due to wind and water erosion&* will reduce potential invasion and establishment of noxious weeds and cheatgrass&* will provide quality forage for livestock and wildlife&* and will facilitate meeting established standards and guidelines for livestock grazing.",None,,None,,WLSM Low Elevation,20:09:00
Model 26,Central Basin and Range,Post-burn aerial seeding,2259,820,Implemented,None,2,1/9/2001,1/10/2001,Acres,3431,Seeding,Aerial Seeding,Aerial Seeding: Rotor Wing,-1,Planned seed list,"Aerial Seeding, Wildlife",Seeds,Plan,Unknown,Unknown,"The seed mix did not indicate whether bulk or PLS rates were used, therefore, unknown has been listed and all seed mix information has been entered into the Bulk category.","Implementation of the proposed action described in the NFRP Supplement EA for the Beowawe Fire will protect soils in the burned area, including preventing potential loss of soil due to wind and water erosion; will reduce potential invasion and establishment of noxious weeds and cheatgrass; will provide quality forage for livestock and wildlife; and will facilitate meeting established standards and guidelines for livestock grazing.","Approximately 3461 acres in the Buckhorn Mine area will be aerial seeded for pronghorn antelope, sage grouse, and mule deer with forage kochia, big sagebrush, small burnet, and rice hulls (used as a seed dispersal mechanism). See attached specification sheets for seed and seeding rates per acre for this and the following seeding treatments. Seed would be aerially applied between late October through December. If possible, seed would be broadcast on snow to aid in germination and reduce seed consumption by rodents and birds.","The Wildlife section of the seeding was completed on Wednesday 1/10/01. The seeding was completed in three days 1/9/01, 1/10/01 and 1/15/01. I visited the seeding on 1/9/01 and the afternoon of 1/10/01. The seeding ground crew consisted of three\r\npeople. The BLM rented a seed mixer from EI Aero and all the seed was mixed at the project site.\r\nAreas that I inspected within the Wildlife and Rangeland seeding portions of the projects showed that there was good coverage of the seeded species. See attached maps of the areas covered. Ted Mcbride told me that there were a few sagebrush islands that were not burned within the Rangeland Seeding section of the seeding and that these islands were seeded with the rangeland seed mix.\r\n\r\nCost of rehab: $77,975","The ESR monitoring team accompanied by J. Spence and Floyd Rathbun revisited the South Buckhorn Allotment on August 8, 2002. The purpose of the visit was to determine if the Seedings had met the established criteria set forth in the allotment closure agreement. The allotment was evaluated based on the density of the seeded species. Key areas #BAWS, BARS, LAWS, and LDRS were used for this study.\r\n: The monitoring results for BAWS (Beowawe Aerial Wildlife Seeding) showed 3.98 seeded plants (ARTR, KOPR, ACMI, and SAMI-3) per square meter. Of these, 3.38 were KOPR, 0.58 were ARTR, and 0.02 were SAMI-3 (Small Burnet).\r\n\r\n\u2022\tThe Aerial Wildlife seeding was quite effective",Polygon,Confirmed,"Digitized by BLM field office personnel, using an aircraft GPS unit",,3433.806829,3433.809855,,Contractor,"Invasion by Cheatgrass, Livestock in treated area, Erosion, Habitat for mule deer, Habitat for antelope, Habitat for sage grouse, Noxious Weeds, Provide cover for wildlife, Provide forage for wildlife, Rangeland health, Watershed degradation","Implementation of the proposed action described in the NFRP Supplement EA for the Beowawe Fire will protect soils in the burned area, including preventing potential loss of soil due to wind and water erosion&* will reduce potential invasion and establishment of noxious weeds and cheatgrass&* will provide quality forage for livestock and wildlife&* and will facilitate meeting established standards and guidelines for livestock grazing.",None,,None,,,42:18:00
Model 26,Central Basin and Range,Post-burn aerial seeding,2345,853,Implemented,None,2,1/12/2012,1/13/2012,Acres,1029,Seeding,Aerial Seeding,Aerial Seeding: Rotor Wing,-1,Confirmed seed list,,Seeds,Confirmed on Paper,Unknown,Species Specific,"The seed mix did not indicate whether bulk or PLS rates were used, therefore, unknown has been listed and all seed mix information has been entered into the Bulk category.","The objectives for cover will be to obtain 70% of all perennial plant cover found in the associated reference site, or, when not possible, achieve 50% of the lowest value for perennial cover associated with the appropriate rangeland ecological site by the end of the third year. Density objectives for aerially seeded areas will be based on having one seeded species firmly rooted per square meter by first or second growing season following seeding.","Aerial seeding 1,026 acres within the burned drainages of the Big Antelope Fire. The first purpose of this treatment is to reduce runoff and erosion. Given the extent of vegetation mortality on the site and the burn intensity, the burned drainages are not expected to recover naturally.","Aerial Seeded 1,029 acres with Wyoming big sagebrush (Artemisia tridentata ssp. wyomingensis) and forage kochia (Bassia prostrata)",,Polygon,Confirmed,"Digitized by BLM field office personnel, method unknown",,1027.775363,1026.293403,,Contractor,"Habitat for wild horses, Invasive species, Invasion by cheatgrass, Invasion by non-native annuals, Loss of native species, Loss of native vegetation, Loss of perennials, Loss of sagebrush, Habitat for antelope, Habitat for mule deer",,None,,None,,,53:05:00
Model 26,Central Basin and Range,Post-burn aerial seeding,3577,1269,Implemented,Unknown,1,1/15/2008,1/15/2008,Acres,2096,Seeding,Aerial Seeding,Aerial Seeding: Rotor Wing,-1,Confirmed seed list,Bobs Flat Kochia Mix,Seeds,Confirmed on Paper,Unknown,Species Specific,"Species is confirmed, amount is planned.","The primary objective of the treatment is to aerially seed areas that are most at risk for long-term irreversible damage due to the effects of the fire, primarily area near roads at highest risk for non-native species invasion.","Drill seeding 1,520 acres with a mix of Siberian wheatgrass, Russian wildrye and Nordan crested wheatgrass and aerially seeding over the top of the same area with forage kochia, is proposed to deter cheatgrass invasion.  This action would be completed in the fall/winter of 2007.\r\nThis plan calls for FULL COVERAGE on 2,096 acres public lands.",This treatment was done in December with a helicopter through and aircraft rental agreement. AgNav maps of the aerial seeding were completed for the project file. Aerial seeding was monitored to ensure that seed was being dispersed in the proper area and at the specified rate. A project inspector was present throughout the process to ensure the treatment met contract specifications.,"BLM monitoring personnel assess the seeding areas yearly to evaluate treatment success. Effectiveness is based on establishment of three seeded plants per square meter rooted firmly in the soil with consideration to site selection factors such as soils, topography, native release of desirable species, and the potential for seedling establishment. Monitoring data is shared with range staff to provide comparisons with unburned reference sites.\r\n\r\nMonitoring Results:\r\nThe summary for the kochia seeding was compiled from the data of 3 study sites: BFS2-01, BHF2-03 and BFS3-01. These three sites were sampled using the USGS post-fire revegetation monitoring protocol, combining line-point intercept,  gap intercept, belt transect and photo point techniques. An in depth scientific analysis of seeding success will be compiled in early FY09. \r\n\r\nIn the first year post-fire and post-treatment, both seeded and native species were recorded in the study plots on the Bob\u2019s Flat 3 Fire. \r\n\r\nSeeded species per square meter were observed with the following density: \r\nKochia: .09\r\nTotal seeded species observed per meter:  .09\r\n\r\nThe following native release species were also observed within the transects: POSE, SIHY, AGSP, CHVI-8, CALOC, EPBR, GARA , AGGL, ASTRA, LASE and MEAL\r\n\r\nThe following invasive/ potentially invasive species were observed within the transect: BRTE, SIAL, LEPE, ERCI and SAKA",Polygon,Confirmed,"Digitized by BLM field office personnel, using an aircraft GPS unit",,2097.648727,1712.691724,,,"Erosion, Habitat for mule deer, Habitat for wildlife, Habitat for sage grouse, Habitat for antelope, Invasion by Cheatgrass, Noxious Weeds, Provide forage for wildlife, Provide cover for wildlife, Special Status Species","The purpose of the proposed action described in the emergency stabilization and rehabilitation plans and this EA is to protect the burned area from livestock grazing, seed the burned area to stabilize the soils and prevent the establishment of annual, invasive nonnative and noxious plant species, allow the undamaged plant species time to reestablish, and treat the invasive nonnative and noxious plant species to prevent spreading.  The need for the proposed action is to stabilize and prevent unacceptable degradation to natural and cultural resources, to minimize threats to life or property resulting from the effects of the fire, to construct physical improvements necessary to prevent degradation of land or resources, and to prescribe cost effective post-fire stabilization and rehabilitation measures necessary to protect human life, property, and critical cultural and natural resources.",None,,None,,Partial cost because this report only covers 410 acres of the kochia seeding.\r\nMonitoring summary for 2008 only. See monitoring folder for 2008 and 2009 data sheets.,39:02:00
Model 26,Central Basin and Range,Post-burn aerial seeding,4635,1661,Implemented,None,2,8/13/2012,2/27/2013,Acres,500,Seeding,Aerial Seeding,Aerial Seeding,-1,Confirmed seed list,,Seeds,Confirmed on Paper,Outside of Treatment,Species Specific,,"The objectives for cover will be to obtain 70% of all perennial plant cover found in the associated reference site, or, when not possible, achieve 50% of the lowest value for perennial cover associated with the appropriate ecological or range site by the end of the third year. Density objectives for aerially seeded areas will be based on having one seeded species firmly rooted per square meter by first or second growing season following seeding.",Initial plan prescribed aerial seeding over 870 acres of burned area. The 500 acres currently proposed is an estimate of project area with a high probability of success (rock outcrops/severely thin soils removed from prescription).,"Aerially seeded 500 acres within the burned area with Mountain big sagebrush (Artemesia tridentata var. vaseyana), Forage kochia (Bassia prostrata), Yarrow (Achillea millefolium), and Perennial Blue Flax (Linum lewsii).","T1-24XY21-BUF-13\r\nTreatment: aerially seeded with A. tridentata ssp. wyomingensis, Bassia prostrata, Linum\r\nlewisii, and Achillea millefolium\r\n2015: Density of seeded species does not meet monitoring objectives. The plot does not\r\nmeet the perennial cover objective. Perennial cover is 14.67%. Few A. tridentata ssp.\r\nwyomingensis seedlings are growing on the plot and in the surrounding treated areas. Plot\r\nis dominated by B. tectorum, S. altissimum, and E. cicutarium. The biotic integrity within\r\nthe plot is reduced due to the dominant presence of invasive annuals.\r\n\r\nC-24XY21-BUF-13\r\nTreatment: NA \u2013 control plot for T1-24XY21-BUF-13\r\n2015: Plot does not meet the perennial cover objective. Plot is dominated by invasive\r\nannuals B. tectorum and E. cicutarium. S.altissimum, S. tragus, and Halogeton\r\nglomeratus are also present at the plot. Perennial native bunchgrasses are present and\r\ndiverse, but are not dominant. The biotic integrity within the plot is reduced due to the\r\ndominant presence of invasive annuals. For an overview of the plot see line two, Figure\r\n4.",Polygon,Confirmed,"Digitized by BLM field office personnel, method unknown",,568.2078777,568.208499,,BLM,"Rangeland health, Loss of sagebrush, Loss of vegetation, Loss of perennials, Loss of native vegetation, Habitat for greater sage grouse, Habitat for mule deer",,None,,None,,,13:46:00
Model 26,Central Basin and Range,Post-burn aerial seeding,4674,1679,Implemented,Successful,1,8/00/2006,2/00/2007,Acres,29472,Seeding,Aerial Seeding,Aerial Seeding,-1,Planned seed list,,Seeds,Plan,Unknown,Species Specific,,Mix and apply seed at an even rate over the burned area using fixed wing aircraft and cover seed where possible with an anchor chain.,"Seed mixing, aerial seeding and chaining were monitored using qualified Pi's.","Seed was applied evenly across the treatment area per contract specifications under two separate seeding contracts. We found it necessary to have experienced Pi's on the ground during chaining to ensure protection of archaeological sites and to resolve any issues that may arise. Chaining was completed on 1,801 acres.",Pi's assured that contract specifications were met for all contracts.,Polygon,Confirmed,"Digitized by BLM field office personnel, method unknown",,29930.94561,29730.67279,,,"Erosion, Invasion by Cheatgrass, Invasion by non-native annuals, Loss of cultural sites, Public Safety","Human Life and Safety:  The burn area receives year round recreation use. Primary activities are off road vehicles, camping, hunting and target shooting. Visitor access may need to be controlled to ensure successful stabilization efforts and Public safety. Aircraft safety needs to be considered during aerial seeding operations.\r\n   Soil/Water Stabilization: Need to reduce soil loss by wind and water erosion from exposed drainages and slopes and undesired transportation of soil particulate matter. Need to minimize loss of viable area seed bank, shrubs, perennial grasses and other native plant species from inevitable establishment and encroachment of annual invasives such as cheat grass, red brome and noxious weeds.\r\n   Critical Heritage Resources:   Chaining operation will disturb the soil surface and could destroy Cultural Resources. Exposure\r\ndue to lack of vegetative cover could allow artifacts to be easily found and removed by the Public.\r\n    Invasive Plants:  Areas subjected to wildfire are highly susceptible to entry of both noxious and invasive weeds. Cheatgrass and red brome are the invasive annuals of most concern within this area. Scotch and yellow star thistle are noxious weeds of concern within this burn area. Without aggressive measures to reestablish perennial plants, invasive annuals will dominate the site and the fire cycle will proceed on a short interval, excluding perennial vegetation from becoming established.",None,,None,,,11:53:00
Model 26,Central Basin and Range,Post-burn aerial seeding,6016,2202,Implemented,Partially Successful,1,9/00/2005,12/00/2006,Acres,4563,Seeding,Aerial Seeding,Aerial Seeding: Rotor Wing,-1,Confirmed seed list,Aerial Midslope Seeding,Seeds,Confirmed on Paper,Unknown,Unknown,"The seed mix did not indicate whether bulk or PLS rates were used, therefore, unknown has been listed and all seed mix information has been entered into the Bulk category.","To establish three seeded plants per square meter rooted firmly in the soil with consideration to site selection factors such as soils, topography, native release of desirable species, and the potential for seedling establishment.  To enhance the herbaceous plant community by providing deeper rooted plants necessary for soil stabilization with the shrub and grass seed mix, to provide canopy cover, trapping snow and reducing evaporation from wind, and to reduce opportunities for increase of non-native, invasive species.","Aerial seed approximately 977 acres within a 2,960 acre area with mid-elevation aerial mix consisting of Basin Big Sagebrush, Wyoming Big Sagebrush, \u201cSecar\u201d Snake River Wheatgrass, and Western Yarrow.\r\nAerial seed approximately 977 acres within a 2,960 acre area with mid-elevation aerial mix consisting of Basin big sagebrush, Wyoming big sagebrush, Secar Snake River wheatgrass, and Western yarrow.  This seed mixture will be applied to the mid-elevation of the slopes.  Aerial seeding will be accomplished using a helicopter and seed bucket or broadcaster. The aerial seed will be applied when weather conditions are favorable to allow for coverage by snow or adequate moisture, and thus will be applied in late fall or early winter.","The Aerial Mid-Elevation seed mixture included Basin Big Sagebrush, Wyoming Big Sagebrush, Western Yarrow, and Snake River Wheatgrass.","Effectiveness Monitoring: \r\nThe Aerial Midslope Seeding was monitored at seven locations; two specifically established for the treatment (CHWI \u2013 01 and CHWI \u2013 02), and five established to monitor other seedings that are overlapped by the Aerial Midslope Seeding (CHNB \u2013 01, CHND \u2013 01, CHND \u2013 02, CHWC \u2013 01, and CHWP \u2013 01.) \r\nMonitoring Results:  \r\n2006 \u2013 The midslope aerial wildlife seeding demonstrated poor success where monitored, with low rates of establishment for Western Yarrow and Wyoming Big Sagebrush.  Seeded grasses and Basin Big Sagebrush were not recorded.  Bluebunch Wheatgrass contributed to native release but most native release was low-growing Sandberg\u2019s Bluegrass that survived the fire.  There was heavy growth of cheatgrass at the monitoring location. \r\n2007 \u2013 An additional sampling plot (CHND \u2013 02) was established in 2007.  From 2006 to 2007, overall density of seeded species decreased by approximately 89 percent (CHWI \u2013 01), and approximately 14 percent (CHWC \u2013 01).  From 2006 to 2007 total density of native released species increased by approximately 76 percent (CHWI \u2013 01). The increase in native release appears to be largely attributable to an increase in Sandberg\u2019s Bluegrass bunches.  Seeded species establishment at CHWI \u2013 02 appears to be more successful than at CHWI \u2013 01.  This may be due to differences in soil conditions.  Native release establishment is not as significant at this site (CHWI \u2013 02), but shows relatively high levels of species richness.  Severe drought conditions may be responsible for decrease in seeded species density (CHWI \u2013 01).  \r\n2008 \u2013 The aerial wildlife seeding on the Chance burn was monitored concurrently with other seedings where they overlapped.  Densities for both seeded and native release species declined for the aerial mid-elevation seedings during the monitoring period.  Snake River Wheatgrass was added to the aerial mid-elevation seeding mixture on the Chance burn: it exhibited very low rates of germination and establishment or was unrecorded at every monitoring plot.  Addition of grass to the aerial wildlife seed mixture was unusual, and (under conditions that prevailed throughout the period of germination and establishment) it appears to have been unjustified.  Overall success of the aerial wildlife seedings across the Chance burn varied with monitoring location but was generally poor.  No aerial seeded species were recorded or observed at CHNB \u2013 01 during the monitoring period.  Western Yarrow established at low to moderate densities, demonstrating more success on water-receiving areas.  Basin and Wyoming Big Sagebrush germinated at very low densities: their eventual establishment as seeded species on the Chance burn is not assured.  The Chance aerial wildlife seedings may be rated partially successful based upon low to moderate establishment rates for Western Yarrow. \r\n\r\n\r\n\r\nCHWI-01\r\nAERIAL MID-ELEVATION SEEDING\r\nThe Aerial Mid-Elevation seed mixture included Basin Big Sagebrush, Wyoming Big Sagebrush, Western Yarrow, and Snake River Wheatgrass.  Snake River Wheatgrass was neither recorded nor observed at this location during the monitoring period.  Western Yarrow germinated at a density of near one-half plant per square meter, but declined to low density during the second year of monitoring, increasing slightly during the final year of monitoring.  Wyoming Big Sagebrush was recorded at low densities during the first and final year of monitoring.  Basin Big Sagebrush was recorded at low densities during the second and final year of monitoring.  \r\nThe Aerial Mid-Elevation Seeding was only partially successful at this location. All seeded species except the grass were recorded within quadrats.  Observation suggests Western Yarrow may be present at low to moderate densities on other parts of the slope.  Establishment and growth to maturity of seeded shrubs is not assured since they are present at such low densities.\r\n\r\nCHWI-02\r\nAERIAL MID-ELEVATION SEEDING\r\nThe Aerial Mid-Elevation seed mixture included Snake River Wheatgrass, Western Yarrow, Wyoming Big Sagebrush, and Basin Big Sagebrush.  Snake River Wheatgrass was not recorded or observed during the monitoring period.  Western Yarrow germinated at a density of near one plant per square meter, increasing to more than one plant per square meter during the second year of monitoring and then declining to density below that recorded during the first year. Wyoming Big Sagebrush was recorded at a low to moderate density of near one-third plant per square meter during the second year, declining to low densities during the final monitoring.  Basin Big Sagebrush was recorded at low densities during the second and final year of monitoring.  \r\nThe Aerial Mid-Elevation Seeding was only partially successful at this location. All seeded species except the grass were recorded within quadrats.  Observation suggests Western Yarrow may be present at low to moderate densities on other parts of the ridgecrest.  Establishment and growth to maturity of seeded shrubs is not assured since they are present at such low densities.  \r\n\r\nCHNB-01\r\nAERIAL MID-ELEVATION SEEDING\r\nThe Aerial Wildlife seed mixture included Snake River Wheatgrass, Western Yarrow, Wyoming Big Sagebrush, and Basin Big Sagebrush.  Snake River Wheatgrass, Western Yarrow, and Wyoming Big Sagebrush were neither recorded nor observed at this location.  Basin Big Sagebrush seedlings were not recorded but were observed at low densities outside quadrat frames along the paced transect.  The Aerial Wildlife Seeding was unsuccessful at this location.  Data gathered at this and other monitoring plots suggests that applying a ground or aerially broadcast seeding to an area with a dense, well-established, seral Sandberg\u2019s Bluegrass/Hood\u2019s Phlox vegetation complex invites failure because seeds are subject to competition from established vegetation.  Without pre-treatment disturbance of the soil surface, broadcast seedings of any kind should be restricted to areas that present a favorable seedbed, such as loamy sites with friable soil at the surface where fires have burned hot and reduced competition from pre-existing vegetation. \r\n\r\nCHND-01\r\nAERIAL MID-ELEVATION SEEDING\r\nThe Aerial Mid-elevation seed mixture included Snake River Wheatgrass, Western Yarrow, Wyoming Big Sagebrush, and Basin Big Sagebrush.  Western Yarrow was recorded at low densities until the third monitoring season, when it was not recorded.  Neither Wyoming Big Sagebrush nor Basin Big Sagebrush were recorded at any time during the monitoring period, but sagebrush seedlings of undetermined species were observed off-transect during the first year of monitoring.  The Aerial Mid-elevation Seeding was unsuccessful at this location.  \r\nData gathered at this and other monitoring plots suggests that applying an aerially broadcast seeding to an area with a dense, well-established, seral Sandberg\u2019s Bluegrass/Hood\u2019s Phlox vegetation complex invites failure because of competition with seeds from pre-existing vegetation.  Without pre-treatment disturbance of the soil surface, aerially broadcast seedings should be restricted to areas that present a favorable seedbed, such as loamy sites with friable soil at the surface where fires have burned hot and reduced competition from pre-existing vegetation. \r\n\r\nCHND-02\r\nAERIAL MID-ELEVATION SEEDING\r\nThe Aerial Mid-elevation seed mixture included Snake River Wheatgrass, Western Yarrow, Wyoming Big Sagebrush, and Basin Big Sagebrush.  Western Yarrow was recorded at consistent low densities during 2007 and 2008.  Wyoming Big Sagebrush was recorded at low densities during the final year of monitoring: Basin Big Sagebrush was recorded at slightly higher densities during both years of monitoring but showed a general decline, (which may be an \u201cartifact\u201d of quadrat unrepeatability only paced transects).  \r\nThe Aerial Mid-elevation Seeding may be considered partially successful at this location based upon a density approaching one-half plant per square meter for total seeded species during the final year of monitoring.  \r\n\r\nCHWC-01\r\nAERIAL MID-ELEVATION SEEDING\r\nThe Aerial Mid-elevation seed mixture included Snake River Wheatgrass, Western Yarrow, Wyoming Big Sagebrush, and Basin Big Sagebrush.  Snake River Wheatgrass was only recorded during the final year of monitoring, at low density.  Western Yarrow germinated at low to moderate density, declined to low density during the second year of monitoring, and then increased slightly during the final year of monitoring.  Wyoming Big Sagebrush was recorded at low densities during the final year of monitoring.  Basin Big Sagebrush was recorded at low densities throughout the monitoring period.  \r\nThe Aerial Mid-elevation Seeding was unsuccessful at this location. As with the Aerial Watershed Channel Seeding, portions of this drainage channel are heavily infested with Jim Hill Tumbling Mustard, and moderately to heavily infested with Cheatgrass.  Competition for sunlight and moisture appear to be intense.  \r\n\r\nCHWP-01\r\nAERIAL MID-ELEVATION SEEDING\r\nThe Aerial Wildlife seed mixture included Snake River Wheatgrass, Western Yarrow, Wyoming Big Sagebrush, and Basin Big Sagebrush.  Snake River Wheatgrass was neither recorded nor observed at this location during the monitoring period.  Snake River Wheatgrass was also seeded onto this location in the Aerial Watershed Protection Seeding, so determination of which mixture contributed any given seedling recorded is impossible. Apparently, neither treatment application was successful.  Western Yarrow germinated at a low density, increasing to near one-half plant per square meter during the second year and final year of monitoring. Wyoming Big Sagebrush was recorded at low densities during the first and final years of monitoring.  Basin Big Sagebrush was recorded at low density during the final year of monitoring.  \r\nThe Aerial Wildlife Seeding was only partially successful at this location. All seeded species except the Snake River Wheatgrass were recorded within quadrats.  Establishment and growth to maturity of seeded shrubs is not assured since they are present at such low densities.",Polygon,Confirmed,"Digitized by BLM field office personnel, using an aircraft GPS unit",,3992.013049,3804.782671,,,"Noxious Weeds, Habitat for mule deer, Erosion, Migratory Birds, Special Status Species, Watershed degradation, Provide forage for wildlife, Provide forage for livestock, Provide cover for wildlife, Livestock in treated area, Habitat for wildlife","The purpose of the proposed action described in the emergency stabilization and rehabilitation plans and this EA is to protect the burned area from livestock grazing, seed the burned area to stabilize the soils and prevent the establishment of annual, invasive nonnative and noxious plant species, allow the undamaged plant species time to re-establish, and treat the invasive nonnative and noxious plant species to prevent spreading.  The need for the proposed action is to stabilize and prevent unacceptable degradation to natural and cultural resources, to minimize threats to life or property resulting from the effects of the fire, and to construct physical improvements necessary to prevent degradation of land or resources, and to prescribe cost effective post-fire stabilization measures necessary to protect human life, property, and critical cultural and natural resources.",None,,None,,,03:39:00
Model 26,Central Basin and Range,Post-burn aerial seeding,6047,2213,Implemented,Partially Successful,2,1/1/2007,1/31/2007,Acres,32696.62,Seeding,Aerial Seeding,Aerial Seeding: Rotor Wing,-1,Confirmed seed list,WLSM Low Elevation,Seeds,Confirmed on Paper,Unknown,Unknown,,"The primary objective of the treatment is to aerially seed areas of the fire that are critical to wildlife, or most at risk for long-term irreversible damage due to the effects of the fire. Sagebrush was seeded, primarily over areas of previous drill seeding treatments to add vegetation structure and species richness to the treatment areas.\r\nEstablish one seeded plant per square meter rooted firmly in soil with consideration for site selection factors of soils, topography, native release of desirable species, and potential for seedling establishment.  Provide for watershed protection and reduce erosive potential.  Provide cover and forage for nearby sage grouse populations and wintering mule deer.",Aerially seed approximately 32697 acres with a low elevation wildlife seed mix of Western Yarrow and Wyoming Big Sagebrush.,Implementation Monitoring:  \r\nThe aerial wildlife seeding was completed in January via fixed wing through an aircraft rental agreement. The ground crew consisted of BLM helitack and a project inspector. AG Nav maps of the aerial seeding were completed for the project file.,"BLM monitoring personnel assess the seeding areas yearly to evaluate treatment success.  Effectiveness is based on establishment of three seeded plants per square meter rooted firmly in the soil with consideration to site selection factors such as soils, topography, native release of desirable species, and the potential for seedling establishment. Monitoring data is shared with range staff to provide comparisons with unburned reference sites.\r\n\r\nThe Charleston Aerial Wildlife (low elevation) Seeding was monitored at five separate locations.  One plot (CHWL \u2013 01) was specifically established to monitor this treatment with a paced density transect.  Two plots (CHWS \u2013 04 and CHWS \u2013 05) were established to monitor the Aerial Watershed Protection Seeding with paced density transects in areas where the Aerial Wildlife (low elevation) Seeding overlaps.  Two plots were established to monitor native release (CHNR \u2013 03 and CHNR \u2013 04) in areas overlapped by the Aerial Wildlife (low elevation) Seeding, but these were not read during the final year of monitoring: only two years of monitoring data for CHNR \u2013 03 and CHNR \u2013 04 are considered here. \r\n\r\nMonitoring Results: \r\n2007 \u2013 At CHWL \u2013 01, Wyoming Big Sagebrush was present at a moderate density and Western Yarrow was absent.  At CHWS \u2013 04, Western Yarrow was present at a very low density and Wyoming Big Sagebrush was absent.  At CHWS \u2013 05, Western Yarrow and Wyoming Big Sagebrush were both present at moderate densities. At CHNR \u2013 03 neither Western Yarrow nor Wyoming Big Sagebrush were recorded (Hood\u2019s Phlox is extraordinarily dense at CHNR \u2013 03, exceeding a density of fifteen plants per square meter.)  At CHNR \u2013 04 Western Yarrow was recorded at very low density (one seedling was recorded.)  Results were mixed across the treatment but were generally unfavorable.  \r\n2008 \u2013 At CHWL \u2013 01, Wyoming Big Sagebrush was absent and Western Yarrow was present at a low density.  Fluctuations should be evaluated cautiously because individual quadrat frames are not absolutely repeatable along a paced transect. At CHWS \u2013 04 again, Western Yarrow was present at a very low density and Wyoming Big Sagebrush was absent.  At CHWS \u2013 05, Western Yarrow was not recorded and Wyoming Big Sagebrush appeared to decline to under one-half plant per square meter.  At both CHNR \u2013 03 neither Western Yarrow nor Wyoming Big Sagebrush were recorded (Hood\u2019s Phlox remains extraordinarily dense at CHNR \u2013 03, still exceeding a density of fifteen plants per square meter.)  At CHNR \u2013 04 Western Yarrow was recorded at very low density (one plant was recorded), and Wyoming Big Sagebrush was not recorded.  Results were again mixed across the treatment, relatively static since 2007. \r\n2009 \u2013 Western Yarrow and Wyoming Big Sagebrush fluctuated from unrecorded, to very low, to low, at the numerous monitoring sites throughout the monitoring period.  Monitoring plots CHNR \u2013 03,  CHNR \u2013 04,  and CHNR \u2013 05  were specifically established to monitor native release at the request of the Elko range staff and only monitored ESR treatments incidentally.  They were not re-read by ESR staff during the final year of monitoring.  By 2009, Western Yarrow was well established at CHWS \u2013 06 at moderate density.  At other monitoring sites, Western Yarrow was only recorded at very low densities or was absent.  Wyoming Big Sagebrush was not recorded at any monitoring site during the final year.  Because Western Yarrow was well established at one monitoring site we may consider this treatment partially successful.",Polygon,Confirmed,"Digitized by BLM field office personnel, using an aircraft GPS unit",,32707.39513,21990.90811,,,"Erosion, Habitat for antelope, Habitat for mule deer, Habitat for sage grouse, Impact on Cultural Resources, Invasion by Cheatgrass, Livestock in treated area, Loss of cultural sites, Noxious Weeds","Implementation of the proposed action described in the Emergency Stabilization and Rehabilitation Plan DNA for the Charleston Complex will protect soils in the burned area, including preventing potential loss of soil due to wind and water erosion&* will reduce potential invasion and establishment of noxious weeds and cheatgrass&* will provide quality forage for livestock and wildlife&* and will facilitate meeting established standards and guidelines for livestock grazing.  \r\n\r\nExclusion of livestock grazing is necessary to allow seedling establishment, restore plant vigor and seed production, and to allow reestablishment of preferred species and to deter invasion of undesirable species.  The proposed fence will be constructed around the burn perimeter to keep grazing animals off the recovering burn to allow establishment of seeded and pre-fire vegetation species.  This temporary fencing will be used in conjunction with existing fences to protect the burn area from grazing.  This fencing and subsequent rest from grazing will allow for plants to re-establish and develop effective root depths and root reserves.  Vegetation establishment will help reduce the risk of dust and ash storms decreasing visibility on Interstate 80.  Vegetation establishment will help reduce the risk of accelerated soil erosion and mud flows into Mary&$s River and other areas of concern and provide for soil stabilization.  Vegetation associated with wetlands, riparian zones, and floodplains will be allowed to reestablish. \r\n\r\nThe broadcast seedings within drainages and low lying areas and aerial seeding on slopes will provide for soil stabilization and will reduce the potential invasion of cheatgrass, and any other nonnative noxious weeds.  The seedings will also provide cover and forage for area wildlife populations and nesting habitat for migratory birds.  Successful seeding of some drainages and the low lying areas near the South Fork of the Humboldt River and its tributaries will help reduce runoff and trap sediment, which will help prevent further degradation to the water quality.  Successful seeding of the drainages and low lying areas will also help protect aquatic species habitat from receiving excessive amounts of sediment and provide for streambank stabilization.\r\n\r\nControl of noxious weeds is consistent with the management plans for the resource and will help protect the ecological integrity, biodiversity, and site productivity of this shrub-steppe plant community.  Treatment of noxious weeds is necessary to comply with Nevada State Laws, to implement the Integrated Weed Management Program of the Elko Field Office, and to be responsible neighbors to the adjacent private landowners.  Working cooperatively with local weed management groups and private landowners will achieve better weed management.\r\n\r\nThe proposed action conforms to the 1985 Wells Resource Management Plan (RMP), as it was amended for fire management on September 29, 2004.  The decision for fire rehabilitation from the Approved Fire Management Amendment, page 20, is to \u201cConduct fire rehabilitation activities to emulate historic or pre-fire ecosystem structure, functioning, diversity and/or to restore a healthy stable ecosystem.\u201d  The proposed action is consistent with resource objectives of the plan and with other Federal, state, local and tribal laws, regulations, policies and plans to the maximum extent possible.",None,,None,,WLSM Low Elevation,23:04:00
Model 26,Central Basin and Range,Post-burn aerial seeding,6050,2213,Implemented,Fully Successful,2,1/00/2007,1/00/2007,Acres,10062.15,Seeding,Aerial Seeding,Aerial Seeding: Fixed Wing,-1,Confirmed seed list,Aerial Watershed Protection,Seeds,Confirmed on Paper,Unknown,Unknown,ESR and BAR seeds located from monitoring summary.,"The primary objective of the treatment is to seed watershed areas of the burn that are at highest risk for significant erosion and non-native species invasion. Watersheds are especially at risk as they generally had the greatest build up of vegetation pre-fire, causing the fire to burn hot and destroy all vegetation and species in the seedbank. \r\nEstablish three seeded plants per square meter rooted firmly in soil with consideration for site selection factors of soils, topography, native release of desirable species, and potential for seedling establishment.  Protect watershed areas from erosion.","Aerially seed approximately 10062 acres with a watershed protection mixture (\u201cCharleston Watershed Mix\u201d) of \u201cSherman\u201d Big Bluegrass, \u201cBannock\u201d Thickspike Wheatgrass, \u201cSecar\u201d Snake River Wheatgrass, and \u201cMagnar\u201d Basin Wildrye.\r\n\r\nAdd Western Yarrow and Basin Big Sagebrush to the watershed protection seed mixture (\u201cCharleston watershed mix\u201d) of native grasses.","Due to the availability of water and other resources necessary for regrowth, a mix of both native and non-native species (Snake River wheatgrass, Sherman big bluegrass, Magnar and trailhead Basin wild rye, Bluebunch wheatgrass, Siberian wheatgrass, Idaho Fescue, and Schwendimar and Bannock thickspike wheatgrass) was selected. Additional shrubs were added to the mix, and are discussed in the Burned Area Rehabilitation treatment monitoring section.\r\n\r\nImplementation Monitoring:  \r\nThe aerial watershed protection seeding was completed during January via fixed wing through an aircraft rental agreement. The ground crew consisted of BLM helitack and a project inspector.  AG Nav maps of the aerial seeding were completed for the project file.  Aerial seeding was monitored to ensure the correct species seed mixture was dispersed over the targeted area at the specified rate. The project inspector ensured treatment met contract specifications.\r\n\r\nBAR addition of western yarrow and sagebrush:\r\n\u201cDelar\u201d Small Burnet may have been substituted for Western Yarrow at some indeterminate locations. \r\nBecause implementation was done concurrently with the aerial watershed protection seeding applied under emergency stabilization, only seed costs are reflected here.","BLM monitoring personnel assess the seeding areas yearly to evaluate treatment success.  Effectiveness is based on establishment of three seeded plants per square meter rooted firmly in the soil with consideration to site selection factors such as soils, topography, native release of desirable species, and the potential for seedling establishment. Monitoring data is shared with range staff to provide comparisons with unburned reference sites.\r\n\r\nThe Charleston Aerial Watershed Protection Seeding was monitored at seven separate locations (CHWS \u2013 01, CHWS \u2013 02, CHWS \u2013 03, CHWS \u2013 04, CHWS \u2013 05, CHWS \u2013 06, CHWS \u2013 07) specifically established to monitor this treatment on all range grazing allotments affected by the fire. \r\n\r\nMonitoring Results: \r\n2007 \u2013 Total seeded species density exceeded the objective density of three plants per square meter at all monitoring locations.  Thickspike Wheatgrass typically made the greatest contribution to total seeded species density.  Basin Wildrye was also very successful\r\n2008 \u2013 Total seeded species density continued to exceed the objective density of three plants per square meter at CHWS \u2013 01, CHWS \u2013 02, CHWS \u2013 03, and CHWS \u2013 05, appearing to increase slightly at CHWS \u2013 01 CHWS \u2013 02, and CHWS \u2013 03.  Total seeded species density appeared to decline at CHWS \u2013 04, CHWS \u2013 05, CHWS \u2013 05, and CHWS \u2013 07.  Thickspike Wheatgrass continued to make the greatest contribution to total seeded species density.  All other seeded species declined dramatically and were not recorded, except at CHWS \u2013 04, where Basin Wildrye was recorded at moderate density.  Downward trend in seeded species at CHWS \u2013 04 and CHWS \u2013 05 appears unrelated to competition from native release Sandberg\u2019s Bluegrass: at these monitoring locations Sandberg\u2019s Bluegrass density varied from very high to low-moderate. \r\nThe apparent disappearance of the majority of the seeded species of grasses during the second year of monitoring is problematic, and may be the result of a variety of causes.  Different technicians read the plots at different times of year between 2007 and 2008.  Seedlings may have become established the first year that later died off or went dormant because of persistent drought.  \u201cQuadrat drift\u201d along the paced transects used to monitor this treatment may also have played a role: density fluctuations should be evaluated cautiously.  Disappearance of most seeded species of grasses from the monitoring record the second year may not actually reflect their loss.  Data collected during the third monitoring year may help clarify these problems. \r\n2009 \u2013 Thickspike Wheatgrass density at CHWS \u2013 01 exceeded the target density by nearly four times.  Thickspike Wheatgrass density at CHWS \u2013 02 exceeded the target density by nearly five times.  Total seeded species density for CHWS \u2013 03 approaches the target density, with Thickspike wheatgrass making the greatest contribution.  Thickspike Wheatgrass density for CHWS \u2013 04 exceeds the target density by almost five times.  At CHWS \u2013 05, only one specimen of Snake River Wheatgrass was recorded, other seeded species were not recorded.  At CHWS \u2013 06, Thickspike Wheatgrass exceeded the target density.  At CHWS \u2013 07 Basin Wildrye achieved a density of one and one-half plant per square meter during the final year: other seeded species were not recorded.  Abundant spring rains in later May and early June apparently benefited the establishment and success of this treatment with the monitoring period.  Thickspike Wheatgrass typically made the greatest contribution to seeded species density, exceeding the target density of three plants per square meter by four to five times at CHWS \u2013 01, CHWS \u2013 02, and CHWS \u2013 04.  The other seeded grass species appeared to return during the final year of monitoring, suggesting that their absence during 2008 only reflected dormancy and not extirpation.  Many previously unrecorded species appeared in the native release at monitoring sites across the treatment, also reflecting the abundant later spring precipitation.  \u201cOn average,\u201d considering the extremely high densities recorded for Thickspike Wheatgrass at many of the monitoring locations and how well established many seeded species appear to be across the treatment, the Charleston Aerial watershed Protection Seeding should be considered fully successful. \r\n\r\nBAR addition:\r\n2007 \u2013 Total seeded species density exceeded the objective density of three plants per square meter at all monitoring locations.  Thickspike Wheatgrass typically made the greatest contribution to total seeded species density.  \r\n2008 \u2013 Total seeded species density continued to exceed the objective density of three plants per square meter at CHWS \u2013 01, CHWS \u2013 02, and CHWS \u2013 03, appearing to increase slightly at CHWS \u2013 01 and CHWS \u2013 02, and appearing to decline slightly at CHWS \u2013 03.  Thickspike Wheatgrass continued to make the greatest contribution to total seeded species density.  \r\nMinor density fluctuations should be evaluated cautiously: they may result from non-repeatability of individual quadrats along a paced transect.  At CHWS \u2013 04 and CHWS \u2013 05 total seeded species densities appeared to undergo steep declines.  Causes of opposite fluctuations in seeded densities between monitoring locations are unknown.  Downward trend in seeded species at CHWS \u2013 04 and CHWS \u2013 05 appears unrelated to competition from native release Sandberg\u2019s Bluegrass: at these monitoring locations Sandberg\u2019s Bluegrass density varied from very high to low-moderate. \r\n2009 \u2013 Small Burnet went unrecorded during the final monitoring year.  It\u2019s presence in the seed mixture was not uniform, and lack of record for the presence of the species the final year may be the result of \u201cquadrat drift\u201d along the paced transects used to monitor this treatment.  Basin Big Sagebrush appeared to be well established at low to moderate densities at most monitoring locations by the close of the monitoring period.  Western Yarrow exceeded the objective density at CHWS \u2013 03, but the species was \u201cdouble seeded\u201d at this location (as discussed in the analysis of the treatment above.)  At other locations Western Yarrow appeared well-established at low to moderate densities by the final year.  Basin Big Sagebrush and Western Yarrow were both recorded at low density at CHWS \u2013 05. Basin Big Sagebrush was recorded at very low density and Western Yarrow was not recorded at CHWS \u2013 07.  Results varied at the  numerous monitoring locations, but we may consider the addition of sagebrush and yarrow to the Charleston Aerial Watershed Protection Seeding partially successful. \r\nRegarding native release, reasons for the apparent precipitous decline in Sandberg\u2019s Bluegrass density at CHWS \u2013 03 from 2008 to 2009 are not known, but may reflect non-repeatability of individual quadrats along the paced transect.  Many previously unrecorded species were encountered at CHWS \u2013 03 during 2009: they may have out-competed the Sandberg\u2019s Bluegrass.  Alternately, the Prairie Junegrass and Kentucky Bluegrass identified during 2009 may have been previously misidentified as Sandberg\u2019s Bluegrass.",Polygon,Confirmed,"Digitized by BLM field office personnel, using an aircraft GPS unit",,10066.10747,9251.196463,,,"Erosion, Habitat for antelope, Habitat for mule deer, Habitat for sage grouse, Impact on Cultural Resources, Invasion by Cheatgrass, Livestock in treated area, Loss of cultural sites, Noxious Weeds","Implementation of the proposed action described in the Emergency Stabilization and Rehabilitation Plan DNA for the Charleston Complex will protect soils in the burned area, including preventing potential loss of soil due to wind and water erosion&* will reduce potential invasion and establishment of noxious weeds and cheatgrass&* will provide quality forage for livestock and wildlife&* and will facilitate meeting established standards and guidelines for livestock grazing.  \r\n\r\nExclusion of livestock grazing is necessary to allow seedling establishment, restore plant vigor and seed production, and to allow reestablishment of preferred species and to deter invasion of undesirable species.  The proposed fence will be constructed around the burn perimeter to keep grazing animals off the recovering burn to allow establishment of seeded and pre-fire vegetation species.  This temporary fencing will be used in conjunction with existing fences to protect the burn area from grazing.  This fencing and subsequent rest from grazing will allow for plants to re-establish and develop effective root depths and root reserves.  Vegetation establishment will help reduce the risk of dust and ash storms decreasing visibility on Interstate 80.  Vegetation establishment will help reduce the risk of accelerated soil erosion and mud flows into Mary&$s River and other areas of concern and provide for soil stabilization.  Vegetation associated with wetlands, riparian zones, and floodplains will be allowed to reestablish. \r\n\r\nThe broadcast seedings within drainages and low lying areas and aerial seeding on slopes will provide for soil stabilization and will reduce the potential invasion of cheatgrass, and any other nonnative noxious weeds.  The seedings will also provide cover and forage for area wildlife populations and nesting habitat for migratory birds.  Successful seeding of some drainages and the low lying areas near the South Fork of the Humboldt River and its tributaries will help reduce runoff and trap sediment, which will help prevent further degradation to the water quality.  Successful seeding of the drainages and low lying areas will also help protect aquatic species habitat from receiving excessive amounts of sediment and provide for streambank stabilization.\r\n\r\nControl of noxious weeds is consistent with the management plans for the resource and will help protect the ecological integrity, biodiversity, and site productivity of this shrub-steppe plant community.  Treatment of noxious weeds is necessary to comply with Nevada State Laws, to implement the Integrated Weed Management Program of the Elko Field Office, and to be responsible neighbors to the adjacent private landowners.  Working cooperatively with local weed management groups and private landowners will achieve better weed management.\r\n\r\nThe proposed action conforms to the 1985 Wells Resource Management Plan (RMP), as it was amended for fire management on September 29, 2004.  The decision for fire rehabilitation from the Approved Fire Management Amendment, page 20, is to \u201cConduct fire rehabilitation activities to emulate historic or pre-fire ecosystem structure, functioning, diversity and/or to restore a healthy stable ecosystem.\u201d  The proposed action is consistent with resource objectives of the plan and with other Federal, state, local and tribal laws, regulations, policies and plans to the maximum extent possible.",None,,None,,Watershed Seeding\r\n***BAR addition of sagebrush and western yarrow was only partially successful. ***,37:05:00
Model 26,Central Basin and Range,Post-burn aerial seeding,6323,2312,Implemented,None,2,11/15/2011,12/1/2011,Acres,1164,Seeding,Aerial Seeding,Aerial Seeding,-1,Confirmed seed list,,Seeds,Confirmed on Paper,Unknown,Species Specific,"The seed mix did not indicate whether bulk or PLS rates were used, therefore, unknown has been listed and all seed mix information has been entered into the Bulk category.","The objectives for cover will be to obtain 70% of all perennial plant cover found in the associated reference site, or, when not possible, to achieve 50% of the lowest value for perennial cover associated with the appropriate ecological or range site by the end of the third year. Density objectives for aerially seeded areas will be based on having one seeded species firmly rooted per square meter by first or second growing season following seeding.","The proposed treatment is to aerially broadcast approximately 3,053 acres of the China Garden\r\nChina Garden ESR Plan - GHQ7 - page - 8\r\nburn area with native forbs and shrubs. Seed will be applied on areas above 5,500 feet in\r\nelevation. Aerial seeding will occur in the late Fall through early Winter of FY2012. This effort\r\nwill not only stabilize the soils, it will also assist in restoring sagebrush habitat critical to sagegrouse\r\npopulations. In addition year round pronghorn antelope habitat, year round mule deer\r\nhabitat and Nevada Division of Wildlife (NDOW) proposed year round bighorn sheep habitat,\r\nconsumed by the fire, will also benefit from this treatment.",Aerially seeded 1164 acres with Wyoming big sagebrush (Artemisia tridentata spp. wyomingensis) and western yarrow (Achillea millefolium),,Polygon,Confirmed,"Digitized by BLM field office personnel, method unknown",,1120.977306,1076.601557,,Contractor,"Habitat for greater sage grouse, Habitat for antelope, Habitat for mule deer, Habitat for desert bighorn sheep, Loss of perennials, Loss of native vegetation, Loss of sagebrush, Loss of vegetation, Erosion",,None,,None,,,14:38:00
Model 26,Central Basin and Range,Post-burn aerial seeding,6324,2312,Implemented,None,2,11/15/2011,12/1/2011,Acres,505,Seeding,Aerial Seeding,Aerial Seeding,-1,Confirmed seed list,,Seeds,Confirmed on Paper,Unknown,Species Specific,"The seed mix did not indicate whether bulk or PLS rates were used, therefore, unknown has been listed and all seed mix information has been entered into the Bulk category.","The objectives for cover will be to obtain 70% of all perennial plant cover found in the associated reference site, or, when not possible, to achieve 50% of the lowest value for perennial cover associated with the appropriate ecological or range site by the end of the third year. Density objectives for aerially seeded areas will be based on having one seeded species firmly rooted per square meter by first or second growing season following seeding.","The proposed treatment is to aerially broadcast approximately 3,053 acres of the China Garden\r\nChina Garden ESR Plan - GHQ7 - page - 8\r\nburn area with native forbs and shrubs. Seed will be applied on areas above 5,500 feet in\r\nelevation. Aerial seeding will occur in the late Fall through early Winter of FY2012. This effort\r\nwill not only stabilize the soils, it will also assist in restoring sagebrush habitat critical to sagegrouse\r\npopulations. In addition year round pronghorn antelope habitat, year round mule deer\r\nhabitat and Nevada Division of Wildlife (NDOW) proposed year round bighorn sheep habitat,\r\nconsumed by the fire, will also benefit from this treatment.",Aerially seeded 505 acres with mountain big sagebrush (Artemisia tridentata ssp. vaseyana) and western yarrow (Achillea millefolium),,Polygon,Confirmed,Digitized by LTDL data entry personnel using a confirmed map,4/15/2015,512.9960957,494.6036535,,Contractor,"Habitat for greater sage grouse, Habitat for antelope, Habitat for mule deer, Habitat for desert bighorn sheep, Loss of perennials, Loss of native vegetation, Loss of sagebrush, Loss of vegetation, Erosion",,None,,None,,,10:41:00
Model 26,Central Basin and Range,Post-burn aerial seeding,6325,2312,Implemented,None,2,11/15/2011,12/1/2011,Acres,1286,Seeding,Aerial Seeding,Aerial Seeding,-1,Confirmed seed list,,Seeds,Confirmed on Paper,Unknown,Species Specific,"The seed mix did not indicate whether bulk or PLS rates were used, therefore, unknown has been listed and all seed mix information has been entered into the Bulk category.","The objectives for cover will be to obtain 70% of all perennial plant cover found in the associated reference site, or, when not possible, to achieve 50% of the lowest value for perennial cover associated with the appropriate ecological or range site by the end of the third year. Density objectives for aerially seeded areas will be based on having one seeded species firmly rooted per square meter by first or second growing season following seeding.","The proposed treatment is to aerially broadcast approximately 3,053 acres of the China Garden\r\nChina Garden ESR Plan - GHQ7 - page - 8\r\nburn area with native forbs and shrubs. Seed will be applied on areas above 5,500 feet in\r\nelevation. Aerial seeding will occur in the late Fall through early Winter of FY2012. This effort\r\nwill not only stabilize the soils, it will also assist in restoring sagebrush habitat critical to sagegrouse\r\npopulations. In addition year round pronghorn antelope habitat, year round mule deer\r\nhabitat and Nevada Division of Wildlife (NDOW) proposed year round bighorn sheep habitat,\r\nconsumed by the fire, will also benefit from this treatment.","Aerially seeded 1,286 acres with low sagebrush (Artemisia arbuscula) and western yarrow (Achillea millefolium)",,Polygon,Confirmed,"Digitized by BLM field office personnel, method unknown",,1288.511119,1227.200926,,Contractor,"Habitat for greater sage grouse, Habitat for antelope, Habitat for mule deer, Habitat for desert bighorn sheep, Loss of perennials, Loss of native vegetation, Loss of sagebrush, Loss of vegetation, Erosion",,None,,None,,,21:37:00
Model 26,Central Basin and Range,Post-burn aerial seeding,6418,2345,Implemented,Successful,2,12/8/2004,12/8/2004,Acres,937,Seeding,Aerial Seeding,Aerial Seeding: Fixed Wing,-1,Confirmed seed list,Chrome Aerial Seeding with Chaining Mix with chaining,Seeds,Confirmed on Paper,Within Treatment,Species Specific,,"The purpose of the chaining treatment was to provide a better microclimate for seeds as well as to incorporate the seed within the soil, increasing the likelihood of seed germination. Establish ten firmly rooted desirable perennial plants per square meter (9.6 square feet) or 12% perennial cover within three years post-fire. The average frequency of non-native invasive annuals within the newly burned area should be less than twice what is found in an unburned reference area.",This is the area that did not receive chaining and was the chaining mix.  Post-aerial seeding chaining occurred during the winter of 2004/2005. Significantly less acreage was chained than originally thought due to steep slopes and extensive cultural sites.,Please see Treatment 4: Aerial Seeding for monitoring results.,"After three growing seasons, the areas chained have met their firmly rooted perennial plant objectives and non-native invasive plant objectives.",Polygon,Confirmed,"Digitized by BLM field office personnel, method unknown",00/00/0000,2702.514782,2702.517305,"This was the chaining mix, but the area did not receive any chaining.",,None,,None,,None,,"This area, while receiving the chaining mix, was actually not chained.",26:06:00
Model 26,Central Basin and Range,Post-burn aerial seeding,6419,2345,Implemented,Successful,2,12/8/2004,12/8/2004,Acres,1569,Seeding,Aerial Seeding,Aerial Seeding: Fixed Wing,-1,Confirmed seed list,Chrome A7DM Aerial Mix,Seeds,Confirmed on Paper,Within Treatment,Species Specific,,Establish ten firmly rooted desirable perennial plants per square meter (9.6 square feet) or 12% perennial cover within three years post-fire. The average frequency of non-native invasive annuals within the newly burned area should be less than twice what is found in an unburned reference area.,"This was the original aerial seeding mix.  El Aero Services was contracted to use a helicopter to fly on a mixture of perennial grasses and forbs. The seed was obtained from Stevenson Intermountain Seed Company, Wheatland West Seed LLC. Russell Barton, Granite Seed Company, Jimmy Goble, Eric Christensen, L & H Seeds, Inc. Brubakken and Reinbold, Inc., Native-Seed Company LLC, and Pawnee Buttes Seed, Inc. The seeds were tested. Following changes made to treatments from what was proposed in the ES plan, three different seed mixes were aerially applied to the Chrome Fire: the main aerial seed mix, the chaining seed mix, and the drill seed mix.","Data from the final, close-out year show that the seeding treatments on the Chrome Fire have been fully successful. Seeded forbs Sanguisorba minor and Linum lewisii are abundant throughout the areas where they were seeded, as are the seeded perennial grass species (Tables 2, 4, and 6). Total perennial density is generally twice as high as firmly rooted perennials. This is due to seedlings from a variety of species continuing to establish. It is expected that not all of these seedlings will grow into mature, firmly rooted plants. Shrub density and cover has increased in the burned area over the three growing seasons post-fire. Newly established sagebrush seedlings have become more mature and larger plants. It is expected that overtime seeded forb species such as Sanguisorba minor will begin to fade out of the burned area as it returns to a community dominated by sagebrush and perennial grasses.\r\nInvasive annual grasses, mainly Bromus tectorum, are found only at low abundances within the burned area. However, they have increased over the three years of monitoring to at most 5-10 plants per square meter on average. This is much lower than most burned areas in the Ely District, and is still generally less than the unburned reference area (Tables 1, 3, and 5, Figure 1). Despite the increase over the three year period, it is unlikely that invasive annual grasses will increase in density above acceptable levels. The well established perennial plants should out-compete additional annual grasses and prevent a grass-fire cycle from occurring.\r\nIn addition to invasive annual grasses, a few other non-native weeds and one noxious weed (Carduus nutans) have become established on the Chrome Fire. While noxious Carduus nutans is only found at very low densities and not in any of the density subsamples, some non-native weeds are rather abundant within the Chrome Fire, especially Sisymbrium altissimum, Lactuca serriola, and Salsola tragus. These species can be found at 2-3 plants per square meter on average within many of the treatment areas. Halogeton glomeratus was also observed within a few density frames, but is found only at very low densities. However, it is likely that the well established perennial plants will out-compete these weeds. It is unlikely that these weeds will become a serious infestation within the burned area.","After three growing seasons, the firmly rooted perennial plant objective has been met within all treatment types except the general aerial seed mix. The perennial cover objective has been met across all treatment areas. The non-native invasive annual objective has also been met; density of invasive annual grasses is lower on average within the burned area when compared to an unburned reference.",Polygon,Confirmed,"Digitized by BLM field office personnel, method unknown",00/00/0000,1570.266343,1570.26761,,,None,,None,,None,,,26:06:00
Model 26,Central Basin and Range,Post-burn aerial seeding,6700,2442,Implemented,See Comments,1,2/00/2001,2/00/2002,Acres,12260,Seeding,Aerial Seeding,Aerial Seeding,-1,Planned seed list,Aerial Mix,Seeds,Plan,Unknown,Species Specific,,,,"12,260 acres selected for aerial seeding","Several seeded species (POAM, ELCI, AGCR, KOPR and ARTRW*) well represented ,\r\nparticularly at higher (more mesic) sites, with representation in eight out of nine transects at the\r\nend of two years of monitoring with less representation and none meeting cover criteria by the\r\nthird year. (See table 2). Cheatgrass competition is restricting the growth of drill seeded species\r\nand native vegetation at many lower sites. Grazing schedules still being discussed by range at\r\nthis time. Some parts have been opened to modified grazing.",Polygon,Confirmed,"Digitized by BLM field office personnel, method unknown",,12987.21663,12839.7208,,,"Livestock in treated area, Invasion by Cheatgrass","Implementation of the plan will allow proper rehabilitation of the public lands which burned during the Clear Creek Fire on August 12, 2001. This fire burned 53,098 acres, of which 40,203 acres are on public land managed by the Bureau of Land Management,\r\nWinnemucca Field Office. The remaining 12,895 acres are privately owned lands. Portions of this fire will be rehabilitated using a seed mixture of native and naturalized plant species (introduced grasses, forbs, and shrubs which already occur in a self-sustaining wild state).Seedings would not be conducted in areas that have potential for natural recovery or areas that are unsuited for treatments. No domestic livestock grazing will be allowed for a minimum of two growing seasons or until it is determined that the vegetation has become established and\r\nthat grazing by livestock would have no detrimental impact on the health and vigor of the vegetation. Monitoring will be conducted annually to determine the success of the seeding treatments and the grazing suitability. Monitoring will be conducted to assess noxious weed infestations. No channel structures or other water control structures are needed.",None,,None,,,50:35:00
Model 26,Central Basin and Range,Post-burn aerial seeding,6916,2508,Implemented,None,1,1/1/1999,00/00/2000,Acres,2206,Seeding,Aerial Seeding,Aerial Seeding,-1,Planned seed list,Wildlife Seed Mix,Seeds,Plan,Unknown,Species Specific,,"Aerially seed crucial big game winter range and sage grouse habitat to reestablish shrub species important for cover, nesting, and forage.","Aerially seed critical wildlife winter range.\r\nAerial seeding application will be completed with Office of Aircraft (OAS) carded helicopter and pilot.  The wildlife seed mixes were selected by BLM, BAER, NDOW, and other local representatives, and were based on policy, regulations, and mandates.  Seed mixtures should be tested for purity and germination rates.  Before accepting delivery of seed shipment the contractor must provide written evidence (seed label and letter) to the resource  advisor that the seed conforms to the purity and germination requirements in the specification.  Test methods specified in Rules for Testing Seeds, Proceedings of the Association of Official Seed Analyst will be accepted for determining the germination rate.  Seed designated without a purity or germination rate shall be labeled to include month and year collected, and the name and address of the seed supplier.",Marked completed in the provided GIS attribute table.,,Polygon,Confirmed,"Digitized by BLM field office personnel, method unknown",10/27/2015,22080.45674,21655.00499,public lands,,"Erosion, Habitat for mule deer, Habitat for antelope, Habitat for wildlife, Invasion by Cheatgrass, Livestock in treated area, Loss of Perennials, Noxious Weeds, Provide cover for wildlife, Provide forage for livestock, Provide forage for wildlife","In an effort to protect existing habitat and improve lower quality critical deer winter range, the Bureau of Land Management and the Nevada Division of Wildlife both implemented similar greenstrip projects on public and private lands to provide a fuels break in an effort to reduce wildfire size intensity and frequency. In addition, extensive wildlife seedings were completed in an effort to provide forage and cover for large groups of wintering deer.",None,,None,,Public section of wildlife seeding,18:34:00
Model 26,Central Basin and Range,Post-burn aerial seeding,7555,2736,Implemented,None,2,1/30/2014,1/30/2014,Acres,90,Seeding,Aerial Seeding,Aerial Seeding,-1,Confirmed seed list,,Seeds,Confirmed on Paper,Unknown,Species Specific,The seeding rates and lbs. per acre do not agree with claimed acreages treated for this treatment.,The cover objectives are to obtain 50% of all perennial plant cover found in the associated reference site by the end of the third year. Density objectives are to obtain an average of 0.25 seeded sagebrush and one seeded perennial species firmly rooted per square meter by the end of the third year from fire containment.,,90 acres of BLM managed public lands seeded with Artemisia tridentata spp. vaseyana and Poa secunda.,"In 2014, 2015, and 2016 this Rangeland Ecological Site meets both ESR and livestock\r\nclosure objectives for perennial cover as well as the ESR objective for density of seeded\r\nspecies.\r\nT25-A1-WhiteHorse-COS-14\r\nTreatment: Aerially seeded with A. tridentata ssp. vaseyana and P. secunda.\r\n2016: This plot meets both the ESR and livestock closure objectives for perennial cover.\r\nThe plot meets the density of seeded species objective. Poa secunda and Bromus\r\ntectorum co-dominate the plot (Figure 1). Although A. tridentata was not recorded in the\r\ndensity, it and a few other shrubs including Grayia spinosa and Tetradymia glabrata\r\nwere found on plot.\r\n\r\nFirst-year monitoring indicates that P. secunda was successfully established while A. tridentata ssp. vaseyana has yet to show up on the plot. Cover by invasive annual plants is heavy, but several deep-rooted perennial bunchgrasses are present to serve as a seed source. Some shrubs remain unburnt or are recovering well, especially Symphoricarpos sp. The shallow-rooted vegetation has maintained high soil stability, but infiltration is altered due to the lack of deep-rooted plants",Polygon,Confirmed,"Digitized by BLM field office personnel, method unknown",,99.28658969,96.97734922,,Contractor,"Invasive species, Invasion by cheatgrass, Loss of native vegetation, Loss of perennials, Loss of sagebrush, Loss of vegetation, Habitat for mule deer, Habitat for sage grouse, Habitat for desert bighorn sheep",,None,,None,,,08:52:00
Model 26,Central Basin and Range,Post-burn aerial seeding,7687,2784,Implemented,None,2,11/10/2010,1/23/2011,Acres,842,Seeding,Aerial Seeding,Aerial Seeding: Rotor Wing,-1,Confirmed seed list,,Seeds,Confirmed on Paper,Unknown,Species Specific,"The seed mix did not indicate whether bulk or PLS rates were used, therefore, unknown has been listed and all seed mix information has been entered into the Bulk category. Planned rate used.","The objectives for cover will be to obtain 70% of all perennial plant cover found in the associated reference site, or, when not possible, achieve 50% of the lowest value for perennial cover associated with the appropriate ecological or range site by the end of the third year. Density objectives for aerially seeded areas will be based on having one seeded species firmly rooted per square meter by first or second growing season following seeding.",This treatment involves aerially seeding Mountain big sagebrush on those burned areas that are\r\nunlikely to recover naturally. Approximately 842 acres of the burn would be treated by aerial\r\nseeding.,Aerial Seeded 842 acres with Mountain Big Sagebrush,,Polygon,Confirmed,"Digitized by BLM field office personnel, method unknown",,286.7704207,285.0515945,,,"Habitat for sage grouse, Habitat for mule deer, Erosion, Loss of perennials, Loss of sagebrush, Loss of native species",,None,,None,,GIS does not match treated areas in monitoring report. See Monitoring report for further information.,10:15:00
Model 26,Central Basin and Range,Post-burn aerial seeding,8600,3076,Implemented,Successful,1,8/00/2005,11/00/2005,Acres,8490,Seeding,Aerial Seeding,Aerial Seeding,-1,Planned seed list,Aerial Seed Mix,,Plan,,,"According to planning documents the seed mix was split into two, the Red Cliffs Desert Reserve Seed Mix (5590acres), and the Dammeron Fire Area Seed Mix (3350 acres).  See the ES Plan hyperlnik for the seed mixes.",Mix and apply seed at an even rate over the burned area at a rate of 8.45 and 4.50 pounds per acre using fixed wing aircraft.  The seeding was proposed for late summer or fall of 2005.\r\n\r\nThe objective will be to establish a seeding that will have 40% or\r\nmore of the 40 centimeter plots containing a live perennial plant species by the\r\nfall of 2008. Establishment of a total perennial plant cover of 15% by the fall of\r\n2008 would also indicate a successful treatment. The goal is to reduce the\r\nabundance of non-native vegetation (mainly annual brome species) and provide\r\nforage and thermal cover for the Desert Tortoise and other wildlife.,Seed mixing and aerial seeding were monitored using qualified Pl's.,Seed was applied evenly across the treatment area per contract specifications.,PI's assured that contract specifications were met for all contracts.,Polygon,Confirmed,"Digitized by BLM field office personnel, method unknown",,9595.039277,4597.922422,,,"Erosion, Invasion by Cheatgrass, Noxious Weeds, Provide cover for wildlife, threatened species, Habitat for desert tortoise, Provide forage for livestock, Provide forage for wildlife","The Dammeron Complex left soils exposed and susceptible to erosion, invasion by noxious weeds, and to the spread of cheat grass or other non-native annual invasive species. Most of the native and naturalized non-native species selected for emergency stabilization treatment occur locally and will provide quick soil stabilization. These species should also help to prevent the invasion or proliferation of cheat grass and other non-native invasive species.\r\n   Because much of the acreage burned by the Dammeron Complex is designated critical habitat for the Mojave Desert tortoise and located within the Reserve, the establishment of native plant species is critical to assist the recovery and de-listing of this threatened species. The Reserve was established for the protection of the Mojave Desert tortoise and\r\nother Special Status Species. It supports approximately 1,700 tortoises, in low to medium population densities. Emergency stabilization treatments should assist the reestablishment of native cover species that are critical for tortoise thermo-regulation (both winter and summer) and should provide for native herbaceous vegetation for desert tortoise forage.\r\n   Portions of the Dammeron Complex are evaluated by UDWR as being crucial mule deer winter range. Emergency stabilization measures should provide forage species palatable to mule deer in the short-term, while native shrub and browse species re-establish.\r\n   The Dammeron Complex burned 3,350 acres of Public Lands within the Veyo Allotment. There will be a loss of grazing use by the permittees for at least two growing seasons in the Wide Canyon Pasture. No fencing is proposed to limit the livestock use.\r\n   Deferment of livestock grazing for a minimum of two growing seasons or until resource objectives are met could result in economic impacts on the livestock operators.",None,,None,,The End of Year Report just indicates that the entire area was seeded at different rates.  No seed list is entered as there are two seed mixes found on the planning document.  It is unknown if these seed mixes were used in the manner listed on the plan.,28:38:00
Model 26,Central Basin and Range,Post-burn aerial seeding,10246,3651,Implemented,None,1,00/00/2007,00/00/2010,Acres,610,Seeding,Aerial Seeding,Aerial Seeding,-1,Confirmed seed list,Aerial Wildlife Mix,Seeds,Confirmed on Paper,Unknown,Species Specific,,Stabilize soils and limit erosion on upper elevation slopes within the burn area,,During implementation the ground was snow covered and cold. Seed was disseminated evenly throughout the project. Coverage looked very good.,"Monitoring protocol was based on the recommended ES&R USGS monitoring methodology (modified from: Monitoring Manual for Grasses, Shrublands, and Savannah Ecosystems, Herrick et al 2005). Overall, seeded species were observed in somewhat even distribution (although relatively widely spaced: 2-25 meters) throughout the treatment area.  \r\nOnly density data was collected during first year monitoring with an average of 0.1 rooted plants/m\xb2.  While this average falls below our density objective of 3 rooted plants/m\xb2, our goals were to stabilize soils and re-establish and/or improve forage for wildlife rather than create a vegetation community structure stand change.  It is also important to consider that precipitation for this region during the first year reached 75% of the100 year average for the area. The degree of natural recovery by surviving grasses paired with the establishment of small burnet, forage kochia and Wyoming big sagebrush (crucial sage grouse habitat) observed through much of the treatment area (although not represented in the monitoring transects) has leads to the conclusion, that the first year was partially successful in achieving our goals, if not our objectives.  We have confidence that this seeding will accelerate the recovery of this burned area. \r\nSecond year monitoring showed moderate gains in the density of seeded species from .1 rooted plants/m\xb2  to .2 rooted plants/m\xb2; this equates to an increase from an average of 405 plants per acre to 809 plants per acre.  Perennial cover was also measured in the second year (using USGS protocol); we achieved 8.1% total cumulative perennial cover with an objective of 17.5% perennial cover. Second year precipitation for the region was 68% of the 100 year average.  Given that the cover objectives for the area have not been met, grazing closure for this area will remain in effect for one more grazing season and monitoring is necessary for an additional year.",Polygon,Confirmed,Not Determined,00/00/0000,564.9697058,537.4188296,,Contractor,"Habitat for sage grouse, Erosion, Noxious Weeds, Fire hazard, Provide forage for wildlife",This area is an important part of the East Range Sage Grouse PMU (Population Management Unit)Both Canadian and Scotch thistle along with Russian knapweed occur on transportation routes into the burned areas. The potential for weed invasion onto burned areas is extremely high due to the close proximity of these sources.,None,,None,,,43:42:00
Model 26,Central Basin and Range,Post-burn aerial seeding,10249,3651,Implemented,Partially Successful,1,00/00/2007,00/00/2010,Acres,610,Seeding,Aerial Seeding,Aerial Seeding,-1,Confirmed seed list,BAR Aerial Seeding,Seeds,Confirmed on Paper,Unknown,Species Specific,,Stabilize soils and limit erosion on upper elevation slopes within the burn area.,,During implementation the ground was snow covered and cold. Seed was disseminated evenly throughout the project. Coverage looked very good.,"We found seeded species (predominately small burnet and forage kochia) to be\r\nwidely spaced (2 -10 meters) but evenly distributed across all the areas traveled through in route to our\r\nrandomly selected monitoring sites. Two sites were setup for this first year with only density read the\r\ninitial year. Using the USGS monitoring methodology (Modified from: Monitoring Manuel for Grasses,\r\nShrublands and Savannah Ecosystems, Herrick et al 2005.) being recommended for ESR, the average for\r\neach site was the following: Site 1=0.03 rooted plants/m\xb2, Site 2=2.2 rooted plants/m\xb2. Although this falls\r\nbelow our original objective: 3 rooted plants/m\xb2, I believe our objective was too high for this project in that\r\nour goal was to stabilize exposed soils in addition to re-establishing and/or improving forage for wildlife,\r\nnot to create a vegetation community structure stand change. Given the degree of natural recovery of\r\nsurviving grasses, the establishment of small burnet and forage kochia (forage) and Wyoming Big\r\nsagebrush seedlings(Sage grouse crucial habitat) observed on much of the project (but not showing up in\r\ntransects) we concluded this first year was partially successful in achieving our goals if not our objectives.\r\nWe further believe this seeding will enhance and quicken the recovery of this burned area.",Polygon,Confirmed,Not Determined,00/00/0000,564.9697058,537.4188296,,BLM and Cooperators,"Habitat for sage grouse, Erosion, Noxious Weeds, Fire hazard, Provide forage for wildlife",This area is an important part of the East Range Sage Grouse PMU (Population Management Unit)Both Canadian and Scotch thistle along with Russian knapweed occur on transportation routes into the burned areas. The potential for weed invasion onto burned areas is extremely high due to the close proximity of these sources.,None,,None,,,06:13:00
Model 26,Central Basin and Range,Post-burn aerial seeding,10388,3691,Implemented,Fully Successful,2,1/15/2006,2/15/2006,Acres,9631,Seeding,Aerial Seeding,Aerial Seeding,-1,Confirmed seed list,Duzak Aerial Seed Mix (PJ Non Wilderness Mix),Seeds,Confirmed on Paper,Unknown,Species Specific,Seed weights were calculated based on the total weights for all 3 fires and may not be entirely accurate.  The total weight and costs are approximates based on per pound or per acre costs and are not exact.,"1. Limit the spread of invasive weeds, 2. Improve Soil Stability, 3. Increase native vegetation dominance and diversity, 4. Preserve watershed values and reduce erosion","The seed was purchased at the October 2005 national seed buy in Denver, CO. The Non-wilderness PJ, wilderness PJ, and mesic blackbrush seed mixes were applied to the Duzak Fire during January and February of 2006. A BLM project inspector was on-site to ensure that the aerial seeding treatment was carried out appropriately and that unseeded control plots were not accidentally seeded. Shape files of seeded flight paths also indicate that seeding occurred in the appropriate areas, and did not occur in the designated controls.","Monitoring data after one growing season post-fire show the aerial seeding treatment on the Duzak Fire to not yet be effective. However, monitoring data from previous fires indicate that establishment of seeded species often takes more than one growing season. Success will be better determined in future years.\r\nMethods: In June through August of 2006 Eastern Nevada Landscape Coalition Monitoring Crews collected data from a total of 270 macroplots. Ten of the brushbelt plots were used to monitor natural regeneration and were stratified by allotment and vegetation type, and were placed away from plots in the seeding treatments. The Mesic blackbrush mix was evaluated by comparing 40 seeded brushbelt plots with 39 unseeded control brushbelt plots. Additional coverage of mesic blackbrush seeding polygons was obtained with 132 additional aerial seeding plots. The non-wilderness PJ mix was evaluated by comparing 24 seeded brushbelts to 24 unseeded control brushbelt plots. Additional coverage of the non-wilderness PJ seeding polygons was obtained with 85 additional aerial seeding plots. The wilderness PJ mix was evaluated by comparing eight seeded brushbelts to eight unseeded control brushbelts. Additional coverage of the wilderness PJ seeding polygons was obtained with 10 additional aerial seeding plots\r\nThe brushbelt is a 5 X 30 m plot, adapted from the National Park Service\u2019s Fire Monitoring Handbook. Within the brushbelt, intensive measures of density and cover by species is collected. Cover is measured along each edge of the brushbelt using an optical point projection device. Herbaceous and shrub seedling density is collected in ten, 0.5 square-meter density frames along these same transects. Shrub density is recorded from within the entire 5 X 30m brushbelt area. Additional species not found within the density frames or along the cover transects are searched for within the brushbelt and recorded. Paired replicates of seeded and unseeded control brushbelts are compared to evaluated treatment effectiveness.\r\nThe additional aerial seeding plot is a circular plot 30m in diameter used for obtaining better coverage of aerial seeding polygons. Within this plot, ocular cover estimates are recorded for species with 5% cover or greater, as well as for seeded species present Density measurements are recorded in 4, .5 square meter frames, where the focus is to search for establishing seedlings of seeded species.\r\nAll collected data was stored, cleaned, and analyzed using the Fire Ecology Assessment Tool (FEAT). Analysis provided by USGS-WERC consists of summary tables and means for seeded and naturally regenerating species separated by seeded and unseeded controls. Additional, more extensive analysis and reports will be provided by USGS-WERC during the winter of 2006/07.\r\nSummary of Treatment Effectiveness: After one growing season, the aerial seed mix applied to the Delamar Fire has not yet been effective. In the Non-wilderness PJ mix seeding polygons, some seeded species are establishing are low densities including Poa secunda, Elymus elymoides, and Achnatherum hymenoides (Table 1). However, the density of these species is similar in both seeded brushbelts and unseeded control brushbelts, indicating that establishment may be due to natural regeneration rather than aerial seeding. In the Wilderness PJ Mix seeding areas, no seeded species were found in the density frames (Table 2). However, not enough data has been collected from these plots to adequately assess treatment effectiveness. More data from the Wilderness Mix in the Duzak Fire (approximately 20 more brushbelts and 40 more AA plots) will be collected towards the end of September, 2006. Results from this data should be available in a more extensive report scheduled for release in December, 2006. Achnatherum hymenoides, Sanguisorba minor, and Linum lewisii were found in the Mesic Blackbrush monitoring plots. Achnatherum hymenoides was found at a slightly higher density in the seeded brushbelts and additional aerial coverage plots than in the unseeded plots. It is uncertain if this is due to aerial seeding. The Sanguisorba and Linum are likely a result of aerially applied seed germinating.\r\nOne of the main purposes of the aerial seeding treatment is to reduce the abundance of invasive, non-native annual grasses. In both the Non-wilderness PJ mix seeding areas and Mesic Blackbrush Mix seeding areas, similar densities of exotic annual grasses are found in both seeded and unseeded control plots. These densities are also high (roughly 100 plants per square meter). Cover values may be reduced in seeded plots. Data from the Wilderness PJ Mix indicates higher densities in the seeded areas as compared to unseeded controls. Bromus establishment at higher elevations can often be patchy, and with the few plots so far sampled in this mix, patterns of Bromus establishment and dominance are still unclear. It is apparent that aerial seeding has so far been ineffective in reducing the establishment and abundance of invasive annual grasses.","The treatment has not yet met its objectives. After one growing season, monitoring crews found seeded species establishing generally only at low densities in all three seed mix areas. The monitoring crews found similar densities of invasive annual grasses when comparing treated areas to unseeded controls. The success of the ground seeding treatment will be better assessed in future years since establishment of post-fire seeding often takes several growing seasons.",Polygon,Confirmed,"Digitized by BLM field office personnel, method unknown",00/00/0000,9630.9405170000009,9609.699709,,Unknown,"Erosion, Habitat for desert bighorn sheep, Invasion by non-native annuals, Noxious Weeds",ESR,None,,None,,Dates pulled from RIPS report.,26:06:00
Model 26,Central Basin and Range,Post-burn aerial seeding,10482,3737,Implemented,Unknown,1,10/00/2002,3/00/2003,Acres,8395,Seeding,Aerial Seeding,Aerial Seeding,-1,Planned seed list,Eagle aerial seed mix,Seeds,Plan,Unknown,Species Specific,"These seeds and treatment application apply to more than 1 fire, see below.  Only the PLS are given adjusted for the single Eagle Fire.  The price was not given for Blue Flax.\r\nThe proposed treatment is to aerially seed the proposed seed mixture (see table below) onto 8,395 acres of the burned area. This area includes the BLM managed lands in Nevada and Utah and an additional area of the Stateline Burn where the Eagle Fire produced spot fires.\r\nFor localized erosion control, burned trees would be cut and dropped into washes to capture sediment.  \r\nThe Last two species were to be used as substitutes if other seeds were not available.","To establish 4 to 5 perennial plants within a 3 square foot area throughout the seeded area. Progress would be measured from representative key areas using line intercept or quadrate frequency methods. Monitoring areas would be established one year following the seeding, and would then be measured starting the second year after treatment for a minimum of three years after the burn.",Not Applicable,"Averaged over all five sites, results were 4.62 perennial plants per 9.62 square feet, and 8.28 annual plants per 9.62 square feet. The averaged results do not adequately represent the burned area\u2019s conditions. Each site was different. Some sites had minimal vegetation and high levels of erosion. Some sites had high shrub regeneration and others had high annual regeneration. Minimal to nonexistent amounts of perennial grasses were observed at all of the sites. Overall, the burned area had high levels of erosion that had inhabited",Not Applicable,Polygon,Confirmed,Digitized by LTDL data entry personnel using a map of unknown origin,00/00/0000,7893.906898,7848.781486,,,None,,None,,None,,,26:51:00
Model 26,Central Basin and Range,Post-burn aerial seeding,10707,3815,Implemented,Fully Successful,2,1/00/2007,1/00/2007,Acres,475,Seeding,Aerial Seeding,Aerial Seeding: Fixed Wing,-1,Confirmed seed list,Aerial Black Sagebrush Seeding,Seeds,Confirmed on Paper,Unknown,Unknown,It is assumed black sage was seeded due to the name of the treatment. Basin Big sagebrush was recorded in the monitoring section as a seeded species.,"The primary objective of the treatment is to aerially seed areas of the fire that are critical to wildlife, or most at risk for long-term irreversible damage due to the effects of the fire. \r\nIt will also provide vegetation needed for ecological site dynamics.","As part of the Burn Area Rehabilitation (BAR) Plan, broadcast seeding will be comprised of shrub subspecies including but not limited to sagebrush and antelope bitterbrush on approximately 1,443 acres on the East Humboldt Complex.  Seed mixtures will include ecological site-specific aerial seeding of black, Wyoming, basin and mountain sagebrush and native perennial herbaceous species as follows:\r\n\u2022\tCrucial mule deer winter range seed mixture on 846 acres: black sagebrush (emphasis), Wyoming big sagebrush, basin big sagebrush, Secar Snake River wheatgrass and Western yarrow.\r\n\u2022\tCrucial pronghorn antelope winter range seed mixture on 597 acres: black sagebrush and Wyoming big sagebrush emphasis, thickspike wheatgrass and Western yarrow.\r\n\r\nTreatments will be completed aerially using a helicopter with seed broadcast bucket.  Other seed mixtures shown in this subsection will allow for additional rehabilitation of wildlife habitat, as well as, allow watershed protection and reduce erosion potential.  The consideration of acreage seeded includes: 1) two-tracks roads for potential vegetated fuel breaks separate from this EA, 2) private lands and 3) the estimated unburned areas within the perimeter. The seeding will provide cover and forage for at least 250 wildlife species that inhabit sagebrush habitats and interspersed riparian/meadow habitat including sage grouse and mule deer (both Resource Management Plan-featured species), migratory birds and Special Status Species.  It will also provide vegetation needed for ecological site dynamics.",This treatment was done in January by fixed-wing aircraft through an aircraft rental agreement. AgNav maps of the aerial seeding were completed for the project file. Aerial seeding was monitored to ensure that seed was being dispersed in the proper area and at the specified rate. A project inspector was present throughout the process to ensure the treatment met contract specifications.\r\nSagebrush and was seeded to add vegetation structure and species richness to the treatment areas.,"BLM monitoring personnel assess the seeding areas yearly to evaluate treatment success.  Effectiveness is based on establishment of three seeded plants per square meter rooted firmly in the soil with consideration to site selection factors such as soils, topography, native release of desirable species, and the potential for seedling establishment. Monitoring data is shared with range staff to provide comparisons with unburned reference sites.\r\n\r\nThe data for this study is from site EHWS-01. \r\n\r\nAccording to data from the National Oceanic and Atmospheric Administration (NOAA), rainfall in the Elko region was just 53% of normal which likely had an effect on seeded and native species germination and vigor.\r\n\r\nSeeded species presence on this site was low. Seeded species were observed at the following frequency:\r\nBasin Big Sage .06\r\nTotal seeded species per square meter: .06\r\n\r\nThe native release on this site is relatively successful, but may increase in successive years if conditions improve. Species were observed at the following frequency:\r\nSandburg\u2019s Bluegrass 5.26\r\nIndian Ricegrass .02\r\nSquirreltail 1.62\r\nBasin Wildrye .14\r\nAlfalfa .04.\r\nTotal native release plants/meter squared: 7.08\r\nTotal perennial plants per meter: 7.14",Polygon,Confirmed,"Digitized by BLM field office personnel, using an aircraft GPS unit",,417.2315399,396.0224252,,,"Erosion, Habitat for sage grouse, Invasion by Cheatgrass, Invasion by non-native annuals, Livestock in treated area, Noxious Weeds, Slow Blackbrush regeneration","Implementation of the proposed action described in the Emergency Stabilization and Rehabilitation Plan EA for the East Humboldt Complex will protect soils in the burned area, including preventing potential loss of soil due to wind and water erosion&* will reduce potential invasion and establishment of noxious weeds and cheatgrass&* will provide quality forage for livestock and wildlife&* and will facilitate meeting established standards and guidelines for livestock grazing.  \r\n\r\nExclusion of livestock grazing is necessary to allow seedling establishment, restore plant vigor and seed production, and to allow reestablishment of preferred species and to deter invasion of undesirable species.  The proposed fence will be constructed around the burn perimeter to keep grazing animals off the recovering burn to allow establishment of seeded and pre-fire vegetation species.  This temporary fencing will be used in conjunction with existing fences to protect the burn area from grazing.  This fencing and subsequent rest from grazing will allow for plants to re-establish and develop effective root depths and root reserves.  Vegetation establishment will help reduce the risk of dust and ash storms decreasing visibility on Interstate 80.  Vegetation establishment will help reduce the risk of accelerated soil erosion and mud flows into the South Fork of the Humboldt River and its tributaries and provide for soil stabilization.  Vegetation associated with wetlands, riparian zones, and floodplains will be allowed to reestablish. \r\n\r\nThe broadcast seedings within drainages and low lying areas and aerial seeding on slopes will provide for soil stabilization and will reduce the potential invasion of cheatgrass, Scotch thistle, hoary cress and Russian knapweed, and other invasive weeds.  The seedings will also provide cover and forage for area wildlife populations and nesting habitat for migratory birds.  Seeding with shrub and grasses will provide deep rooted perennial plants to establish, which will help provide soil stabilization, trap snow and reduce evaporation of the moisture from the soils due to wind.  Shrub establishment will also help the establishment of natural revegetation by capturing snow and providing moisture to grasses and forbs.  The shrubs will also provide sheltered areas from the wind, which will reduce some wind erosion on the site.  All of these functions enhance the herbaceous plant community which protects the soil form potential increased soil erosion that is likely following a fire and reduces the opportunities for increases in invasive nonnative plant or noxious weed species.  Establishment of vegetation helps to stabilize watersheds and upland soils to prevent further degradation to affected resources on lands within the fire perimeter or downstream drainages that may result from short duration, high intensity precipitation events.  Successful seeding of some drainages and the low lying areas near the South Fork of the Humboldt River and its tributaries will help reduce runoff and trap sediment, which will help prevent further degradation to the water quality.  The South Fork of the Humboldt River affected by the East Humboldt Complex supports important recreational fishing.  Successful seeding of the drainages and low lying areas will also help protect aquatic species habitat from receiving excessive amounts of sediment and provide for streambank stabilization.\r\n\r\nControl of noxious weeds is consistent with the management plans for the resource and will help protect the ecological integrity, biodiversity, and site productivity of this shrub-steppe plant community.  Treatment of noxious weeds is necessary to comply with Nevada State Laws, to implement the Integrated Weed Management Program of the Elko Field Office, and to be responsible neighbors to the adjacent private landowners.  Working cooperatively with local weed management groups and private landowners will achieve better weed management.\r\n\r\nThe proposed action conforms to the 1987 Elko Resource Management Plan (RMP), as it was amended for fire management on September 29, 2004.  The decision for fire rehabilitation from the Approved Fire Management Amendment, page 20, is to \u201cConduct fire rehabilitation activities to emulate historic or pre-fire ecosystem structure, functioning, diversity and/or to restore a healthy stable ecosystem.\u201d  The proposed action is consistent with resource objectives of the plan and with other Federal, state, local and tribal laws, regulations, policies and plans to the maximum extent possible.",None,,None,,Aerial Black Sagebrush Seeding,38:26:00
Model 26,Central Basin and Range,Post-burn aerial seeding,10940,3900,Implemented,None,2,1/11/2012,1/16/2012,Acres,8382,Seeding,Aerial Seeding,Aerial Seeding: Rotor Wing,-1,Confirmed seed list,,Seeds,Confirmed on Paper,Unknown,Species Specific,"The seed mix did not indicate whether bulk or PLS rates were used, therefore, unknown has been listed and all seed mix information has been entered into the Bulk category.","The objectives for cover will be to obtain 70% of all perennial plant cover found in the associated reference site, or, when not possible, to achieve 50% of the lowest value for perennial cover associated with the appropriate ecological or range site by the end of the third year. Density objectives for aerially seeded areas will be based on having one seeded species\r\nfirmly rooted per square meter by first or second growing season following seeding.","The proposed treatment is to aerially seed approximately 8,380 acres in areas above 5,500' in elevation with Wyoming big sagebrush and Forage kochia. Aerial seeding will occur in the late fall or early winter of FY2012.","Aerially seeded 8,380 acres with Wyoming big sagebrush (Artemesia tridentata ssp. wyomingensis) and forage kochia (Bassia prostrata)","EV-1: Density of seeded species does not meet the monitoring objective. Percent perennial cover meets the objective. The plot is dominated by Bromus tectorum. Sisymbrium altissimum and Salsola tragus are common (Figure 1). Some P. spicata and Leymus cinereus are present. B. prostrata and A. millefolium are growing on the plot, but no A. tridentata is present.\r\nEV-2: Density of seeded species does not meet the monitoring objective. Percent perennial cover meets the objective. B. tectorum has increased to co-dominance with perennial bunchgrasses (Figure 2). B. prostrata and A. millefolium are growing on the plot, but A. tridentata is absent.",Polygon,Confirmed,"Digitized by BLM field office personnel, method unknown",,8388.914995,7969.425576,,,"Habitat for desert bighorn sheep, Habitat for antelope, Habitat for greater sage grouse, Habitat for mule deer, Loss of perennials, Loss of native vegetation, Loss of sagebrush, Loss of vegetation, Erosion",,None,,None,,,21:31:00
Model 26,Central Basin and Range,Post-burn aerial seeding,11068,3935,Implemented,None,2,8/00/1962,8/00/1962,Acres,500,Seeding,Aerial Seeding,Aerial Seeding: Fixed Wing,-1,Confirmed seed list,,Seeds,Confirmed on Paper,Unknown,Species Specific,,This pasture will furnish forage for 250 cattle thereby relieving other areas on the cattle allotment.,,This project was started in the 1962 fiscal year; chaining was completed in 1961 but no bids were received for seeding. Some seed was drilled by force account during the fall of 1961 but snow stopped this operation . The seeding was completed during August 1962 by airplane . This pasture will furnish forage for 250 cattle thereby relieving other areas on the cattle allotment. Approximately 500 acres were completed by force account labor in the 1962 fiscal year and the remainder of 500 acres completed this year.,,Polygon,Confirmed,"Digitized by BLM field office personnel, using paper map",,1276.205819,1232.498571,,Contractor,Provide Forage for Livestock,"The seeding will furnish additional forage and relieve livestock concentration in other parts of t he allotment, reduce erosion, overgrazing and aid in the control of noxious weeds.",None,,None,,,51:58:00
Model 26,Central Basin and Range,Post-burn aerial seeding,11417,4066,Implemented,Unknown,1,10/1/2005,10/31/2008,Acres,994,Seeding,Aerial Seeding,Aerial Seeding,-1,No seed list,"Aerial Wildlife, 3 specs",Seeds,Unknown Seed List Origin,Unknown,Unknown,"The seed mix did not indicate whether bulk or PLS rates were used, therefore, unknown has been listed and all seed mix information has been entered into the Bulk category.",To establish seeded species for wildlife.,"Treatments would be completed aerially such as with use of a helicopter with seed broadcast bucket.  Other seed mixtures shown below in this subsection would allow for additional rehabilitation of wildlife habitat as well as allow watershed protection and reduce erosion potential.  The consideration of acreage seeded includes, 1) a \u201cno seeding\u201d buffer of 400 feet on main roads and two-tracks for future fuel break planning, 2) private lands and 3) the estimated unburned areas within the perimeter.","It is assumed this wildlife seeding was implemented because it appears to be loaded from an aerial GPS unit. It is unknown if this seeding was planned as one of the units, of if it is an entirely different treatment. It was located in a different folder in the provided GIS, and includes attributes for high, low and high/low specs. For these reasons, it is included as a separate treatment.",,Polygon,Confirmed,"Digitized by BLM field office personnel, using an aircraft GPS unit",10/27/2015,994.4494914,978.2118702,,,"Native Seedbank degredation, Impact on Cultural Resources, Habitat for sage grouse, Erosion, Habitat for wildlife, Invasion by non-native annuals, Livestock in treated area, Migratory Birds, Noxious Weeds, Sensitive Species, Provide forage for livestock","The purpose of the proposed action described in the emergency stabilization and rehabilitation plan and this EA is to protect the burned area from livestock grazing, seed the burned area to stabilize the soils and prevent the establishment of annual and invasive nonnative plant species, allow the undamaged plant species time to re-establish, and treat the invasive nonnative plant species, namely Scotch thistle and hoary cress, to prevent spreading.  The need for the proposed action is to stabilize and prevent unacceptable degradation to natural and cultural resources, to minimize threats to life or property resulting from the effects of the fire, and to construct physical improvements necessary to prevent degradation of land or resources.  To prescribe cost effective post-fire stabilization measures necessary to protect human life, property, and critical cultural and natural resources.\r\n\r\nThe proposed seeding would help stabilize the watershed to prevent further degradation to affected resources on lands within the fire perimeter or downstream drainages that may result from short duration, high intensity precipitation events&* reduce the potential for invasive nonnative weeds and competitive annual plant species&* help provide forage, cover, and habitat for wildlife, including but not limited to, BLM designated special status species, migratory birds, mule deer, pronghorn antelope, and sage grouse.",None,,None,,"The GIS for this treatment was located in a different folder in the provided GIS, and includes attributes for high, low and high/low specs. For these reasons, it is included as a separate treatment.",01:04:00
Model 26,Central Basin and Range,Post-burn aerial seeding,11425,4066,Implemented,Unknown,2,1/11/2009,1/11/2009,Acres,550,Seeding,Aerial Seeding,Aerial Seeding: Rotor Wing,-1,Confirmed seed list,Low Sagebrush Lek Seeding,Seeds,Confirmed on Paper,Unknown,Species Specific,,To seed sage grouse leks.,This plan calls for \u201cRIDGE TOP SEEDINGS\u201d on public lands.  Basically stay out of the drainage bottoms where big sagebrush grows.,"In 2008 the Esmeralda Low Sagebrush Seed Collection was funded through HLI funds to collect approximately 1,000 lbs. of grey low sagebrush from selected areas in Elko County. The contractor was only able to provide 625 lbs. of cleaned seed to the BLM. This seed was targeted to be applied on Willow Creek Ridge where there was documentation of high concentrations of\r\nsage grouse leks in the area before it burned during the 2005 Esmeralda Fire. The low sagebrush seed was applied in January 2009 as part of additional funding that was provided by the Nevada Department of Wildlife for flight time and associated equipment rental at a cost of $2,220. Over 550 acres were treated with this seed in efforts that these lek areas will be reoccupied by sage grouse in the future.\r\n\r\n\r\nEI Aero Services helicopter applies low sagebrush over burned sage grouse lek areas (Gripp 1/11/09)",,Polygon,Confirmed,"Digitized by BLM field office personnel, using an aircraft GPS unit",10/27/2015,524.5228077,524.5232884,,Contractor,"Native Seedbank degredation, Impact on Cultural Resources, Habitat for sage grouse, Erosion, Habitat for wildlife, Invasion by non-native annuals, Livestock in treated area, Migratory Birds, Noxious Weeds, Sensitive Species, Provide forage for livestock","The purpose of the proposed action described in the emergency stabilization and rehabilitation plan and this EA is to protect the burned area from livestock grazing, seed the burned area to stabilize the soils and prevent the establishment of annual and invasive nonnative plant species, allow the undamaged plant species time to re-establish, and treat the invasive nonnative plant species, namely Scotch thistle and hoary cress, to prevent spreading.  The need for the proposed action is to stabilize and prevent unacceptable degradation to natural and cultural resources, to minimize threats to life or property resulting from the effects of the fire, and to construct physical improvements necessary to prevent degradation of land or resources.  To prescribe cost effective post-fire stabilization measures necessary to protect human life, property, and critical cultural and natural resources.\r\n\r\nThe proposed seeding would help stabilize the watershed to prevent further degradation to affected resources on lands within the fire perimeter or downstream drainages that may result from short duration, high intensity precipitation events&* reduce the potential for invasive nonnative weeds and competitive annual plant species&* help provide forage, cover, and habitat for wildlife, including but not limited to, BLM designated special status species, migratory birds, mule deer, pronghorn antelope, and sage grouse.",None,,None,,,46:23:00
Model 26,Central Basin and Range,Post-burn aerial seeding,11650,4152,Implemented,Successful,1,8/1/2012,9/31/2013,Acres,4797,Seeding,Aerial Seeding,Aerial Seeding,-1,Not Determined,,Seeds,Confirmed on Paper,Unknown,Unknown,"Seed list taken from CH1 monitoring record where it shows percent of seeded species. Additional seeded species may have been used but not observed.\r\nSee ESR Plan - Aerial seeding may be the same as the Drill seeding mix.\r\n\r\nCloseout Report:\r\n$907,000 of the budgeted $1,025,000 was spent on the seed at the BLM Consolidated Seed Buy in Boise in Sept 2012. Two seed mixes were mixed at Ephraim. The seed purchase was the only BLM funding received for the entire Faust ESR Project.","Perennial species at least 35% composition of the total plant community after the 3rd full growing season (2015) following the fire.\r\n\r\nThe species in the seed mix were selected with the focus on species that establish quickly, compete with cheatgrass, and stay green longer into the summer to make the seeded areas more resistant to fire and more tolerant of fire if the area burns again. The Faust West Hatch Ranch Seed Mix was designed for the soils and ecological sites on the west side of the Hatch Ranch road or the west side of the fire. The Faust East Hatch Ranch Seed Mix was designed for the remainder of the seeding treatments on the east side of the fire. The difference between these two areas is in effect elevation level, with higher elevation on the east side of the fire and in turn higher precipitation levels.","Aerial seeding followed by chaining with an Ely chain and drilling treatments would be\r\ncompleted this Fall, using a seed mix specifically prescribed for the ecological sites to\r\nstabilize the exposed soils of the fire. This treatment type would include 8,452 acres.","Given the shortage of funding, only the highest priority areas were completed, which ended up being 4,064 BLM acres of aerial and chain (4,797 acres with state section), and 2,875 acres of drill seeding. The initial aerial seeding for the chaining area was completed on 12/19/12","FY 2015:\r\nDrill seeding and aerial seed and chain treatments monitored at four locations have been successful. Composition of perennial species exceeded the 35% perennial composition objective. The 35% composition objective was measured using nested plot frequency of perennial vegetation. Relative frequency of perennial vegetation averaged approximately 46% for four monitoring locations.\r\n\r\nFY 2016:\r\nDrill seeding and aerial seed and chain treatments monitored at four locations continue to be successful. Composition of perennial species exceeded the 35% perennial composition objective. The 35% composition objective was measured using nested plot frequency of perennial vegetation. Relative frequency of perennial vegetation averaged approximately 55% for four monitoring locations.\r\n\r\nPART 8- MONITORING RESULTS\r\nFaust, G4Y3 - August 14, 2013\r\nResponse is based on elevation. Soils on the western end contain additional exchangeable sodium and calcium carbonate. The mid elevation and higher elevation soils are much improved containing more organic material and are much deeper soils. There is some growth of seeded species on the lower elevation drill seeding, but it needs more time to respond. A substantial amount of forage kochia and some seeded bunchgrasses were noted on these lower elevation sites. Natural reoccurring species are cheatgrass, tumble mustard, summer cypress and Russian thistle. Much of the mid elevation has a good response of native and introduced bunchgrass establishment. Some of the forage kochia and blue flax are also making inroads on these sites. The aerial seeded and chaining of the juniper stands occurring on the mid and upper elevations is providing very favorable results. Seeded species on these sites have frequent appearance. Notable growth of seeded species was observed for small burnett, Ladak alfalfa, blue flax, crested wheatgrass, Indian ricegrass, Russian wildrye, and bitterbrush.\r\n\r\n2015 Monitoring\r\nFour sites (Sites #1, #3, #6, #8 listed above) were monitored on the Faust ESR on July 28 and August 11, 2015. Nested Plot Frequency transects were completed at all four sites. Both seeded material and volunteer plant material look very good. Drill seeding and aerial seed and chain treatments monitored at four locations have all been successful. Composition of perennial species exceeded the 35% perennial composition objective. The 35% composition objective was measured using nested plot frequency of perennial vegetation. Relative frequency of perennial vegetation averaged approximately 46% for four monitoring locations. Plant vigor is excellent at the chaining sites and the aerial seeding site. Species diversity is extensive throughout the treatment areas, but particularly impressive at the sites that were aerial seeded and chained. One site (AS#1) was monitored on the east side of the fire where no treatments occurred due to limited funding. This side of the fire did not burn as hot as the west side and perennial grasses, forbs, and shrubs have re-established well. No noxious weed species were observed in the treatment areas. Monitoring results are documented below.\r\nLivestock were present at the monitoring site in East Faust Creek and a salt block was nearby at the road. No other evidence of livestock use was observed. Wild horses from the Onaqui Mountain Herd were observed at lower elevations foraging outside the treatment areas on both the east and west sides of the fire. Several small bands were observed on the east side and one large band of 75 adults, plus foals was observed on the west side.\r\n\r\n2016 Monitoring\r\nFour sites were monitored on the Faust ESR between June 20th and 23rd, 2016. Nested Plot Frequency transects were completed at all four sites. Both seeded material and volunteer plant material look very good. Drill seeding and aerial seed and chaining treatments monitored at four locations have all been successful. Composition of perennial species exceeded the 35% perennial composition objective. The 35% composition objective was measured using nested plot frequency of perennial vegetation. Relative frequency of perennial vegetation averaged approximately 55% for four monitoring locations. Plant vigor is excellent at both chaining sites and the aerial seeding site on the east side. Species diversity continues to be extensive throughout the treatment areas. Dalmatian toadflax was observed on one of the chaining treatment areas and exceeds the noxious weed objective. Monitoring results are documented below.\r\nAll fences, gates, and cattleguards around the aerial seed and chaining treatment area are intact and in good condition. Evidence of livestock use was observed in East Faust Creek, with little to no impact on aerial seeding treatment in that area. No other evidence of livestock use was observed in treatment areas. The Onaqui Mountain Wild Horse Herd was observed frequently in late spring and periodically through summer months at lower elevations in the drill seeding area.",Polygon,Confirmed,Digitized by LTDL data entry personnel using a confirmed map,12/7/2018,9058.87,8102.5,,Contractor,"Establishment of seeded species, Other (see related notes), Noxious weeds, Invasion by cheatgrass","Without seeding, the majority of the proposed seeding treatment areas will become dominated by undesirable annual vegetation.  The treatments will be necessary to establish perennial cover which will hold the soil and help control the invasion of noxious weeds and other invasive weeds, especially cheatgrass.",None,,None,,"The cost shown for this treatment includes chaining and drill seeding treatments also. \r\n\r\nGiven the critical deer habitat, the DWR offered help with Ruby Pipeline Big Game Mitigation money and the WRI program, which handled contracts for the cultural surveys, aerial seeding and secondary aerial seeding, and the chaining. The BLM donated labor, and the extra needed labor and OT was reimbursed to the BLM after-the-fact.",58:47:00
Model 26,Central Basin and Range,Post-burn aerial seeding,13211,4756,Implemented,Partially Successful,2,1/00/2007,1/00/2007,Acres,2992.99,Seeding,Aerial Seeding,Aerial Seeding: Rotor Wing,-1,Confirmed seed list,Kochia Stabilization Mix,Seeds,Confirmed on Paper,Unknown,Species Specific,The Seed List calls for Winter Wheat coded as TRAE and Triticum aestivum.\r\n\r\nSee planned seed list for possible amounts.,"The primary objective is to aerially seed burned areas to provide cover and forage for wildlife and BLM Special Status Species/migratory birds, including crucial winter habitat for mule deer, and sage grouse habitat.  Kochia was chosen to add vegetation structure and species richness to the burn.  Seeded areas cover locations at greatest risk for damage from fire effects, including soil erosion and weed invasion.  \r\nEstablish one seeded Kochia half-shrub per square meter rooted firmly in soil with consideration for site selection factors of soils, topography, native release of desirable species, and potential for seedling establishment.  Provide cover and forage for wildlife and BLM Special Status Species/migratory birds, including crucial winter habitat for mule deer, and sage grouse habitat.",Aerially seed approximately 2993 acres with Forage Kochia.,The aerial wildlife seeding was completed in January via helicopter through an aircraft rental agreement. The ground crew consisted of BLM helitack and a project inspector. AG Nav maps of the aerial seeding were completed for the project file.  Aerial seeding was monitored to ensure seed was dispersed over the target area at the specified rate.  The project inspector ensured treatment met contract specifications.,"BLM monitoring personnel assess the seeding areas yearly to evaluate treatment success.  Effectiveness is based on establishment of three seeded plants per square meter rooted firmly in the soil with consideration to site selection factors such as soils, topography, native release of desirable species, and the potential for seedling establishment. Monitoring data is shared with range staff to provide comparisons with unburned reference sites.\r\n\r\nThe Gopher Aerial Kochia Seeding was monitored at two widely separated locations (GOWK \u2013 01 and GOWK \u2013 02). \r\nMonitoring Results:\r\n2007 \u2013 At GOWK \u2013 01 Forage Kochia was recorded at low moderate density near one-third plant per square meter: Winter Wheat was not recorded.  At GOWK \u2013 02 Forage Kochia was recorded at very low density: Winter Wheat was not recorded. \r\n2008 \u2013 At GOWK \u2013 01 Forage Kochia appeared to decline to a low density.  Small fluctuations should be evaluated cautiously because past the first photographed quadrat, individual frames along a paced transect are not perfectly repeatable from year to year.  At GOWK \u2013 02 Forage Kochia was not recorded.  Winter Wheat was not recorded at either monitoring location but would not have been expected to persist into the second year.  \r\n2009 \u2013 At GOWK \u2013 01 Forage Kochia appeared to increase slightly but remained at low density.  At GOWK \u2013 02 Forage Kochia was recorded at very low density.  Winter Wheat was not recorded at either monitoring location.  Based upon consistent (though fluctuating) presence of Forage Kochia throughout the monitoring period at both widely separated monitoring locations we may consider the Gopher Aerial Kochia Seeding to be partially successful.  Caution suggests we regard this seeding as only marginally successful.  At GOWK \u2013 01 conditions were very weedy, especially during the first two years of the monitoring period.  The paced transect that monitored the treatment proceeded from a weedy exposed ridgecrest into a protected swale.  By the end of the monitoring period most recorded Forage Kochia plants were encountered toward the end of the transect in the area protected from wind.  Wind action appears to have redistributed Kochia seed near GOWK \u2013 01.  Reasons for the low level of success of this treatment at GOWK \u2013 02 (a protected toeslope and prehistoric floodplain) are less clear.",Polygon,Confirmed,"Digitized by BLM field office personnel, using an aircraft GPS unit",,2995.363181,2129.634543,,,"Erosion, Habitat for sage grouse, Invasion by Cheatgrass, Invasion by non-native annuals, Livestock in treated area, Noxious Weeds, Habitat for antelope, Native Seedbank degradation, Provide cover for wildlife, Provide forage for wildlife","Soil/Water Stabilization:  Due to loss of perennial grass vegetation on this burned area, possible wind and water erosion potential exists.\r\n\r\nDesignated Critical Habitat for Federal/State Listed, Proposed, or Candidate Species:  There is no designated critical habitat area within the boundaries of the burned area.   T&E species are known to occur within the boundaries of the burned area.  The site is designated as summer/winter sage grouse range.\r\n\r\nCritical Heritage Resources:  No critical heritage resource is known to be present within the boundaries of the burned area. Further review by Cultural staff of records is needed\r\n\r\nInvasive Plants:  Cheatgrass was a vegetation component prior to occurrence of the fire.  Small infestations of hoary cress and Scotch thistle have been documented within the burn perimeter.  Weed inventories to determine if weed species become established will be conducted.  If weed species are found, they will be treated.\r\n\r\nLands Unlikely to Recover Naturally:  The fire removed essentially all of the existing vegetation.  Cheatgrass will probably increase, although the perennials are expected to survive and be competitive if provided interim protection from grazing and long-term protection from repeated fires.  The greatest concern is repeated reburning of the site in the future and the need to get sagebrush re-established on the burn area for big game and sage grouse habitat.  Also long term productivity of the site will be maintained with a shrub component.",None,,None,,,52:33:00
Model 26,Central Basin and Range,Post-burn aerial seeding,13213,4756,Implemented,Partially Successful,2,1/00/2007,1/00/2007,Acres,6813.69,Seeding,Aerial Seeding,Aerial Seeding: Fixed Wing,-1,Confirmed seed list,Aerial Wildlife Low Elevation Mix,Seeds,Confirmed on Paper,Unknown,Unknown,Small Burnet may not of been seeded over the entire area: Aerially seed approximately 6814 acres with a low elevation wildlife seed mix of Western Yarrow (or \u201cDelar\u201d Small Burnet at indeterminate locations where substitution was necessary) and Wyoming Big Sagebrush,"The primary objective of the treatment is to aerially seed areas of the fire that are critical to wildlife, or most at risk for long-term irreversible damage due to the effects of the fire. Establish one seeded plant per square meter.  Provide cover and forage for wildlife and BLM Special Status Species/migratory birds, including crucial winter habitat for mule deer, and sage grouse habitat.\r\nThe fire killed the shrub component within the burn perimeter.  It is anticipated that the grass and forb species in these treatment areas will re-sprout and reseed naturally.  The goal of reseeding the treatment areas with shrub species will help provide cover and forage for wildlife; reduce water erosion hazards by stabilizing soils; increase the rate at which native riparian vegetation is restored; maintain a healthy, productive, and diverse plant community; and minimize the establishment of exotic annual plants.",Sagebrush and forbs were chosen to add vegetation structure and species richness to treated areas.  Aerially seed approximately 6814 acres with a low elevation wildlife seed mix of Western Yarrow (or \u201cDelar\u201d Small Burnet at indeterminate locations where substitution was necessary) and Wyoming Big Sagebrush.,The aerial wildlife seeding was completed in January via fixed-wing aircraft through an aircraft rental agreement. The ground crew consisted of BLM helitack and a project inspector. AG Nav maps of the aerial seeding were completed for the project file.  The aerial seeding was monitored to ensure seed was dispersed over the target area at the specified rate.  The project inspector ensured treatment met contract specifications.,"BLM monitoring personnel assess the seeding areas yearly to evaluate treatment success.  Effectiveness is based on establishment of three seeded plants per square meter rooted firmly in the soil with consideration to site selection factors such as soils, topography, native release of desirable species, and the potential for seedling establishment. Monitoring data is shared with range staff to provide comparisons with unburned reference sites.\r\n\r\nThe Gopher Aerial Wildlife (low elevation) Seeding was monitored at five separate locations.  Three were specifically established to monitor this treatment (GOWL \u2013 01, GOWL \u2013 02, and GOWD \u2013 03).   One was established to monitor the Gopher Range Drill seeding (GORD \u2013 01) where it is overlapped by the Aerial Wildlife (Low Elevation) Seeding.  One (GOWK \u2013 02) was established to monitor the Gopher Aerial Kochia Seeding where it is overlapped by the Aerial Wildlife (Low Elevation) Seeding.  All are paced density transects except GORD \u2013 01 which is a permanent modified Freqdens transect. \r\nMonitoring Results: \r\n2007 \u2013 Wyoming Big Sagebrush was recorded at very low density at GOWL \u2013 01: Western Yarrow and Small Burnet we not recorded.  No seeded species were recorded at GOWL \u2013 02 or at GORD \u2013 01.  At GOWK \u2013 02 Wyoming Big Sagebrush was recorded at very low density (one plant was encountered.)  Western Yarrow was recorded at very low density at GOWD \u2013 03: Small Burnet and Wyoming Big Sagebrush were not recorded.  \r\n2008 \u2013 No seeded species were recorded at GOWL \u2013 02. Wyoming Big Sagebrush appeared to decline slightly at GOWL \u2013 01 but remained at very low density. \r\n2009 \u2013 No seeded species were recorded at GOWL \u2013 01.   At GOWL \u2013 02 Wyoming Big Sagebrush was recorded at very low density (one plant was encountered.)  Records of seeded species at all the monitoring locations for the Gopher Aerial Wildlife (low elevation) Seeding fluctuate during the monitoring period and never exceed very low densities.  Since seeded species were recorded at some monitoring locations during the monitoring period and in the final year of monitoring we may consider this seeding partially successful, but it should be realistically assessed as only marginally so.",Polygon,Confirmed,"Digitized by BLM field office personnel, using an aircraft GPS unit",,6816.130194,5083.46326,,,"Erosion, Habitat for sage grouse, Invasion by Cheatgrass, Invasion by non-native annuals, Livestock in treated area, Noxious Weeds, Habitat for antelope, Native Seedbank degradation, Provide cover for wildlife, Provide forage for wildlife","Soil/Water Stabilization:  Due to loss of perennial grass vegetation on this burned area, possible wind and water erosion potential exists.\r\n\r\nDesignated Critical Habitat for Federal/State Listed, Proposed, or Candidate Species:  There is no designated critical habitat area within the boundaries of the burned area.   T&E species are known to occur within the boundaries of the burned area.  The site is designated as summer/winter sage grouse range.\r\n\r\nCritical Heritage Resources:  No critical heritage resource is known to be present within the boundaries of the burned area. Further review by Cultural staff of records is needed\r\n\r\nInvasive Plants:  Cheatgrass was a vegetation component prior to occurrence of the fire.  Small infestations of hoary cress and Scotch thistle have been documented within the burn perimeter.  Weed inventories to determine if weed species become established will be conducted.  If weed species are found, they will be treated.\r\n\r\nLands Unlikely to Recover Naturally:  The fire removed essentially all of the existing vegetation.  Cheatgrass will probably increase, although the perennials are expected to survive and be competitive if provided interim protection from grazing and long-term protection from repeated fires.  The greatest concern is repeated reburning of the site in the future and the need to get sagebrush re-established on the burn area for big game and sage grouse habitat.  Also long term productivity of the site will be maintained with a shrub component.",None,,None,,,20:42:00
Model 26,Central Basin and Range,Post-burn aerial seeding,13639,4909,Implemented,Fully Successful,2,12/14/2004,12/14/2004,Acres,230,Seeding,Aerial Seeding,Aerial Seeding: Rotor Wing,-1,Confirmed seed list,Gregerson Aerial Seed Mix,Seeds,Confirmed on Paper,Outside of Treatment,Species Specific,,"Establish 2 or more firmly rooted, desirable perennial plants per 9.62 square feet or 6% desirable perennial cover. The average frequency of non-native invasive annuals within the newly burned area should be approximately equal to the seeded portion of the Gregerson Complex burned/unburned reference area.","El Aero Services was contracted to use a helicopter to fly on a mixture of perennial grasses, forbs and shrubs. The seed was obtained from the regional warehouse in Boise, Idaho and from the Ely seed warehouse. The seeds were tested.","After three growing seasons, invasive grasses are pervasive in the burned area and perennial plants are regenerating well. On average, there are close to 300 plants per square meter of Bromus tectorum and Bromus rubens (Table 1 and Figure 1). Invasive annuals are actually lower post-fire within the reference area that burned by the 2005 Delamar Fire. The 2005 growing season was preceded by an abnormally wet winter and spring, fueling a bumper crop of invasive annual grasses. The 2007 growing season was preceded by a relatively dry winter and spring hindering invasive annual establishment.\r\nDespite the dominance by invasive annual grasses, perennial plants are regenerating quite well within the Gregerson Burned Area, especially grasses. This is due primarily to three species that are establishing naturally post-fire: Elymus elymoides at nearly one plant per square meter on average, Elymus lanceolatus at nearly two plants per square meter on average, and Pleuraphis jamesii at nearly one plant per square meter on average.\r\nPerennial forbs are less common on average than perennial grasses within the burned area, but still make up an important group at over 2 plants per square meter on average. The most common species are Spheralcea ambigua, Phlox longifolia, and Machaeranthera canescens. The data show a sharp decline from 2005 to 2006 in average perennial forb density. This may be due to shifting plot locations rather than a real decline.","After three growing seasons, the firmly rooted desirable perennial plant objective has been met on the Gregerson Fire. Density and cover of invasive annual grasses on the Gregerson Fire are much higher when compared to the adjacent unseeded portions of the 2005 Delamar Fire.",Polygon,Confirmed,"Digitized by BLM field office personnel, method unknown",00/00/0000,227.4686029,227.4372667,,,None,,None,,None,,,26:06:00
Model 26,Central Basin and Range,Post-burn aerial seeding,13659,4914,Implemented,Failure,1,10/1/2000,3/00/2001,Acres,421,Seeding,Aerial Seeding,Aerial Seeding,-1,Confirmed seed list,Aerial Mix,Seeds,Confirmed on Paper,,Species Specific,,,,acres selected for aerial seeding and 310 acres selected for drill\r\nseeding.,"No seeded species showed up in either of two transects in three years of monitoring (See\r\ntable 2.). Neither of the two transects met coverage objectives in three years of\r\nmonitoring (See table 1.). Natural recovery and seeded specie establishment is negligible\r\ndue to continuing drought (See table 3). and Cheatgrass competition extensive to both\r\ntransects. Opened to grazing, June 2003. Temp fences need to be monitored to\r\nprevent trespass onto Clear Ck (2001) fire rehab.",Polygon,Confirmed,"Digitized by BLM field office personnel, method unknown",,390.2021174,358.8289643,,BLM and Cooperators,"Invasion by Cheatgrass, Rangeland health, Loss of Perennials, Loss of vegetation",,None,,None,,,54:46:00
Model 26,Central Basin and Range,Post-burn aerial seeding,14107,5070,Implemented,None,2,2/25/2013,2/25/2013,Acres,5812,Seeding,Aerial Seeding,Aerial Seeding,-1,Confirmed seed list,,Seeds,Confirmed on Paper,Unknown,Species Specific,,"Without treatment the burned areas are extremely susceptible to exotic annual dominance; this would jeopardize the greater sage grouse, mule deer herds and other wildlife that depend on this area year-round and especially in the winter months. Seeding occurred on sites that do not have the likelihood of naturally recovering from the fire. Areas were seeded with perennial species to reduce the dominance of Bromus tectorum. The application cost of aerial seeding is fairly high, but the risk of not seeding is the loss of species and structural diversity that will reduce the overall short and long-term value of the land. Objective: The objectives for cover will be to obtain 70% of all perennial plant cover found in the associated reference site, or, when not possible, achieve 50% of the lowest value for perennial cover associated with the appropriate ecological or range site by the end of the third year. Density objectives for aerially seeded areas will be based on having one seeded species firmly rooted per square meter by first or second growing season following seeding.",,Aerial Seeding of Sage Grouse PPH. Nevada Department of Wildlife contributed forage kochia seed. Ruby Mitigation fund contributed Mtn. Sage seed. NGO (private) contributors helped fund aircraft time for seeding.,"T3-A1MiddleField-HAN-14\r\nTreatment: aerially seeded with A.tridentata ssp. vaseyana and A. millefolium.\r\n2015: This plot was not monitored in 2015.\r\n2014: Plot does meet both ESR and livestock closure percent perennial cover objectives,\r\nbut not density objectives. Deep-rooted, perennial grasses are significantly reduced at\r\nplot. Annual species are common throughout the plots, and both B. tectorum and T.\r\ncaput-medusae are present and common to dominant. There are unburned A. arbuscula\r\nand P. tridentata shrubs throughout the plot.\r\n\r\nT3-A1MoreyCreek-HAN-14\r\nTreatment: aerially seeded with A. tridentata ssp. vaseyana and A. millefolium.\r\n2015: The plot\u2019s density of seeded species does not meet the objective. Plot does not\r\nmeet ESR or livestock closure percent perennial cover objectives. Perennial coverage has\r\ndecreased since 2014. Plot appears to be on a A tridentata ssp. wyomingensis plot, and\r\ndoes not support A. tridentata ssp. vaseyana. B. tectorum and E. cicutarium dominate\r\nplot, and C. testiculata is also present. For an overview of line 3 see Figure 22.\r\n\r\nT3-A2SouthSingus-HAN-14\r\nTreatment: aerially seeded with A. tridentata ssp. vaseyana and A. millefolium.\r\n2015: Plot does not meet density cover objective. No seeded species were found along\r\nany of the transects. Perennial cover has decreased since 2014 and does not meet the\r\nlivestock closure objective. However, percent perennial cover does meet ESR objectives.\r\nB. tectorum and E. cicutarium are common to co-dominant on this plot. Livestock were\r\nseen grazing within a half mile of this plot. For an overview of line 3 see Figure 20.\r\n\r\nT3-A2NorthSingus-HAN-14\r\nTreatment: aerially seeded with A. tridentata ssp. vaseyana and A. millefolium.\r\n2015: Seeded species density on this plot does not meet the objective. Percent perennial\r\ncoverage meets both ESR and livestock closure objectives. This plot is dominated by P.\r\nspicata and E. elymoides, but B. tectorum is common to co-dominant in the understory.\r\nFor an overview of line 3 see Figure 18.\r\n\r\nT3-A1WestField-HAN-14\r\nTreatment: aerially seeded with A. tridentata ssp. vaseyana and A. millefolium.\r\n2015: This plot was not monitored in 2015.\r\n2014: Plot does meet both ESR and livestock closure objectives. Deep-rooted perennial\r\ngrasses are significantly reduced at plot. Annual species are dominant throughout the\r\nplot, and both B. tectorum and T. caput-medusae are present. There are scattered,\r\nunburned A. arbuscula and P. tridentata shrubs throughout the plot.\r\n\r\nT3-A1SouthSingus-HAN-14\r\nTreatment: aerially seeded with A. tridentata ssp. vaseyana and A. millefolium.\r\n2015: Plot does not meet density of seeded species objective. Perennial coverage meets\r\nboth the ESR and livestock closure objectives. There is some unburned sagebrush on this\r\nplot, and E. elymoides is dominant. B tectorum is present but not common. Slight\r\npedestaling was observed. C. testiculata and E. cicutarium are becoming more prevalent\r\non this plot. For an overview of line 3 see Figure 7.\r\n\r\nT3-A1NorthSingus-HAN-14\r\nTreatment: aerially seeded with A. tridentata ssp. vaseyana and A. millefolium.\r\n2015: Plot does not meet the seeded species density objective. Perennial coverage has\r\ndecreased since 2014, but still meets both ESR and livestock closure objectives. Some\r\nperennial vegetation on this plot exhibited slight pedestaling. B tectorum and S.\r\naltissimum are present on this plot. There were antelope and Greater Sage-grouse signs\r\non this plot. For a photo of line 3 see Figure 5.\r\n\r\nT3-25XY17-HAN-13\r\nTreatment: aerially seeded with A. tridentata ssp. vaseyana and Achillea millefolium.\r\n2015: This plot did not meet the objective for seeded species density, though the density\r\nhas increased very slightly each year since 2013. The percentage of perennial coverage\r\non this plot has decreased since 2014. It does not meet the livestock closure objectives. It\r\nmeets the ESR perennial coverage objective. There was some evidence of large mammal\r\ngrazing on this plot, as well as cattle signs. There was also evidence of antelope on this\r\nplot. There was perennial Lupinus on plot. Invasives include T. caput-medusae, B\r\ntectorum, and C. testiculata. For an overview of line 3 see Figure 2.",Polygon,Confirmed,"Digitized by BLM field office personnel, method unknown",,5812.25,5703.63,,Contractor,"Habitat for sage grouse, Habitat for mule deer, Habitat for desert bighorn sheep, Habitat For Lahontan Cutthroat Trout, Loss of native vegetation, Loss of perennials, Loss of sagebrush",,None,,None,,Treatment 3,09:16:00
Model 26,Central Basin and Range,Post-burn aerial seeding,14108,5070,Implemented,None,2,3/16/2013,3/16/2013,Acres,1352.67,Seeding,Aerial Seeding,Aerial Seeding,-1,Confirmed seed list,,Seeds,Confirmed in GIS,Unknown,Species Specific,"The seed mix did not indicate whether bulk or PLS rates were used, therefore, unknown has been listed and all seed mix information has been entered into the Bulk category.",,,"Data obtained from this treatment's GIS Attribute Table - ARTRW8, BAPR5, Artemisia tridentata ssp. wyomingensis, Bassia prostrata - Hanson Fire - Aerial Seeding - partner dollars (3/16/2013).",,Polygon,Confirmed,"Digitized by BLM field office personnel, method unknown",,1353.676324,1097.760581,,,"Habitat for sage grouse, Habitat for mule deer, Habitat for desert bighorn sheep, Habitat For Lahontan Cutthroat Trout, Loss of native vegetation, Loss of perennials, Loss of sagebrush",,None,,None,,This project was implemented with partner dollars. Other information for this treatment is unclear. See GIS attribute table for the only implementation data.,28:09:00
Model 26,Central Basin and Range,Post-burn aerial seeding,14918,5389,Implemented,Unknown,2,8/19/1994,11/22/1994,Acres,4468,Seeding,Aerial Seeding,Aerial Seeding,-1,Confirmed seed list,Holbrook Fire Mix,Seeds,Confirmed on Paper,Unknown,Unknown,,"Due to lack of documentation, objectives are unknown.",Aerial seeding occurred on 4468 acres.,All that is known is that the project was completed.,,Polygon,Confirmed,Digitized by LTDL data entry personnel using a confirmed map,7/29/2011,5297.960804,3255.813869,This shapeflie includes the areas that were supposedly aerial seeded.  It was traced off of a paper map that was hard to interpret.,,Unknown,Unknown,None,,None,,,36:41:00
Model 26,Central Basin and Range,Post-burn aerial seeding,14980,5415,Implemented,See Comments,2,3/14/2013,3/14/2013,Acres,3218.5,Seeding,Aerial Seeding,Aerial Seeding: Fixed Wing,-1,Confirmed seed list,,Seeds,Confirmed on Paper,Unknown,Species Specific,Treatment 14.,"The objectives for cover will be to obtain 70% of all perennial plant cover found in the associated reference site, or, when not possible, achieve 50% of the lowest value for perennial cover associated with the appropriate ecological or range site by the need of the third year. Density objectives for aerially seeded areas will be based on having one seeded species firmly rooted per square meter by first or second growing season following seeding.","Aerial seeding was vital in mitigating the potential loss of Greater sage grouse habitat in the Montana, Granite, and Bilk Creek mountain ranges. Without treatment the burned areas are extremely susceptible to exotic annual dominance; this would jeopardize the Greater sage grouse, mule deer herds and other wildlife that depend on this area year-round and especially in the winter months. The areas selected are predominantly upland areas where topography is unsuitable for drill seeding due to slope and accessibility. All aerial seeding occurred in sage grouse PPH or PGH that was severely burned. Sage grouse habitat in the Bilk, Trout Creek, and Montana Mountains is widely regarded as being exceptionally productive when compared with other areas designated as sage grouse PPH. The application cost of aerial seeding is fairly high, but the risk of not seeding is the loss of species and structural diversity that will reduce the overall short and long-term value of the land.","Original ESR-funded aerial contract was for 45,284 acres. Since contract bid was based on pounds of seed, not acres, some leftover seed from original project (avoided unburned islands) was used to increase treatment area with ESR funds. Nevada Dept. of Wildlife, Ruby Mitigation Fund, and NGO private contributors also contributed seed and aircraft time to increase accomplishments.","See interim Report 2012 - Plot ID's: T14-A1-HOL-13, T14-A2-HOL-13\r\n\r\nT14-A1-HOL-13\r\nTreatment: Aerially seeded A. tridentata ssp. wyomingensis\r\n2015: The plot meets the ESR objective for percent perennial cover, but does not meet the\r\nlivestock closure objective. The plot does not meet the objective for density of seeded\r\nspecies. B. tectorum dominates the plot, and there is a slight decrease in soil stability.\r\nThere are some remnant A. tridentata ssp. wyomingensis on the plot from before the fire.\r\nSeveral seedlings and juvenile A. tridentata ssp. wyomingensis are scattered throughout the\r\nplot.\r\n2014: The plot meets the perennial cover objective for ESR but not livestock closure. The\r\ndensity objective is not met. Patches of unburnt A. tridentata ssp. wyomingensis remain in\r\nrocky areas where the fire was of low intensity, and several seedlings are present on the\r\nplot. B. tectorum is dominant, but many native, deep-rooted, perennial plants are present on\r\nthe plot.\r\n2013: Density of seeded species does not meet the monitoring objective. Plot meets the\r\nESR percent perennial cover objective. Plot does not meet the livestock closure percent\r\nperennial cover objective. Some sagebrush survived the fire, and patchy areas of unburned\r\nsagebrush communities are scattered throughout. P. spicata, A. thurberianum, and E.\r\nelymoides are also scattered throughout. Deep-rooted, cool-season perennial bunchgrasses\r\nare responding from fire. One seeded A. tridentata ssp. wyomingensis was observed along\r\nthe belt transect, but five more were observed scattered throughout the plot. B. tectorum is\r\ncommon on plot.\r\n\r\nT14-A2-HOL-13\r\nTreatment: Aerially seeded A. tridentata ssp. wyomingensis\r\n2015: The plot meets the ESR objective for perennial cover, but does not meet the\r\nobjective for livestock closure. It does not meet the objective for density of seeded species.\r\nSoil stability is reduced, and invasive species, especially B. tectorum, dominate the plot.\r\n2014: The plot meets the perennial cover objective for ESR, but does not meet the livestock\r\nclosure objective. The plot does not meet the density of seeded species objective. No A.\r\ntridentata ssp. wyomingensis is present on the plot. B. tectorum is common on the plot and\r\ndominant in patches. Most of the plot is cobbly with sparse cover consisting of native\r\nforbs, primarily B. hookeri and P. longifolia. E. elymoides is the only deep-rooted perennial\r\nbunchgrass on the plot.\r\n2013: Density of seeded species does not meet the monitoring objective. Plot meets the\r\nESR percent perennial cover objective. Plot does not meet the livestock closure percent\r\nperennial cover objective. No seeded species were observed along the belt transect or\r\nwithin the plot. However, a healthy stand of unburned sagebrush is located near the plot.\r\nDeep-rooted, cool-season perennial bunchgrasses no longer dominate the plot. B. hookeri\r\nand P. longifolia constitute the 10% perennial cover. Annuals dominate the plot, and B.\r\ntectorum constitutes 18% cover.",Polygon,Confirmed,"Digitized by BLM field office personnel, method unknown",,3163.87606,3163.590705,,Contractor,"Habitat for antelope, Habitat for desert bighorn sheep, Habitat for wildlife, Invasion by cheatgrass, Invasion by non-native annuals, Invasive species, Loss of native vegetation, Loss of perennials, Loss of sagebrush, Loss of vegetation, Watershed health","The BLM has made the determination that as a result of the Holloway Fire, affected vegetative communities, particularly sage brush communities within Sage Grouse Preliminary Priority Habitat (PPH) and Preliminary General Habitat (PGH), are at risk from long term habitat degradation due to the presence of invasive annual grasses and other noxious weeds within new\r\ndisturbance. In addition to impacts to Sage Grouse, habitat values for Lahontan cutthroat trout, bighorn sheep, pronghorn antelope, mule deer, migratory birds, and pollinator species have also been seriously compromised. Soil resources are at risk from combined wind and water erosion, wildlife habitat values have been unacceptably compromised with limited potential for natural recovery, and other resources on the public lands are at immediate risk of erosion or other damage.",None,,None,,,41:25:00
Model 26,Central Basin and Range,Post-burn aerial seeding,15476,5581,Implemented,See Comments,2,1/4/2002,1/4/2002,Acres,1496,Seeding,Aerial Seeding,Aerial Seeding: Rotor Wing,-1,Confirmed seed list,"Aerial Seeding, Wildlife",Seeds,Confirmed on Paper,Unknown,Overall,"There was only a general rate listed for all species combined indicated here, specific rates for each species were not possible.","The purpose of the seeding is to provide forage for livestock and wildlife, particularly intermediate and crucial winter range for mule deer and intermediate and summer range for pronghorn antelope. This seeding would also provide nesting, summer/early brood-rearing, and winter habitat for sage grouse. Seeding this area would reduce the potential for the invasion of non-native invasive weed species.","Sage Grouse Habitat Emphasis: 1,506 acres within selected ephemeral drainages, draws, and swales throughout the burned area west of Ivanhoe Creek and North Antelope Creek would be seeded with Wyoming big sagebrush, basin big sagebrush, and Western yarrow. This seeding would occur in the vicinity of several sage grouse leks. When possible, seed would be broadcast on snow to aid in germination and reduce seed consumption by rodents and birds.","On 4 January 2002, day 1, the BLM aerial seeding crew started the rangeland seeding on the 2001 Hot Lake Fire. On site was one EI Aero helicopter with pilot (Ted McBride), and fuel truck with fueler. EI Aero also supplied the seed mixer and two seed buckets. BLM supplied five ground crew members and one project inspector (Tyson Gripp). Also on site was one member from Germn-8, who treated all the seed with a fertilizer to increase germination in the seed. Start time was 1300. We started so late because the seed truck got stuck in the snow and mud and we had to get a grader from the Normandy Mine to pull it out. We seeded off the Scraper Springs intersection instead on the Red Road because of the road conditions. The weather was sunny with highs in the low 40's. We started with the Sage Grouse Seeding which included Wyoming big sagebrush, basin big sagebrush and western yarrow. We finished the SG seeding with 3,440 lbs. at 2.3 acres/lb. over 1,496 acres.","8/15/2002 \r\nSSG8\r\n0.10 plants/M^2\r\n\r\n6/30/2003\r\nSSG8\r\n4.86 plants/M^2 (seeded) 49.46 plants/M^2 (native release)\r\nSSG 8 Aerial Wildlife (Sage Grouse w/Germinate)\r\nSeeded species per square meter: yarrow-4.26, Wyoming Big Sagebrush-0.60, small burnet-0, Ladak alfalfa-0\r\nNative Release species per sq. meter: Sandberg\u2019s bluegrass-37.26, bluebunch wheatgrass-0.12, Great Basin wild rye-0.36, Bottlebrush squirreltail-0.78, Lupine-4.80\r\nNumerous other forbs and shrubs were present.\r\n\r\n2004\r\nSSG8\r\n3.54 plants/M^2 (seeded) 30.04 plants/M^2 (native release)\r\nSSG 8 Aerial Wildlife (Sage Grouse w/Germinate)\r\nSeeded species per square meter: yarrow-3.14, Wyoming Big Sagebrush-0.40, small burnet-0, Ladak alfalfa-0\r\nNative Release species per sq. meter: Sandberg\u2019s bluegrass-19.60, bluebunch wheatgrass-0.08, Great Basin wild rye-0.04, Bottlebrush squirreltail-0.60, Lupine-6.58.\r\nNumerous other forbs and shrubs were present.",Polygon,Confirmed,"Digitized by BLM field office personnel, using an aircraft GPS unit",,997.5909018,962.3323067,,Contractor,"Habitat for sage grouse, Habitat for mule deer, Erosion, Habitat for wildlife, Invasion by non-native annuals, Impact on Cultural Resources, Special Status Species, Migratory Birds, Provide forage for wildlife, Provide forage for livestock","Implementation of the proposed action described in the NFRP Supplement EA for the Hot Lake Fire will protect soils in the burned area, including preventing potential loss of soil due to wind and water erosion&* will reduce potential invasion and establishment of noxious weeds and cheatgrass&* will provide quality forage for livestock and wildlife&* and will facilitate meeting established standards and guidelines for livestock grazing.",None,,None,,,11:00:00
Model 26,Central Basin and Range,Post-burn aerial seeding,15478,5581,Implemented,See Comments,2,1/4/2002,2/3/2002,Acres,8492,Seeding,Aerial Seeding,Aerial Seeding: Rotor Wing,-1,Confirmed seed list,Rock Creek Gorge Critical Deer Winter Wildlife,Seeds,Confirmed on Paper,Unknown,Overall,"There was only a general rate listed for all species combined indicated here, specific rates for each species were not possible. \r\nNOTE: See both attached completion reports for more specific seeding details.","The purpose of the seeding is to provide forage for livestock and wildlife, particularly intermediate and crucial winter range for mule deer and intermediate and summer range for pronghorn antelope. This seeding would also provide nesting,\r\nsummer/early brood-rearing, and winter habitat for sage grouse. Seeding this area would reduce the potential for the invasion of non-native invasive weed species.","Crucial Mule Deer Intermediate/Winter Range Emphasis: Every other swath withinl7,478 acres which equals 8,739 acres would be seeded. Seed mixture would include Wyoming big sagebrush, basin big sagebrush, forage kochia and Western yarrow.\r\nWhen possible, seed would be broadcast on snow to aid in germination and reduce seed consumption by rodents and birds.","On 4 January 2002, day 1, the BLM aerial seeding crew started the rangeland seeding on the 2001 Hot Lake Fire. On site was one EI Aero helicopter with pilot (Ted McBride), and fuel truck with fueler. EI Aero also supplied the seed mixer and two seed buckets. BLM supplied five ground crew members and one project inspector (Tyson Gripp). Also on site was one member from Germn-8, who treated all the seed with a fertilizer to increase germination in the seed. Start time was 1300. We started so late because the seed truck got stuck in the snow and mud and we had to get a grader from the Normandy Mine to pull it out. We seeded off the Scraper Springs intersection instead on the Red Road because of the road conditions. The weather was sunny with highs in the low 40's.\r\nStarted the winter deer seeding which included Wyoming big sagebrush, basin big sagebrush, western yarrow, and forage kochia. Finished the rest of the day at 1630 with 1,060 lbs. of winter deer wildlife seed on the ground. Day 2, January 5, 2002, started at 0830. It started snowing at 1030 which grounded the helicopter until 1145. We started seeding again, but the snow grounded us at about 1345. Had to stop the job completely for the day at 1600 again because of the snow. Ended the day with 5,290 lbs. of seed on the ground. Day 3, January 6, 2002, start time was 0800. Fresh snow had covered all of the seed that we had put out the prior two days proving protection from seed loss from wind and animals. By mid day it started raining melting the snow moderately. The final for the day was 7,280 lbs.. Total aerial Rock Creek Gorge North Critical Deer Winter Wildlife Seeding consisted of 13,630 lbs. of seed at 2.9 lbs./acre, over 4,590 acres.\r\n\r\nOn February 2, 2002 the Hot Lake Fire Rock Creek Gorge South Critical Deer Winter Wildlife Aerial Seeding was began. The seeding was done via rental agreement with EI Aero. EI Aero was used because Silverhawk was not available at the time as was initially planned. EI Aero supplied a helicopter and pilot, two seed buckets, fuel truck with crew and seed mixer. BLM\r\nsupplied the ground crew ( five people) and one project inspector.\r\nThe seed mix called for on the project was: 1,622 lbs. Wyoming Big Sagebrush, 6,891 lbs. Basin Big Sagebrush, 6081bs. Western Yarrow and 5,270 lbs. Forage Kochia. There was no GermN8 treatment on this project as per Tom Warren, Seeding was done on every other swath. On the lower elevations there was a snow coverage of approximately 0 to 50% increasing to total coverage at the higher elevations. Seeding began at approximately 0900 at the higher elevations along the ridge to the north. I went out on an ATV to inspect. I observed an even flow from the seed bucket and good even seed distribution in the snow on the ground. I paced several swath widths which were averaging 80 feet. The day&$s total was 9,900 lbs. of seed covering 2,830 acres yielding 3.5 lbs./acre.\r\nOn February 3, 2002 seeding resumed. The helicopter was moving toward the lower elevations to the south. Again I went out on an ATV and observed an even flow from the bucket and good even seed distribution in the snow. Again the swaths averaged 80 feet when paced. I also observed that the bare ground at lower elevations ranged from moist to muddy from the snow melt. Along the edges of the burn there were numerous fingers and islands of sage going into the seeding area. The day&$s totals were 3,945 lbs. of seed covering 1,072 acres yielding 3.68 lbs./acre. The Rock Creek Gorge South portion was finished at 1100. The totals for the project were 13,845 lbs. of seed covering 3,902 acres yielding 3.55 lbs./acre as the treatment called for.","9/17/2002\r\nHWN8\r\n0.08 plants/M^2\r\n\r\n8/14/2002\r\nWEG8\r\n1.66 plants/M^2\r\n\r\n7/1/2003\r\nHWN8\r\n0.08 plants/M^2 (seeded) 32.92 plants/M^2 (native release)\r\nHWN 8 Aerial Wildlife (Sage Grouse no/Germinate)\r\nSeeded species per square meter: yarrow-0, Wyoming Big Sagebrush-0.08, kochia-0, \r\nNative Release species per sq. meter: Sandberg\u2019s bluegrass-29.16, bluebunch wheatgrass-2.40, Great Basin wild rye-0.94, Bottlebrush squirreltail-0.14, Taper Tip hawksbeard-0.04\r\n\r\n6/30/2003\r\nWEG8\r\n1.20 plants/M^2 (seeded) 16.96 plants/M^2 (native release)\r\nWEG 8 Aerial Wildlife (w/Germinate)\r\nSeeded species per square meter: yarrow-0.60, Wyoming Big Sagebrush-0.52, kochia-0.08, \r\nNative Release species per sq. meter: Sandberg\u2019s bluegrass-12.42, Great Basin wild rye-0.44, Thurber\u2019s needlegrass-0.22, Bottlebrush squirreltail-0.72, Japanese brome-1.36\r\n\r\n2004\r\nHWN8\r\n0.08 plants/M^2 (seeded) 14.54 plants/M^2 (native release)\r\nHWN 8 Aerial Wildlife (Sage Grouse no/Germinate)\r\nSeeded species per square meter: yarrow-0.02, Wyoming Big Sagebrush-0, kochia-0.06. \r\nNative Release species per sq. meter: Sandberg\u2019s bluegrass-10.78, bluebunch wheatgrass-2.32, Great Basin wild rye-1.32, Bottlebrush squirreltail-0.06.\r\n\r\nWEG8\r\n1.44 plants/M^2 (seeded) 12.48 plants/M^2 (native release)\r\nWEG 8 Aerial Wildlife (w/Germinate)\r\nSeeded species per square meter: yarrow-0.78, Wyoming Big Sagebrush-0.62, kochia-0.04. \r\nNative Release species per sq. meter: Sandberg\u2019s bluegrass-7.12, Great Basin wild rye-0.26, Thurber\u2019s needlegrass-0.02, Bottlebrush squirreltail-0.96, bluebunch wheatgrass -0.04.",Polygon,Confirmed,"Digitized by BLM field office personnel, using an aircraft GPS unit",,7359.996992,7352.032314,,Contractor,"Habitat for sage grouse, Habitat for mule deer, Erosion, Habitat for wildlife, Invasion by non-native annuals, Impact on Cultural Resources, Special Status Species, Migratory Birds, Provide forage for wildlife, Provide forage for livestock","Implementation of the proposed action described in the NFRP Supplement EA for the Hot Lake Fire will protect soils in the burned area, including preventing potential loss of soil due to wind and water erosion&* will reduce potential invasion and establishment of noxious weeds and cheatgrass&* will provide quality forage for livestock and wildlife&* and will facilitate meeting established standards and guidelines for livestock grazing.",None,,None,,"NOTE: It appears this project was implemented in two sections, both completion reports are attached. Acres taken from added both together.",51:35:00
Model 26,Central Basin and Range,Post-burn aerial seeding,17833,6466,Implemented,See Comments,1,1/00/2002,1/00/2002,Acres,4260,Seeding,Aerial Seeding,Aerial Seeding,-1,Confirmed seed list,Aerial Mix,Seeds,Confirmed on Paper,Unknown,Species Specific,,,,"4,260 acres selected for aerial seeding.","Many seeded species (AGCR, KOPR, MESA, & LINUM) observed in drill seeding, fewer in aerial, with fair representation in transects at the end of three years of monitoring",Polygon,Confirmed,"Digitized by BLM field office personnel, method unknown",,4061.083616,3774.181584,,,"Rangeland health, Loss of vegetation",,None,,None,,See Monitoring Treatment for details.,24:50:00
Model 26,Central Basin and Range,Post-burn aerial seeding,17948,6509,Implemented,Unknown,2,12/7/2014,12/9/2014,Acres,4773,Seeding,Aerial Seeding,Aerial Seeding,-1,Confirmed seed list,Lages Sage Grouse Aerial Mix,Seeds,Confirmed on Paper,Within Treatment,Species Specific,,The aerial seeding treatment will be deemed effective if the following objectives are met. 1)\r\nAn average of three desirable perennial plants per square-meter will be permanently\r\nestablished in the burned area within three growing seasons post-fire. 2) The seeding will\r\nresult in greater abundance (density and cover) of seeded species when compared to\r\nunseeded controls. 3) The seeded area will have lower abundance (cover) of invasive annual\r\ngrasses than the unseeded control areas.,"5,000 acres of greater sage-grouse priority (PPH) and general (PGH) habitat will be seeded with sagebrush, forbs and grasses. The forbs and shrubs selected for this mix have been\r\npulled from the drill mix because they have shallower planting depth requirements than the\r\nremainder of the drill mix and will be more successfully seeded by an aerial application.\r\nAdditional seed species that are beneficial to sage grouse will be contributed by the Nevada\r\nDepartment of Wildlife (NDOW).",Aerial seeding was completed via a Call-When-Needed\r\nhelicopter contract with El Aero Services and was staffed by\r\nEly ESR and fire crew. The ES and BAR seedings took place\r\nin 2 phases due to delayed seed delivery timelines. The\r\nEmergency Stabilization sage grouse mix was applied the 2nd\r\nweek of December and the Burned Area Stabilization mix was\r\napplied when seed was delivered in January 2015. Seed was\r\nmixed onsite by Ely ESR staff and BLM fire crew. Monitoring\r\ndata for FY15 will be available in October of 2015 after data\r\nentry and analysis have been completed.,unknown,Polygon,Confirmed,"Digitized by BLM field office personnel, method unknown",,4773.27,4773.27,,Contractor,"Erosion, Establishment of seeded species, Habitat for sage grouse, Habitat for wildlife, Invasive species, Noxious weeds","Proposed drill and aerial seeding treatments will help reestablish perennial cover, mitigate accelerated soil loss, minimize establishment of undesirable invasive annuals and noxious weeds and support rehabilitation of important sage grouse habitat.",None,,None,,"Confirmed Costs:\r\nFY2014 - $176, 390.10 + surcharge allocated to RSW\r\nFY2015 - $179,665",51:09:00
Model 26,Central Basin and Range,Post-burn aerial seeding,18948,6887,Implemented,None,2,2/25/2013,2/25/2013,Acres,11284,Seeding,Aerial Seeding,Aerial Seeding,-1,Confirmed seed list,,Seeds,Confirmed on Paper,Unknown,Species Specific,,"The objectives for cover will be to obtain 70% of all perennial plant cover found in the associated reference site, or, when not possible, achieve 50% of the lowest value for perennial cover associated with the appropriate ecological or range site by the end of the third year. Density objectives for aerially seeded areas will be based on having one seeded species firmly rooted per square meter by first or second growing season following seeding.","This project proposes to aerially seed approximately 13,284 acres of PPH or PGH with seeds based on availability, adaptation, and probability of success consistent with the National Technical Team 2011 Sage-Grouse Conservation Measures; the seed mix would\r\ninclude yarrow, perennial flax, mountain big sagebrush, Wyoming big sagebrush, and antelope bitterbrush. Other site-adapted native plant species will be included in addition to, or as an alternative to the identified species, depending on seed cost and/or availability. This seeding would occur between December 2012 and March 2013.\r\nThis project also proposes to aerially seed Wyoming big sagebrush over the ""cheatgrass die-off' drill seeding project area. Other site-adapted native plant species may be utilized, depending on availability and cost. Approximately 2539 acres will be seeded,\r\nand this seeding would occur between December 2012 and March 2013.","Aerially seeded, by a contractor, 11,284 acres of Sage Grouse Preliminary Priority Habitat and/or Preliminary General Habitat with mountain sagebrush, western yarrow and Sandberg\u2019s bluegrass. The main purpose of this treatment was to stabilize wildlife habitat, with an emphasis on Sage Grouse crucial winter habitat.","T4-A2-SalientPeak-LOCY-14\r\nTreatment: aerially seeded with A. tridentata ssp. vaseyana, P. secunda, and A.\r\nmillefolium\r\n2015: The plot does not meet the perennial cover objectives for ESR or livestock closure.\r\nThe plot meets the objective for density of seeded species. The plot has a diverse\r\npopulation of deep-rooted, perennial bunchgrasses (Figure 13). Invasive plants are\r\nscattered throughout the plot. There is some evidence of grazing, and many plants are\r\nnot producing seeds. Soil stability is reduced, and there is more bare ground than\r\nexpected. Areas of soil deposition are apparent on the plot.\r\n\r\nT4-A2-LOCY-13\r\nTreatment: aerially seeded with A. tridentata ssp. vaseyana, P. secunda, and A.\r\nmillefolium\r\n2015: The plot meets the ESR objective for perennial cover. It does not meet the\r\nlivestock closure objective. The plot meets the objective for density of seeded species.\r\nThe flora is relatively diverse in this plot. B. tectorum is common to codominant and\r\noccupies much of the understory. Some soil degradation has occurred, as shown by\r\nconnected water-flow patterns, reduced soil stability, and pedestalling on perennial\r\nplants.\r\n\r\nT4-Lower Indian Springs1-LOCY-14\r\nTreatment: aerially seeded with A. tridentata ssp. vaseyana, P. secunda, and A.\r\nmillefolium.\r\n2015: The plot meets the ESR objective for perennial cover and the objective for density\r\nof seeded species. The plot does not meet the livestock closure objective for perennial\r\ncover. Annual invasives, B.tectorum and S.altissimum, dominate the site. P.secunda is\r\nthe most successful seeded species.\r\n\r\n*Jordan Meadows Salient Peak 3.938\r\nTreatment: aerially seeded with A. tridentata ssp. vaseyana, P. secunda, and A.\r\nmillefolium.\r\n2015: The plot meets the ESR objective for perennial cover and the objective for density\r\nof seeded species. It does not meet the livestock closure objective for perennial cover.\r\nP.secunda is the only seeded species present. Annual invasives are common on the plot\r\nand are dominant in some areas (Figure 4). Pedestals are common in some areas of the\r\nplot. Dead centers are common in bunchgrasses. There is one noticeable water flow\r\npattern on the plot.\r\n\r\nT4-A1-LOCY-13\r\nTreatment: aerially seeded with Artemisia tridentata ssp. vaseyana, P. secunda, and\r\nAchillea millefolium.\r\n2015: Density of seeded species meets the objective. Plot meets both the ESR and\r\nlivestock closure perennial cover objectives. B. tectorum is codominant with P. secunda\r\non this plot (Figure 1). All of the P. secunda on the plot are slightly pedestalled, and\r\nmany have dead centers. Other deep-rooted bunchgrasses are rare.",Polygon,Confirmed,"Digitized by BLM field office personnel, method unknown",,9737.134008,9722.621851,,,"Habitat for antelope, Habitat for desert bighorn sheep, Habitat for greater sage grouse, Habitat for mule deer, Loss of perennials, Loss of native vegetation, Loss of riparian vegetation, Loss of sagebrush, Loss of vegetation, Invasive species",,None,,None,,,37:24:00
Model 26,Central Basin and Range,Post-burn aerial seeding,19631,7154,Implemented,See Comments,1,10/00/2001,3/00/2003,Acres,389,Seeding,Aerial Seeding,Aerial Seeding,-1,Planned seed list,Mallory Mix (Aerial Broadcast Perennial grass/forb Seed Mixture),Seeds,Plan,Unknown,Species Specific,,"Establish 25% ground cover of seeded or naturally rehabilitated perennial species in the burn. Progress to be measured from selected key areas using line intercept or quadrat frequency methods. Key areas would be established one year following the seeding, and key areas would then be measured the starting the second year after treatment.",The proposed action is to aerially seed the burn (389.2 acres)with the perennial grass/forb mix.,"Even though this burn did not achieve its perennial recovery objective of 25% cover, natural revegetation was successful. The success of this burn indicates how unrealistic the objective is of 25% perennial cover after only three growing seasons. Unrealistic recovery objectives is a recurring theme in older fire plans. Currently, the Ely Office ESR program is working to have more attainable recovery objectives. Unlike several other 2001 burns in White Pine County, this burn was not heavily invaded by Halogeton glomeratus or Salsola kali, which facilitated the success of the treatment. The lower densities of Halogeton glomeratus or Salsola kali may have been partially due to the remoteness of the burn. Some erosion was present on the burn especially along the road; road maintenance may be needed in the future if water erosion continues. Erosion within the burn is not a major concern with the high level of perennial establishment.","Establish 25% ground cover of seeded or naturally rehabilitated perennial species in the burn.  Progress to be measured from selected key areas using line intercept or quadrat frequency methods.  Key areas would be established one year following the seeding, and key areas would then be measured the starting the second year after treatment.",Polygon,Confirmed,"Digitized by BLM field office personnel, method unknown",00/00/0000,388.9724207,388.9724207,"The entire fire was seeded, therefore the fire area and treatment area are identical.",,None,,None,,None,,,26:06:00
Model 26,Central Basin and Range,Post-burn aerial seeding,19842,7236,Implemented,None,2,11/1/2011,11/3/2011,Acres,2405,Seeding,Aerial Seeding,Aerial Seeding: Rotor Wing,-1,Confirmed seed list,,Seeds,Confirmed on Paper,Unknown,Species Specific,"The seed mix did not indicate whether bulk or PLS rates were used, therefore, unknown has been listed and all seed mix information has been entered into the Bulk category.","The objectives for cover will be to obtain 70% of all perennial plant cover found in the associated reference site,\r\nor, when not possible, achieve 50% of the lowest value for perennial cover associated with the appropriate ecological or range site by the end of the third year.\r\nDensity objectives for aerially seeded areas will be based on having one seeded species firmly rooted per square meter by first or second growing season following seeding.","Involves aerially seeding Wyoming sagebrush over 2400 acres of burned area, not to include the forage kochia treatment area (See Treatment Map). This species has proven important to wildlife habitat and is competitive against non-native invasive species.","Aerial Seeded 2,405 acres with Wyoming big sagebrush (Artemisia tridentata ssp. wyomingensis).",,Polygon,Confirmed,"Digitized by BLM field office personnel, method unknown",,2404.755587,2402.073668,,,"Habitat for greater sage grouse, Habitat for desert bighorn sheep, Habitat for antelope, Habitat for mule deer, Invasion by cheatgrass, Invasion by non-native annuals, Rangeland health, Loss of perennialsLoss of sagebrush, Loss of vegetation",,None,,None,,,28:38:00
Model 26,Central Basin and Range,Post-burn aerial seeding,20520,7522,Implemented,Unknown,1,10/00/1994,3/00/1995,Acres,7825,Seeding,Aerial Seeding,Aerial Seeding,-1,Unknown seed list,Milford Bench Aerial Seed Mix,Seeds,Unknown Seed List Origin,Unknown,Species Specific,"The seed mix did not indicate whether bulk or PLS rates were used, therefore, unknown has been listed and all seed mix information has been entered into the Bulk category.","The proposed action is needed to minimize the adverse affects of fire to soil, vegetation and wildlife.  Rapid reestablishment of perennial vegetation would reduce soil loss, thus preserving long-term productivity of the area.\r\n   Goals and general objectives of the project are to:\r\n   A.  Reestablish perennial vegetation communities which have a fire resistant characteristics and reduce the opportunity for invasion of undesirable annuals.  Annual vegetation, if allowed to invade these sites, would continue or increase the occurrence of major fires on these areas.\r\n  B.  Maintain the soil surface factor at the present level by maximizing soil surface cover in the shortest possible timeframe.\r\n  C.  Establish a plant community that would, over the long-term, provide for the diverse needs of the soil an wildlife resources, as well as for domestic livestock.",,A memo indicates that one pound per acre of Forage Kochia was aerially broadcast over the same area that was drill seeded.,,Polygon,Confirmed,"Digitized by BLM field office personnel, method unknown",,7662.878738,7538.643656,,,"Provide forage for livestock, Habitat for wildlife, Invasion by non-native annuals, Loss of Perennials, Erosion, Fire hazard","The proposed action is needed to minimize the adverse affects of fire to soil, vegetation and wildlife.  Rapid reestablishment of perennial vegetation would reduce soil loss, thus preserving long-term productivity of the area.\r\n   Goals and general objectives of the project are to:\r\n   A.  Reestablish perennial vegetation communities which have a fire resistant characteristics and reduce the opportunity for invasion of undesirable annuals.  Annual vegetation, if allowed to invade these sites, would continue or increase the occurrence of major fires on these areas.\r\n  B.  Maintain the soil surface factor at the present level by maximizing soil surface cover in the shortest possible timeframe.\r\n  C.  Establish a plant community that would, over the long-term, provide for the diverse needs of the soil an wildlife resources, as well as for domestic livestock.",None,,None,,,43:37:00
Model 26,Central Basin and Range,Post-burn aerial seeding,21280,7780,Implemented,None,1,4/00/1974,4/00/1975,Acres,8000,Seeding,Aerial Seeding,Aerial Seeding,-1,Planned seed list,Aerial Seed,Seeds,Plan,Unknown,Species Specific,,The purpose of this project is to provide a seed source and immediate cover on the Mt. Wilson fire area.,,The Mt. Wilson fire appears to have reestablished very well as a sage community,,Polygon,Confirmed,"Digitized by BLM field office personnel, method unknown",,9427.50488,9129.12226,,,None,,None,,None,,,42:27:00
Model 26,Central Basin and Range,Post-burn aerial seeding,21410,7836,Implemented,Partially Successful,2,1/00/2007,1/00/2007,Acres,1929.04,Seeding,Aerial Seeding,Aerial Seeding: Rotor Wing,-1,Confirmed seed list,Wildlife Mix,Seeds,Confirmed on Paper,Unknown,Unknown,,"The primary objective of the treatment is to aerially seed areas of the fire that are critical to wildlife, or most at risk for long-term irreversible damage due to the effects of the fire. Anatone bluebunch wheatgrass, Idaho fescue and Basin big sage were seeded to add vegetation structure and species richness to the treatment areas.\r\nEstablish three seeded plants per square meter rooted firmly in soil with consideration for site selection factors of soils, topography, native release of desirable species, and potential for seedling establishment.  Provide cover and forage for wildlife and BLM Special Status Species/migratory birds, including crucial winter habitat for mule deer, and sage grouse habitat.","Aerially seed approximately 1,929 acres with a low elevation wildlife mixture of Idaho Fescue, \u201cAnatone\u201d Bluebunch Wheatgrass, and Wyoming Big Sagebrush.  \r\n\r\n\u2022\tLower elevation on 1,570 acres.  The seed mix is Wyoming big sagebrush, basin big sagebrush Bannock cultivar), thickspike wheatgrass and Western yarrow.\r\n\r\nAcres treated will be seeded aerially based on ecological site potentials with the use of a helicopter with a seed broadcast bucket.  Seeding in swaths (e.g. seed application on 80 foot swath, leave 160 foot swath and apply again) that allow for plant establishment and future seed sources will be prioritized on any \u201clarge\u201d areas that burned completely.  Selective spot seeding will also be considered due to the mosaic of vegetation types affected and to avoid intact unburned areas to where specific sagebrush species will be seeded considering site potential.  Acreage would be duplicated on those areas where aerial seeding and on-ground antelope bitterbrush seeding occurs on the same affected site.  Bluebunch wheatgrass might be substituted with Snake River wheatgrass, a native perennial species.\r\n\r\nSeed mixtures shown in this subsection would allow for additional rehabilitation of wildlife habitat as well as allow watershed protection and reduce erosion potential.  The consideration of acreage seeded includes, 1) two-tracks for potential vegetated fuel breaks separate from this DNA, 2) private lands and 3) the estimated unburned areas within the perimeter. The seeding would provide cover and forage for at least 250 wildlife species that inhabit sagebrush habitats and interspersed riparian/meadow habitat including sage grouse and mule deer, migratory birds and Special Status Species.  It would also provide vegetation needed for ecological site dynamics.","Anatone bluebunch wheatgrass, Idaho fescue and Basin big sage were seeded to add vegetation structure and species richness to the treatment areas.\r\n\r\nThe aerial wildlife seeding was completed in January by helicopter through an aircraft rental agreement. The ground crew consisted of BLM helitack and a project inspector. AG Nav maps of the aerial seeding were completed for the project file.","BLM monitoring personnel assess the seeding areas yearly to evaluate treatment success.  Effectiveness is based on establishment of three seeded plants per square meter rooted firmly in the soil with consideration to site selection factors such as soils, topography, native release of desirable species, and the potential for seedling establishment. Monitoring data is shared with range staff to provide comparisons with unburned reference sites.\r\n\r\nMonitoring Results: \r\n2007 \u2013Bluebunch Wheatgrass was also seeded at MUBB \u2013 01 with the Aerial Watershed Protection seeding (\u201cdouble seeded\u201d) and so an absolute determination of seeding success by treatment cannot be made for this monitoring location.  At MUBB \u2013 01 total seeded species exceeded the objective density of three seeded plants per square meter, with Wyoming Big Sagebrush making the greatest contribution. \r\n2008 \u2013 At MUWD \u2013 01 Idaho Fescue was recorded at a density of near one and one half plant per square meter. \r\n2009 \u2013 At MUWD \u2013 01 Idaho Fescue was recorded at a density of over one plant per square meter.  At MUBB \u2013 01 Bluebunch Wheatgrass was recorded at a density approaching one-half plant per square meter, but it was \u201cdouble seeded\u201d at this location, as mentioned above.  The presence of seeded species at both monitoring locations at low moderate or moderate densities during the final year of monitoring allows us to rate this seeding as partially successful.",Polygon,Confirmed,"Digitized by BLM field office personnel, using an aircraft GPS unit",,1930.09327,1822.103582,,,"Habitat for antelope, Habitat for mule deer, Habitat for sage grouse, Impact on Cultural Resources, Loss of cultural sites, Erosion, Invasion by non-native annuals, Special Status Species, Provide forage for wildlife, Provide cover for wildlife","Implementation of the proposed action described in the Emergency Stabilization and Rehabilitation Plan DNA for the Mudd Fire will protect soils in the burned area, including preventing potential loss of soil due to wind and water erosion&* will reduce potential invasion and establishment of noxious weeds and cheatgrass&* will provide quality forage for livestock and wildlife&* and will facilitate meeting established standards and guidelines for livestock grazing.",None,,None,,WLSM,42:26:00
Model 26,Central Basin and Range,Post-burn aerial seeding,21411,7836,Implemented,Unknown,2,1/00/2007,1/00/2007,Acres,1984,Seeding,Aerial Seeding,Aerial Seeding: Rotor Wing,-1,Confirmed seed list,Sage Grouse Mix,Seeds,Confirmed on Paper,Unknown,Unknown,,"The primary objective of the treatment is to aerially seed areas of the fire that are critical to sage grouse, a BLM sensitive species, and most at risk for long-term irreversible damage due to the effects of the fire. Sagebrush was seeded to add vegetation structure and species richness to the treatment areas.",This treatment was done in January with a helicopter by a contract agreement. AgNav maps of the aerial seeding were completed for the project file. Aerial seeding was monitored to ensure that seed was being dispersed in the proper area and at the specified rate. A project inspector was present throughout the process to ensure the treatment met contract specifications.,"The data for this summary came from study site MUAWD-01.\r\nSeeded species per square meter were observed with the following density: \r\nWyoming big sagebrush, .04\r\nTotal Seeded species per square meter:.04\r\n\r\nNative release species observed within the transects included POSE, SIHY, MESP, ELCI2, STTH2, CHFR, PHLO2, CRAC2, GARA2, AMTE, MEAL, ARAB12, AGGL, LASE, MEOB, PHHO, LODI, LUPIN, ERMI, CHVI8, AMUT\r\n\r\nData has been submitted to rangeland specialists to compare seeded sites to unburned reference sites and determine if and when seeded areas have recovered sufficiently to reinstate livestock grazing in the treatment area.","BLM monitoring personnel assess the seeding areas yearly to evaluate treatment success.  Effectiveness is based on establishment of three seeded plants per square meter rooted firmly in the soil with consideration to site selection factors such as soils, topography, native release of desirable species, and the potential for seedling establishment. Monitoring data is shared with range staff to provide comparisons with unburned reference sites.",Polygon,Confirmed,"Digitized by BLM field office personnel, using an aircraft GPS unit",,1930.093586,1822.106268,"Same area as aerial Wildlife seeding, different attributes.",,"Habitat for antelope, Habitat for mule deer, Habitat for sage grouse, Impact on Cultural Resources, Loss of cultural sites, Erosion, Invasion by non-native annuals, Special Status Species, Provide forage for wildlife, Provide cover for wildlife","Implementation of the proposed action described in the Emergency Stabilization and Rehabilitation Plan DNA for the Mudd Fire will protect soils in the burned area, including preventing potential loss of soil due to wind and water erosion&* will reduce potential invasion and establishment of noxious weeds and cheatgrass&* will provide quality forage for livestock and wildlife&* and will facilitate meeting established standards and guidelines for livestock grazing.",None,,None,,WLSM-Sage\r\n\r\nONLY 2007 and 2008 monitoring results available.,06:02:00
Model 26,Central Basin and Range,Post-burn aerial seeding,21822,7960,Implemented,Fully Successful,1,11/28/2005,3/00/2006,Acres,3890,Seeding,Aerial Seeding,Aerial Seeding,-1,Planned seed list,Neck Fire Seed Mix,Seeds,Plan,Unknown,Species Specific,"The seed mix did not indicate whether bulk or PLS rates were used, therefore, unknown has been listed and all seed mix information has been entered into the Bulk category.",Aerially seed burned area to control erosion and establish a perennial plant cover to reduce noxious weeds and reduce future fire hazard.,"Mix and apply seed at an even rate over the burned area at a rate of 8.45 pounds per acre using fixed wing aircraft and cover seed where possible with an anchor chain.\r\nSeed mixing, aerial seeding and chaining were monitored using qualified Pi's.",Pi's assured that contract specifications were met for all contracts.\r\nRecording four seeded plant species per square meter by the fall of 2006 and\r\nestablishing a perennial plant cover equal to or greater than 5% by the third\r\ngrowing season after treatment (fall 2009) will be considered a successful treatment.,"Seed was applied evenly across the treatment area per contract specifications.\r\nWe found it necessary to have experienced PI's on the ground during chaining to ensure protection of\r\narchaeological sites and to resolve any issues that may arise.\r\nAs of 2008, in the higher elevation areas western wheatgrass with some pubescent wheatgrass has successfully established.  Forbs and sagebrush did not meet guidelines.  The lower elevation nonseeded galleta  is beginning to establish.  Cheatgrass is very abundant  and will pose some problems in the lower area to establish any cool season grasses.",Polygon,Confirmed,Digitized by LTDL data entry personnel using a map of unknown origin,00/00/2008,4931.068375,4144.557173,Digitized from a paper GIS-created map.,,"Erosion, Invasion by Cheatgrass, Noxious Weeds, Provide cover for wildlife, Provide forage for livestock, Threatened Species, Fire hazard, Habitat for prairie dogs","The Neck Fire (BIEH) began on July 21,2005 and was contained on July 24, 2005. The fire burned 4,931 acres in the Black Hills, approximately 25 miles northeast of Cedar City, Iron County, Utah. The area is habitat for southwest desert big game populations (mule deer and antelope), Utah prairie dogs, and sage grouse. Over 90% of the fire occurred within the Adams Well and Lowe allotments, with small portions of the fire crossing fences into the Minersville #5 and Nada allotments. Approximately 4,138 acres of federal and 793 acres of state managed pinyon juniper woodlands and sagebrush/grasslands were consumed by the fire. This was a typical wind driven fire that burned rapidly and with great intensity, consuming the canopy of the trees as well as the sparse understory vegetation. In the sagebrush/grasslands the fire burned with less intensity and moved much slower being carried by cheatgrass.",None,,None,,,12:41:00
Model 26,Central Basin and Range,Post-burn aerial seeding,21891,7984,Implemented,Unknown,2,2/17/2000,2/19/2000,Acres,9000,Seeding,Aerial Seeding,Aerial Seeding,-1,Confirmed seed list,,Seeds,Confirmed on Paper,,Species Specific,"Not all units were seeded with all the above species.  The Completion Report specifies which species were applied to which units, but there is no map with the units labeled.","The New Pass Fire was located approximately 66 miles north east of Fallon, NV.  The fire burned approximately 12809 acres in the Clan Alpine Her Management Area (HMA) (In addition to the 8000 acres lost in the Shoshone fire), and 15957 acres in the New Pass HMA.  Implementation of the rehabilitation plan will protect soils, including preventing off-site potential flood damage by rainfall; will reduce the invasion and establishment of undesirable or invasive species of vegetation, particularly noxious weeds and cheatgrass; will provide quality forage for wildlife, primarily mammals including ungulates (mule deer and antelope); will facilitate meeting established standards and guidelines for livestock grazing.","Approximately 9,000 acres of foothills and mountainous areas would be aerially\r\nseeded, using a helicopter or fixed wing aircraft. North facing slope, drainages,\r\nand road ways would be aerially seeded. Seed would be applied between October\r\nan January.","Nine thousand acres were aerial seeded from February 17 thru 19, 2000.",,Polygon,Confirmed,"Digitized by BLM field office personnel, method unknown",,14203.86281,14203.86324,"All these units were aerially seeded, but not all with the same species.  There is no information to differentiate units.",,"Erosion, Invasion by Cheatgrass, Invasion by non-native annuals, Noxious Weeds, Habitat for mule deer, meet livestock S&Gs","The New Pass Fire was located approximately 66 miles north east of Fallon, NV.  The fire burned approximately 12809 acres in the Clan Alpine Her Management Area (HMA) (In addition to the 8000 acres lost in the Shoshone fire), and 15957 acres in the New Pass HMA.  Implementation of the rehabilitation plan will protect soils, including preventing off-site potential flood damage by rainfall&* will reduce the invasion and establishment of undesirable or invasive species of vegetation, particularly noxious weeds and cheatgrass&* will provide quality forage for wildlife, primarily mammals including ungulates (mule deer and antelope)&* will facilitate meeting established standards and guidelines for livestock grazing.",None,,None,,"Several areas were seeded in this treatment.  The seed list in the Completion Report is not the same for all units, but there is no information to differentiate units and species.",40:05:00
Model 26,Central Basin and Range,Post-burn aerial seeding,23143,8458,Implemented,Partially Successful,1,10/00/2005,3/00/2006,Acres,307,Seeding,Aerial Seeding,Aerial Seeding,-1,Confirmed seed list,Aerial Wildlife Seeding,Seeds,Confirmed on Paper,Unknown,Unknown,"The seed mix did not indicate whether bulk or PLS rates were used, therefore, unknown has been listed and all seed mix information has been entered into the Bulk category. \r\nThe addition of multiple species of grasses to the aerial wildlife seeding on the Oyster burn was unusual.","To establish one to three seeded shrub plants per square meter rooted firmly in the soil with consideration to site selection factors such as soils, topography, native release of desirable species, and the potential for seedling establishment; to provide watershed protection and reduce erosion; to enhance site stabilization, trap snow and reduce evaporation; and to provide cover and forage for wildlife and BLM Special Status Species and migratory birds, including crucial winter habitat for mule deer, and sage grouse habitat.","Aerially seed approximately 302 acres with Wyoming Big Sagebrush, Basin Big Sagebrush, and Western Yarrow.\r\nBroadcast seed approximately 302 acres for wildlife habitat with Wyoming big sagebrush, basin big sagebrush.  In order to help Wyoming and basin big sagebrush to re-establish within the burn, it is proposed to aerially seed the public acres (895) of the fire, every third 60 foot swath with the two sagebrush species and Western yarrow.  Seeding every third swath would actually seed approximately 302 acres.  Treatment would be completed using a helicopter and bucket.  Seed would be applied when weather conditions are favorable to allow for coverage by snow or adequate moisture, and thus would be applied in late fall or early winter.","The Aerial Wildlife Protection seed mixture included Western Yarrow, Wyoming Big Sagebrush, Basin Big Sagebrush, Basin Wildrye, Thickspike/Streambank Wheatgrass, Bluebunch Wheatgrass, Snake River Wheatgrass, Big Bluegrass, and Canby Bluegrass.  The addition of multiple species of grasses to the aerial wildlife seeding on the Oyster burn was unusual.","The Oyster Aerial Wildlife Seeding overlapped the Aerial Watershed Protection Seeding and the drill seedings, so was monitored concurrently at plots established for monitoring the other seedings. \r\n(OYWP-01) \r\nAERIAL WILDLIFE SEEDING\r\nThe Aerial Wildlife Protection seed mixture included Western Yarrow, Wyoming Big Sagebrush, Basin Big Sagebrush, Basin Wildrye, Thickspike/Streambank Wheatgrass, Bluebunch Wheatgrass, Snake River Wheatgrass, Big Bluegrass, and Canby Bluegrass.  The addition of multiple species of grasses to the aerial wildlife seeding on the Oyster burn was unusual.  Western Yarrow, Basin Wildrye, and Thickspike/Streambank Wheatgrass, were seeded twice (\u201cdouble-seeded\u201d) at this location: once with the native drill seeding and once with the aerial wildlife seeding.  Discrimination of which seedlings were established from what treatment is not possible.  Densities for these seeded species were not divided, but were considered in total within the context of each treatment.  \r\nWestern Yarrow germinated at low density, declined to very low during the second monitoring season, and appeared to increase back to a low density of a little over one-third plant per square meter during the final year.  Fluctuations such as this can be deceptive and may result from the non-repeatability of individual quadrats along a paced transect.  Wyoming Big Sagebrush germinated at very low density, increasing to low density during the second year and appearing to decrease slightly during the final year.  Basin Big Sagebrush was recorded at very low density during the second season of monitoring, increasing to a low density of one-fifth plant per square meter during the final year of monitoring.  \r\nTotal seeded grasses germinated at low density (only 4 individuals were recorded), then appeared to disappear entirely during the second two years of monitoring. \r\nThe Aerial Wildlife Seeding was unsuccessful at this location.  Total seeded species never achieved the objective density of from one to three plants per square meter.  Only Western Yarrow had achieved moderate densities by the final year of monitoring, but all seeded species had generally increased on the site during the monitoring period.  Yarrow seems likely to persist at this location.  The slowly increasing densities suggest likely future establishment of the seeded sagebrush subspecies on this site.  \r\n\r\n(OYBB-01) \r\nAERIAL WILDLIFE SEEDING\r\nThe Aerial Wildlife Protection seed mixture included Western Yarrow, Wyoming Big Sagebrush, Basin Big Sagebrush, Basin Wildrye, Thickspike/Streambank Wheatgrass, Bluebunch Wheatgrass, Snake River Wheatgrass, Big Bluegrass, and Canby Bluegrass.  The addition of multiple species of grasses to the aerial wildlife seeding on the Oyster burn was unusual.  Western Yarrow was not recorded during the first year, appeared at moderate density approaching one-half plant per square meter the second year, and increased to over three-quarters plant per square meter during the final year of monitoring.  Western Yarrow, Thickspike Wheatgrass, Snake River Wheatgrass, and Big Bluegrass were seeded twice (\u201cdouble-seeded\u201d) at this location: once with the native drill seeding and once with the aerial wildlife seeding.  Discrimination of which seedlings were established from what treatment is not possible.  Densities for these seeded species were not divided, but were considered in total within the context of each treatment.  It is probable but not certain that the double-seeded species that became established originated with the drill treatment and not the aerial treatment at OYBB \u2013 01.  Wyoming Big Sagebrush was neither recorded nor observed at this location.  Basin Big Sagebrush was recorded during the second season of monitoring (only) at very low density.  Seeded grasses germinated at a low density of about one-quarter plant per square meter, then increased during the second year to a moderate density exceeding one plant per square meter, then decreased to under one-third plant per square meter during the third year.  The increase of seeded grass density during the second year of monitoring may be attributable to particularly favorable timing of spring precipitation during that year (2007). \r\nThe Aerial Wildlife Seeding was partially successful on this site based upon increasing moderate densities of Western Yarrow.  Yarrow seems well established and likely to persist at this location.  The future establishment of the sagebrush subspecies seeded on this site is uncertain. \r\n\r\n(OYND-01)\r\nAERIAL WILDLIFE SEEDING\r\nThe Aerial Wildlife Protection seed mixture included Western Yarrow, Wyoming Big Sagebrush, Basin Big Sagebrush, Basin Wildrye, Thickspike/Streambank Wheatgrass, Bluebunch Wheatgrass, Snake River Wheatgrass, Big Bluegrass, and Canby Bluegrass.  The addition of multiple species of grasses to the aerial wildlife seeding on the Oyster burn was unusual.  Western Yarrow, Thickspike Wheatgrass, Snake River Wheatgrass, and Big Bluegrass were seeded twice (\u201cdouble-seeded\u201d) at this location: once with the native drill seeding and once with the aerial wildlife seeding.  Discrimination of which seedlings were established from what treatment is not possible.  Densities for these seeded species were not divided, but were considered in total within the context of each treatment.  It is probable but not certain that the double-seeded species that became established originated with the drill treatment and not the aerial treatment at OYND \u2013 01.  Western Yarrow germinated at a moderate to high density of almost four and one-half plants per square meter, declining to over three plants per square meter in the second year of monitoring, and to under three plants per square meter in the final year.  Wyoming Big Sagebrush germinated at low density, declined to very low density during the second year, then appeared to increase during the third year.  Basin Big Sagebrush was recorded at low density during the second year (only). \r\nTotal seeded grasses germinated a high density of about three and one-half plants per square meter, decreased during the second year to a density of about two and one-half plants per square meter, finally increasing to about two and three-quarter plants per square meter during the third year.  Reasons for the decline in density of seeded grass after the first year are unknown.  \r\nThe Aerial Wildlife Seeding was partially successful on this site based upon increasing moderate densities of Western Yarrow.  Conclusions drawn from yarrow densities should be regarded with caution however, since the species was double-seeded and the drilled and aerially broadcast components of the total seeded yarrow applied at OYND \u2013 01 cannot be separated.  Yarrow seems well established and likely to persist at this location.  The future establishment of the sagebrush subspecies seeded on this site is uncertain. \r\n\r\nMonitoring Results:  \r\n2006 \u2013 The aerial wildlife seeding was monitored at all three plots on the Oyster burn. Interpreting density data for the aerial wildlife seeding is problematic where sampled at monitoring plot OYND \u2013 01 because Thickspike Wheatgrass, Big Bluegrass, and Snake River Wheatgrass were seeded twice (\u201cdouble-seeded\u201d) at this location: once with the native drill seeding and once with the aerial wildlife seeding.  Discrimination of which seedlings were established from what treatment is not possible.  Densities for these seeded species were not divided, but were considered in total within the context of each treatment.  It is probable but not certain that the double-seeded species that became established originated with the drill treatment and not the aerial treatment, at OYND \u2013 01.  Success of the aerial wildlife seeding seemed greatest at OYND \u2013 01, poor at the other drilled seeding monitoring site (OYBB \u2013 01), and poorest at the Aerial Watershed Protection Seeding monitoring plot (OYWP \u2013 01).   These numbers should be interpreted with caution for OYND \u2013 01 because of the double-seeding at that location.  Native release was very good at OYWP \u2013 01, and may have out-competed the aerial wildlife seeding.  Sagebrush establishment was not good on any monitoring plot, with no individuals of Basin Big Sagebrush recorded.  There is little or no cheatgrass on the Oyster burn. \r\n2007 \u2013 Total seeded species density decreased by approximately 34 percent at OYND \u2013 01, and by approximately 26 percent at OYWP \u2013 01, reflecting decreases in grasses, forbs, and shrubs at both sites: seeded grasses were not recorded.  At monitoring plot OYBB \u2013 01 total seeded species density increased by 458 percent, reflecting increases in both seeded grasses and Western Yarrow.  Total native release species density increased by approximately 6 percent at (OYND \u2013 01), 6 percent at (OYWP \u2013 01), and 47 percent at (OYBB \u2013 01).  Increases include increases in individual species densities and increased native release species richness.  Reasons for the general increase in native release across the Oyster burn from 2006 to 2007 are unknown but may include favorable timing and amount of precipitation that fell during spring of 2007.  This does not explain the concurrent decrease in seeded species, unless the increased competition from native release vegetation suppressed germination and establishment of seeded species. \r\n2008 \u2013 Success of the aerial wildlife seeding varied from plot to plot, and may be assumed to have been patchy throughout the burn.  Total seeded species density decreased from 2007\u2019s high at OYBB-01, with grasses decreasing and forbs increasing.  Total seeded species density also showed minor decrease at OYND \u2013 01, with grasses increasing slightly, and forbs and shrubs decreasing slightly.  These changes may or may not be significant.  At OYWP \u2013 01 total seeded species increased, reflecting increases in Western Yarrow only: seeded grasses were not recorded for the second year in a row.  Total native release species density remained relatively constant at OYND \u2013 01, increased at OYWP \u2013 01 reflecting increases in Green Rabbitbrush, At OYBB \u2013 01 native release declined overall, but fluctuations may represent sampling \u201cartifacts\u201d resulting from non-repeatability of individual quadrats along the paced transect.  Western Yarrow dropped below the objective density at OYND \u2013 01 during 2008.  At the other monitoring locations, seeded species never achieved the objective densities of three seeded plants per square meter.  The aerial wildlife seeding may be considered partially successful based upon moderate densities of Western Yarrow established at OYND \u2013 01 during the final monitoring year.",Polygon,Confirmed,"Digitized by BLM field office personnel, using an aircraft GPS unit",,307.7108546,288.3980097,,,"Noxious Weeds, Erosion, Habitat for wildlife, Invasion by Cheatgrass, Livestock in treated area, Migratory Birds, Special Status Species, Provide cover for wildlife, Provide forage for wildlife, Invasion by non-native annuals","The purpose of the proposed action described in the emergency stabilization and rehabilitation plan and this EA is to protect the burned area from livestock grazing, seed the burned area to stabilize the soils and prevent the establishment of annual, invasive nonnative plant species, and noxious weed species, allow the undamaged plant species time to re-establish, and treat the invasive nonnative plant and noxious weed species to prevent spreading.  The need for the proposed action is to stabilize and prevent unacceptable degradation to natural and cultural resources, to minimize threats to life or property resulting from the effects of the fire, and to construct physical improvements necessary to prevent degradation of land or resources.  To prescribe cost effective post-fire stabilization measures necessary to protect human life, property, and critical cultural and natural resources.  Monitoring the proposed action for the burned area and adjacent unburned areas is needed to document the results of the proposed action and necessary for the management of the public lands.\r\n\r\nThe proposed seeding would help stabilize the watershed to prevent further degradation to affected resources on lands within the fire perimeter or downstream drainages that may result from short duration, high intensity precipitation events&* reduce the potential for invasive nonnative weeds and competitive annual plant species&* help provide forage, cover, and habitat for wildlife, including but not limited to species such as, BLM designated special status species, migratory birds, mule deer, pronghorn antelope, and sage grouse.",None,,None,,,14:13:00
Model 26,Central Basin and Range,Post-burn aerial seeding,24445,8972,Implemented,Partially Successful,1,11/00/2002,1/00/2003,Acres,1371,Seeding,Aerial Seeding,Aerial Seeding: Rotor Wing,-1,Confirmed seed list,Pony Express 2 Aerial Seed Mix,Seeds,Confirmed on Paper,Unknown,Species Specific,,The objectives are to stabilize the soils in the aread of moderate to high burn intensity (areas that supported Pinyon/Juniper) and to help restore wildlife habitat.,The area would be aerial seeded using a rotor wing aircraft of 1371 acres.  Seed will be applied at a rate of 12.3 bulk pound per acre of native seed mix.  Seeding would be done during the winter of 2002/2003.,"Of the seeded species, Sherman big bluegrass (Poa secunda), magnar basin wildrye (Elymus elymoides), mountain big sagebrush (Artemisia tridentata var. vaseyana), and four-wing saltbrush (Atriplex canescens) were seen to have emerged. All of these did well on the north facing slope plot, while only Sherman big bluegrass (Poa secunda) emerged on the south facing slope plot.\r\n   Only two plots were located on the burn. This gave little understanding of the vegetation distribution of the entire area. We believe this is resulting in sampling error that is causing our data to be so extreme. It is difficult to make judgments based on only two plots which show completely different results. More monitoring sites need to be initiated during the first year after treatment so that a more comprehensive and accurate view of the revegetation is documented.\r\n   One interesting note is that on both plots shrubs did not really begin to establish until year 2. On average, in both cover and density estimates, shrubs increased in year two and further increased in year 3. This is just another indication that shrub seedlings may not emerge for a year, or two or three after seeding and that closure to grazing continues to be important after the third year of ESR funding and monitoring.","Two monitoring study areas established in aerially seeded area; seeded species establishment on study area #1 is virtually nonexistent, but moderate to good in the study area #2. Study area #1 was located on a south facing slope and dominated by the invasive annual grass, Bromus tectorum, with a little growth from natives such as Poa secunda, Stipa comata, and\r\nEphedra viridis. Study area #2 was located on a north facing slope, had very little Bromus tectorum and was mostly dominated by natives such as Agropyron spicatum, Agropyron trachycaulum, Atriplex canescens, Argemone sp. and Artemisia tridentata vaseyana. Seeded species had good success on this north facing slope. It is uncertain whether this was due to lack of\r\ncheatgrass, more moisture or a combination of both. However, the difference between study area #1 and #2 was dramatic.\r\n   The objective of 3-5 perennial grass or shrub plants/m2 was taken from IM 84-256, in which this amount was required in order to obtain a Rangeland Condition Class of \u201cGood\u201d for a range area. Seeding success was determined by the average 3-5 seeded grass or shrub plants/m2 estimated through monitoring. The objective of 3 seeded grass or shrub plants/m2 was taken from IM 84-256, in which this amount was required in order to obtain a Rangeland Condition Class of \u201cGood\u201d for a seeded area\r\n   In summary, the treatment did not meet revegetation objectives and showed a lack of seeded and total grass/shrub density after the three years. Data collected showed that seeded species and perennial grass/shrub densities were not consistent with objectives and were =3 plants/m2. The average density for perennial grasses and shrubs was 2.10 plants/m2 with only 0.75 plants/m2 coming from seeded species. The average percent cover of perennial species in the third year was 6.79 % with 5.36 % coming from seeded species. There was no one species which composed the majority of the measurements.\r\n   The data are inconsistent. This inconsistency is mainly due to the difference in aspect of the study plots. Plot 1 shows decreasing cover and density estimates as cheatgrass takes over the area from the few seedlings that initiated establishment. Plot 2 shows a more familiar time trend of decreasing density with increasing cover. This trend would be expected from a community establishing itself as plants initially compete for space with other immerging plants. Cheatgrass was present in the location of plot 2, but it did not dominate the area as in plot 1.\r\n   If possible, longer than the three year rest period should be negotiated with the permittees, as that will help deminish the domination of the site by invasive annuals; in addition to giving the natural seeded grasses more time to mature.",Polygon,Confirmed,"Digitized by BLM field office personnel, method unknown",,1372.030682,1372.03185,This is the area of the Pony Express 2 Fire perimeter that was aerial seeded.,Unknown,"Habitat for mule deer, Habitat for desert bighorn sheep, Invasion by Cheatgrass, Provide forage for wildlife, Provide forage for livestock, Noxious Weeds","Cattle graze in the Eastgate Allotment.  The allotment is currently grazed under an allotment management plan.  The burn area is located within the Park Canyon Pasture and is normally grazed for a period during the late spring or early summer.\r\n   The burn site had been habitat to both mule deer and desert bighorn sheep.\r\n   An old burn (1980&$s) located directly west of this burn is dominated by cheatgrass.  Without treatment, this burned area has a good chance of being dominated by cheatgrass.",None,,None,,"A plan states that the treatment would be conducted during the winter of 2002/2003, exact months were estimated.  The Effectiveness and Results were taken off some moitoring data.  It refers to a few monitoring plots that were conducted within the seeding area.",54:09:00
Model 26,Central Basin and Range,Post-burn aerial seeding,25170,9261,Implemented,None,1,8/00/1999,00/00/2000,Acres,417,Seeding,Aerial Seeding,Aerial Seeding,-1,Planned seed list,Watershed,Seeds,Plan,Unknown,Species Specific,In the BAER plan for aerial watershed mix,"Purpose of Treatment Specifications: Watershed stabilization, Protect ecological Integrity, Cultural control for Noxious weeds.","General Description: Aerial Seeding application will be completed with Office of Aircraft (OAS) carded helicopter and pilot. The need for seeding, seed selection and application rates were determined in consultation with local area resource\r\nmanagement staff. Seeding will serve as an immediate, temporary ground cover to decrease surface erosion and help prevent invasion of undesirable plants.\r\nB. Location (Suitable) Sites: All designated aerial seeding areas identified on the Antelope, Mule, Trail Canyon, Sadler\r\nRain, Rose, and Wagon Box Fires.",based in GIS files,,Polygon,Confirmed,"Digitized by BLM field office personnel, using an aircraft GPS unit",,417.0817346,411.763888,,,"Erosion, Habitat for wildlife, Invasion by Cheatgrass, Invasion by non-native annuals, Livestock in treated area, Noxious Weeds, Provide cover for wildlife, Provide forage for livestock, Provide forage for wildlife",In order to successfully reestablish perennial vegetation and restore plant vigor and seed production.,None,,None,,Watershed,54:31:00
Model 26,Central Basin and Range,Post-burn aerial seeding,25271,9299,Implemented,None,2,1/30/2014,1/30/2014,Acres,59,Seeding,Aerial Seeding,Aerial Seeding,-1,Confirmed seed list,,Seeds,Confirmed on Paper,Unknown,Species Specific,"The seed mix did not indicate whether bulk or PLS rates were used, therefore, unknown has been listed and all seed mix information has been entered into the Bulk category. \r\n\r\nThe seed list did not indicate seed rates, but it did state that 59 acres were seeded with Wyoming big sagebrush, and 279 acres were seeded with Mountain Big Sagebrush.",The cover objectives are to obtain 50% of all perennial plant cover found in the associated reference site by the end of the third year. Density objectives are to obtain an average of 0.25 seeded species firmly rooted per square meter by the end of the third year from fire containment.,The use of Wyoming sagebrush on lower elevation sites and Mountain big sagebrush on higher elevation sites would allow for the re-establishment of shrub structure and would also allow for the long-term seedling recruitment as a result of the seeded shrubs successfully reproducing. Sandberg's bluegrass is known to be an aggressive competitor with annual invasive plants.,59 acres of BLM managed public lands seeded with Artemisia tridentata ssp. wyomingensis and Poa secunda.,"T22-A1WhiteHorse-RAS-14\r\nTreatment: Aerially seeded with P. secunda and A. tridentata ssp. wyomingensis\r\n2016: This plot meets all objectives for density, ESR perennial cover, and livestock\r\nclosure perennial cover. A. tridentata ssp. wyomingensis was present on the plot but was\r\nnot found within the density surveying quadrats.\r\nNote: P. secunda was not counted during the year of 2016 for plant density. P. secunda\r\nwas recovering great and abundant throughout the site, see Figure 1.",Polygon,Confirmed,Digitized by LTDL data entry personnel using a confirmed map,9/6/2019,58.56,56.49,,Contractor,"Loss of vegetation, Loss of sagebrush, Loss of perennials, Loss of native vegetation, Habitat for sage grouse, Habitat for desert bighorn sheep","The BLM has made the determination that as a result of the Raspberry Fire, affected vegetative\r\ncommunities, particularly sagebrush communities are at risk from long term habitat degradation\r\ndue to the presence of invasive annual plant species within the fire disturbance. Without\r\nmanagement action in the form of seeding, the vegetative community affected by the Raspberry\r\nFire is unlikely to recover. Soil resources are at risk from combined wind and water erosion,\r\nwildlife habitat values have been unacceptably compromised with limited potential for recovery,\r\nand other resources on the public lands are at immediate risk of erosion or other damage.",None,,None,,,35:34:00
Model 26,Central Basin and Range,Post-burn aerial seeding,25598,9417,Implemented,Unknown,2,12/00/2007,12/00/2007,Acres,1031,Seeding,Aerial Seeding,Aerial Seeding: Rotor Wing,-1,Confirmed seed list,Low Elevation Wildlife Seeding,Seeds,Confirmed on Paper,Unknown,Species Specific,Amounts planned.,"The primary objective of the treatment is to seed areas of the burn that are at high risk for significant erosion and non-native species invasion. An aerial mix of Wyoming big sage and Eski sanfoin was applied to 1,031 acres of the burned area to improve vegetation structure and reintroduce the shrub component to improve habitat.\r\n\r\nThis area is occupied by sage grouse, mule deer, and pronghorn antelope.  The same area is also occupied on a seasonal or yearlong basis by other game and non-game species including those that are designated as BLM Special Status Species and migratory birds.  Seeding efforts will help to provide forage and cover diversity for various wildlife species.","Low Elevation Seeding - This seeding will consist of Wyoming big sagebrush and western yarrow and will be applied over approximately 1,015 acres of Wyoming sagebrush sites that are located below 5,500 feet through the bottomlands of the burned area.\r\nAerial seedings will be accomplished using a helicopter and seed bucket or broadcaster.  The aerial seed will be applied when weather conditions are favorable to allow for coverage by snow or adequate moisture, and thus will be applied in late fall or early winter.","An aerial mix of Wyoming big sage and Eski sanfoin was applied to 1,031 acres of the burned area. \r\n:  This treatment was done in December with a helicopter through and aircraft rental agreement. AgNav maps of the aerial seeding were completed for the project file. Aerial seeding was monitored to ensure that seed was being dispersed in the proper area and at the specified rate. A project inspector was present throughout the process to ensure the treatment met contract specifications.","BLM monitoring personnel assess the seeding areas yearly to evaluate treatment success.  Effectiveness is based on establishment of three seeded plants per square meter rooted firmly in the soil with consideration to site selection factors such as soils, topography, native release of desirable species, and the potential for seedling establishment. Monitoring data is shared with range staff to provide comparisons with unburned reference sites.\r\n\r\nThe summary for the aerial seeding was compiled from the data of 3 study sites: RHS3-01, RHS3-02, RHS3-03. These three sites were sampled using the USGS post-fire revegetation monitoring protocol, combining line-point intercept,  gap intercept, belt transect and photo point techniques. An in depth scientific analysis of seeding success will be compiled in early FY09. \r\n\r\nIn the first year post-fire and post-treatment, both seeded and native species were recorded in the study plots on the Red House Fire. \r\n\r\nSeeded species per square meter were observed with the following density: \r\nWyoming big sagebrush, .01\r\nTotal seeded species observed per meter:  .01\r\n\r\nThe following native release species were also observed within the transects: POSE, SIHY, AGSP, STTH, ELCI, ACHY, AGDA, CHVI-8, BASA, LUPIN, ARNO, PERY, OPPR, ASTRA, ASTER, PHLO, AMTE, LASE, ERSP, CADO, LODI, CRAC, CADO, LARE, ALLIU and AGGL\r\n\r\nThe following invasive/ potentially invasive species were observed within the transect: BRTE, LEPE and IVAX.",Polygon,Confirmed,"Digitized by BLM field office personnel, using an aircraft GPS unit",,1031.688523,1010.6927,,BLM and Cooperators,"Erosion, Habitat for sage grouse, Livestock in treated area, Habitat for wildlife, Habitat for mule deer, Habitat for antelope, Provide forage for wildlife, Provide cover for wildlife, Special Status Species, Watershed degradation","Implementation of the proposed action described in the Emergency Stabilization and Rehabilitation Plans for the Red House Fire will protect soils in the burned area, including preventing potential loss of soil due to wind and water erosion&* will reduce potential invasion and establishment of noxious weeds and cheatgrass&* will provide quality forage for livestock and wildlife&* will facilitate meeting established standards and guidelines for livestock grazing&* will protect cultural resources sites eligible for the National Register of Historic Places&* will protect threatened and endangered species habitat&* and, provide for public safety.",None,,None,,,58:33:00
Model 26,Central Basin and Range,Post-burn aerial seeding,25674,9442,Implemented,Partially Successful,2,1/20/2010,2/28/2010,Acres,4007,Seeding,Aerial Seeding,Aerial Seeding,-1,Planned seed list,Red Rock ES Aerially Seeding Mix,Seeds,Plan,Unknown,Species Specific,,"1. Vegetative cover on this site was primarily Wyoming big sagebrush with little or no understory. Fire impacts have resulted in complete denuding of the landscape. Aerial seeding of 576 acres inaccessible to the seed drill is proposed. Species selected in the seed mix are intended to be fast rooting for stabilization and to limit the establishment and spread of new fire starts in an attempt to break the frequent fire cycle impacting the rest of the burned area while maintaining species diversity found on site pre-fire. Vegetative cover needs to be re-established to provide soil stability and to limit gully formation and sedimentation impacting access roads to private residences and prevent undue erosion from the site.\r\n2. Previous drill seeding treatments conducted adjacent to the proposed treatment area in 2007 were observed to be successful. Completion of the proposed action should maintain access to the private residence and limit impacts to Columbia Hill road. Since the site potential is very good and previous seeding actions were successful, the probability of success is high.",Aerially seed 600 acres of the burned area with observed soil movement and sedimentation to stabilize soils and prevent closure of access roads to private residences. These acres are inaccessible to drill seeding operations due to slope and terrain features.,"ESR Treatments, Red Rock Fire, Aerial Seeding was completed, confirmed by GIS attribute table.","After driving all accessible roads within the burned area and stopping frequently to check ground conditions, it appeared that on the west side of the burned area thistles and cheatgrass invasion will be a problem in the future. Native bunchgrasses and previously seeded species were found in higher than anticipated quantity, but no new sagebrush regeneration was observed. Unseeded portions of the eastern side of the fire exhibited numerous forbs and thistles and fewer actively growing grasses. Areas seeded with the ES mix appeared to be growing in a \u201cdoghair\u201d manner, which may indicate that seeding in this area was successful. This new growth was especially evident in water collection points, which may indicate that broadcast seed was transported by surface water to the areas especially in need of stabilization.",Polygon,Confirmed,"Digitized by BLM field office personnel, method unknown",7/26/2023,4004.25,3998.54,This treatment is planned with unknown implementation.,Unknown,"Noxious Weeds, Establishment of seeded species, Loss of native vegetation, Forage quality, Erosion","Portions of the fire where major runs were observed will require substantial stabilization and rehabilitation efforts to prevent noxious weed spread, soil movement, and to preserve natural species diversity. These areas were typically dominated by Wyoming big sagebrush with little understory and suffered near 100% mortality. Proposed actions in these areas include immediate stabilization efforts involving drill seeding of the 710 acres at high risk for noxious weed contamination and the 800 acres that have generated significant soil movement and gully formation after a rain event on July 30, 2009 that deposited 0.3 inches of rain in a 4 hour period. Aerial seeding of 576 acres of higher elevation lands inaccessible to seed drills in this area is also proposed.",None,,None,,,50:07:00
Model 26,Central Basin and Range,Post-burn aerial seeding,25815,9498,Implemented,Unknown,2,12/1/1999,12/6/1999,Acres,4340,Seeding,Aerial Seeding,Aerial Seeding,-1,Confirmed seed list,Reservoir Aerial Seeding Mix,Seeds,Confirmed on Paper,Unknown,Unknown,"The seed mix did not indicate whether bulk or PLS rates were used, therefore, unknown has been listed and all seed mix information has been entered into the Bulk category. \r\n  There was also 9100 lbs. of Hycrest Crested Wheatgrass spread of 910 acres of private land within the fire area.","Implementation of the plan will protect soils I the burned area, including preventing off-site potential flood damage by rainfall; will reduce the invasion and establishment of exotic or invasive species of vegetation, particularly noxious weeds and cheatgrass; will provide quality forage for wildlife, primarily mammals including ungulates (mule deer); will improve the viewshed between suburban areas listed in the document; will facilitate meeting established standards and guidelines for livestock grazing.","About 4290 acres, hilly to mountainous, would be aerially seeded, using a helicopter or fixed wing aircraft.  Seed would be aerially applied between late October through December. If possible, seed would be broadcast on snow, which would aid in germination and hide the seeds from consumption by rodents and birds.",Approximately 200 acres of the burn were drill seeded with the remained being aerial seeded.,,Polygon,Confirmed,"Digitized by BLM field office personnel, method unknown",,5516.386677,4462.67532,This is the confrimed area for the aerial seeding treatment.,,"Erosion, Noxious Weeds, Invasion by Cheatgrass, Provide forage for wildlife, Provide forage for livestock","Implementation of the plan will protect soils I the burned area, including preventing off-site potential flood damage by rainfall&* will reduce the invasion and establishment of exotic or invasive species of vegetation, particularly noxious weeds and cheatgrass&* will provide quality forage for wildlife, primarily mammals including ungulates (mule deer)&* will improve the viewshed between suburban areas listed in the document&* will facilitate meeting established standards and guidelines for livestock grazing.",None,,None,,"The Reservoir Fire started from arcing from a Sierra Pacific Power Company powerline and tin roof at the extreme west edge of the burned area, in Lemmon Valley. Winds on 24 June were steady at 30+ miles per hour, with gusts to 45 mph,\r\nfrom the west and southwest.",05:58:00
Model 26,Central Basin and Range,Post-burn aerial seeding,26290,9685,Implemented,See Comments,2,11/25/2008,11/25/2008,Acres,769,Seeding,Aerial Seeding,Aerial Seeding: Rotor Wing,-1,Confirmed seed list,Aerial Wildlife,Seeds,Confirmed on Paper,Unknown,Species Specific,,"The fire killed the recovering sagebrush seeding from the 2006 Sheep Fire rehabilitation treatment within the burn perimeter.   The goal of reseeding the treatment areas with shrub species is to help provide cover and forage for wildlife; reduce water erosion hazards by stabilizing soils; maintain a healthy, productive, and diverse plant community; and minimize the establishment of exotic annual plants.","Forage kochia will be seeded over 760 acres to stabilize the soil and compete with cheatgrass.  Additional shrub species have been proposed in the BAR plan--Aerially seed approximately 760 acres with Wyoming big sagebrush and Western Yarrow that are appropriate for the Ecological sites.  \r\n\u2022\tWildlife Seeding - This seeding will consist of Wyoming big sagebrush and Western yarrow and will be aerially applied over approximately 760 acres of Wyoming sagebrush sites that are located between 5,700 and 5,300 feet throughout the burned area.  This area is occupied by sage grouse, mule deer, and pronghorn antelope, which are all Resource Management Plan-featured species.  The Wildlife Seed Mix will be aerially seeded with a full coverage pattern followed up with a soil covering treatment.  \r\n\r\nThe cost of the aerial stabilization seeding is $24,000, most of which is the cost of the seed (ES). The cost of aerially seeding and ground treatment of 760 acres is approximately $14,000 (BAR).","The Rock Creek Aerial Wildlife Seeding was completed on November 25th, using El Aero's Helicopter and Elko Helitack as ground crew. The seeding covered 769 acres with a mixture of grasses, forbs and sagebrush at the follow rates: Wyoming sage 1.45 lbs./acre, Basin big sage 0.73 lbs./acre, Snake River Wheatgrass 1.82 lbs./acre, Indian ricegrass 1.82 lbs./acre. Streambank wheatgrass 0.91 lbs./acre, small burnet 0.91 lbs./acre, and ladak alfalfa at 0.46 lbs./acre. Total seeding over the 769 acres was 8.1 lbs./acre.",See monitoring folder for plot density measurements in 2009.,Polygon,Confirmed,"Digitized by BLM field office personnel, using an aircraft GPS unit",,693.2462994,625.1905152,,BLM and Cooperators,"Erosion, Habitat for mule deer, Habitat for sage grouse, Habitat for wildlife, Invasion by Cheatgrass, Migratory Birds, Provide cover for wildlife, Provide forage for wildlife, Special Status Species","The Rock Creek Fire was started by a vehicle on the afternoon of August 10th, 2008.  The Rock Creek Fire burned in portions of the 2006 Sheep Fire, which led to the loss of rehabilitation efforts that were conducted during the winter of 2006/2007.  Specifically, aerial seeding treatments of sagebrush were destroyed in the fires which were targeted near two active lek areas.  This compounded loss of sagebrush will also have adverse impacts for wintering mule deer if rehabilitation efforts are not continued.  Invasive species such as cheatgrass has also been offered another foothold to establish itself within the plant communities after the area has now been impacted by fire twice within the last three years.  It is important to know that this was a human caused fire fueled by high winds which led to the rapid growth and not an example of a plant community with an increased fire cycle.",None,,None,,It appears that the sagebrush was purchased through HLI funding.,58:22:00
Model 26,Central Basin and Range,Post-burn aerial seeding,26297,9686,Implemented,None,2,1/20/2011,1/21/2012,Acres,408.2,Seeding,Aerial Seeding,Aerial Seeding: Rotor Wing,-1,Confirmed seed list,,Seeds,Confirmed on Paper,Unknown,Species Specific,"The seed mix did not indicate whether bulk or PLS rates were used, therefore, unknown has been listed and all seed mix information has been entered into the Bulk category.","The objectives for cover will be to obtain 70% of all perennial plant cover found in the associated reference site, or, when not possible, achieve 50% of the lowest value for perennial cover associated with the appropriate ecological or range site by the end of the third year. Density objectives for aerially seeded areas will be based on having one seeded species firmly rooted per square meter by first or second growing season following seeding.",,"Arrived 0700, 1/20/2011: min temp 24-max temp 47; winds 1mph downslope; no snow\r\nSeeded total area with good seed dispersal.",,Polygon,Confirmed,"Digitized by BLM field office personnel, method unknown",,408.1552229,407.5269709,,,"Erosion, Habitat for mule deer, Habitat for antelope, Habitat For Lahontan Cutthroat Trout, Invasion by pinyon-juniper, Loss of perennials, Loss of sagebrush, Loss of native vegetation",,None,,None,,,59:46:00
Model 26,Central Basin and Range,Post-burn aerial seeding,26394,9726,Implemented,Unknown,2,12/7/2001,12/7/2001,Acres,241,Seeding,Aerial Seeding,Aerial Seeding: Rotor Wing,-1,Confirmed seed list,Aerial Overseed,Seeds,Confirmed on Paper,Unknown,Overall,"There was only a general rate listed for all species combined indicated here, specific rates for each species were not possible. The seed mix did not indicate whether bulk or PLS rates were used, therefore, unknown has been listed and all seed mix information has been entered into the Bulk category.","The purpose of the seeding is to provide forage for livestock and wildlife, particularly winter range for mule deer and for pronghorn antelope. Seeding this area would reduce the potential for the invasion of non-native invasive weed species.","Rangeland Aerial/Broadcast Seeding:\r\nBoulder Flat Allotment: Approximately 492 acres of upland rangeland would be aerially seeded within the Rodeo Creek Fire perimeter. This aerial seeding would consist of overseeding the proposed drill seeding with forage kochia. When possible, seed would be broadcast on snow to aid in germination and reduce seed consumption by rodents and birds.","On 7 December 2001, the BLM aerial seeding crew completed the aerial seedings on the 2001 Rodeo Fire. Ground conditions were snow covered 2-6 inches. On site was one EI Aero helicopter and pilot (Ted McBride), and one fuel truck with fueler. EI Aero also supplied the seed mixer and two seed buckets. The Elko BLM supplied five ground crew members and one project inspector (Tyson Gripp). Also on site was one member from Germn-8, who treated all of the seed with a organic fertilizer to increase the germination of the seed. \r\nThe last seeding was the Overseed Drill mix. During the drill operations on Rodeo Creek over 80 bags of seed was left over. Due to this error the rest of the seed was to be flown on. The drill mix was the ""Kelly Creek Mix&& which consisted of Hycrest, Nordan, and Siberian crested wheatgrass, and Russian wildrye. This mix totaled 2,500 lbs. with 500 lbs. of forage kochia for a total of 3000 lbs. This mix was flown on 241 acres at 12 lbs./acre. The job was completed at 1545.","The ESR monitoring team visited the Boulder Field Allotment on July 31, 2002.  The purpose of the visit was to determine the success of the Aerial Wildlife Seeding and the Drill Range Seeding on the Rodeo Fire. The allotment was evaluated based on the density of the seeded species. Key areas  #BFAW (Aerial Wildlife) and BFDS (Drill Range) were used for this study.\r\n\r\nMonitoring results are as follows:\r\n\r\n: The monitoring results for BFAW showed .08 (KOPR) and 0.26 (ARTR) per square meter.  \r\n: The monitoring results for BFDS showed .08 (KOPR), 0.10 (ARTR), 2.94 (AGCR) and 4.46 (STTH) per square meter.  \r\n\r\n2002\r\n0.34 plants/M^2\r\n\r\n2003\r\n6.04 plants/M^2 (seeded) 38.30 plants/M^2 (native release)\r\nBFAW Aerial Wildlife Seeding\r\nSeeded species per square meter: Crested wheatgrass-5.82, Wyoming big sagebrush-0.16\r\nNative Release species per sq. meter: Sandberg\u2019s bluegrass-29.30, Thurber\u2019s needlegrass-4.56,  Bottlebrush squirreltail-1.14\r\n\r\n2004\r\n0.34 plants/M^2 (seeded) 24.96 plants/M^2 (native release)\r\nBFAW Aerial Wildlife Seeding\r\nSeeded species per square meter: Crested wheatgrass-2.74, Wyoming big sagebrush-0.24, kochia-0.10\r\nNative Release species per sq. meter: Sandberg\u2019s bluegrass-14.84, Thurber\u2019s needlegrass-0.80,  Bottlebrush squirreltail-1.32",Polygon,Confirmed,"Digitized by BLM field office personnel, using an aircraft GPS unit",,307.5769799,304.2947713,,Contractor,"Habitat for sage grouse, Habitat for mule deer, Erosion, Habitat for antelope, Habitat for wildlife, Invasion by Cheatgrass, Migratory Birds, Provide cover for wildlife, Provide forage for livestock, Provide forage for wildlife","Implementation of the proposed action described in the NFRP Supplement EA for the Rodeo Fire will protect soils in the burned area, including preventing potential loss of soil due to wind and water erosion&* will reduce potential invasion and establishment of noxious weeds and cheatgrass&* will provide quality forage for livestock and wildlife&* and will facilitate meeting established standards and guidelines for livestock grazing.",,,None,,"Although the described seed mix does not show Wyoming Big sagebrush, the monitoring results list this as a seeded species. It is unknown if this was included in the seed mix.",11:39:00
Model 26,Central Basin and Range,Post-burn aerial seeding,26510,9773,Implemented,None,1,11/30/2010,2/25/2011,Acres,522,Seeding,Aerial Seeding,Aerial Seeding,-1,Confirmed seed list,HLI Aerial Seeding 2010,Seeds,Confirmed on Paper,Outside of Treatment,Species Specific,,"The goal of the South Roosters Comb seeding is to treat the areas of cheatgrass infestation and protect the existing seeding from future wildfires.\r\nThe purpose of the treatment is to provide protection of the existing seedings in the area and to attain the establishment of a shrub community to enhance winter habitat for mule deer, antelope, and sage grouse.","The Roosters Comb area north of Battle Mountain had a substantial amount of cheatgrass die-off during 2009, leaving hundreds of acres devoid of vegetation.   This prompted an effort to try to reestablish sagebrush back into these sites taking advantage of the lack of cover. Seeding areas focused on terrain that was unsuitable for drill seeding that was outside the Tuscarora Sagebrush Restoration Project boundaries.\r\nPILOT WILL HAVE SOME DISCRETION ON SEED PLACEMENT; OBJECTIVE IS TO TARGET CHEATGRASS DIE OFF AREAS","Seeding areas focused on terrain that was unsuitable for drill seeding that was outside the Tuscarora Sagebrush Restoration Project boundaries. The Roosters Comb Aerial Seeding consisted of the following seed mix over 522 acres:\r\nWyoming big sagebrush, Basin big sagebrush and Western yarrow.\r\nSeed was purchased by the BLM through the use of Healthy Landscape funding while the flight time and associated costs were paid by NDOW.",,Polygon,Confirmed,"Digitized by BLM field office personnel, using an aircraft GPS unit",,522.604066,246.1539087,,Contractor,"Fire hazard, Habitat for mule deer, Habitat for sage grouse, Habitat for wildlife, Invasion by Cheatgrass, Livestock in treated area, Provide cover for wildlife, Provide forage for wildlife, Rangeland health","The goal of the South Roosters Comb seeding is to treat the areas of cheatgrass infestation and protect the existing seeding from future wildfires.\r\nThe purpose of the treatment is to provide protection of the existing seedings in the area and to attain the establishment of a shrub community to enhance winter habitat for mule deer, antelope, and sage grouse.",None,,None,,,46:21:00
Model 26,Central Basin and Range,Post-burn aerial seeding,27158,9995,Implemented,Unknown,1,00/00/1988,00/00/1989,Acres,575,Seeding,Aerial Seeding,Aerial Seeding,-1,Confirmed seed list,Aerial Mix,Seeds,Confirmed on Paper,Unknown,Overall,"There was only a general rate listed for all species combined indicated here, specific rates for each species were not possible.","1.  Stabilize soils, 2.  Provide vegetative cover, 3.  Reduce future fire danger",,,,Polygon,Confirmed,Digitized by LTDL data entry personnel using a confirmed map,7/10/2015,666.0101336,655.8899963,,Contractor,"Erosion, Hazardous fuels accumulation, Loss of vegetation, Vegetal cover",,None,,None,,,21:04:00
Model 26,Central Basin and Range,Post-burn aerial seeding,27516,10143,Implemented,Unknown,2,2/18/2000,2/19/2000,Acres,3150,Seeding,Aerial Seeding,Aerial Seeding,-1,Confirmed seed list,Sand Springs Aerial Mix- Southeast Hills,Seeds,Confirmed on Paper,Unknown,Unknown,"The seed mix did not indicate whether bulk or PLS rates were used, therefore, unknown has been listed and all seed mix information has been entered into the Bulk category. \r\n\r\nCompletion report lists Fourwing Saltbrush pounds as 2,0500.  This appeared to be a typing mistake and was entered as 2,500 though there is a chance that is should be 20,500.","Implementation of the Plan will protect soils in the burned area, including preventing off-site potential flood damage by rainfall; will reduce the invasion and establishment of exotic or invasive species of vegetation, particularly noxious weeks and cheatgrass; will provide quality forage for wildlife, primarily mammals including ungulates (mule deer and desert bighorn sheep); will facilitate meeting established standards and guidelines for livestock grazing.","About 9500 acres, hilly to mountainous, would be aerially seeded using a helicopter or fixed wing aircraft.  Seed would be aerially applied between late October through December.  If possible, seed would be broadcast on snow, which would aid in germination and hide the seeds from consumption by rodents and birds.",Aerial seeding took place from February 18-19 2000.  Three separate seed mixtures were sued in the aerial seeding.  This treatment is for the Southeast Hills seeding area in which 3150 acres were seeded.,,Polygon,Confirmed,"Digitized by BLM field office personnel, method unknown",,5814.335399,5814.341064,"The acerage of the provided GIS information does not match up with the reports.  However, the general area is correct.",,"Erosion, Invasion by Cheatgrass, Invasion by non-native annuals, Noxious Weeds, Habitat for desert bighorn sheep, Habitat for mule deer, meet livestock S&Gs","Implementation of the Plan will protect soils in the burned area, including preventing off-site potential flood damage by rainfall&* will reduce the invasion and establishment of exotic or invasive species of vegetation, particularly noxious weeks and cheatgrass&* will provide quality forage for wildlife, primarily mammals including ungulates (mule deer and desert bighorn sheep)&* will facilitate meeting established standards and guidelines for livestock grazing.",None,,None,,This treatment used the Southeast Hills Aerial Mix.,29:22:00
Model 26,Central Basin and Range,Post-burn aerial seeding,28267,10424,Implemented,Unknown,2,1/16/2002,1/17/2002,Acres,2156,Seeding,Aerial Seeding,Aerial Seeding: Rotor Wing,-1,Confirmed seed list,Aerial Range Seeding,Seeds,Confirmed on Paper,Unknown,Species Specific,"The seeding rate was less than what was planned. \r\nThe day's total was 4,750 lbs. of seed covering 574 acres averaging 8.3 lbs./acre.\r\nOn January 17, seeding resumed. The ground surface was clear of snow and dry. There was only a light breeze. I observed a consistent even flow from the bucket and the seed was not drifting from wind. Seeding was completed at 14:00. The day's total was 11,950 lbs. of seed covering 1,582 acres averaging 7.6Ibs./acre. The totals for the whole Range Aerial Seeding were 16,700 lbs. of seed covering 2,156 acres averaging 7.75Ibs./acre.","Seeding this area would provide soil stabilization, forage for wildlife and livestock, and reduce the potential for the invasion of non-native invasive weed species.","Rangeland Aerial/Broadcast Seeding:\r\nThe 4,285 acres proposed for drill seeding would be aerially overseeded with forage kochia. When possible, seed would be broadcast on snow to aid in germination and reduce seed consumption by rodents and birds.","On January 16,2002 the Sheep Fire Range Aerial Seeding began. The seeding was done via rental agreement with El Aero. El Aero supplied a helicopter and pilot, two seed buckets, fuel truck with crew and a seed mixer. The BLM supplied the ground crew (five people) and one project inspector. The seed was sprayed with fertilizer in the mixer by a representative from\r\nGerm-N-8. The recipe called for 2,900 lbs.. of Forage Kochia, 4,950 lbs.. of Siberian Wheatgrass, 4,950 lbs.. of Hycrest Crested Wheatgrass, 4,950 lbs.. of Nordan Crested Wheatgrass and 5,250 lbs.. of Bozoisky Russian Wildrye on full coverage at a rate of 10.2 bulk lbs../acre. Seeding began at 14:30. The Project Inspector reported observing good coverage and seed dispersal. At 16:30 seeding ended for the day. The day's total was 4,750 lbs. of seed covering 574 acres averaging 8.3 lbs./acre.\r\nOn January 17, seeding resumed. The ground surface was clear of snow and dry. There was only a light breeze. I observed a consistent even flow from the bucket and the seed was not drifting from wind. Seeding was completed at 14:00. The day&$s total was 11,950 lbs. of seed covering 1,582 acres averaging 7.6Ibs./acre. The totals for the whole Range Aerial Seeding were 16,700 lbs. of seed covering 2,156 acres averaging 7.75Ibs./acre.","2003\r\nSHAR Aerial Range\r\nSeeded species per square meter: No seeded plants were observed in this area.  This area is dominated by Cheatgrass and there is a heavy Cheatgrass mat.\r\nNative Release species per sq. meter: Sandberg\u2019s bluegrass-1.80, Shadscale-0.04, Bottlebrush Squirreltail-0.06, Globemallow-0.04\r\n\r\n2004\r\nSHAR Aerial Range\r\nSeeded species per square meter: No seeded plants were observed in this area.  This area is dominated by Cheatgrass and there is a heavy Cheatgrass mat.\r\nNative Release species per sq. meter: Sandberg\u2019s bluegrass-0.04, Shadscale-0.02.",Polygon,Confirmed,"Digitized by BLM field office personnel, using an aircraft GPS unit",,2020.572332,1832.935933,,,"Habitat for sage grouse, Habitat for mule deer, Invasion by Cheatgrass, Erosion, Habitat for antelope, Noxious Weeds, Provide cover for wildlife, Provide forage for wildlife, Watershed degradation, Special Status Species, Migratory Birds","Implementation of the proposed action described in the NFRP Supplement EA for the Sheep Fire will protect soils in the burned area, including preventing potential loss of soil due to wind and water erosion&* will reduce potential invasion and establishment of noxious weeds and cheatgrass&* will provide quality forage for livestock and wildlife&* and will facilitate meeting established standards and guidelines for livestock grazing.",None,,None,,,24:42:00
Model 26,Central Basin and Range,Post-burn aerial seeding,28268,10424,Implemented,Unknown,2,1/23/2002,1/25/2002,Acres,4699,Seeding,Aerial Seeding,Aerial Seeding: Rotor Wing,-1,Confirmed seed list,"AerialSeeding, Deer Winter Range",Seeds,Confirmed on Paper,Unknown,Species Specific,,"The purpose of the seeding is to provide forage and cover for wildlife, particularly, for sage grouse nesting and summer/brood rearing habitat, and winter range for mule deer and pronghorn antelope. Seeding this area would reduce the potential for the invasion of non-native invasive weed species.","Crucial Mule Deer Winter Range Emphasis: Every other swath within 12,287 acres, which equals 6,144 acres, would be seeded on selected areas throughout the burn. Seed mixture would include Wyoming big sagebrush, basin big sagebrush, forage kochia and Western yarrow. When possible, seed would be broadcast on snow to aid in germination and reduce seed\r\nconsumption by rodents and birds.","On January 23,2002 the Sheep Fire Wildlife Aerial Seeding Crucial Deer Winter Range began. The seeding was done via rental agreement with EI Aero. EI Aero supplied a helicopter and pilot, two seed buckets, fuel truck with crew and a seed mixer. The BLM supplied the ground crew ( five people) and one project inspector. The seed mixture for a 450 lb. bucket load was approximately 1151bs. Wyoming Big Sagebrush, 1251bs. Basin Big Sagebrush, 221bs. Western Yarrow and 190 lbs. Forage Kochia. This recipe was used to allow for the amount of Wyoming Big Sage available at the time. The ground was bare with from 20 to 50% snow cover (see photos). Seeding began in the northeast corner of the fire (T34N R48E sec16) and worked\r\nsouthwest. Seeding finished that evening at around the Battle Creek area (T33N R46E sec26). A total of 6,045 lbs. of seed were used covering 1,650 acres today yielding 3.66 lbs./acre. I observed an even flow of seed from the bucket and a good even seed distribution in the snow on the ground.\r\nOn January 24, seeding resumed with the same crews. However, now the seed was sprayed with fertilizer in the mixer by a representative from Germ-N-8 who arrived from Washington. Ken Wilkenson and Tom Warren agreed to alter the seed mix to spread the remaining Wyoming Big Sage over the remainder of the project. Test results had not yet returned on more Wyoming Big Sage. The new ratio was approximately 160 lbs. Basin Big Sage and 80 lbs. Wyoming Big Sage along with 221bs. Western Yarrow and 190 lbs. Forage Kochia. The helicopter worked around the southern tip of the range and on toward the northwest, finishing around T33N R45E sec 2. By the end of the day the Wyoming Big Sage ran out as well as the Western Yarrow. A total of 8,370 lbs. of seed were used covering 2,366 acres today yielding 3.54Ibs./acre. Again I observed an even flow of seed from the bucket and a good even seed distribution in the snow on the ground.\r\nOn January 25, seeding resumed with the same crews. Fertilizer was again applied to the seed mix. The seed mix was now approximately 240 lbs. Basin Big Sage, 221bs. Western Yarrow (though this was not included in the first two buckets as I brought it from Elko in the morning) and 190 lbs. Forage Kochia. The Wildlife Aerial Seeding was finished by 0915 today. A total of 1,860 lbs. of seed were used today covering 683 acres yielding 2.7 lbs./acre. I observed an even flow of seed from the bucket. The totals for the project were 16,275 lbs. of seed over 4,699 acres averaging 3.46Ibs./acre.","2003\r\nSCW 1 Aerial Wildlife (Crucial Deer)\r\nSeeded species per sq. meter: yarrow-0.14, Wyoming Big Sagebrush-0, kochia-0\r\nNative Release species per sq. meter; Sandberg\u2019s bluegrass-7.96, Bottlebrush Squirreltail-0.16, Thurber\u2019s needlegrass-0.12\r\n\r\n2004\r\nSCW 1 Aerial Wildlife (Crucial Deer)\r\nSeeded species per sq. meter: yarrow-0, Wyoming Big Sagebrush-0, kochia-0.28.\r\nNative Release species per sq. meter; Sandberg\u2019s bluegrass-2.04, Bottlebrush Squirreltail-0.20, Thurber\u2019s needlegrass-0.02.",Polygon,Confirmed,"Digitized by BLM field office personnel, using an aircraft GPS unit",,5426.624354,4959.605429,,Contractor,"Habitat for sage grouse, Habitat for mule deer, Invasion by Cheatgrass, Erosion, Habitat for antelope, Noxious Weeds, Provide cover for wildlife, Provide forage for wildlife, Watershed degradation, Special Status Species, Migratory Birds","Implementation of the proposed action described in the NFRP Supplement EA for the Sheep Fire will protect soils in the burned area, including preventing potential loss of soil due to wind and water erosion&* will reduce potential invasion and establishment of noxious weeds and cheatgrass&* will provide quality forage for livestock and wildlife&* and will facilitate meeting established standards and guidelines for livestock grazing.",None,,None,,,32:57:00
Model 26,Central Basin and Range,Post-burn aerial seeding,28269,10424,Implemented,Unknown,2,2/14/2002,2/15/2002,Acres,3050,Seeding,Aerial Seeding,Aerial Seeding: Rotor Wing,-1,Confirmed seed list,"Aerial Seeding, Sage Grouse North",Seeds,Confirmed on Paper,Unknown,Species Specific,,"The purpose of the seeding is to provide forage and cover for wildlife, particularly, for sage grouse nesting and summer/brood rearing habitat, and winter range for mule deer and pronghorn antelope. Seeding this area would reduce the potential for the invasion of non-native invasive weed species.","Sage Grouse Habitat Emphasis - Northern Portion of Burn Area: Every third swath within 9,402 acres, which equals 3,134 acres, would be seeded within selected public land sections primarily on the north portion of the burn area. Seed mixture would include Wyoming big sagebrush, basin big sagebrush and Western yarrow. When possible, seed would be broadcast on snow to aid in germination and reduce seed consumption by rodents and birds.","On February 14, 2002 the Sheep Fire Wildlife Aerial Seeding, Sage Grouse Habitat Emphasis, North Side began. The seeding was done via rental agreement with EI Aero. EI Aero supplied a helicopter and pilot, seed buckets, fuel truck with crew and seed mixer. BLM supplied the ground crew ( six people) and one project inspector. The seed was sprayed with fertilizer in the\r\nmixer by a representative from Germ-N-8. The recipe called for: 5,350 lbs. of Wyoming Big Sagebrush, 1,250 lbs. Basin Big Sagebrush, 350 lbs. Small Burnet, 450 lbs. Upland Alfalfa and 500 lbs. Western Yarrow over every third swath at a rate of 2.5 bulk lbs./acre. Seeding began at 11:48 and finished at approximately 1700. The day's totals were 4,275 lbs. of seed over 1,734\r\nacres averaging 2.5 lbs./acre as called for. Due to the terrain and distance from the staging area on the northwest comer of the fire, I was unable to observe the seeding from an ATV.\r\nOn February 15, seeding resumed with the same crews. After working the northwest comer with the Interior Sage Grouse Habitat mix the staging area was moved to the top of Battle Creek (see photos). I was able to observe seeding from the ATV. Winds were approximately 10 to 15 mph. from the northeast on the ridges but lighter winds to calm in the lower areas. There were patches of snow in the drainages and on east facing slopes (see photos). Soils were damp due to snow melt and muddy in many drainages. There were a number of unburned islands throughout the area. I observed a steady even flow of seed from the bucket and the seed was not drifting much from the wind. It was difficult to observe the seed in the snow due to the amount of dirt and debris already on the snow and the rough surface due to wind and melting. The North Side mix areas of the seeding were completed by 14:55 with a total of 7,975 lbs. of seed over 3,050 acres averaging 2.6 lbs./acre. This was slightly above the rate called for but may be due to the number of unburned islands in the area (see photos).","2003\r\nSGN 1 Aerial Wildlife (Sage Grouse North w/Germinate)\r\nSeeded species per sq. meter: yarrow-2.24, Wyoming Big Sagebrush-1.38, small burnet-0, Ladak alfalfa-0.06\r\nNative Release species per sq. meter: Sandberg\u2019s bluegrass-24.84, Bluebunch wheatgrass-0.40 Bottlebrush Squirreltail-1.16, Thurber\u2019s needlegrass-0.68, Basin wild rye-0.16, Idaho fescue-0.48, Thickspike wheatgrass-0.12, There were also numerous forbs and shrubs present.\r\n\r\n2004\r\nSGN 1 Aerial Wildlife (Sage Grouse North w/Germinate)\r\nSeeded species per sq. meter: yarrow-1.40, Wyoming Big Sagebrush-0.38, small burnet-0, Ladak alfalfa-0.06\r\nNative Release species per sq. meter: Sandberg\u2019s bluegrass-14.10, Bluebunch wheatgrass-0.30 Bottlebrush Squirreltail-1.00, Thurber\u2019s needlegrass-0.28, Basin wild rye-0.42, Thickspike wheatgrass-0.24. There were also numerous forbs and shrubs present.",Polygon,Confirmed,"Digitized by BLM field office personnel, using an aircraft GPS unit",,3120.894922,2869.343213,,Contractor,"Habitat for sage grouse, Habitat for mule deer, Invasion by Cheatgrass, Erosion, Habitat for antelope, Noxious Weeds, Provide cover for wildlife, Provide forage for wildlife, Watershed degradation, Special Status Species, Migratory Birds","Implementation of the proposed action described in the NFRP Supplement EA for the Sheep Fire will protect soils in the burned area, including preventing potential loss of soil due to wind and water erosion&* will reduce potential invasion and establishment of noxious weeds and cheatgrass&* will provide quality forage for livestock and wildlife&* and will facilitate meeting established standards and guidelines for livestock grazing.",None,,None,,,47:59:00
Model 26,Central Basin and Range,Post-burn aerial seeding,28270,10424,Implemented,Unknown,2,2/15/2002,2/16/2002,Acres,3473,Seeding,Aerial Seeding,Aerial Seeding: Rotor Wing,-1,Confirmed seed list,"Aerial Seeding, Sage Grouse Interior",Seeds,Confirmed on Paper,,Species Specific,,"The purpose of the seeding is to provide forage and cover for wildlife, particularly, for sage grouse nesting and summer/brood rearing habitat, and winter range for mule deer and pronghorn antelope. Seeding this area would reduce the potential for the invasion of non-native invasive weed species.","Sage Grouse Habitat Emphasis: 3,557 acres within selected ephemeral drainages, draws, and swale areas throughout the interior portion of the burn area would be seeded with Wyoming big sagebrush, basin big sagebrush and Western yarrow. When possible, seed would be broadcast on snow to aid in germination and reduce seed consumption by rodents and birds.","On February 15,2002 the Sheep Fire Wildlife Aerial Seeding, Sage Grouse Habitat Emphasis, Interior began. The seeding was done via rental agreement with EI Aero. EI Aero supplied a helicopter and pilot, seed buckets, fuel truck with crew and seed mixer. BLM supplied the ground crew ( six people) and one project inspector. Approximately half of the seeding (3,800\r\nlbs. over 1,520 acres) was treated with fertilizer by a representative from Germ-N-8 as requested by Tom Warren. The recipe called for: 1,400 lbs. of Wyoming Big Sagebrush, 6,050 lbs. Basin Big Sagebrush, 400 lbs. Small Burnet, 500 lbs. Upland Alfalfa and 550 lbs. Western Yarrow as full coverage at a rate of 2.5 bulk lbs./acre. Seeding began in the northwest comer of the fire at\r\n08:15 and finished at approximately 1600. Approximately three hours of this time was spent on the North Side seed mix. I was able to observe from an ATY. The soil surface on the lower northwest area was dry, with more moisture in the drainages. Winds were approximately 10 to 15 mph. from the northeast on the ridges, but lighter to calm in the lower areas. I observed a\r\nsteady even flow of seed from the bucket and not much drift due to the wind. The day's totals were 3,325 lbs. of seed over 1,332 acres averaging 2.5 lbs./acre as called for.\r\nOn February 16, seeding resumed with the same crews. After the first bucket we began seeding with interior seed mix not treated with Germ-N-8. I went out on an ATV to observe. Winds were approximately 5 to 10 mph. from the east on the ridges but lighter winds to calm in the lower areas. There were patches of snow in the drainages and on east facing slopes (see photos). Soils were damp due to snow melt and muddy in many drainages. There were a number of unburned islands throughout the area. I observed a steady even flow of seed from the bucket and the seed was not drifting much from the wind. It was difficult to observe the seed in the snow due to the amount of dirt and debris already on the snow and the rough surface due to wind and melting. The Interior mix areas of the seeding were completed by 15:15. The day&$s totals were 5,645 lbs. (including one 475 lb. treated bucket) over 2,141 acres averaging 2.6 lbs./acre. The total Interior mix was of 8,970 lbs. of seed over 3,473 acres averaging 2.6 lbs./acre. This was slightly above the rate called for but may be due to the number of unburned islands in the area (see photos).","2003\r\nSGI 8 Aerial Wildlife (Sage Grouse w/Germinate)\r\nSeeded species per sq. meter: yarrow-5.38, Wyoming Big Sagebrush-0.74, small burnet-0, Ladak alfalfa-0\r\nNative Release species per sq. meter: Sandberg\u2019s bluegrass-21.56, Bluebunch wheatgrass-0.18 Bottlebrush Squirreltail-1.32, Thurber\u2019s needlegrass-2.42, Basin wild rye-0.34, Idaho fescue-0.08, Thickspike wheatgrass-2.68, There were also numerous forbs and shrubs present.\r\nSGI 2 Aerial Wildlife (Interior Sage Grouse no/Germinate)\r\nSeeded species per sq. meter: yarrow-19.74, Wyoming Big Sagebrush-3.12, small burnet-0, Ladak alfalfa-0\r\nNative Release species per sq. meter: Sandberg\u2019s bluegrass-21.78, Bottlebrush Squirreltail-1.16, Thurber\u2019s needlegrass-0.68, Basin wild rye-0.04, Idaho fescue-0.48, Thickspike wheatgrass-2.68, There were also numerous forbs and shrubs present.  Hoary cress is also present.\r\n\r\n2004\r\nSGI 8 Aerial Wildlife (Sage Grouse w/Germinate)\r\nSeeded species per sq. meter: yarrow-2.26, Wyoming Big Sagebrush-0.80, small burnet-0, Ladak alfalfa-0\r\nNative Release species per sq. meter: Sandberg\u2019s bluegrass-15.84, Bluebunch wheatgrass-0.18 Bottlebrush Squirreltail-1.32, Caryx-27.96, Basin wild rye-0.64, Nevada bluegrass-0.40, Thickspike wheatgrass-2.52, There were also numerous forbs and shrubs present.\r\nSGI 2 Aerial Wildlife (Interior Sage Grouse no/Germinate)\r\nSeeded species per sq. meter: yarrow-3.22, Wyoming Big Sagebrush-1.42, small burnet-0.04, Ladak alfalfa-0.\r\nNative Release species per sq. meter: Sandberg\u2019s bluegrass-9.10, Bottlebrush Squirreltail-1.54, Thurber\u2019s needlegrass-0.06, Basin wild rye-0.48, Columbia needlegrass-1.22, Caryx 3.78.  There were also numerous forbs and shrubs present.",Polygon,Confirmed,"Digitized by BLM field office personnel, using an aircraft GPS unit",,2970.246722,2784.840208,,Contractor,"Habitat for sage grouse, Habitat for mule deer, Invasion by Cheatgrass, Erosion, Habitat for antelope, Noxious Weeds, Provide cover for wildlife, Provide forage for wildlife, Watershed degradation, Special Status Species, Migratory Birds","Implementation of the proposed action described in the NFRP Supplement EA for the Sheep Fire will protect soils in the burned area, including preventing potential loss of soil due to wind and water erosion&* will reduce potential invasion and establishment of noxious weeds and cheatgrass&* will provide quality forage for livestock and wildlife&* and will facilitate meeting established standards and guidelines for livestock grazing.",None,,None,,,55:01:00
Model 26,Central Basin and Range,Post-burn aerial seeding,28289,10426,Implemented,Partially Successful,2,1/00/2007,1/00/2007,Acres,4006.45,Seeding,Aerial Seeding,Aerial Seeding: Rotor Wing,-1,Confirmed seed list,Aerial Wildlife Sage Grouse Mix,Seeds,Confirmed on Paper,Unknown,Unknown,,"The fire killed the shrub component within the burn perimeter. It is anticipated that the grass and forb species in these treatment areas will re-sprout or reseed naturally.  The goal of reseeding the treatment areas with shrub species will help provide cover and forage for wildlife; reduce water erosion hazards by stabilizing soils; increase the rate at which native riparian vegetation is restored; maintain a healthy, productive, and diverse plant community; and minimize the establishment of exotic annual plants.  Cumulative losses of sagebrush communities continue to impact sage grouse populations across the Great Basin.  Conversion of sagebrush stands to grasslands due to wildland fire has been a continuing trend over the last decade.  Coupled with the sagebrush die off from caused from the Aroga Moth, the rehabilitation of sagebrush communities has become a high priority on the Elko District.  Sagebrush stands must be established within the burned area to act as future seed sources to allow the stands to repopulate hundreds of square miles.  Emphasis of these rehabilitation seedings have been placed on sage grouse.  Application of sagebrush seed will target areas that had the existing vegetation community that is being seeded.  This will ensure that seeded species are being applied in areas that are suitable for establishment and will increase the successfulness of the seeding. Wyoming and Basin sagebrush and Western Yarrow were seeded to provide cover for Sage Grouse.\r\n\r\nThe primary goal is to provide cover and forage for sage grouse.  Target areas formerly supporting sagebrush, ensuring seeded species are broadcast on areas suitable for establishment, to increase the seeding success. Establish one seeded plant per square meter, rooted firmly in soil, with consideration for site selection factors of soils, topography, native release of desirable species, and potential for seeding establishment.  Stabilize soils to reduce erosion.  Increase restoration rate for native riparian vegetation.  Maintain a healthy, productive, and diverse plant community.  Minimize establishment of exotic annual plants.  Establish sagebrush stands within the burn for future seed sources.","Aerially seed approximately 4,006 acres of watershed drainages and known Wyoming Big Sagebrush sites with a mix of Western Yarrow, Wyoming Big Sagebrush, and Basin Big Sagebrush. \r\n\r\n\r\nAerial seeding will be accomplished using a helicopter and seed bucket or broadcaster.  The aerial seed will be applied when weather conditions are favorable to allow for coverage by snow or adequate moisture, and thus will be applied in late fall or early winter.",This treatment was implemented during January via helicopter through a contract agreement.  AgNav maps of the aerial seeding were completed for the project file.  Aerial seeding was monitored to ensure seed was dispersed over the target area at the specified rate.  A project inspector ensured seeding was applied over the target area during desirable weather conditions to ensure seed is evenly distributed.,"BLM monitoring personnel assess the seeding areas yearly to evaluate treatment success.  Effectiveness is based on establishment of three seeded plants per square meter rooted firmly in the soil with consideration to site selection factors such as soils, topography, native release of desirable species, and the potential for seedling establishment. Monitoring data is shared with range staff to provide comparisons with unburned reference sites.\r\n\r\nThe Sage grouse Aerial Wildlife Seeding was monitored at four locations, SPSG \u2013 01, SPSG \u2013 02, SPSG \u2013 03 and SPSL \u2013 01. \r\nMonitoring Results: \r\n2007 \u2013 Success was variable from monitoring location to monitoring location but germination rates were generally low.  At SPSG \u2013 01, Western Yarrow was recorded at low density, Basin Big Sagebrush was recorded at very low density, and Wyoming Big Sagebrush was not recorded.  At SPSG \u2013 02 no seeded species were recorded.  At SPSG \u2013 03 all seeded species were recorded at very low densities.  At SPSL \u2013 01, Western Yarrow was recorded at very low density.  Reconnaissance conducted crossing widely separated seedings of this treatment suggests some germination occurred across the treatment, but sampling suggests rates of germination and establishment were low.  Reconnaissance suggests Basin Big Sagebrush was more successful than Wyoming Big Sagebrush; densities recorded appear to confirm this. \r\n2008 \u2013 Seeded species appear to be increasing slowly at all three monitoring locations.  Success was lowest at SPSG \u2013 02, where one Wyoming Big Sagebrush seedling was recorded, up from no seeded species recorded the first year.  At SPSG \u2013 01 Western Yarrow density approached one-half plant per square meter.  SPSG \u2013 03 Basin Big Sagebrush was recorded at very low density, Wyoming Big Sagebrush at low density, and Western Yarrow at a moderate density near one-quarter plant per square meter for a total seeded species density near one-half plant per square meter. \r\n2009 \u2013 At SPSG \u2013 01 total seeded species density was moderate, exceeding one-third plant per square meter.  Western Yarrow made the greatest contribution; Basin Big Sagebrush was recorded at low density.  At SPSG \u2013 02 total seeded species density was very low, with only a few pants of Western Yarrow and Basin Big Sagebrush recorded.  At SGSP \u2013 03 only Western Yarrow was recorded, at a low-to-moderate density.  At SPSL \u2013 01 total seeded species density was low, with Western Yarrow making the greatest contribution, and only a few plants of Basin Big Sagebrush recorded.  Wyoming Big Sagebrush was not recorded at any monitoring location during the final year.  This should be evaluated cautiously because Wyoming Big Sagebrush was recorded at SPSG \u2013 03 during 2007, and at SPSG \u2013 01, \u2013 02, and \u2013 03 during 2008.   Overall, Western Yarrow was the most successful species seeded, recorded at all monitoring locations during the final year, and appearing to be well established at low densities.  Basin Big Sagebrush was more successful than Wyoming Big Sagebrush.  Wyoming Big Sagebrush appears to be difficult to establish.  The Sheep Aerial Wildlife (low elevation) Seeding was partially successful.",Polygon,Confirmed,"Digitized by BLM field office personnel, using an aircraft GPS unit",,4843.988764,4638.945546,"Though acres do not match  closeout, all have a sage grouse attribute.",,"Habitat for antelope, Habitat for mule deer, Habitat for sage grouse, Impact on Cultural Resources, Erosion, Noxious Weeds, Invasion by non-native annuals, Special Status Species, Provide cover for wildlife, Migratory Birds","The purpose of the proposed action described in the emergency stabilization and rehabilitation plans and this EA is to protect the burned area from livestock grazing, seed the burned area to stabilize the soils and prevent the establishment of annual, invasive nonnative plant and noxious weed species, allow the undamaged plant species time to reestablish, and treat the invasive nonnative plant and noxious weed species to prevent spreading.  The need for the proposed action is to stabilize and prevent unacceptable degradation to natural and cultural resources, to minimize threats to life or property resulting from the effects of the fire, to construct physical improvements necessary to prevent degradation of land or resources, and to prescribe cost effective post-fire stabilization and rehabilitation measures necessary to protect human life, property, and critical cultural and natural resources.",None,,None,,WLSM Sage Grouse,50:12:00
Model 26,Central Basin and Range,Post-burn aerial seeding,28290,10426,Implemented,Partially Successful,2,1/00/2007,1/00/2007,Acres,8997.52,Seeding,Aerial Seeding,Aerial Seeding: Rotor Wing,-1,Confirmed seed list,Aerial Wildlife Mule Deer Mix,Seeds,Confirmed on Paper,Unknown,Unknown,,"The fire killed the shrub component within the burn perimeter.  It is anticipated that the grass and forb species in these treatment areas will re-sprout or reseed naturally.  The goal of reseeding the treatment areas with shrub species will help provide cover and forage for wildlife; reduce water erosion hazards by stabilizing soils; increase the rate at which native riparian vegetation is restored; maintain a healthy, productive, and diverse plant community; and minimize the establishment of exotic annual plants.  Cumulative losses of sagebrush communities continue to impact sage grouse populations across the Great Basin.  Conversion of sagebrush stands to grasslands due to wildland fire has been a continuing trend over the last decade.  Coupled with the sagebrush die off from caused from the Aroga Moth, the rehabilitation of sagebrush communities has become a high priority on the Elko District.  Sagebrush stands must be established within the burned area to act as future seed sources to allow the stands to repopulate hundreds of square miles.  Emphasis of these rehabilitation seedings have been placed on sage grouse.  Application of sagebrush seed will target areas that had the existing vegetation community that is being seeded.  This will ensure that seeded species are being applied in areas that are suitable for establishment and will increase the successfulness of the seeding.\r\n\r\nThe primary goal is to provide cover and forage for mule deer on critical winter range. Target areas formerly supporting sagebrush, ensuring seeds are broadcast over areas suitable for establishment, to increase seeding success.  Establish one seeded shrub of half-shrub per square meter rooted firmly in soil with consideration for site selection factors of soils, topography, native release of desirable species, and potential for seeding establishment.  Stabilize soils to reduce erosion.  Maintain a healthy, productive, diverse plant community.  Minimize establishment of exotic annual plants.  Establish sagebrush stands within the burn for future seed sources.","Aerially seed approximately 6054 acres of critical with Forage Kochia and Wyoming Big Sagebrush.\r\n\r\n?\tThe third treatment area is the Mule Deer Winter Range Mix, which consists of Wyoming big sagebrush and forage kochia, which will be seeded over approximately 9,206 acres.  Treatment emphasis was placed on the most critical areas for mule deer winter range using ecological sites based on vegetation mortality, soil types, and precondition vegetation.\r\n\r\nAerial seeding will be accomplished using a helicopter and seed bucket or broadcaster.  The aerial seed will be applied when weather conditions are favorable to allow for coverage by snow or adequate moisture, and thus will be applied in late fall or early winter.",Wyoming sagebrush and Forage kochia were seeded to provide cover for Sage Grouse.\r\nThis treatment was implemented during January via helicopter through a contract agreement.  AgNav maps of the aerial seeding were completed for the project file.  A project inspector ensured seeding was applied over the target area during desirable weather conditions to ensure seed was evenly distributed at the specified rate.,"BLM monitoring personnel assess the seeding areas yearly to evaluate treatment success.  Effectiveness is based on establishment of three seeded plants per square meter rooted firmly in the soil with consideration to site selection factors such as soils, topography, native release of desirable species, and the potential for seedling establishment. Monitoring data is shared with range staff to provide comparisons with unburned reference sites.\r\n\r\nMonitoring Results:  \r\n2007 \u2013 Very little success was observed for the mule deer seedings.  Extensive reconnaissance was conducted across the mule deer seeding to locate sagebrush and Kochia germination. Accessibility problems discouraged sampling or reconnaissance in the southwest portion of the burn east of Rock Creek Canyon.  The monitoring plot (SPMD \u2013 01) sampled an area with better success than other scattered areas of the mule deer treatment, so data collected there may present a more optimistic picture of germination success than is warranted for the treatment as a whole.  No Wyoming Big Sagebrush seedlings were recorded or observed.  Forage Kochia was recorded at low density, and observed off-transect.  A dense Sandberg's Bluegrass community present at SPMD \u2013 01 may have inhibited seedling establishment, but this does not explain the general lack of success throughout the treatment.  \r\n2008 \u2013 Forage Kochia and Wyoming Big Sagebrush were neither recorded nor observed at the monitoring location.  Fluctuations should be cautiously evaluated because they may be the result of inability to precisely relocate individual quadrat frames along a paced transect. \r\n2009 \u2013 Forage Kochia was recorded at a moderate density exceeding one-third plant per square meter.  Density results for this species during 2008 appear to have been anomalous.  Forage Kochia is well established at moderate density.  Wyoming Big Sagebrush was never recorded at the monitoring location for this treatment.  This should be regarded cautiously, but it appears that Wyoming Big Sagebrush either failed to establish or established at a density too low to show up during sampling.  As stated above and elsewhere, Wyoming Big Sagebrush seems difficult to establish.  We consider the Aerial Wildlife (mule deer) seeding to be partially successful based upon a moderate rate of establishment for Forage Kochia.",Polygon,Confirmed,"Digitized by BLM field office personnel, using an aircraft GPS unit",,9022.019147,8775.130373,,,"Habitat for antelope, Habitat for mule deer, Habitat for sage grouse, Impact on Cultural Resources, Erosion, Noxious Weeds, Invasion by non-native annuals, Special Status Species, Provide cover for wildlife, Migratory Birds","The purpose of the proposed action described in the emergency stabilization and rehabilitation plans and this EA is to protect the burned area from livestock grazing, seed the burned area to stabilize the soils and prevent the establishment of annual, invasive nonnative plant and noxious weed species, allow the undamaged plant species time to reestablish, and treat the invasive nonnative plant and noxious weed species to prevent spreading.  The need for the proposed action is to stabilize and prevent unacceptable degradation to natural and cultural resources, to minimize threats to life or property resulting from the effects of the fire, to construct physical improvements necessary to prevent degradation of land or resources, and to prescribe cost effective post-fire stabilization and rehabilitation measures necessary to protect human life, property, and critical cultural and natural resources.",None,,None,,WLSM Mule Deer,35:10:00
Model 26,Central Basin and Range,Post-burn aerial seeding,28296,10426,Implemented,Partially Successful,2,1/00/2007,1/00/2007,Acres,1131.06,Seeding,Aerial Seeding,Aerial Seeding: Rotor Wing,-1,Confirmed seed list,Kochia Seeding,Seeds,Confirmed on Paper,Unknown,Unknown,,"The primary objective is to aerially seed areas that burned with moderate intensity to provide soil stabilization and reduce potential invasion of cheatgrass and other weeds.  Establish one seeded half-shrub per square meter rooted firmly in soil with consideration for site selection factors of soils, topography, native release of desirable species, and potential for seedling establishment.  Increase cover on slopes to reduce runoff, trap sediment, and improve downstream water quality.  Provide canopy cover, trap snow, and reduce evaporation from wind.   Stabilize drainage bottoms with deep-rooted perennial cover.","Aerially seed approximately 1132 acres with Forage Kochia.  \r\n\r\nAerially seed approximately 11,063 acres with forage kochia, of which 6,288 acres will be overseeded on the drill seeding area.  The other areas selected for aerial kochia stabilization seeding are areas that are inaccessible for drill seeding equipment and/or are to steep, and are highly susceptible to erosion and cheatgrass invasion.  These areas will have forage kochia flown on every other swath over a 9,550 acre area to equal 4,775 treated acres.  Aerial seeding will be accomplished using a helicopter and seed bucket or broadcaster.  The seed will be applied when weather conditions are favorable to allow for coverage by snow or adequate moisture, and thus will be applied in late fall or early winter.",This treatment was implemented during January via helicopter through a contract agreement.  AgNav maps of the aerial seeding were completed for the project file.  Aerial seeding was monitored to ensure seed was dispersed over the target area at the specified rate.  A project inspector ensured treatment met contract specifications.,"BLM monitoring personnel assess the seeding areas yearly to evaluate treatment success.  Effectiveness is based on establishment of three seeded plants per square meter rooted firmly in the soil with consideration to site selection factors such as soils, topography, native release of desirable species, and the potential for seedling establishment. Monitoring data is shared with range staff to provide comparisons with unburned reference sites.\r\n\r\nThe Sheep Aerial Kochia Stabilization Seeding was monitored at one location (SPKO \u2013 02) with a paced density transect. \r\nMonitoring Results:  \r\n2007 \u2013 Greater success where (Kochia was seeded onto a drill seeding) may be the result surface disturbance resulting in a better seedbed.  Native release appeared good but the main contributor was low-growing Sandberg\u2019s Bluegrass that survived the fire.  AT SPKO \u2013 02, Kochia was unsuccessful after the first year.  One Kochia seedling was observed off-transect, none were recorded.  SPKO \u2013 02 samples the aerial Kochia seeding where it was applied over an old Crested Wheatgrass seeding.  Low densities of establishing Kochia observed here may be attributed to drouthy conditions and to competition from well-established Crested Wheatgrass. \r\n2008 \u2013 No Forage Kochia was recorded. \r\n2009 \u2013 Forage Kochia was not recorded at SPKO \u2013 02.  Forage Kochia seedlings were observed at very low density off transect, but appeared to have declined consistently during the monitoring period.  We may consider the Sheep Aerial (Kochia) Stabilization Seeding to be partially successful, but only marginally so.  The seeded area is relatively small, and ocular reconnaissance supports the extremely low density numbers for Forage Kochia recorded at the monitoring location.  The marginal success at SPKO \u2013 02 is problematic.  The entire area near Rock Creek Ranch seems to have endured drouthy conditions from 2006 through early 2009, and apparently did not benefit from the abundant rainfall in late spring of 2009.",Polygon,Confirmed,"Digitized by BLM field office personnel, using an aircraft GPS unit",,1131.955391,1131.956462,,,"Habitat for antelope, Habitat for mule deer, Habitat for sage grouse, Impact on Cultural Resources, Erosion, Noxious Weeds, Invasion by non-native annuals, Special Status Species, Provide cover for wildlife, Migratory Birds","The purpose of the proposed action described in the emergency stabilization and rehabilitation plans and this EA is to protect the burned area from livestock grazing, seed the burned area to stabilize the soils and prevent the establishment of annual, invasive nonnative plant and noxious weed species, allow the undamaged plant species time to reestablish, and treat the invasive nonnative plant and noxious weed species to prevent spreading.  The need for the proposed action is to stabilize and prevent unacceptable degradation to natural and cultural resources, to minimize threats to life or property resulting from the effects of the fire, to construct physical improvements necessary to prevent degradation of land or resources, and to prescribe cost effective post-fire stabilization and rehabilitation measures necessary to protect human life, property, and critical cultural and natural resources.",None,,None,,"Kochia Seeding\r\n\r\n**These monitoring results show no kochia located at the site for all three years, the success was referred to other areas of the seeding. It is unknown if they are actually connected and assessed as such.",53:00:00
Model 26,Central Basin and Range,Post-burn aerial seeding,28297,10426,Implemented,Partially Successful,2,1/00/2007,1/00/2007,Acres,4225.45,Seeding,Aerial Seeding,Aerial Seeding: Rotor Wing,-1,Confirmed seed list,Aerial Kochia (Rock Creek Ranch),Seeds,Confirmed on Paper,Unknown,Unknown,,"The primary objective is to aerially seed areas that burned with moderate intensity, to provide soil stabilization and reduce potential invasion of cheatgrass and other weeds.  \r\nEstablish one seeded shrub or half-shrub per square meter rooted firmly in soil with consideration for site selection factors of soils, topography, native release of desirable species, and potential for seedling establishment.  Increase cover on slopes to reduce runoff, trap sediment, and improve downstream water quality.  Provide canopy cover, trap snow, and reduce evaporation from wind.   Stabilize drainage bottoms with deeply rooted perennial cover.","Aerially seed approximately 4225 acres with Wyoming Big Sagebrush and Forage Kochia.  \r\n\r\nAerially seed approximately 11,063 acres with forage kochia, of which 6,288 acres will be overseeded on the drill seeding area.  The other areas selected for aerial kochia stabilization seeding are areas that are inaccessible for drill seeding equipment and/or are to steep, and are highly susceptible to erosion and cheatgrass invasion.  These areas will have forage kochia flown on every other swath over a 9,550 acre area to equal 4,775 treated acres.  Aerial seeding will be accomplished using a helicopter and seed bucket or broadcaster.  The seed will be applied when weather conditions are favorable to allow for coverage by snow or adequate moisture, and thus will be applied in late fall or early winter.",This treatment was implemented during January via helicopter through a contract agreement.  AgNav maps of the aerial seeding were completed for the project file.  Aerial seeding was monitored to ensure seed was dispersed over the target area at the specified rate.  A project inspector ensured treatment met contract specifications.,"BLM monitoring personnel assess the seeding areas yearly to evaluate treatment success.  Effectiveness is based on establishment of three seeded plants per square meter rooted firmly in the soil with consideration to site selection factors such as soils, topography, native release of desirable species, and the potential for seedling establishment. Monitoring data is shared with range staff to provide comparisons with unburned reference sites.\r\n\r\nThe Sheep Aerial Wildlife (Rock Creek Ranch) Seeding was monitored at one location (SPKO \u2013 01) with a paced density transect. \r\nMonitoring Results:  \r\n2007 \u2013 Wyoming Big Sagebrush was neither observed, nor recorded.  No Kochia was recorded or observed off-transect.  SPKO \u2013 01 represents an area with very little native release and heavy concentrations of cheatgrass.  Conditions at this location appear to have been drouthy during the 2007 growing season.  Competition from cheatgrass may also have retarded both native release and Kochia establishment. \r\n2008 \u2013 Wyoming Big Sagebrush was neither observed, nor recorded.  SPKO \u2013 01 is extremely depauperate of vegetation, with shallow soil mostly dominated by annuals and with few (mostly decadent) perennials: no Forage Kochia was recorded or observed. \r\n2009 \u2013 Wyoming Big Sagebrush was neither observed, nor recorded.  Forage Kochia was recorded at very low density (one plant was encountered) at SPKO \u2013 01.  Success of the Sheep Aerial Wildlife (Rock Creek Ranch) Seeding was marginal.  Ocular reconnaissance supports conclusions of very low levels of success for this seeding revealed at the monitoring location.  Ocular reconnaissance in this area is reliable because of the low levels of cover provided by the stunted annuals that dominate.  The entire area seems to have endured drouthy conditions from 2006 through early 2009, and apparently scarcely benefited from the abundant late spring rainfall of 2009.  The recorded presence of one seedling of Kochia during the final year is promising:  Seeded species may remain viable in the seed bank and may germinate and establish in the future with continued favorable precipitation patterns.",Polygon,Confirmed,"Digitized by BLM field office personnel, using an aircraft GPS unit",,4227.56298,4134.511175,,,"Habitat for antelope, Habitat for mule deer, Habitat for sage grouse, Impact on Cultural Resources, Erosion, Noxious Weeds, Invasion by non-native annuals, Special Status Species, Provide cover for wildlife, Migratory Birds","The purpose of the proposed action described in the emergency stabilization and rehabilitation plans and this EA is to protect the burned area from livestock grazing, seed the burned area to stabilize the soils and prevent the establishment of annual, invasive nonnative plant and noxious weed species, allow the undamaged plant species time to reestablish, and treat the invasive nonnative plant and noxious weed species to prevent spreading.  The need for the proposed action is to stabilize and prevent unacceptable degradation to natural and cultural resources, to minimize threats to life or property resulting from the effects of the fire, to construct physical improvements necessary to prevent degradation of land or resources, and to prescribe cost effective post-fire stabilization and rehabilitation measures necessary to protect human life, property, and critical cultural and natural resources.",None,,None,,,13:11:00
Model 26,Central Basin and Range,Post-burn aerial seeding,29391,10847,Implemented,None,2,12/1/2003,12/2/2003,Acres,400,Seeding,Aerial Seeding,Aerial Seeding,-1,Confirmed seed list,,Seeds,Confirmed on Paper,Unknown,Species Specific,,,The area would then be drill seeded with a mixture as follows: 2 lbs. Per acre Hycrest Wheatgrass; 2 lbs. per acre Streambank Wheatgrass; 1 lb. per acre Squirreltail; and 1 lb. per acre Indian Ricegrass and .5 lb. per acre Forage Kochia.,,,Polygon,Confirmed,"Digitized by BLM field office personnel, method unknown",,4852.771702,4821.448907,,,"Invasion by Non-native Annuals, Invasion by Cheatgrass, Loss of Vegetation, Loss of Perennials, Fire Hazard","Currently, in the semiarid lands of the western states, we are experiencing a widespread increase\r\nin the number of acres that are being converted from its native state (ie. Salt Desert shrub) to\r\nCheat grass. This conversion displaces more productive and diverse native vegetation. Cheat\r\ngrass (Bromus tectorum) is an annual brome grass that was introduced to the western states\r\ntoward the end of the settlement of the west. This exotic annual grass comes from the Russian\r\nSteppe area. It provides the fine fuels base that allows wildland fires to carry through this shrub\r\ntype, which in its pre-settlement state would not have carried fire. The associated pattern of ever\r\nmore frequent wildfires has also had a heavy impact on the size of these fires because they spread\r\ninto adjacent vegetation types making suppression efforts much more difficult. As a result, fire\r\nsuppression costs in the Desert shrub areas has increased greatly. In an effort to significantly\r\nreduce these costs, the Salt Lake Field Office is initiating an aggressive Fuel Break/Green\r\nStripping and vegetation treatment project. This would involve establishing a grid of less\r\nflammable vegetation strips 300&$ wide throughout these areas to break up the fuels which will\r\nreduce the size and complexity of these fires. As a result, the annual costs associated with fire\r\nsuppression will be reduced. The area designated in this proposed action is part of this project.",None,,None,,"There are documents in the treatment description claiming this seeding was an aerial seeding, but it also shows other seedings. It''s unclear if aerial seeding is the only seeding treatment.",00:57:00
Model 26,Central Basin and Range,Post-burn aerial seeding,29822,10994,Implemented,Unknown,1,00/00/1974,00/00/1975,Acres,330,Seeding,Aerial Seeding,Aerial Seeding,-1,Confirmed seed list,Spanish Gorge Aerial Mix,Seeds,Confirmed on Paper,Unknown,Species Specific,"The seed mix did not indicate whether bulk or PLS rates were used, therefore, unknown has been listed and all seed mix information has been entered into the Bulk category.",A.  The erosion hazard is now severe with no ground cover.  One rain storm has resulted in a significant amount of overland flow.  The site is presently susceptible to both damage from wind and water erosion.\r\n  B.  The burn will lower water quality and increase sedimentation downstream.\r\n  C.  The burn has presently eliminated 600 acres of national resource lands for wildlife habitat and forage production.  Without rehabilitation future desirability of this for wildlife habitat and forage production is questionable.,"Aerial seeding is recommended with a seeding mixture of 10 lbs/acre: 5 pounds crested wheatgrass, 2 pounds intermediate wheatgrass, 2 pounds yellow sweet clover, and 1 pound small burnet.",RIPS document indicates the seeding was fully implemented.,,Polygon,Confirmed,Digitized by LTDL data entry personnel using a confirmed map,4/23/2012,406.0305648,403.2101536,,,"Forest health, Erosion, Watershed degradation, Loss of vegetation, Habitat for wildlife, Provide forage for wildlife, Provide forage for livestock","It is recommended that aerial seeding be used to rehabilitate this burn.  The chaining or reseeding alternative would be more costly.  The only advantage would be the seed covering benefit of the second chaining.  Ground broadcasting would require hiring manpower and of course would take longer to complete then area seeding.  Aerial seeding could be accomplished with existing manpower and very limited changes in the existing AWP.  \r\n   Without rehabilitation the site is susceptible to accelerated erosion, and would probably be invaded in future years by big rabbitbrush, snakeweed and other less desirable species.\r\n   A.  The erosion hazard is now severe with no ground cover.  One rain storm has resulted in a significant amount of overland flow.  The site is presently susceptible to both damage from wind and water erosion.\r\n  B.  The burn will lower water quality and increase sedimentation downstream.\r\n  C.  The burn has presently eliminated 600 acres of national resource lands for wildlife habitat and forage production.  Without rehabilitation future desirability of this for wildlife habitat and forage production is questionable.",None,,None,,,34:48:00
Model 26,Central Basin and Range,Post-burn aerial seeding,29843,11005,Implemented,See Comments,2,2/00/2002,2/00/2002,Acres,30250,Seeding,Aerial Seeding,Aerial Seeding,-1,Planned seed list,Aerial A,Seeds,Plan,Unknown,Species Specific,,"Portions will be rehabilitated using a seed mixture of native and naturalized plant species (introduced grasses, forbs, and shrubs which already occur in a self-sustaining wild state).Seedings would not be conducted in areas that have potential for natural recovery or areas that are unsuited for treatments.",,35415 acres Aerial Seeding @ $5.00/acre,"None of the five transect locations met cover objectives by year 2 (See table I.).\r\nSeveral seeded species (KOPR, POAM, AGSP, ELCI and AGCR) represented,\r\nparticularly at higher (more mesic) sites, but extremely scattered, with some\r\nrepresentation in transects at the end of two years of monitoring (See table 2). Cheatgrass\r\ndominated many lower sites, restricting the growth of drill seeded species and native\r\nvegetation. Poor showing for aerial seeding at all aerial seed locations except one\r\n1 Carryover requests for FY03 Emergency Stabilization Plans will be considered. Carryover requests for\r\nFY01 & 02 Plans are limited to monitoring funds only. No requests for FY00 and earlier Plans will be\r\nconsidered.\r\n(Pleasant Valley Allot. Transect #3). The majority of the burned area remains closed to\r\nallow upward cover trends to continue.",Polygon,Confirmed,"Digitized by BLM field office personnel, method unknown",,29936.38549,29141.05877,,,"Loss of vegetation, Erosion, Rangeland health","Implementation of the plan will allow proper rehabilitation of the public lands which burned during the Spaulding Fire on August 12,2001.",None,,None,,,29:27:00
Model 26,Central Basin and Range,Post-burn aerial seeding,30072,11099,Implemented,Successful,1,10/00/2004,3/00/2005,Acres,8897,Seeding,Aerial Seeding,Aerial Seeding,-1,Planned seed list,Upper Elevation Mix,Seeds,Plan,Within Treatment,Species Specific,,Mix and apply seed at an even rate over the burned area at a rate of 11.0 pounds per acre using\r\nfixed wing aircraft. Lower elevation seed would be covered mechanically by chaining.,Seed mixing and aerial seeding were monitored using qualified PI's,Seed was applied evenly across the treatment area per contract specifications. \r\nHeavy rains and air turbulence prevented a timely completion of aerial seeding and caused some seed to be washed away and covered with heavy deposits of sediment. Delayed completion of cultural contracts prevented about half the planned chaining area to be completed. We found it necessary to have \r\nexperienced PI's on the ground during chaining to ensure protection of archaeological sites and to resolve any issues that may arise.,": PI's assured that contract specifications were met for all contracts.\r\nIn areas with heavy cheatgrass competition, seeded species establishment is spotty. As\r\nyou move into the upper elevations and areas less dominated by cheatgrass, seeded species establishment is\r\nvery successful with approximately 70 percent of the fire in this category. Observations also indicate that seeded\r\nspecies establishment is better in the chained area as compared to adjacent unchained areas. It is very\r\napparent that the seeding has helped slow soil erosion during the heavy rains that occurred during the spring and\r\nsummer of 2005. Wheatgrass show poor establishment on the lower elevation sites. Forage Kochia and Flax\r\ndid well in establishment. Rodents destroyed grasses by removal of root material in sandy area (T-2).\r\nThe seeding has helped slow soil erosion.\r\nWheatgrass establishment on the lower elevation sites is poor. In sandy areas rodent have damaged grasses by\r\nremoval of root material during the heavy rains. Seeded species establishment is better in the chained area as\r\ncompared to adjacent unchained areas. Seeded species establishment is very successful in upper elevations of\r\nthe treatment area.",Polygon,Confirmed,"Digitized by BLM field office personnel, method unknown",,9615.278753,8944.707767,,,"Erosion, Habitat for wildlife, Invasion by Cheatgrass, Invasion by non-native annuals, Provide forage for livestock",1.  Loss of soil resulting from increased wind and water erosion.\r\n2.  Invasion of cheatgrass and noxious weeds into the burned area will increase the likelihood of wildfire re-occurring.\r\n3.  Loss of livestock forage and grazing on Public lands for two growing seasons.\r\n4.  Wildlife may be forced to inhabit areas outside the burn due to the loss of vegetation and habitat cover.\r\n6.  Chaining to cover seed may negatively impact cultural sites.,None,,None,,This treatment used the upper elevation mix.,39:11:00
Model 26,Central Basin and Range,Post-burn aerial seeding,30077,11099,Implemented,Successful,1,10/00/2004,3/00/2005,Acres,6287,Seeding,Aerial Seeding,Aerial Seeding,-1,Planned seed list,Lower Elevation Mix,Seeds,Plan,Within Treatment,Species Specific,,Mix and apply seed at an even rate over the burned area at a rate of 11.0 pounds per acre using\r\nfixed wing aircraft. Lower elevation seed would be covered mechanically by chaining.,Seed mixing and aerial seeding were monitored using qualified PI's,Seed was applied evenly across the treatment area per contract specifications. \r\nHeavy rains and air turbulence prevented a timely completion of aerial seeding and caused some seed to be washed away and covered with heavy deposits of sediment. Delayed completion of cultural contracts prevented about half the planned chaining area to be completed. We found it necessary to have \r\nexperienced PI's on the ground during chaining to ensure protection of archaeological sites and to resolve any issues that may arise.,": PI's assured that contract specifications were met for all contracts.\r\n: PI's assured that contract specifications were met for all contracts.\r\nIn areas with heavy cheatgrass competition, seeded species establishment is spotty. As\r\nyou move into the upper elevations and areas less dominated by cheatgrass, seeded species establishment is\r\nvery successful with approximately 70 percent of the fire in this category. Observations also indicate that seeded\r\nspecies establishment is better in the chained area as compared to adjacent unchained areas. It is very\r\napparent that the seeding has helped slow soil erosion during the heavy rains that occurred during the spring and\r\nsummer of 2005. Wheatgrass show poor establishment on the lower elevation sites. Forage Kochia and Flax\r\ndid well in establishment. Rodents destroyed grasses by removal of root material in sandy area (T-2).\r\nThe seeding has helped slow soil erosion.\r\nWheatgrass establishment on the lower elevation sites is poor. In sandy areas rodent have damaged grasses by\r\nremoval of root material during the heavy rains. Seeded species establishment is better in the chained area as\r\ncompared to adjacent unchained areas. Seeded species establishment is very successful in upper elevations of\r\nthe treatment area.",Polygon,Confirmed,"Digitized by BLM field office personnel, method unknown",,6743.598933,6206.24209,,,"Erosion, Habitat for wildlife, Invasion by Cheatgrass, Invasion by non-native annuals, Provide forage for livestock",1.  Loss of soil resulting from increased wind and water erosion.\r\n2.  Invasion of cheatgrass and noxious weeds into the burned area will increase the likelihood of wildfire re-occurring.\r\n3.  Loss of livestock forage and grazing on Public lands for two growing seasons.\r\n4.  Wildlife may be forced to inhabit areas outside the burn due to the loss of vegetation and habitat cover.\r\n6.  Chaining to cover seed may negatively impact cultural sites.,None,,None,,This treatment used the Low Elevation mix.,51:04:00
Model 26,Central Basin and Range,Post-burn aerial seeding,30128,11122,Implemented,Unknown,2,1/11/2002,1/14/2002,Acres,7630,Seeding,Aerial Seeding,Aerial Seeding,-1,Confirmed seed list,The Range-Wildlife Aerial Seed Mix (Range only),Seeds,Confirmed on Paper,Unknown,Species Specific,"Entry Note: This treatment and Seed list will contain only Range Seedings, Wildlife Seed list and appropriate GIS file which also covers this area is in Treatment # 5 as not to duplicate the amount of Wildlife seeds applied to area.",The purpose of the seeding is to provide forage for livestock and wildlife. This fire burned in year-long range for mule deer and pronghorn antelope. Seeding this area would also reduce the potential for the invasion of non-native invasive weed species.,"Approximately 7,688 acres would be aerially seeded within the Stag Mountain Fire perimeter. When possible, seed would be broadcast on snow to aid in germination and reduce seed consumption by rodents and birds. \r\nAerial seeding is only proposed on 2 of the 3 allotments affected by this fire. The proposed treatment area would be seeded with Idaho Fescue and Secar Snake River Wheatgrass.\r\nDeeth: 3,998\r\nDevils Gate: 3,690","Between 1/11/2002 and 1/14/2002, the range and wildlife aerial seeding on the Stag Fire was completed.\r\nFor the range aerial seeding project, Maps 1 and 2 show what was proposed and what was actually completed on the Stag Fire.\r\nThe range portion of the project area was also going to be aerially seeded with the wildlife mix. The seed mixture was  combined to avoid flying the same area twice; hence, we named it the range-wildlife aerial seed mix.\r\nFull coverage was completed with the range-wildlife seed mix.\r\nAll of the seed for the range/wildlife and wildlife seed mixes was treated with Germ-n-8.\r\n\r\nThe Range-Wildlife Aerial Seed Mix was comprised of:\r\nSecar Bluebunch Wheatgrass\r\nCritana Thickspike Wheatgrass\r\nMagnar Basin Wildrye\r\nIdaho Fescue\r\nWyoming Sagebrush\r\nBasin Big Sagebrush\r\n\r\nAbout 58 acres were aerially seeded with bitterbrush as a test plot. Refer to Map 4 for location.\r\nAbout 308 acres of range-wildlife were seeded at 7.5 lbs../ac. versus the 14.5 lbs../ac. Refer to Map 4 for location.\r\n\r\nThere was not enough bitterbrush seed available to do the dribbling during the fall/winter of 2001. Therefore, the area will be monitored during 2002 to determine the amount of native release and whether the dribbling is still necessary.","2002\r\n: The monitoring results for DGWR showed 0.92 (Secar) and 0.04 (ARTR) per square meter.\r\n\r\n2003\r\nDGWR Aerial Wildlife Range Seeding \r\nSeeded species per square meter: Bluebunch wheatgrass-1.36, Wyoming big sagebrush-0.18 \r\nNative Release species per sq. meter: Sandberg\u2019s bluegrass.-1.30, Stipas-2.86, Western wheatgrass-1.52, Basin wild rye-0.18  There were also numerous forbs present.\r\nSTRW Aerial Wildlife Range Seeding \r\nSeeded species per square meter: Bluebunch wheatgrass-0.60, Wyoming big sagebrush-0\r\nNative Release species per sq. meter: Sandberg\u2019s bluegrass.-8.48, Indian ricegrass-0.12, Stipas-0.16, Bottlebrush squirreltail-0.92, Nevada bluegrass-0.12  There were also numerous forbs present.\r\n\r\n2004\r\nDGWR Aerial Wildlife Range Seeding \r\nSeeded species per square meter: Bluebunch wheatgrass-2.00, Wyoming big sagebrush-0.12\r\nNative Release species per sq. meter: Sandberg\u2019s bluegrass.-0.50, Stipas-2.60, Intermediate wheatgrass-1.30, Basin wild rye-0.0.22  There were also numerous forbs present.\r\nSTRW Aerial Wildlife Range Seeding \r\nSeeded species per square meter: Bluebunch wheatgrass-1.04, Wyoming big sagebrush-0.12.\r\nNative Release species per sq. meter: Sandberg\u2019s bluegrass.-6.80, Basin wild rye-0.16, Indian ricegrass-0.08, Bottlebrush squirreltail-1.56, Nevada bluegrass-0.08.  There were also numerous forbs present.",Polygon,Confirmed,"Digitized by BLM field office personnel, using an aircraft GPS unit",,7124.326672,3929.021022,,,"Habitat for antelope, Habitat for mule deer, Erosion, Habitat for wildlife, Habitat for sage grouse, Invasion by Cheatgrass, Loss of riparian vegetation, Migratory Birds, Noxious Weeds, Provide forage for livestock, Provide forage for wildlife","Implementation of the proposed action described in the NFRP Supplement EA for the Stag Mountain Fire will protect soils in the burned area, including preventing potential loss of soil due to wind and water erosion&* will reduce potential invasion and establishment of noxious weeds and cheatgrass&* will provide quality forage for livestock and wildlife&* and will facilitate meeting established standards and guidelines for livestock grazing.",None,,None,,"Entry Note: This treatment and seed list will contain only range seedings and appropriate GIS file. This treatment was flown with the wildlife seed treatment (#5) at the same time, although the shapes overlap. Seed mixes and overall shape are kept separate.",15:42:00
Model 26,Central Basin and Range,Post-burn aerial seeding,30129,11122,Implemented,Unknown,2,1/11/2002,1/14/2002,Acres,9359,Seeding,Aerial Seeding,Aerial Seeding,-1,Confirmed seed list,Aerial Wildlife Seeding,Seeds,Confirmed on Paper,Unknown,Species Specific,"Although the seed mixes were flown together, the seedings are kept separate in order to keep seed rates accurate.","The purpose of the seeding is to provide forage for livestock and wildlife. This fire burned in year-long range for mule deer and pronghorn antelope and sage grouse habitat. This seeding would also provide nesting, summer/early brood-rearing, and winter habitat for sage grouse. Seeding this area would also reduce the potential for the invasion of non-native invasive weed species.","Approximately 11,322 acres would be aerially seeded within the Stag Mountain Fire perimeter. When possible, seed would be broadcast on snow to aid in germination and reduce seed consumption by rodents and birds. Wildlife aerial seeding is proposed in all 3 allotments that were affected by this fire.","Between 1/11/2002 and 1/14/2002, the range and wildlife aerial seeding on the Stag Fire was completed.\r\nAII of the wildlife aerial seeding acres were within the Deeth Allotment. The range-wildlife aerial seeding acres were in the Deeth Allotment (3,850 acres) and Devils Gate Allotment (3,780 acres).\r\nFor the wildlife aerial seeding project, Maps 3 and 4 also show what was proposed and what was actually completed. The range portion of the project area was also going to be aerially seeded with the wildlife mix. The seed mixture was combined\r\nto avoid flying the same area twice; hence, we named it the range-wildlife aerial seed mix.\r\nFull coverage was completed with the range-wildlife seed mix. Every other swath was\r\ncompleted for the wildlife seed mix.\r\nThe Wildlife Aerial Seed Mix was comprised of:\r\nWyoming Sagebrush\r\nBasin Big Sagebrush\r\n\r\nThe drill seeding area was proposed to be over-seeded with the wildlife seed mix. However, when the shape files were completed, this area was inadvertently left out and was not overseeded. This resulted in slight change of acres of what was proposed and actually completed.","2002:\r\n: The monitoring results for DGWR showed 0.92 (Secar) and 0.04 (ARTR) per square meter.\r\n: The monitoring results for SMWI showed 0.40 (ARTR) per square meter.\r\n2003\r\nDGWR Aerial Wildlife Range Seeding \r\nSeeded species per square meter: Bluebunch wheatgrass-1.36, Wyoming big sagebrush-0.18 \r\nNative Release species per sq. meter: Sandberg\u2019s bluegrass.-1.30, Stipas-2.86, Western wheatgrass-1.52, Basin wild rye-0.18  There were also numerous forbs present.\r\nSMWI Aerial Wildlife Seeding \r\nSeeded species per square meter: Wyoming big sagebrush-0.34\r\nNative Release species per sq. meter: Sandberg\u2019s bluegrass.-6.94, Bluebunch wheatgrass-1.20,  Idaho fescue-6.34, Thurber\u2019s needlegrass-2.22, Thickspike wheatgrass-16.58, Basin wild rye-0.22, Bottlebrush squirreltail-0.74, Carex-24.18, Indian ricegrass-0.14, bitterbrush-0.04  There were also numerous forbs and shrubs present.\r\nSGWL Aerial Wildlife Seeding \r\nSeeded species per square meter: Wyoming big sagebrush-0.04\r\nNative Release species per sq. meter: Sandberg\u2019s bluegrass.-10.70, Bluebunch wheatgrass-3.98,  Idaho fescue-0.32, Thurber\u2019s needlegrass-0.60, Thickspike wheatgrass-4.80, Basin wild rye-0.74, Bottlebrush squirreltail-0.36, Stipas-0.60, Indian ricegrass-0.10, bitterbrush-0.04  There were also numerous forbs and shrubs present.\r\nSTRW Aerial Wildlife Range Seeding \r\nSeeded species per square meter: Bluebunch wheatgrass-0.60, Wyoming big sagebrush-0\r\nNative Release species per sq. meter: Sandberg\u2019s bluegrass.-8.48, Indian ricegrass-0.12, Stipas-0.16, Bottlebrush squirreltail-0.92, Nevada bluegrass-0.12  There were also numerous forbs present.\r\n\r\n2004\r\nDGWR Aerial Wildlife Range Seeding \r\nSeeded species per square meter: Bluebunch wheatgrass-2.00, Wyoming big sagebrush-0.12. \r\nNative Release species per sq. meter: Sandberg\u2019s bluegrass.-0.50, Stipas-2.60, Intermediate wheatgrass-1.30, Basin wild rye-0.0.22  There were also numerous forbs present.\r\nSMWI Aerial Wildlife Seeding \r\nSeeded species per square meter: Wyoming big sagebrush-0.60.\r\nNative Release species per sq. meter: Sandberg\u2019s bluegrass.-6.98, Bluebunch wheatgrass-0.02,  Idaho fescue-0.06, Stipas-1.74, Thickspike wheatgrass-29.74, Basin wild rye-0.16, Bottlebrush squirreltail-0.56, Carex-3.38, Indian ricegrass-0.12, bitterbrush-0.06.  There were also numerous forbs and shrubs present.\r\nSGWL Aerial Wildlife Seeding \r\nSeeded species per square meter: Wyoming big sagebrush-0.24.\r\nNative Release species per sq. meter: Sandberg\u2019s bluegrass.-7.00, Bluebunch wheatgrass-0.92,  Idaho fescue-0.20, Thurber\u2019s needlegrass-0.32, Thickspike wheatgrass-2.20, Basin wild rye-0.04, Bottlebrush squirreltail-0.76, Stipas-1.28, bitterbrush-0.04  There were also numerous forbs and shrubs present.\r\nSTRW Aerial Wildlife Range Seeding \r\nSeeded species per square meter: Bluebunch wheatgrass-1.04, Wyoming big sagebrush-0.12.\r\nNative Release species per sq. meter: Sandberg\u2019s bluegrass.-6.80, Basin wild rye-0.16, Indian ricegrass-0.08, Bottlebrush squirreltail-1.56, Nevada bluegrass-0.08.  There were also numerous forbs present.",Polygon,Confirmed,"Digitized by BLM field office personnel, using an aircraft GPS unit",,8804.953677,5598.433255,,,"Habitat for antelope, Habitat for mule deer, Erosion, Habitat for wildlife, Habitat for sage grouse, Invasion by Cheatgrass, Loss of riparian vegetation, Migratory Birds, Noxious Weeds, Provide forage for livestock, Provide forage for wildlife","Implementation of the proposed action described in the NFRP Supplement EA for the Stag Mountain Fire will protect soils in the burned area, including preventing potential loss of soil due to wind and water erosion&* will reduce potential invasion and establishment of noxious weeds and cheatgrass&* will provide quality forage for livestock and wildlife&* and will facilitate meeting established standards and guidelines for livestock grazing.",None,,None,,"Entry Note: This treatment and seed list will contain only wildlife seedings and appropriate GIS file. This treatment was flown with the range seed treatment (#4) at the same time, although the shapes overlap. Seed mixes and overall shape are kept separate.",33:01:00
Model 26,Central Basin and Range,Post-burn aerial seeding,30292,11179,Implemented,See Comments,2,3/12/2014,3/12/2014,Acres,3012,Seeding,Aerial Seeding,Aerial Seeding: Rotor Wing,-1,Confirmed seed list,Aerial Seeding,Seeds,Confirmed in Field,Unknown,Overall,,"The fire removed existing shrubs that were dominant on the site which served as general habitat for sage-grouse as well as sharp-tail grouse. The area is also mule deer winter range, which contains one of the highest winter populations of mule deer in SE Idaho. Previous fires that have affected the surrounding areas (which were not seeded or planted with sagebrush), continue to lack sagebrush cover. The area that burned had sagebrush at sufficient levels to be considered good S.G. habitat. The loss of this habitat further reduces the overall quality and quantity of the identified general S.G. habitat within the area.","This will be a cooperative treatment with IDFG to aerial seed 1200 acres with sagebrush within designated sage grouse habitat that burned as a result of the fire. Seeding sagebrush will reducing the recovery time for the shrubs, which will in turn stabilize the loss of suitable S.G. habitat. Idaho Fish and Game have pledged to contribute money to be used toward application and or seed costs associated with this treatment. Distribution of seed will occur using aircraft to apply seed over uneven terrain. Criteria for the selection of treatment areas will include: deeper soil types, upper portions of ridgelines to allow for future seed dispersal, site were prevailing winds could help future seed dispersal. Seeding will occur in the late fall or early winter with snow on the ground to take advantage of winter and spring moisture.","The Idaho Fish and Game Department contributed $10,000 to this project allowing the project area to increase from 1,200 acres to 3,012 acres. A solicitation for the aerial application for sagebrush seed was let on 2/3/2014. On March 12, 2014, Thomas Helicopters seeded 3,012 acres with Mountain Big Sagebrush seed at a rate of 0.5 lbs. /acre. 10 monitoring sites were established at the time of the seeding.","In March 2014, 10 monitoring plots were established as seed was applied to the hillside. Prior to the application of the seed, 1 meter hoops with white fabric were placed throughout the application area. Following the application of seed the hoops were visually checked for the presence of sagebrush seed. If seed was evident, a plot was established. In August of 2014, all 10 monitoring sites were sampled using a 100ft by 6ft belt transect. According to the monitoring the treatment produced 15 sagebrush seedlings per acre, this is below the objective of 225 sagebrush seedlings per acre therefore the objective has not been achieved to date. Even though few seedlings were encountered within the plots during the 2014 monitoring season, it was noted that seedling were present within the plot vicinity.\r\n\r\nIn July of 2015 all 10 monitoring sites established in 2014 were\r\nresampled. An additional 7 plots were installed in 2015.\r\n\r\nIn 2015, all ten monitoring sites were revisited. An additional, four plots were installed within\r\nthe treatment area and three plots were installed outside of the treatment area (No Treatment).\r\nThe treatment area had an average of 16 sagebrush shrubs per acre while no sagebrush seedlings\r\nwere recorded within the No Treatment area. Though there was a slight increase in the number\r\nof seedlings recoded within the treatment area, it is still below the objective of 225 seedlings per\r\nacre.\r\nIn 2016, the original 10 plots were resampled. Only one plot had any recorded sagebrush\r\nseedlings. When all transects were averaged together, a total of 22 seedings per acre was\r\ncalculated. This is well below the objective of 225 seedlings per acre. However, six new control\r\nplots were established in 2016 in areas where no sagebrush seed was aerially applied. No\r\nsagebrush seedlings were recorded at any of the control sites. Despite the fact that the treatment\r\nfailed to meet the set objective it is evident from the control plots (nine in total between 2015 and\r\n2016) that the application of sagebrush seed did increase the number of sagebrush seedlings\r\nwithin the area which will become mother plants to future sagebrush establishment.",Polygon,Confirmed,"Digitized by BLM field office personnel, method unknown",,3013.42,3013.42,,Contractor,"Cover for wildlife, Erosion, Establishment of seeded species, Habitat for mule deer, Habitat for sage grouse, Habitat for sharptail grouse, Habitat quality, Invasive species, Loss of desirable species, Loss of sagebrush, Native seedbank degradation","1) The ID team assessment of the fire determined that the potential for erosion and/or increased water flows out of the burned drainages (watersheds) were of concern. There are several large drainages that potentially could carry water and sediment onto existing roads. Several reservoirs could be dug deeper to catch potential increased runoff and sediment\r\nreducing the potential damage to the road system. The existing road may need culverts cleaned and additional water bars/dips installed to handle the increased runoff. An Isolated heavy rain event occurred following the fire in September that caused ash and sediment to flow out of a burned side drainage emptying into North Drainage (a main road access to the\r\narea) filling a livestock watering reservoir with sediment and overflowing it causing debris to deposit on the road way. It is expected that additional drainages will flow sediment onto roads as snow melts in the spring.\r\n\r\n2) The fire occurred within mule deer winter range and Sage Grouse general habitat. There was high consumption of sagebrush within the burn area. This plan requests money to reestablish sagebrush through aerial seeding and possibly seedling planting in the future.\r\n\r\n3) A high traffic trail & road system occurs within the burned area. The Samaria mountains draws recreationists from Utah and Idaho for wood cutting, hunting and other outdoor recreation. Due to its high use and current lack of vegetation, the potential for new pioneered trails along ridgelines and drainage bottoms is a high concern. Road closures are\r\nneeded to control cross country use through the burned area until vegetation has a chance to re-establish. The main road system will be closed until next year, at which time the main road may be opened. Following the opening of the main road this plan requests steel jack fencing to be installed in strategic places to close side trails and keep recreationists on open routes.\r\n\r\n4) New infestations and expansion of existing weed populations is a high concern within the burn area. New infestations are expected to occur within the burn near existing trails and within the burn from seeds blown in from adjacent weed infestations. Monitoring and treatment of new infestations has been made part of this plan.\r\n\r\n5) Approximately 800 acres of BLM designated commercial timber stands were severely burned within the fire perimeter. Approximately 300 ac are proposed for replanting (where it is expected that natural regeneration will not occur due to the burn severity) to help stabilize the soil, and provide important cover for deer and elk. This will require approximately\r\n60,000 seedlings to plant 200 trees/acres.\r\n\r\n6) The majority of the Samaria Grazing allotment was burned. There are several stock water pipelines and pasture fence lines that were burned by the fire. These improvements are critical for livestock grazing management within the allotment.",None,,None,,,04:05:00
Model 26,Central Basin and Range,Post-burn aerial seeding,30882,11383,Implemented,Partially Successful,2,12/00/2006,12/00/2006,Acres,5044.22,Seeding,Aerial Seeding,Aerial Seeding: Fixed Wing,-1,Confirmed seed list,Aerial Wildlife (Antelope),Seeds,Confirmed on Paper,Unknown,Unknown,"Confirmed species, planned rates","The primary goal is to help provide cover and forage for antelope on burned crucial winter range.  Goals also include reducing water erosion by stabilizing soils, maintaining a healthy, productive, and diverse plant community, and minimizing establishment of exotic annual plants.  Establish three seeded plants per square meter rooted firmly in soil with consideration for site selection factors of soils, topography, native release of desirable species, and potential for seedling establishment.","Aerially seed approximately 5,044 acres of crucial antelope winter range with Basin Big Sagebrush, Wyoming Big Sagebrush, Forage Kochia, \u201cLadak\u201d Alfalfa, and Western Yarrow.  \r\n\r\nAerially seed approximately 11,500 acres of crucial mule deer and pronghorn antelope winter range with Wyoming big sagebrush, Basin big sagebrush, and western yarrow.  Aerially seed approximately 5,349 acres of mule deer and pronghorn antelope intermediate range and migration corridors with Wyoming big sagebrush, Basin big sagebrush and western yarrow.",The aerial wildlife seeding was completed in December via fixed wing aircraft through a rental agreement.  The ground crew consisted of BLM helitack and a project inspector.  AgNav maps of the aerial seeding were completed for the project file.  Aerial seeding was monitored to ensure seed was dispersed over the target area at the specified rate.  The project inspector ensured treatment met contract specifications.,"The Susie Aerial Wildlife (antelope crucial winter range) Seeding was monitored with a paced density transect at one location near the western margin of the burn (SUWL \u2013 01). \r\nMonitoring results:\r\n2007 \u2013 Seeded species were not recorded. \r\n2008 \u2013 Forage Kochia was recorded at very low density (two plants were counted.).  \r\n2009 \u2013 Basin Big Sagebrush was recorded at very low density (one plant was recorded.)   The Susie Aerial Wildlife (antelope crucial winter range) Seeding was only marginally successful at the monitoring location.  The monitoring transect began on a ridgecrest spur shoulder and proceeded up the ridgecrest, remaining on a windblown, convex, water-shedding surface.  Ocular reconnaissance was conducted late in the final monitoring season near the transect but on a toeslope in a concave, water-receiving area.  Wyoming Big Sagebrush was positively identified at very low density, and photographically documented.  Forage Kochia was observed at moderate density, and was well-established.  Mature plants showed evidence of browsing.  Based on this, we should consider the Susie Aerial Wildlife (Antelope) Seeding partially successful: apparently, seeds were re-distributed away from exposed surfaces by wind or water subsequent to broadcast application.",Polygon,Confirmed,"Digitized by BLM field office personnel, using an aircraft GPS unit",,5047.551689,4198.104732,,BLM and Cooperators,"Erosion, Habitat for sage grouse, Livestock in treated area, Loss of Perenials, Noxious Weeds, Habitat for antelope, Habitat for mule deer, Habitat for wildlife, Invasion by non-native annuals, Special Status Species, Watershed degradation","The purpose of the proposed action described in the emergency stabilization and rehabilitation plans and this EA is to:  protect the burned area from livestock grazing&* stabilize watersheds and upland soils to prevent further degradation to affected resources on lands within the fire perimeter or downstream drainages that may result from short duration, high intensity precipitation events&* reduce the potential for establishment of annual, invasive nonnative plant and noxious weed species&* allow the undamaged plant species time to reestablish&* treat the invasive nonnative plant and noxious weed species to prevent spreading&* and help provide forage, cover, and habitat for wildlife, including but not limited to, BLM designated special status species, migratory birds, fish, mule deer, pronghorn antelope, and sage grouse.  The need for the proposed action is to: stabilize and prevent unacceptable degradation to natural and cultural resources&* minimize threats to life or property resulting from the effects of the fire&* construct physical improvements necessary to prevent degradation of land or resources&* and prescribe cost effective post-fire stabilization and rehabilitation measures necessary to protect human life, property, and critical cultural and natural resources.",None,,None,,Aerial Wildlife (Antelope),44:20:00
Model 26,Central Basin and Range,Post-burn aerial seeding,30883,11383,Implemented,Partially Successful,2,12/00/2006,12/00/2006,Acres,5571.37,Seeding,Aerial Seeding,Aerial Seeding: Fixed Wing,-1,Confirmed seed list,Aerial Wildlife (mule deer),Seeds,Confirmed on Paper,Unknown,Unknown,,"The primary goal is to help provide cover and forage for mule deer on burned crucial winter range.  Goals also include reducing water erosion by stabilizing soils, maintaining a healthy, productive, and diverse plant community, and minimizing the establishment of exotic annual plants.\r\nEstablish three seeded plants per square meter rooted firmly in the soil with consideration to site selection factors such as soils, topography, native release of desirable species, and potential for seedling establishment.","Aerially seed approximately 4,512 acres of crucial mule deer winter range with a mixture of Wyoming Big Sagebrush, Basin Big Sagebrush, and Western Yarrow.  \r\n\r\nAerially seed approximately 11,500 acres of crucial mule deer and pronghorn antelope winter range with Wyoming big sagebrush, Basin big sagebrush, and western yarrow.  Aerially seed approximately 5,349 acres of mule deer and pronghorn antelope intermediate range and migration corridors with Wyoming big sagebrush, Basin big sagebrush and western yarrow.",The aerial wildlife seeding was completed in December via fixed wing through an aircraft rental agreement. The ground crew consisted of BLM helitack and a project inspector. AgNav maps of the aerial seeding were completed for the project file.  Aerial seeding was monitored to ensure seed was dispersed over the target area at the specified rate.  The project inspector ensured treatment met contract specifications.,The Susie Aerial Wildlife (crucial mule deer winter range) Seeding was monitored at with a paced density transect at SUMD \u2013 01 during the final year of monitoring only. \r\n\r\nMonitoring results:\r\n2009 \u2013 At SUMD \u2013 01 Wyoming Big Sagebrush was well established at a moderate density approaching one-third plant per square meter.  The Susie Aerial Wildlife (mule deer) Seeding is partially successful at the monitoring location.,Polygon,Confirmed,"Digitized by BLM field office personnel, using an aircraft GPS unit",,5574.921772,5111.628703,,BLM and Cooperators,"Erosion, Habitat for sage grouse, Livestock in treated area, Loss of Perenials, Noxious Weeds, Habitat for antelope, Habitat for mule deer, Habitat for wildlife, Invasion by non-native annuals, Special Status Species, Watershed degradation","The purpose of the proposed action described in the emergency stabilization and rehabilitation plans and this EA is to:  protect the burned area from livestock grazing&* stabilize watersheds and upland soils to prevent further degradation to affected resources on lands within the fire perimeter or downstream drainages that may result from short duration, high intensity precipitation events&* reduce the potential for establishment of annual, invasive nonnative plant and noxious weed species&* allow the undamaged plant species time to reestablish&* treat the invasive nonnative plant and noxious weed species to prevent spreading&* and help provide forage, cover, and habitat for wildlife, including but not limited to, BLM designated special status species, migratory birds, fish, mule deer, pronghorn antelope, and sage grouse.  The need for the proposed action is to: stabilize and prevent unacceptable degradation to natural and cultural resources&* minimize threats to life or property resulting from the effects of the fire&* construct physical improvements necessary to prevent degradation of land or resources&* and prescribe cost effective post-fire stabilization and rehabilitation measures necessary to protect human life, property, and critical cultural and natural resources.",None,,None,,Aerial Wildfire (mule deer),52:48:00
Model 26,Central Basin and Range,Post-burn aerial seeding,31949,11819,Implemented,Unknown,2,1/14/2008,1/14/2008,Acres,1891,Seeding,Aerial Seeding,Aerial Seeding,-1,Confirmed seed list,Tippetts Aerial Mix (Actual),Seeds,Confirmed on Paper,Within Treatment,Species Specific,"Wyoming Big Sagebrush was wildland collected PLS unknown.  The MM2 mix was used in the following ratio: MM Mix- Rimrock Indian Ricegrass (Achnatherum hymenoides) (ca. 63%), Bottlebrush Squirreltail (Elymus elymoides) (ca. 15%), Sandberg'sBluegrass (Poa secunda) (ca. 15%), and Sand Dropseed (Sporobolus cryptandrus)(ca. 7%).  They are the last 4 seeds on the list.",The aerial seeding treatment will be deemed effective if the following objectives are met. 1) An average of six or more desirable perennial plants per square-meter will be permanently established in the burned area within three growing seasons post-fire. 2) The aerial seeding will result in greater abundance (density and cover) of seeded species when compared to unseeded controls. 3) The seeded area will have lower abundance (density and cover) of invasive annual grasses than the unseeded control areas.,This treatment has not been initiated since seed will purchased at the fall seed buy during the FY2007 season. The designated area should be seeded during Fall/Winter of FY2008.,"Dates, acreage, and implementation verified by RIPS report.","Monitoring will be conducted during the growing seasons of 2008, 2009, and 2010 to assess the effectiveness of this treatment. Treatment effectiveness data obtained during the first growing season will be included the FY2008 EOY report.",Polygon,Confirmed,"Digitized by BLM field office personnel, method unknown",00/00/0000,1856.587793,1852.118621,,Unknown,"Erosion, Habitat for sage grouse, Noxious Weeds","1) There are concerns that post-fire erosion in the burned area will result in soil loss.  \r\n2) A portion of the fire burned through Greater Sage-Grouse (Centrocercus urophasianus) summer, winter, and nesting habitat.  \r\n3) There are known populations of musk thistle and bull thistle within 1/5 of a mile of the burn.",None,,None,,,38:26:00
Model 26,Central Basin and Range,Post-burn aerial seeding,32844,12143,Implemented,None,2,1/00/2000,1/00/2000,Acres,760,Seeding,Aerial Seeding,Aerial Seeding,-1,Confirmed seed list,Wildlife Mix 2A,Seeds,Confirmed on Paper,,Species Specific,,,,"Contractor Gary Owens, Contract No.FAP000350 completed 985 aerial seeded acres. The\r\nproject was completed in one day. The start and finish date was 1/27/00. Gary flew 760 acres of\r\na wildlife mix and 225 acres Triticale (wildrye/Wheatgrass blend).",,Polygon,Confirmed,"Digitized by BLM field office personnel, method unknown",,608.1877191,526.0764951,,,"Rangeland health, Loss of vegetation, Loss of Perennials, Invasion by Cheatgrass, Invasion by non-native annuals, Erosion",,None,,None,,,50:31:00
Model 26,Central Basin and Range,Post-burn aerial seeding,34851,12943,Implemented,Unknown,2,12/00/2007,12/00/2007,Acres,615,Seeding,Aerial Seeding,Aerial Seeding: Rotor Wing,-1,Confirmed seed list,Aerial Wildlife,Seeds,Confirmed on Paper,Unknown,Unknown,,"The fire killed the shrub component within the burn perimeter.   The goal of reseeding the treatment areas with shrub species is to help provide cover and forage for wildlife; reduce water erosion hazards by stabilizing soils; increase the rate at which native riparian vegetation is restored; maintain a healthy, productive, and diverse plant community; and minimize the establishment of exotic annual plants.  \r\n\r\nThe primary objective of the treatment is to seed areas of the burn that are at high risk for significant erosion and non-native species invasion.","Aerially seed approximately 700 acres with Wyoming big sagebrush, Basin big sagebrush, Mountain big sagebrush and Western Yarrow in three treatment areas with mixes that are appropriate for the Ecological sites.  \r\n\r\n\u2022\tLow Elevation Seeding - This seeding will consist of Wyoming big sagebrush and Western yarrow and will be aerially applied over approximately 435 acres of Wyoming sagebrush sites that are located below 5,500 feet through the bottomlands of the burned area.  This area is occupied by sage grouse, mule deer, and pronghorn antelope, which are all Resource Management Plan-featured species.  The Low Elevation Seed Mix will be aerially seeded with an every other swath pattern comprising of 870 acres.   \r\n   \r\n\u2022\tMid Elevation Bottom Mix \u2013 This will be an aerial seeding of Basin big sagebrush over 145 acres shadowing watershed drainages where basin big sagebrush existed before the fire.  Treatment acres were identified by incorporating GIS data, soil maps, and ecological site descriptions, as well emphasizing areas around known sage grouse nesting areas.\r\n\r\n\u2022\tHi Elevation Mix \u2013 This will be an aerial seeding of mountain big sagebrush over approximately 120 acres where this type of sagebrush had existed before the fire.  Seeding will take place on sites over 5,500 feet in elevation and have been selected by using soil maps and ecological site descriptions.\r\n\r\n?  The cost of aerially seeding 700 acres is approximately $12,802.",An aerial mix of Wyoming big sage and Eski sanfoin was applied to 615 acres of the burned area to improve vegetation structure and reintroduce the shrub component to improve habitat.\r\n\r\nThis treatment was done in December with a helicopter through and aircraft rental agreement. AgNav maps of the aerial seeding were completed for the project file. Aerial seeding was monitored to ensure that seed was being dispersed in the proper area and at the specified rate. A project inspector was present throughout the process to ensure the treatment met contract specifications.,"BLM monitoring personnel assess the seeding areas yearly to evaluate treatment success.  Effectiveness is based on establishment of three seeded plants per square meter rooted firmly in the soil with consideration to site selection factors such as soils, topography, native release of desirable species, and the potential for seedling establishment. Monitoring data is shared with range staff to provide comparisons with unburned reference sites.\r\n\r\nThe summary for the aerial seeding was compiled from the data of 2 study sites: WCS3-01 and WCS3-02. These sites were sampled using paced density transects and photo points. An in depth analysis of seeding success will be compiled in early FY09. \r\n\r\nSeeded species were noted in the area of the monitoring units, but were not captured within the transects.\r\n\r\nThe following native release species were also observed within the transects: POSE, SIHY, AGSP, AGDA, ELCI, ALLIU, LASE, PHHO, PHLO, PERY, GARA, AGGL, CHVI-8, ASTRA, STCO, CRAC, LUPIN and EPBR\r\n\r\nThe following invasive/ potentially invasive species were observed within the transect: BRTE, IVAX and DEPI\r\n\r\nData has been submitted to rangeland specialists to compare seeded sites to unburned reference sites and determine if and when seeded areas have recovered sufficiently to reinstate livestock grazing.",Polygon,Confirmed,"Digitized by BLM field office personnel, using an aircraft GPS unit",,615.4430042,611.9633207,,Contractor,"Erosion, Habitat for antelope, Habitat for mule deer, Habitat for sage grouse, Invasion by Cheatgrass, Habitat for wildlife, Migratory Birds, Provide cover for wildlife, Provide forage for wildlife, Special Status Species, Watershed degradation","A no treatment alternative would result in the spread of invasive species&* loss of vegetation diversity, structure and wildlife habitat&* and unacceptable loss of topsoil. Cumulative losses of sagebrush communities continue to impact sage grouse populations across the Great Basin.  Conversion of sagebrush stands to grasslands due to wildland fire has been a continuing trend over the last decade.  Coupled with the sagebrush die off from caused from the Aroga Moth, the rehabilitation of sagebrush communities has become a high priority on the Elko District.  Sagebrush stands must be established within the burned area to act as future seed sources to allow the stands to repopulate.  Emphasis of these rehabilitation seedings have been placed on mule deer, antelope, and sage grouse.  Application of sagebrush seed will target areas that had the existing vegetation community that is being seeded.  This will ensure that seeded species are being applied in areas that are suitable for establishment and will increase the successfulness of the seeding.",None,,None,,"It appears that it was planned to seed with a variety of mixes, but was decided that a mid elevation mix was appropriate for all.",30:18:00
Model 26,Central Basin and Range,Post-burn aerial seeding,34882,12958,Implemented,Unknown,1,12/00/2002,3/00/2003,Acres,1140,Seeding,Aerial Seeding,Aerial Seeding,-1,Confirmed seed list,Aerial Seeding,Seeds,Confirmed on Paper,Unknown,Species Specific,,,Approximately 1265 acres will be aerially seeded,,"Recovery slow due to poor condition of range site prior to fire from severe grazing pressure, extended drought (See table 3) and subsequent cheatgrass invasion, particularly at the lower locations (+/-4300 ft. El.).  Poor results of aerial seeding due to a combination of later than desired application (Late Feb.) caused by regional competition for contractors, seed purchases and limited in-house resources for the number of rehab locations for this year. All seedings and natural recovery suffer from repeated trespass grazing and continuing drought (See table 3.).",Polygon,Confirmed,"Digitized by BLM field office personnel, method unknown",,1140.613593,1133.202191,,,"Loss of vegetation, Invasion by Cheatgrass, Invasion by non-native annuals","It is my decision to implement the Emergency Fire Rehabilitation Plan for the Willow\r\nTree Fire, J431. Implementation of the plan will allow proper rehabilitation of the\r\npublic lands which burned during the Willow Tree Fire on August 12, 2001.",None,,None,,,33:03:00
Model 26,Central Basin and Range,Post-burn aerial seeding,35102,13031,Implemented,Partially Successful,2,12/00/2006,1/00/2007,Acres,3082,Seeding,Aerial Seeding,Aerial Seeding: Rotor Wing,-1,Confirmed seed list,Aerial Wildlife High Elevation Mix,Seeds,Confirmed on Paper,Unknown,Unknown,,"The primary objective of the treatment is to aerially seed areas of the fire that are critical to wildlife, or most at risk for long-term irreversible damage due to the effects of the fire. Sagebrush and yarrow were seeded to add vegetation structure and species richness to the treatment areas.\r\nEstablish one seeded plant per square meter rooted firmly in soil with consideration for site selection factors of soils, topography, native release of desirable species, and potential for seedling establishment.  Provide cover and forage for wildlife and BLM Special Status Species/migratory birds, including crucial winter habitat for mule deer, and sage grouse habitat.","Aerially seed approximately 3,082 acres with a mixture of Western Yarrow and Mountain Big Sagebrush.",The Aerial Wildlife (high elevation) Seeding was completed during December via helicopter through a rental agreement.  The ground crew consisted of BLM helitack and a project inspector.  AG Nav maps of the aerial seeding were completed for the project file.  Aerial seeding was monitored to ensure seed was dispersed over the target area at the specified rate.  A project inspector ensured treatment met contract specifications.\r\n\r\n2007 monitoring summary states treatment implemented in January.,"BLM monitoring personnel assess the seeding areas yearly to evaluate treatment success.  Effectiveness is based on establishment of three seeded plants per square meter rooted firmly in the soil with consideration to site selection factors such as soils, topography, native release of desirable species, and the potential for seedling establishment. Monitoring data is shared with range staff to provide comparisons with unburned reference sites.\r\n\r\nThe Aerial Wildlife (High Elevation) Seeding was monitored at one location on a convex upland south of Dry Creek drainage. \r\nMonitoring Results: \r\n2007 \u2013 Western Yarrow was recorded at very low density.  Mountain Big sagebrush was not recorded.  The monitoring location supported moderate density of Mulesear after the first year.  This location appears to be an area that supported Arrowleaf Balsamroot in the potential natural community.  The balsamroot has been largely replaced by Mulesear, perhaps subsequent to grazing disturbance.  The Mulesear density is moderate; but high canopy cover and competition from Mulesear may have suppressed seeded species germination and establishment. NA\r\n2008 \u2013 Western Yarrow density increased from very low, to low density.  Mountain Big Sagebrush was recorded at very low density (one plant was recorded.)  The Mulesear that dominates the monitoring location increased in density slightly. \r\n2009 \u2013 Western Yarrow was recorded at moderate density.  Mountain Big Sagebrush was not recorded.  Mulesear appeared to decline in density.  Fluctuations should be assessed cautiously because individual quadrat frames along a paced transect (beyond the first photographed frame) are not perfectly repeatable.  Minor fluctuations in density may result from \u201cquadrat drift.\u201d  Because both seeded species were recorded during the monitoring period, and Western Yarrow consistently increased and appears to be well-established at low-to-moderate density, this seeding may be considered partially successful at the monitoring location.",Polygon,Confirmed,"Digitized by BLM field office personnel, using an aircraft GPS unit",,3090.542017,2618.40525,,BLM and Cooperators,"Impact on Cultural Resources, Habitat for sage grouse, Habitat for antelope, Habitat for desert bighorn sheep, Habitat for mule deer, Erosion, Habitat for wild horses, Livestock in treated area, Watershed degradation, Special Status Species",The purpose of these ES and BAR Plans is to determine the need for and to prescribe and implement emergency treatments (specifications) to minimize threats to life or property or to stabilize and prevent further unacceptable degradation to natural and cultural resources resulting from the effects of a fire.,None,,None,,WLSM High Elevation.,07:00:00
Model 26,Central Basin and Range,Post-burn aerial seeding,35103,13031,Implemented,Partially Successful,2,12/00/2006,1/00/2007,Acres,7066.87,Seeding,Aerial Seeding,Aerial Seeding: Rotor Wing,-1,Confirmed seed list,Aerial Wildlife Mid Elevation Mix,Seeds,Confirmed on Paper,Unknown,Unknown,,"The primary objective is to aerially seed burned areas critical to wildlife, or at greatest risk for irreversible damage because of fire effects.  \r\nEstablish one seeded plant per square meter rooted firmly in soil with consideration for site selection factors of soils, topography, native release of desirable species, and potential for seedling establishment.  Provide cover and forage for wildlife and BLM Special Status Species/migratory birds, including crucial winter habitat for mule deer, and sage grouse habitat.","Aerially seed approximately 7,067 acres with a mixture of Western Yarrow and Basin Big Sagebrush.",Sagebrush and yarrow were seeded to add vegetation structure and species richness to treated areas.  \r\n\r\nThe Aerial Wildlife (Mid-elevation) Seeding was completed during December by helicopter through an aircraft rental agreement.  The ground crew consisted of BLM helitack and a project inspector.  AG Nav maps of the aerial seeding were completed for the project file.  Aerial seeding was monitored to ensure seed was dispersed over the target area at the specified rate.  The project inspector ensured treatment met contract specifications.\r\n\r\n2007 monitoring summary states this treatment was implemented in January.,"BLM monitoring personnel assess the seeding areas yearly to evaluate treatment success.  Effectiveness is based on establishment of three seeded plants per square meter rooted firmly in the soil with consideration to site selection factors such as soils, topography, native release of desirable species, and the potential for seedling establishment. Monitoring data is shared with range staff to provide comparisons with unburned reference sites.\r\n\r\nThe Aerial Wildlife (Mid-elevation) Seeding was monitored at four separate locations.  One location along a tributary of Little Rock Creek (WNWC \u2013 03) was specifically established to monitor this treatment.  The other locations (WNWC \u2013 02, WNWP \u2013 01, WNWP \u2013 02) were established to monitor aerial watershed protection seedings but are overlapped by the Aerial Wildlife (Mid-elevation) Seeding. \r\nMonitoring Results: \r\n2007 \u2013 Western Yarrow and Basin Big Sagebrush were \u201cdouble-seeded\u201d at WNWC \u2013 02 where the Aerial Watershed Protection (Lahontan Cutthroat Trout) Seeding overlapped the Aerial Wildlife (Mid-elevation) Seeding, and at WNWP \u2013 01 and WNWP \u2013 03 where the Aerial Watershed Protection (Milligan/Chimney Creeks) Seeding overlapped the Aerial Wildlife (Mid-elevation) Seeding.  At locations where double-seeding occurred, seedlings contributed by either treatment cannot be separated: it is impossible to make a precise determination concerning which treatment was successful.  Since no rational separation of seedlings contributed by either treatment at the double-seeded locations can be made, total densities of the double seeded species are presented in the summaries for both treatments.  Caution should be applied when interpreting these density numbers with regard to either treatment: ultimately, we cannot know which treatment contributed any given seedling. \r\n2008 \u2013 Results varied at the five monitoring locations.  Total seeded species were recorded at low moderate density at WNWC \u2013 02, at moderate density at WNWC \u2013 03, and at very low density at WNWP \u2013 03. Seeded species were not recorded at WNWP \u2013 01 and WNWP \u2013 02. \r\n2009 \u2013 Results continued to vary at the five monitoring locations, and fluctuated both up and down from 2008.  Generally, Western Yarrow appeared to be well-established at low density by the final year of the monitoring period.  At WNWC \u2013 03, total seeded species exceeded the target density of one seeded plant per square meter, with Western Yarrow making the greatest contribution at nearly one plant per square meter.  Wyoming Big Sagebrush was less successful.  The seeding was only fully successful at WNWC \u2013 03.  At most sites the seeding was partially successful.  At WNWP \u2013 01 no seeded species were observed during the monitoring period.  Ocular reconnaissance across widely separated seeded areas supports confidence in a conclusion of partially successful.  Generally, Basin Big Sagebrush was less successful than Western Yarrow.  Causes of the general lack of success of Basin Big Sagebrush in this seeding are unknown, because it usually establishes readily.",Polygon,Confirmed,"Digitized by BLM field office personnel, using an aircraft GPS unit",,7068.084491,5856.425211,,BLM and Cooperators,"Impact on Cultural Resources, Habitat for sage grouse, Habitat for antelope, Habitat for desert bighorn sheep, Habitat for mule deer, Erosion, Habitat for wild horses, Livestock in treated area, Watershed degradation, Special Status Species",The purpose of these ES and BAR Plans is to determine the need for and to prescribe and implement emergency treatments (specifications) to minimize threats to life or property or to stabilize and prevent further unacceptable degradation to natural and cultural resources resulting from the effects of a fire.,None,,None,,WLSM Mid Elevation.,14:00:00
Model 26,Central Basin and Range,Post-burn aerial seeding,42972,16748,Implemented,See Comments,2,10/18/2016,10/18/2016,Acres,96,Seeding,Aerial Seeding,Aerial Seeding,-1,No seed list,,Seeds,No Seed List,Not Applicable,Unknown,Competitive shrubs and\r\nperennial grasses.,R3 - Primary objective is to reduce annual grasses and establish perennial vegetation within\r\ngreater sage grouse habitat.,Aerial seeding will occur fall of 2016.,This contract is for the second part of the treatment to aerially\r\nbroadcast seed a total of 96 acres with competitive shrubs and\r\nperennial grasses. The 96 acres are identified as having a moderate\r\npotential for wind erosion and high potential for increased nonnative\r\nspecies invasion. Aerial seeding will occur fall of 2016.\r\nAerial seeding was chosen as the terrain is too steep or broadcast\r\nand harrow.,2017: The Star Creek fire monitoring plot met the ESR perennial and density objective for\r\nrecovery post burn after the first year of monitoring. The site is dominated by cool-season\r\nperennial grasses and contains a strong forb community. Cheatgrass is common in the\r\ninterspaces. It\u2019s possible that this rocky area was not burned enough to remove some established\r\nperennial communities. The plot was seeded in the fall of 2016.,Polygon,Confirmed,Exported from an internal USGS Fire Perimeter Layer,1/1/1900 0:00,181.8766923,96.42055162,,Contractor,"Competition for resources, Cover for wildlife, Establishment of seeded species, Habitat for wildlife, Habitat for sage grouse, Habitat productivity, Habitat quality, Invasion by non-native annuals, Loss of desirable species, Noxious weeds, Vegetal cover, Rough terrain",The 96 acres are identified as having a moderate\r\npotential for wind erosion and high potential for increased nonnative\r\nspecies invasion. Aerial seeding will occur fall of 2016.\r\nAerial seeding was chosen as the terrain is too steep or broadcast\r\nand harrow.,Unknown,Unknown,Unknown,Unknown,"BLM labor/vehicle/proj inspection cost - $2,500.",37:44:00
Model 26,Central Basin and Range,Post-burn aerial seeding,43337,16807,Implemented,Unknown,2,3/20/2017,3/23/2017,Acres,3838,Seeding,Aerial Seeding,Aerial Seeding,-1,Confirmed seed list,Aerial Seed Mix,Seeds,Confirmed on Paper,Unknown,Species Specific,,Density objectives for the treatment area are to obtain an average of three perennial plants per square meter measured. Plants must be\r\nfirmly rooted in the ground.,"Aerially seed: Approximately 3,835 acres will be seeded aerially, with a mixture of native forb and grass seed, within the Carico Fire area. Within the seed mix is four perennial grasses: Achantherum hymenoides (Indian Ricegrass), Festuca idahoensis (Idaho Fescue), Poa secunda (Sandberg Bluegrass) and Elymus wawawaiensis (Snakeriver Wheatgrass), a sagebrush: Artemisia tridentate wyomingesis (Wyoming Big Sagebrush), and two forbs: Achillea millefolium (Western Yarrow) and Balsamorhiza sagittata (Arrowleaf Balsamroot). This seed mix is subject to the availability of the seed sources and is composed of a variety of plants that are known to grow well in these ecological sites or in these geographic locations. The purpose of the selected seed mixture is to primarily stabilize the soil and to facilitate the regrowth of habitat for sage-grouse, wild horses, and pronghorn. Seeding will occur in the winter of 2017 to help with the scarification of the seeds and facilitate spring growth. The aerial application of the seed mixture is required due to the inaccessibility and topography associated with a large portion of the burned area.","FY2017: Old 7 Mile Fire seed was added to the areal application to increase the Pounds Live\r\nSeed /acre and to plant the old seed. This seed was spread not just on the 3,838 acres\r\nthat was slotted for areal treatment but also over the drill treatment area too.","2017  Results: Battle Mountain District personnel selected five 9,503 sq. meter-monitoring sites within\r\nthe Carico Fire, two of these plots were within the drill seed area and three were in the aerial\r\nseed area. Due to personnel issues, only three of these sites (two in drill seeded areas and one\r\nin aerial) were visited prior to this report being due, these sites are looked at in the charts below.\r\nMonitoring data recorded included vegetation density and cover using photo points, quadrat\r\ndensity counts, line-point intercept, canopy gap, and perennial basal gap monitoring methods as\r\ndescribed in: Monitoring Manual for Grassland, Shrubland and Savanna Ecosystems, Volume 1:\r\nQuick Start, Herrick et al, 2005, p36. Paced density quad rat count methods in 2016 were developed by BLM staff and advised by Rangeland Monitoring in Western Uplands, George\r\nRuyle et al., University of Arizona, College of Agriculture and Life Sciences, 2006, p 16.\r\n\r\n\r\nRecommendations: Continue Monitoring and if area does not improve either consider fencing\r\noff area in 2019, reseeding portions of the fire, or extending the closure period.\r\n\r\nFY 2018:\r\n? Discussion: Battle Mountain BLM personal revisited the plots\r\n? Results: While the average hits in Line Point intercept for exotic plants has held steady the\r\ndiversity and ground cover is trending up. The exotic shrubs and some of the exotic grasses\r\nwere planted on the site in the 2007 Elephants Head Fire but these are continued to be\r\nclassified as exotics for this report.\r\n? Recommendations: Continue Monitoring and if area does not improve either extending the\r\nclosure period or actually build the proposed fence.\r\n\r\nFY2020 - FY 20 was a drought year so none of the vegetation on the fire grew very well including the invasive exotics. By looking at the fire overall it has meet objectives but the lower portion of the fire that was drill seeded has not recovered and is not meeting objectives.\r\nRecommendations: Continue to monitor the fire and if there is money left over reseed the drill portion of the fire.",Polygon,Confirmed,Digitized by LTDL data entry personnel using a confirmed map,12/5/2017,3810.324335,3810.324335,,Contractor,"Cover for wildlife, Erosion, Forage for wildlife, Habitat for sage grouse, Habitat for wildlife, Habitat quality, Invasive species, Loss of desirable species, Nesting bird species, Noxious weeds, Sensitive species, Vegetal cover, Wildlife in treated area","Rehabilitation efforts will focus on re-vegetating native grasses, forbs, and shrubs to enhance\r\necological diversity and to reestablish vegetation on the Greater Sage-Grouse habitat that was burned.\r\nThe re-seeding will also reduce the extent of the invasive exotic plants within the area. The expectation\r\nis to not only re-establish the correct plants within their ecological zones, but also reduce the potential\r\nfor fires within this area in the future.",,,,,Cost of Treatment does not include those that went directly to the seed warehouse.,53:35:00
Model 26,Central Basin and Range,Post-burn aerial seeding,45661,18412,Implemented,See Comments,2,2/1/2017,2/2/2017,Acres,1528,Seeding,Aerial Seeding,Aerial Seeding: Fixed Wing,-1,Confirmed seed list,Guard Corral East Aerial Mix,Seeds,Confirmed on Paper,Unknown,Species Specific,,"The goal of reseeding the treatment areas with sagebrush and other species is to help provide cover and forage for sage-grouse and other wildlife, reduce water erosion hazards by stabilizing soils, increase the rate at which native vegetation is restored, maintain a healthy, productive, and diverse plant community, and minimize the establishment of exotic annual plants.","GUARD CORRAL EAST AERIAL MIX (1,552 ACRES).\r\n*THE STRIPS WILL BE FLOWN ON AS EVERY OTHER SWATH COVERAGE APPLICATION- WITH A MAXIMUM 80 FOOT SWATH WIDTH.","Data obtained from this treatment's GIS Attribute Table -Aerial seeding of native and non-native species by fixed wing.\r\n\r\nThe Aerial Guard Corral Mountain seed mix was aerially applied via fixed wing aircraft\r\nto the public burned land in accordance with the ecological sites and elevation and was\r\ncomprised of Basin Big Sagebrush, Wyoming Sagebrush, and Sandberg\u2019s bluegrass.","Density: The Aerial Guard Corral Mountain seed mix was aerially applied via fixed wing aircraft\r\nto the public burned land in accordance with the ecological sites and elevation and was\r\ncomprised of Basin Big Sagebrush, Wyoming Sagebrush, and Sandberg\u2019s bluegrass. In the AIM\r\nplots that fell within this seeding treatment (Plots 13 and 14) the sagebrush establishment has\r\nfully met success with a recorded average of 1.17 seeded sagebrush plants per meter. Grass\r\nseedlings have not been successful at establishing in these sites: no seeded grasses were found in\r\n2017 or 2018 monitoring. Objectives of the treatment are considered met when one big\r\nsagebrush seedling and one and a half grass seedlings per square meter are established.\r\nCover: Average foliar canopy cover was 80.3% in the treatment area. Perennial grasses have the\r\nhighest cover and dominate the plot with 50.0% cover. Sandburg\u2019s bluegrass (Poa secunda) and\r\nbluebunch wheatgrass (Pseudoregnaria spicata) have the highest cover of perennial grasses,\r\nhowever, native, deep rooted Basin wildrye (Leymus cinerus), squirreltail (Elymus elymoidies),\r\nand rhizomatous thickspike wheatgrass (Elymus lanceolatus) were also associated species on the\r\nplots. Despite the native regrowth of perennial grasses, cheatgrass does have a 32.3% cover.\r\nAnnual forb cover, however, comes from a majority of native species like 20.7% tall annual\r\nwillow herb (Epilobium brachycarpum) cover.\r\nGaps: Gaps in canopy foliar cover have decreased in occurrence from 2017 monitoring, creating\r\na positive effect. Gaps in canopy cover that were the size and frequency observed in the seeding\r\ntreatment are generally shorter than 100 cm. Canopy cover should be preventing wind and water\r\nerosion from occurring on the plot, however due to site specific silty and sandy soils, erosion was\r\nfrequently encountered in the treatment area.\r\nSpecies Richness:\r\n2017: An average of approximately twenty-six (25.5) different plant species was observed within\r\nthe 2,827.4 square meter monitoring plots.\r\n2018: An average of approximately twenty-nine (28.5) different plant species was observed\r\nwithin the 2,827.4 square meter monitoring plots.\r\n2019: An average of approximately twenty-four (23.5) different plant species was observed\r\nwithin the 2,827.4 square meter monitoring plots.\r\nEcological sites and Erosion:\r\nHot Pot AIM Plot 13 is located in a Rangeland Loamy 8-10\u201d P.Z. R025XY019NV site in a\r\nformer / / Artemisia tridentata ssp. wyomingensis / Achnatherum thurberianum - Achnatherum\r\nhymenoides (/ Wyoming big sagebrush / Thurber's needlegrass - Indian ricegrass) vegetation\r\ncommunity.\r\n2017: Wind and water erosion effects were commonly occurring on the plot; there were very\r\nshort and rarely occurring water flow patterns, very few rills, and commonly occurring\r\ndeposition and runoff and pedestals.\r\n2018: Very short and rarely occurring water flow patterns, rarely occurring deposition and runoff\r\nand common pedestals continued to adversely the soil and site stability on the plot.\r\n2019: Some deposition/runoff and water flow patterns were observed on the site. An increase in\r\npedestalling was also observed from the previous year, indicating the possibility of increased\r\nerosion.\r\nHot Pot AIM Plot 14 is located in a Rangeland South Slope 12-14\u201d P.Z. R025XY009NV site in a\r\nformer / Artemisia tridentata ssp. vaseyana - Purshia tridentata / Pseudoroegneria spicata\r\n(/ mountain big sagebrush - antelope bitterbrush / bluebunch wheatgrass) vegetation community.\r\n2017: Wind and water erosion were heavily influencing the plot\u2019s soil and site stability; there\r\nwere moderately long and widespread water flow patterns, commonly occurring deposition and\r\nrunoff, and commonly occurring pedestals.\r\n2018: Wind and water erosion continued to effect soil and site stability on the plot; there were\r\nmoderately long and rarely occurring water flow patterns, commonly occurring deposition and\r\nrunoff, and common pedestals.\r\n2019: An increase in water flow patterns and consistent pedestalling were observed along with a\r\ndecrease in deposition/runoff.\r\n\r\n2019 Aerial Guard Corral Mtn Treatment Recommendations:\r\nMonitoring results in the treatment area have shown that ESR rehabilitation objectives have been\r\nfully met for seeded grass establishment in the third growing season but not for the sagebrush\r\nestablishment as in the second growing season. These areas are recovering well post-fire and the\r\nperennials showed native release success in the second growing season, with bluebunch\r\nwheatgrass, Sandberg\u2019s bluegrass, and Basin wildrye observed, and in the third growing season\r\nwhere similar species were observed. An allotment closure was issued for the Twenty Five\r\nallotment but in the pastures outside of the Horseshoe Field pasture where Plots 13 and 14 are\r\nlocated. It is advised that appropriate grazing management be implemented in the area to allow\r\nthe seedings to establish.",Polygon,Confirmed,"Digitized by BLM field office personnel, method unknown",1/19/2018,1528.869772,1528.868306,,Contractor,"Vegetal cover, Erosion, Habitat for sage grouse","Provide forage and cover for sage grouse and other wildlife, reduce water erosion, increase rate at which native vegetation is restored.",,,,,Hot Pot Fire Guard Corral East 020393\r\n\r\nAIM Plots 13 & 14,01:00:00
Model 26,Central Basin and Range,Post-burn aerial seeding,45665,18412,Implemented,See Comments,2,1/15/2017,1/31/2017,Acres,5604.52,Seeding,Aerial Seeding,Aerial Seeding: Fixed Wing,-1,Confirmed seed list,Midas PHMA Aerial Mix,Seeds,Confirmed on Paper,Unknown,Species Specific,,"The goal of reseeding the treatment areas with sagebrush and other species is to help provide cover and forage for sage-grouse and other wildlife, reduce water erosion hazards by stabilizing soils, increase the rate at which native vegetation is restored, maintain a healthy, productive, and diverse plant community, and minimize the establishment of exotic annual plants.","MIDAS PHMA AERIAL MIX (5,820 ACRES)\r\n*THE STRIPS WILL BE FLOWN ON AS FULL COVERAGE APPLICATION- WITH A MAXIMUM 80 FOOT SWATH WIDTH. January 9, 2017 \u2013 February 17, 2017","Data obtained from this treatment's GIS Attribute Table - Aerial seeding of native species by fixed wing - 5,604.5 acres.\r\n\r\nThe Aerial Midas PHMA Treatment seed mix was applied aerially via aircraft to the\r\npublic burned land in accordance with the ecological sites and elevation and was comprised of\r\nBasin Big Sagebrush, Wyoming Big Sagebrush, Western Yarrow","Density: The Aerial Midas PHMA Treatment seed mix was applied aerially via aircraft to the\r\npublic burned land in accordance with the ecological sites and elevation and was comprised of\r\nBasin Big Sagebrush, Wyoming Big Sagebrush, Western Yarrow, and Blue Flax. In the AIM\r\nplots that fell within this seeding treatment (Plots 38, 39, 40, 41, and 43) the sagebrush\r\nestablishment has fully met success: there are a recorded average of 3.21 seeded sagebrush plants\r\nper meter. Yarrow seedlings have been successful at establishing in these sites: 2.10 seeded\r\nyarrow plants per square meter were found in 2018 monitoring. Objectives of the treatment are\r\nconsidered met when one big sagebrush seedling and one and a half forb species (yarrow or flax)\r\nseedlings per square meter are established.\r\nCover: Average foliar canopy cover was 72.1% in the Midas PHMA Treatment area. Perennial\r\ngrasses have 22.4% cover. Cheatgrass has 51.1% cover while annual forbs have 8.3% cover and\r\nnative perennial forbs have 6.9% cover.\r\nGaps: Gaps in canopy foliar cover have decreased significantly in occurrence and length from\r\n2017 monitoring, creating a positive effect for controlling erosion on the sites. Canopy cover is\r\npreventing wind and water erosion from occurring on the plot; the few gaps in canopy cover are\r\nless than 50 cm, a size that is not considered a contributor to soil erosion. Both the foliar growth\r\nof perennial plants and cheatgrass is preventing gaps in canopy.\r\nSpecies Richness:\r\n2017: An average of approximately twenty-nine (29.2) different plant species was observed\r\nwithin the 2,827.4 square meter monitoring plots. 2018: An average of approximately thirty (29.8) different plant species was observed within the\r\n2,827.4 square meter monitoring plots.\r\n2018: An average of approximately thirty (29.8) different plant species was observed within the\r\n2,827.4 square meter monitoring plots.\r\n2019: An average of approximately twenty-seven (26.5) different plant species was observed\r\nwithin the 2,827.4 square meter monitoring plots.\r\nEcological sites and Erosion:\r\n\r\nHot Pot AIM Plot 38 is located in a Rangeland Loamy Slope 12-14\u201d P.Z. R024XY021NV site in\r\na / Artemisia tridentata ssp. vaseyana / Pseudoroegneria spicata ssp. spicata - Festuca\r\nidahoensis (/ mountain big sagebrush / bluebunch wheatgrass - Idaho fescue) vegetation\r\ncommunity.\r\n2017: Wind and water erosion were present on the plot; there were very short and rarely\r\noccurring water flow patterns, rarely occurring deposition and runoff, and few pedestals.\r\n2018: Wind and water erosion were present on the plot to small extent; there were very short and\r\nrarely occurring water flow patterns and few pedestals.\r\n2019: Some pedestalling and increased deposition/runoff and water flow patterns were observed\r\non the site.\r\n\r\nHot Pot AIM Plot 39 is located in a Rangeland Loamy 8-10\u201d P.Z. R025XY019NV site in a\r\nformer / / Artemisia tridentata ssp. wyomingensis / Achnatherum thurberianum - Achnatherum\r\nhymenoides (/ Wyoming big sagebrush / Thurber's needlegrass - Indian ricegrass) vegetation\r\ncommunity.\r\n2017: Wind and water erosion were present on the plot; there were very short and rarely\r\noccurring water flow patterns, commonly occurring deposition and runoff, and common\r\npedestals.\r\n2018: Wind and water erosion were present on the plot; there were very short and rarely\r\noccurring water flow patterns, commonly occurring deposition and runoff, and common\r\npedestals.\r\n2019: Reduced water flow patterns and pedestalling and increased deposition/runoff were\r\nobserved on the plot.\r\n\r\nHot Pot AIM Plot 40 is located in a Rangeland Loamy 8-10\u201d P.Z. R025XY019NV site in a\r\nformer/ / Artemisia tridentata ssp. wyomingensis / Achnatherum thurberianum - Achnatherum\r\nhymenoides (/ Wyoming big sagebrush / Thurber's needlegrass - Indian ricegrass) vegetation\r\ncommunity.\r\n2017: Wind and water erosion were present on the plot; there were moderately long and rarely\r\noccurring water flow patterns, rarely occurring deposition and runoff, and pedestals.\r\n2018: Wind and water erosion were present on the plot; there were very short and rarely\r\noccurring water flow patterns, commonly occurring deposition and runoff, and common\r\npedestals.\r\n2019: Some water flow patterns and pedestalling were observed along with reduced\r\ndeposition/runoff.\r\n\r\nHot Pot AIM Plot 41 is located in a Rangeland Dry Meadow R025XY006NV site in a former /\r\nPoa nevadensis - Phleum alpinum (/ Sandberg's bluegrass - alpine timothy) vegetation\r\ncommunity.\r\n2017: Wind and water erosion were present on the plot; there were very short and rarely\r\noccurring water flow patterns and common deposition and runoff. Additional soil disturbance\r\nwas noted as widespread on the plot: soil movement caused by the drill seeding blades.\r\n2018: Wind and water erosion were present on the plot; rills were common, there were very short\r\nand rarely occurring water flow patterns and commonly occurring deposition and runoff.\r\n2019: Plot was not monitored in 2019.\r\n\r\nHot Pot AIM Plot 43 is located in a Rangeland Loamy 8-10\u201d P.Z. R025XY019NV site in a\r\nformer / / Artemisia tridentata ssp. wyomingensis / Achnatherum thurberianum - Achnatherum\r\nhymenoides (/ Wyoming big sagebrush / Thurber's needlegrass - Indian ricegrass) vegetation\r\ncommunity.\r\n2017: Wind and water erosion were minimally present on the plot; there were very short and\r\nrarely occurring water flow patterns, and commonly occurring deposition and runoff, and few\r\npedestals.\r\n2018: Wind and water erosion were present on the plot; there were moderately long and rarely\r\noccurring water flow patterns and common pedestals.\r\n2019: Common pedestalling was observed along with reduced water flow patterns and increased\r\ndeposition/runoff.\r\n\r\nAerial Midas PHMA Treatment Recommendations:\r\nMonitoring results in the treatment area have shown that ESR rehabilitation objectives have been\r\nfully met and exceeded objectives for sagebrush and forb establishment in the second and third\r\ngrowing seasons. These areas are recovering well post-fire and the perennials showed native\r\nrelease success in the second growing season. An allotment closure was issued for the Twenty\r\nFive allotment but in the pastures outside of the Horseshoe Field and Spring Cree/Rim pasture\r\nwhere Plots 38, 39, 40, 41 and 43 are located. It is recommended that the area be considered for\r\ngrazing due to these successes in areas that do not also fall within the Midas Drill seeding (AIM\r\nPlots 39, 40).\r\nPhoto",Polygon,Confirmed,"Digitized by BLM field office personnel, method unknown",1/19/2018,5608.970434,5570.183867,,Contractor,"Vegetal cover, Erosion, Habitat for sage grouse","Provide forage and cover for sage grouse and other wildlife, reduce water erosion, increase rate at which native vegetation is restored.",,,,,"The  Monitoring Summary Reports state that blue flax was in this mix but this is not reported on any seed list for this treatment name.\r\n\r\nAIM Plot(s) 38,39,40,41,43**",36:38:00
Model 26,Central Basin and Range,Post-burn aerial seeding,45666,18412,Implemented,See Comments,2,1/15/2017,1/31/2017,Acres,4871.536508,Seeding,Aerial Seeding,Aerial Seeding: Fixed Wing,-1,Confirmed seed list,Rock Creek Aerial Mix,Seeds,Confirmed on Paper,Unknown,Unknown,,"The goal of reseeding the treatment areas with sagebrush and other species is to help provide cover and forage for sage-grouse and other wildlife, reduce water erosion hazards by stabilizing soils, increase the rate at which native vegetation is restored, maintain a healthy, productive, and diverse plant community, and minimize the establishment of exotic annual plants.","ROCK CREEK AERIAL MIX (5,030 ACRES)\r\n*THE STRIPS WILL BE FLOWN ON AS FULL COVERAGE APPLICATION- WITH A MAXIMUM 80 FOOT SWATH WIDTH. APPROXIMATE PERFORMANCE PERIOD: January 9, 2017 \u2013 February 17, 2017","Data obtained from this treatment's GIS Attribute Table - Aerial seeding of native species by fixed wing - 6203.8 acres.\r\n\r\nThe Aerial Sagebrush Rock Creek Phase I PHMA & GHMA seed mix was aerially\r\napplied via aircraft to the public burned land in accordance with the ecological sites and\r\nelevation and was comprised of Wyoming Big Sagebrush, Western Yarrow, and Blue Flax.","Density: The Aerial Sagebrush Rock Creek Phase I PHMA & GHMA seed mix was aerially\r\napplied via aircraft to the public burned land in accordance with the ecological sites and\r\nelevation and was comprised of Wyoming Big Sagebrush, Western Yarrow, and Blue Flax. In\r\nthe AIM plots that fell within this seeding treatment (Plots 16, 17, and 20) the forb rehab density\r\nis showing progress towards success; a recorded 0.64 seeded forbs per square meter were\r\nestablished in 2018. Sagebrush establishment has not quite met their full success yet, though\r\nthere were 0.25 sagebrush plants per meter. Objectives of the treatment are considered successful\r\nwhen one big sagebrush seedling and one and a half forb species (yarrow or flax) seedlings per\r\nsquare meter are established. The seeded species density has decreased since 2017, especially the\r\nwestern yarrow. The decrease can be attributed to the increasing temperatures and decreased\r\nprecipitation in 2017-2018. Additionally, the species have a tendency to decrease their density\r\nthrough competition from the first and second years of growth.\r\nCover: Average foliar canopy cover was 68.4% in the treatment area. Perennial grasses have the\r\nhighest cover and dominate the plot with 65.7% cover. Sandburg\u2019s bluegrass (Poa secunda) and\r\ncrested wheatgrass (Agropyron cristatum) have the highest cover of perennial grasses; native,\r\ndeep-rooted Basin wildrye (Leymus cinerus) and squirreltail (Elymus elymoidies) were also\r\npresent. Annual forbs are not present on the plot and annual grasses have less than 5% cover.\r\nGaps: Gaps in canopy foliar cover have decreased in occurrence from the first growing season,\r\ncreating a positive effect. Gaps in canopy cover of the size and frequency observed in the\r\ntreatment are generally shorter than 200 cm, preventing wind and water erosion from occurring\r\non the plot.\r\nSpecies Richness:\r\n2017: An average of twenty-four different plant species was observed within the 2,827.4 square\r\nmeter monitoring plots.\r\n2018: An average of approximately thirty-two (31.67) different plant species was observed\r\nwithin the 2,827.4 square meter monitoring plots.\r\n2019: An average of approximately twenty-two different plant species was observed within the\r\n2,827.4 square meter monitoring plots.\r\nEcological sites and Erosion:\r\nHot Pot AIM Plot 16 is located in a Rangeland Loamy 8-10\u201d P.Z. R025XY019NV site in a\r\nformer / / Artemisia tridentata ssp. wyomingensis / Achnatherum thurberianum - Achnatherum\r\nhymenoides (/ Wyoming big sagebrush / Thurber's needlegrass - Indian ricegrass) vegetation\r\ncommunity.\r\n2017: Wind and water erosion were minimally present on the plot; there were commonly\r\noccurring few pedestals.\r\n2018: Site and soil stability appeared to be unimpaired by the commonly occurring pedestals and\r\nmoderately long and rarely occurring water flow patterns.\r\n2019: This plot was not monitored in 2019.\r\nHot Pot AIM Plot 17 is located in a Rangeland Loamy Bottom 8-14\u201d P.Z. R025XY003NV site in\r\na former / Artemisia tridentata ssp. tridentata / Leymus cinereus (/ basin big sagebrush / basin\r\nwildrye) vegetation community.\r\n\r\nHot Pot AIM Plot 17 is located in a Rangeland Loamy Bottom 8-14\u201d P.Z. R025XY003NV site in\r\na former / Artemisia tridentata ssp. tridentata / Leymus cinereus (/ basin big sagebrush / basin\r\nwildrye) vegetation community.\r\n2017: Water erosion was present on the plot but was only evidenced by widespread pedestals.\r\n2018: The only erosion present on the plot in the second year continued to be widespread\r\npedestalling.\r\n2019: This plot was not monitored in 2019.\r\nHot Pot AIM Plot 20 is located in a Rangeland Loamy 8-10\u201d P.Z. R024XY005NVsite in a\r\nformer / / Artemisia tridentata ssp. wyomingensis / Achnatherum thurberianum (/ Wyoming big\r\nsagebrush / Thurber\u2019s needlegrass) vegetation community.\r\n2017: Wind and water erosion were present on the plot; there were moderately long and\r\ncommonly occurring water flow patterns, widespread deposition and runoff, and commonly\r\noccurring pedestals.\r\n2018: Moderately long and commonly occurring water flow patterns, common deposition and\r\nrunoff, and commonly occurring pedestals were still present on the plot and impairing soil and\r\nsite stability.\r\n2019: Reduced pedestalling and deposition/runoff and slightly increased water flow patterns\r\nwere observed on the site, indicating stability despite the large site gaps.\r\n\r\nAerial Sagebrush Rock Creek Phase I (PHMA GHMA EAST) Treatment\r\nRecommendations:\r\nMonitoring results in the treatment area have shown that rehabilitation objectives have been half met\r\nin the second growing season, with seeded forbs and sagebrush showing progress towards\r\nsuccess. The seeding falls on a well-established, seeded crested wheatgrass community, which is\r\nrecovering well post-fire. Plants showed native release success in the second growing season.\r\nThe area should be considered for opening to grazing in the third growing season due to these\r\nsuccesses.\r\n\r\n2019:  Plants showed native release success in the second and third growing season. An\r\nallotment closure was issued for the Twenty Five allotment in the North Six Mile pasture where\r\nPlot 20 (and Plots 16 and 17 monitored in 2016 and 2017) was located. The allotment closure\r\nobjective of three perennial grasses per square meter has not been met on the site and it is\r\nadvised that grazing management practices incorporate methods that provide rest for the seeding\r\nto establish.",Polygon,Confirmed,"Digitized by BLM field office personnel, method unknown",1/19/2018,4875.386869,4860.501077,,Contractor,"Vegetal cover, Erosion, Habitat for sage grouse","Provide forage and cover for sage grouse and other wildlife, reduce water erosion, increase rate at which native vegetation is restored.",,,,,"AIM Plots 16, 17, 20*",55:11:00
Model 26,Central Basin and Range,Post-burn aerial seeding,45667,18412,Implemented,See Comments,2,2/1/2017,2/15/2017,Acres,1332.294,Seeding,Aerial Seeding,Aerial Seeding: Fixed Wing,-1,Planned seed list,South Indian Springs Immigrant Aerial Mix,Seeds,Plan,Unknown,Species Specific,,"Objectives of the treatment will be establish one big sagebrush seedling and one and a half forb\r\nspecies (yarrow or flax) per square meter in post-fire monitoring within two growing seasons. In seeding\r\ntreatments where grass is being applied, an objective of one and a half grass seedlings per square meter will be\r\nused to determine success.","SOUTH INDIAN SPRINGS IMMIGRANT AERIAL MIX (1,351 ACRES)\r\n*THE STRIPS WILL BE FLOWN ON AS EVERY OTHER SWATH COVERAGE APPLICATION- WITH A MAXIMUM 80 FOOT SWATH WIDTH.","Data obtained from this treatment's GIS Attribute Table - Aerial seeding of native and non-native species by fixed wing 1332.3 acres.\r\n\r\nThe aerial Indian Springs South seed mix was applied aerially via fix-wing aircraft to\r\nthe public burned land in accordance with the ecological sites and elevation. The seed mix was\r\ncomprised of Mountain Big Sagebrush, Wyoming Big Sagebrush, Forage Kochia, and Snake\r\nRiver Wheatgrass.","Density: The aerial Indian Springs South seed mix was applied aerially via fix-wing aircraft to\r\nthe public burned land in accordance with the ecological sites and elevation. The seed mix was\r\ncomprised of Mountain Big Sagebrush, Wyoming Big Sagebrush, Forage Kochia, and Snake\r\nRiver Wheatgrass. In the AIM plot that fell within this seeding treatment (Plot 05), the rehab\r\nobjectives have not been met. Objectives of the treatment are considered successful when one\r\nbig sagebrush seedling, one and a half forb species (yarrow or flax) and one and a half grass\r\nseedlings per square meter are established.\r\nThere were 0.00 seeded grasses per square meter in 2017 and 2018 monitoring. Seeded\r\nsagebrush recorded in density surveys in 2017 were not present in 2018 monitoring. There were\r\n0.33 seeded forage kochia per square meter in 2018. However, the kochia has dropped in density\r\nfrom 12.73 plant per square meter in 2017 monitoring. The decrease in the seeded species,\r\nespecially the forage kochia, can be attributed to the increasing temperatures and decreased\r\nprecipitation in 2017-2018. Additionally, the species have a tendency to decrease their density\r\nthrough competition (thinning) from the first and second years of growth.\r\nCover: Average foliar canopy cover was 83.3% in the Aerial Indian Springs South treatment area\r\nin the second growing season. This was due in part to the 71.3% cover of annual grasses\r\n(Bromus tectorum). Annual forb foliar canopy cover was 25.4%, of which 24.7% was a\r\ncontribution of red-stem stork\u2019s bill (Erodium cicutarium). Sandburg\u2019s bluegrass (Poa secunda)\r\nis the only perennial grass found in LPI surveys, with 2% cover in 2018. The deeper-rooted,\r\nperennial grasses lacking from the area are better at retaining moisture in the soil and assisting\r\nwith site stability. The aerially seeded Snake River Wheatgrass has not had favorable conditions\r\nto establish on the site and has not been successful. Perennial forbs have less than 1% cover.\r\nOverall, annual, invasive grasses and forbs dominate the site.\r\nGaps: Gaps in canopy foliar cover have decreased in occurrence from 2017 monitoring. Gaps in\r\ncanopy cover which are the size and frequency observed in the Aerial Indian Springs Mountain\r\nseeding treatment are generally shorter than 200 cm, preventing wind and water erosion from\r\noccurring on the plot.\r\nSpecies Richness:\r\n2017: Eighteen different plant species were observed within the 2,827.4 square meter monitoring\r\nplot.\r\n2018: Nineteen different plant species were observed within the 2,827.4 square meter monitoring\r\nplot.\r\n2019: Nineteen different plant species were observed within the 2,827.4 square meter plot.\r\nEcological sites and Erosion:\r\nHot Pot AIM Plot 05 is located in a Rangeland Loamy Bottom 8-14\u201d P.Z. R025XY003NV site in\r\na former / Artemisia tridentata ssp. tridentata / Leymus cinereus (/ basin big sagebrush / basin\r\nwildrye) vegetation community.\r\n2017: Wind and water erosion were present on the plot and having a moderate impact on soil and\r\nsite stability. Deposition, runoff and pedestals were commonly occurring.\r\n2018: In the second growing season, erosion was less prevalent: there were rarely occurring\r\ndeposition and runoff and few pedestals.\r\n2019: Third growing season observations included water flow patterns and deposition/runoff\r\nindicating some wind and water erosion increase on the site.\r\n\r\nAerial Indian Springs South Treatment Recommendations:\r\nMonitoring results in the treatment area have shown that rehabilitation objectives have not been\r\nfully met in the second growing season, although seeded forage kochia is showing progress\r\ntowards success. A seed-bank of annual invasive forbs and grasses and lower snow pack and\r\ndrought like conditions in the second growing season has hindered the treatment\u2019s success. The\r\nseeding falls on an established, low density Poa secunda community. However, the main\r\ncompetition to the seeded species is from annual invasive forbs and grasses. The area needs to\r\nremain closed for another growing season to enable perennial plants to display stronger gains in\r\ncover. In the future, aerial herbicide or targeted grazing should be considered to help remove\r\ncheatgrass.\r\n\r\n2019: An allotment closure was issued for the Twenty Five allotment but in the pastures outside of the\r\nHorseshoe Field pasture where Plot 05 is located. Since the standard closure objective of three\r\nperennial grasses per square meter was not met, it is advised that appropriate grazing management \r\n(rest, targeted grazing) and herbicide treatment be implemented in the area to allow\r\nthe seedings to establish.",Polygon,Confirmed,"Digitized by BLM field office personnel, method unknown",1/19/2018,1333.359067,1333.320139,,Contractor,"Vegetal cover, Erosion, Habitat for sage grouse","Provide forage and cover for sage grouse and other wildlife, reduce water erosion, increase rate at which native vegetation is restored.",,,,,AIM Plot 05,15:21:00
Model 26,Central Basin and Range,Post-burn aerial seeding,50658,20499,Implemented,See Comments,2,12/1/2018,12/30/2018,Acres,629,Seeding,Aerial Seeding,Aerial Seeding,-1,Confirmed seed list,Aerial Seed Mix,Seeds,Confirmed on Paper,Unknown,Species Specific,Seed was bought and mixed and the contract was flown in FY 2018.\r\nA few pallets of Ravenwood Fire seed were mixed in with the Phoenix Fire seed.,"For purpose of biotic integrity, establish desirable species on 629 acres at an average of 3 perennial plants per square meter within\r\n3 years. For purpose of soil and site stability establish desirable species at 20-40 percent cover seeded across the seeded area within 2 years.","Reseeding the Burn Area and Temporally Closing it to Cattle Use:\r\nThe Phoenix Fire will be reseeded with three different methods. Approximately 6,063 acres fall within the flats and can be treated via ground seeding with a mix of drill, and broadcast (with and without chain harrow incorporation). Then in the higher steeper slopes (approximately 629 acres) seeds will be applied aerially. While all seeds are subject to availability, the drill seed mix will primarily consist of grasses: Agropyron fragile (Siberian Wheatgrass), Leymus cinereus (Great Basin Wildrye), Distichlis spicata (Inland Saltgrass), Elymus wawawaiensis (Snakeriver Wheatgrass), Elymus elymoides (Bottlebrush Squirreltail), Achnatherum hymenoides (Indian Ricegrass). There will also be one forb: Sphaeralcea munroana (Munroe's Globemallow), and one shrub/subshrub: Atriplex confertifolia (Shadscale). Six different grasses will be applied aerially on the fire. These grasses are Agropyron fragile (Siberian Wheatgrass), Leymus cinereus (Great Basin Wildrye), Elymus elymoides (Bottlebrush Squirreltail), Achnatherum hymenoides (Indian Ricegrass), Pseudoroegneria spicata ssp. spicata (Bluebunch Wheatgrass) and Festuca idahoensis (Idaho Fescue). The ground seeding equipment will avoid rock outcrops, unburned islands, and any identified historical properties. Seeding will occur in the fall, winter, and early spring, shortly before anticipated winter snowfall to assist with propagation.",Aerial seeding happened in December\r\n\r\nFY2020 - All plots were revisited in 2020.,"2018:\r\nDiscussion: Battle Mountain District personnel utilized Jornada\u2019s Shiny tool to randomly create six monitoring sites within the fire, two of these plots were within the aerial seeding area, 3 in the drill seeding area and one was in a area that was not seeded (See Table 1 for plot information). Each monitoring site was within a different soil Map Unit from the United States Department of Agriculture\u2019s Web Soil Survey and all of the soil types found within the fire were looked at. The results of these monitoring sites that were visited are shown in Table 2 and 3. Monitoring data recorded included vegetation density and cover using photo points, quadrat density counts, line-point intercept, canopy gap, and perennial basal gap monitoring methods as described in: Monitoring Manual for Grassland, Shrubland and Savanna Ecosystems, Volume 1: Quick Start, Herrick et al, 2005, p36. Paced density quadrat count methods (developed by Elko BLM staff and advised by Rangeland Monitoring in Western Uplands, George Ruyle et al., University of Arizona, College of Agriculture and Life Sciences, 2006, p 16) were also used to establish number and type of plants per meter squared. At the time of plot establishment, no seeding had happened on the fire. Seeding didn\u2019t happen because the site was sprayed for cheatgrass in April of 2018 and the rest of the FY was a rest year to allow the chemical to have an impact on the fire, and to allow the chemical residual to degrade enough not to effect the seeded species, and then waiting for the ideal time of year for seed to be placed on/in the ground.\r\nResults: See Tables below for a summary of data found. Since this was the first year of monitoring there is no data to compare the trends with, but this fire has not reached objectives yet.\r\nRecommendations: Continue monitoring.\r\nFY 2019:\r\nDiscussion: Fire was aerial seeded in November 2018 and drill seeded November 2018 to January 2019. All the plots were revisited in 2019.\r\nResults: This fire is trending towards less annuals and more perennials, as well as better species richness. See tables below for a summary of data found.\r\nRecommendation: Continue closure but discuss with range about opening it next summer. Continue monitoring.\r\nFY 2020:\r\nDiscussion: All plots were revisited in 2020.\r\nResults: The drilled portion of the fire has reached the objective but the aerial seeding portion of the fire has not. See tables below for a summary of data found and areas monitored.\r\nRecommendation: Continue to monitor the fire and continue to allow grazing in the flats.\r\nFY 2021:\r\nDiscussion: Two plots representative of overall burned area and treatment units were revisited.\r\nResults: In the higher elevations of the burned area, perennial grass and shrub cover increased while perennial forbs remained the same. Annual invasive grass cover decreased, likely due to drought conditions and lack of precipitation, which allowed for the increased cover of annual invasive forbs. In the lower elevation, there were no annual invasive grasses or forbs present due to lack of precipitation. However, perennial grass cover increased significantly. Presence of both native and non-native seeded species indicates successful seeding establishment within the area in 2020. The higher elevation and lower elevation areas have met cover and density objectives.\r\nRecommendations: Continue to monitor to see if these rates are confirmed again next year, especially if more precipitation is received this year.\r\nFY 2022:\r\nDiscussion: Two plots representative of overall burned area and treatment units were revisited.\r\nResults: Perennial grass and shrub cover decreased slightly within the plots monitored in FY22. However, overall density of perennial grasses increased significantly from FY20. Density objectives are currently being met within the aerial seeding and drill seeding treatment areas.\r\nRecommendations: Continue to monitor through renewables program.",Polygon,Confirmed,Digitized by LTDL data entry personnel using a confirmed map,8/1/2019,727.16,704.12,,Contractor,"Erosion, Loss of vegetation",For purpose of soil and site stability.,Unknown,Unknown,Unknown,Unknown,A few pallets of Ravenwood Fire seed were mixed in with the Phoenix Fire seed. Since,49:05:00
Model 26,Central Basin and Range,Post-burn aerial seeding,50696,18412,Implemented,See Comments,2,2/11/2018,2/11/2018,Acres,2040,Seeding,Aerial Seeding,Aerial Seeding: Fixed Wing,-1,Confirmed seed list,Aerial East Sage Grouse Mix,Seeds,Confirmed on Paper,Unknown,Species Specific,,"The goal of reseeding the treatment areas with sagebrush and other species is to help provide cover and forage for sage-grouse and other wildlife, reduce water erosion hazards by stabilizing soils, increase the rate at which native vegetation is restored, maintain a healthy, productive, and diverse plant community, and minimize the establishment of exotic annual plants.",This plan calls for EVERY OTHER SWATH COVERAGE.,"Data obtained from this treatment's GIS Attribute Table - Aerial seeding of native species by fixed-wing.\r\n\r\nThe Aerial Imazapic/Aerial Overseed Rock Creek PHMA & GHMA\r\nTreatment was an aerial herbicide application of Imazapic in the fall of 2016, followed by an\r\naerial seeding in the winter of 2016-2017 and a drill seeding the following winter of 2017-2018.\r\nThe aerial seeding mix was applied via aircraft to the public burned land in areas selected to be\r\nin accordance with the ecological sites and elevation and was comprised of Wyoming Big\r\nSagebrush, Western Yarrow, and Blue Flax.","Density: Density: The Aerial Imazapic/Aerial Overseed Rock Creek PHMA & GHMA\r\nTreatment was an aerial herbicide application of Imazapic in the fall of 2016, followed by an\r\naerial seeding in the winter of 2016-2017 and a drill seeding the following winter of 2017-2018.\r\nThe aerial seeding mix was applied via aircraft to the public burned land in areas selected to be\r\nin accordance with the ecological sites and elevation and was comprised of Wyoming Big\r\nSagebrush, Western Yarrow, and Blue Flax. AIM Plots 04 and 05 were monitored in 2019. The\r\nsagebrush establishment is showing some success: there was one seeded sagebrush recorded at\r\nAIM Plot 05. However, this number is notably reduced from the density from the first growing\r\nseason.\r\nForb seedlings were not recorded in 2019 surveys when they were over half way towards full\r\nestablishment success in these sites in 2018: 0.80 seeded blue flax plants per square meter were\r\nrecorded in the second growing season. However, due to the fact that there were no blue flax\r\nplants to be found in the first growing season (after the aerial seeding), the established blue flax\r\nseed source was most likely from the drill seeding treatment, which occurred between the first\r\nand second growing seasons. The treatment is considered successful when one big sagebrush\r\nseedling and one and a half forb species (yarrow or flax) seedlings per square meter are\r\nestablished.\r\nThe trend results here indicate that aerially seeding forbs and shrubs in the winter/spring\r\nimmediately following the fall aerial application of Imazapic (herbicide for annual grass control)\r\nat this site may have had a detrimental effect on the establishment of the seeded species.\r\nHowever, regrowth of Sandberg bluegrass and crested wheatgrass was observed on the plots.\r\nCover: Average foliar canopy cover has decreased to 69.3% in the treatment area. Perennial\r\ngrasses have 39.7% cover. Cheatgrass cover had reduced cover (12.5%) in 2017, an intended\r\npositive correlation to the aerial herbicide treatment. Cheatgrass cover more-than doubled, to\r\n33.3% at the two plots, from the first to third growing seasons. However, this cover of cheatgrass\r\nis less cover than all other non-imazapic treated areas in the Hot Pot rehab area. Native perennial\r\nplant regrowth includes 29.7% perennial grass cover and 1.3% perennial forb cover. Sandberg\u2019s\r\nbluegrass (Poa secunda) cover decreased to 14.7%, while squirreltail (Elymus elymoidies)\r\nimproved to 8% cover. Tall tumble mustard (Sisymbrium altissimum) cover increased to 7.7%.\r\nThis invasive, annual mustard species appeared to be initially hindered by the herbicide as it had\r\nonly 0.8% cover in 2017. Overall, the native and drill seeded perennial plant species are\r\ncompeting well against the annual invasive grasses and forbs; this is positively correlated with\r\nthe aerial herbicide application in the fall of 2016. However, a negative correlation is that the\r\naerial seeding may have less effective due to the herbicide application timing.\r\nGaps: Gaps in canopy foliar cover have increased from the second to third growing seasons but\r\nhave not reached 2017 levels. The majority of gaps are between 101 and 200cm. Canopy cover\r\nrepresents less than half of the average 25m transects. These gaps make the site susceptible to\r\nwind and water erosion.\r\nSpecies Richness:\r\n2017: An average of twenty-two (21.6) different plant species was observed within the 2,827.4\r\nsquare meter monitoring plots.\r\n2018: An average of thirty-six different plant species was observed within the 2,827.4 square\r\nmeter monitoring plots.\r\n2019: An average of twenty-five (24.5) different plant species was observed within the two\r\n2,827.4 square meter monitoring plots.\r\nEcological sites and Erosion:\r\nHot Pot Rock Creek Imazapic AIM Plot 02 is located in a Rangeland Loamy 8-10\u201d P.Z.\r\nR024XY005NVsite in a former / / Artemisia tridentata ssp. wyomingensis / Achnatherum\r\nthurberianum (/ Wyoming big sagebrush / Thurber's needlegrass) vegetation community.\r\n2017: Wind and water erosion effects were present on the plot in minimal ways; there were short\r\nand rarely occurring water flow patterns, rare deposition and runoff, and rarely occurring\r\npedestals.\r\n2018: Soil and site stability were not impaired by the very few rills and few pedestals.\r\n2019: Plot not monitored in 2019.\r\nHot Pot Rock Creek Imazapic AIM Plot 04 is located in a Rangeland Loamy 8-10\u201d P.Z.\r\nR025XY019NV site in a former / / Artemisia tridentata ssp. wyomingensis / Achnatherum\r\nthurberianum - Achnatherum hymenoides (/ Wyoming big sagebrush / Thurber's needlegrass -\r\nIndian ricegrass) vegetation community.\r\n2017: Wind and water erosion effects were commonly occurring on the plot; there were\r\nmoderately long but rarely occurring water flow patterns, very few rills, and commonly\r\noccurring deposition and runoff and pedestals.\r\n2018: Soil and site stability have improved into the second growing season: there were only very\r\nshort and rarely occurring water flow patterns, rarely occurring deposition and runoff, and few\r\npedestals.\r\n2019: Similar pedestalling was observed as in 2018, whereas increased deposition/runoff and\r\ndecreased water flow patterns were observed.\r\nHot Pot Rock Creek Imazapic AIM Plot 05 is located in a Rangeland Loamy 8-10\u201d P.Z.\r\nR025XY019NV site in a former / / Artemisia tridentata ssp. wyomingensis / Achnatherum\r\nthurberianum - Achnatherum hymenoides (/ Wyoming big sagebrush / Thurber's needlegrass -\r\nIndian ricegrass) vegetation community.\r\n2017: Wind and water erosion effects were commonly occurring on the plot; there were very\r\nshort, rarely occurring water flow patterns, very few rills, and commonly occurring deposition\r\nand runoff and pedestals.\r\n2018: Soil and site stability were minimally impacted by the moderately long but rarely\r\noccurring water flow patterns and common pedestals.\r\n2019: Similar pedestalling and water flow patterns were observed along with increased\r\ndeposition/runoff compared to the 2018 surveys.\r\nHot Pot Rock Creek Imazapic AIM Plot 06 is located in a Rangeland Loamy 8-10\u201d P.Z.\r\nR024XY005NV site in a former / / Artemisia tridentata ssp. wyomingensis / Achnatherum\r\nthurberianum (/ Wyoming big sagebrush / Thurber\u2019s needlegrass) vegetation community.\r\n2017: Wind and water erosion were present on the plot; there were moderately long and\r\ncommonly occurring water flow patterns, widespread deposition and runoff, and commonly\r\noccurring pedestals. Other soil disturbance was the widespread, animal burrows.\r\n2018: Not monitored in second year.\r\n2019: Plot not monitored in 2019.\r\nHot Pot Rock Creek Imazapic AIM Plot 07 is located in a Rangeland Loamy 8-10\u201d P.Z.\r\nR024XY005NV site in a former / / Artemisia tridentata ssp. wyomingensis / Achnatherum\r\nthurberianum (/ Wyoming big sagebrush / Thurber\u2019s needlegrass) vegetation community.\r\n2017: Wind and water erosion were present on the plot; there were long and commonly\r\noccurring water flow patterns, widespread deposition and runoff, and commonly occurring\r\npedestals.\r\n2018: Not monitored in second year.\r\n2019: Plot not monitored in 2019.\r\nAerial Imazapic and Aerial Overseed of Drill Rock Creek PHMA & GHMA\r\nTreatment Recommendations:\r\nMonitoring results have shown that the aerial application of Imazapic herbicide has effectively\r\ntargeted and reduced the cover of annual, invasive grasses while leaving perennial, desirable\r\nplants intact. However, aerially seeding in the winter/spring following the fall application of the\r\nherbicide may have a detrimental effect on the seedling establishment. An allotment closure was\r\nissued for the Twenty Five allotment in the North Six Mile pasture where Imazapic Plots 02, 04,\r\n05, 06, and 07 are located. The closure objective of three perennial grasses per square meter has\r\nbeen met. It is advised that grazing management include resting, rotations, and other measures to\r\ngive more time for the seeded species to establish well in the area.",Polygon,Confirmed,"Digitized by BLM field office personnel, using an aircraft GPS unit",4/27/2018,2052.39,2052.39,,Unknown,"Vegetal cover, Erosion, Habitat for sage grouse","Provide forage and cover for sage grouse and other wildlife, reduce water erosion, increase rate at which native vegetation is restored.",,,,,Hot Pot Fire 2017 Aerial East Drill Overseed,05:34:00
Model 26,Central Basin and Range,Post-burn aerial seeding,50716,18412,Implemented,See Comments,2,1/31/2017,1/31/2017,Acres,2106,Seeding,Aerial Seeding,Aerial Seeding: Fixed Wing,-1,Confirmed seed list,Aerial Horseshoe Mountain,Seeds,Confirmed on Paper,Unknown,Not Available,,"The goal of reseeding the treatment areas with sagebrush and other species is to help provide cover and forage for sage-grouse and other wildlife, reduce water erosion hazards by stabilizing soils, increase the rate at which native vegetation is restored, maintain a healthy, productive, and diverse plant community, and minimize the establishment of exotic annual plants.","Aerial seed approximately 2,725 acres with an\r\nevery other swath coverage in low elevation areas with a mixture of forage kochia, Sandbergs\r\nbluegrass, and Western yarrow. This area is located outside GSG habitat, but within crucial\r\nmule deer winter range. The seeding will provide mule deer with a forage base during the\r\nwinter as well as breaking up the continuity of annual grasses that can lead to large wildfires.\r\nThis treatment will aid in further protecting GSG habitat located further to the east.","Data obtained from this treatment's GIS Attribute Table - Aerial seeding of native species by fixed wing.\r\n\r\nThe Aerial Horseshoe Mountain Treatment seed mix was applied aerially via aircraft to\r\nthe public burned land in accordance with the ecological sites and elevation and was comprised\r\nof Wyoming Sagebrush, Sandberg\u2019s Bluegrass, and Blue Flax","Density: The Aerial Horseshoe Mountain Treatment seed mix was applied aerially via aircraft to\r\nthe public burned land in accordance with the ecological sites and elevation and was comprised\r\nof Wyoming Sagebrush, Sandberg\u2019s Bluegrass, and Blue Flax. In the AIM plots that fell within\r\nthis seeding treatment (Plots 42, 44, 45, and 46) the sagebrush establishment has nearly met\r\nsuccess: there are a recorded average of 0.95 seeded sagebrush plants per meter. Blue flax\r\nseedlings have been showing progress towards establishment success in these sites: 0.19 seeded\r\nblue flax plants per square meter were recorded in 2018 monitoring. Objectives of the treatment\r\nare considered met when one big sagebrush seedling and one and a half forb species (yarrow or\r\nflax) seedlings per square meter are established.\r\nCover: Average foliar canopy cover was 80.5% in the Aerial Horseshoe Mountain Treatment\r\narea. Perennial grasses have 25.5% cover, including 20.3% Sandberg\u2019s bluegrass (Poa secunda)\r\nand 4.5% basin wildrye (Leymus cinerus). Cheatgrass has 50.8% cover while annual forbs have\r\n14.4% cover and native perennial forbs have 15.9% cover. Overall, the site\u2019s native perennial\r\nplant species are still competing well against the annual invasive grasses and forbs.\r\nGaps: Gaps in canopy foliar cover have decreased significantly in occurrence and length from\r\n2017 monitoring, creating a positive effect for controlling erosion on the sites. However, an\r\naverage of 2.57 meters of the 25 meter transects are comprised of gaps larger than 200 cm. Gaps\r\nof this size are detrimental to the site in that they allow wind and water erosion to occur. Canopy\r\ngaps greater than 25 cm represent only 25% of the average 25 m transect, therefore canopy cover\r\nis generally preventing wind and water erosion from occurring on the plot.\r\nSpecies Richness:\r\n2017: An average of approximately twenty-eight (28.25) different plant species was observed\r\nwithin the 2,827.4 square meter monitoring plots.\r\n2018: An average of approximately thirty (29.75) different plant species was observed within the\r\n2,827.4 square meter monitoring plots.\r\n2019: An average of approximately twenty-eight (27.25) different plant species was observed\r\nwithin the 2,827.4 square meter monitoring plots.\r\n\r\nEcological sites and Erosion:\r\nHot Pot AIM Plot 42 is located in a Rangeland Claypan 12-16\u201d P.Z. R025XY17NV site in a\r\nformer / Artemisia arbuscula / Festuca idahoensis - Pseudoroegneria spicata (/ little sagebrush /\r\nIdaho fescue - bluebunch wheatgrass) vegetation community.\r\n2017: Wind and water erosion were present on the plot; there were very short and rarely\r\noccurring water flow patterns, rarely occurring deposition and runoff, very few and short rills,\r\nand common pedestals.\r\n2018: Wind and water erosion were present on the plot; rills were common, there were very short\r\nand rarely occurring water flow patterns, and few pedestals.\r\n2019: Water flow patterns and pedestalling were still common on the site.\r\n\r\nHot Pot AIM Plot 44 is located in a Rangeland Loamy 8-10\u201d P.Z. R025XY019NV site in a\r\nformer / / Artemisia tridentata ssp. wyomingensis / Achnatherum thurberianum - Achnatherum\r\nhymenoides (/ Wyoming big sagebrush / Thurber's needlegrass - Indian ricegrass) vegetation\r\ncommunity.\r\n2017: Wind and water erosion were present on the plot; there were very short and rarely\r\noccurring water flow patterns, commonly occurring deposition and runoff, and few pedestals.\r\n2018: Wind and water erosion effects were minimally present on the plot; there were very short\r\nand rarely occurring water flow patterns and few pedestals.\r\n2019: Increased deposition/runoff and pedestalling were observed.\r\n\r\nHot Pot AIM Plot 45 is located in a Rangeland South Slope 12-14\u201d P.Z. R025XY009NV in a\r\nformer / Artemisia tridentata ssp. vaseyana - Purshia tridentata / Pseudoroegneria spicata\r\n(/ mountain big sagebrush - antelope bitterbrush / bluebunch wheatgrass) vegetation community.\r\n2017: Wind and water erosion were present on the plot; there were very short and rarely\r\noccurring water flow patterns, rarely occurring deposition and runoff, very few and short rills,\r\nand common pedestals.\r\n2018: Wind and water erosion were present on the plot; there were very short and rarely\r\noccurring water flow patterns, rarely occurring deposition and runoff, very few and short rills,\r\nand common pedestals.\r\n2019: Similar deposition/runoff, and reduced rills and pedestalling were observed at the site.\r\n\r\nHot Pot AIM Plot 46 is located in a Rangeland Loamy Bottom 8-14\u201d P.Z. R025XY003NV site in\r\na former / Artemisia tridentata ssp. tridentata / Leymus cinereus (/ basin big sagebrush / basin\r\nwildrye) vegetation community.\r\n2017: Wind and water erosion were present on the plot as the plot was located in an ephemeral\r\ndrainage; there were long and commonly occurring water flow patterns and commonly occurring\r\ndeposition, runoff, and pedestals. An active head-cut gully was also present.\r\n2018: Wind and water erosion were present on the plot as the plot was located in an ephemeral\r\ndrainage; there were long and very common water flow patterns and widespread pedestals. An\r\nactive head-cut gully was also present.\r\n2019: Reduced water flow patterns and pedestalling were observed at the site.\r\n\r\nAerial Horseshoe Mountain Treatment Recommendations:\r\nMonitoring results in the treatment area have shown that ESR rehabilitation objectives have not\r\nbeen met for sagebrush and forb establishment in the third growing season but were nearly met\r\nin the second growing season. This is partially due to differing density observations on the plots\r\nbetween 2018 and 2019 and the presence of seeded species should be considered. These areas are\r\nrecovering well post-fire and the perennials have shown regrowth success. An allotment closure\r\nwas issued for the Twenty Five allotment but in the pastures outside of the Horseshoe Field and\r\nSpring Cree/Rim pastures where Plots 42, 44, 45, and 46 are located. It is recommended that the\r\narea be considered for grazing due to these successes and to remove fine fuels. Removing the\r\nfine fuels may prevent the spread of another massive wildfire.",Polygon,Confirmed,"Digitized by BLM field office personnel, using an aircraft GPS unit",None,2106.57,2104.99,,Contractor,"Vegetal cover, Erosion, Habitat for sage grouse","Provide forage and cover for sage grouse and other wildlife, reduce water erosion, increase rate at which native vegetation is restored.",,,,,"Hot Pot Fire Horseshoe Mountain 020393\r\n\r\nAIM Plots 42, 44, 45, 46",31:32:00
Model 26,Central Basin and Range,Post-burn aerial seeding,50755,20514,Implemented,See Comments,2,1/16/2018,1/29/2018,Acres,6402,Seeding,Aerial Seeding,Aerial Seeding,-1,Planned seed list,Mule Deer Aerial,Seeds,Plan,Unknown,Species Specific,,"The objective of the aerial seeding treatment is to revegetate the burned area with a\r\nwell-adapted species mix that provides forage and will promote structural and species diversity\r\nwithin the burned area. Objectives will be considered met for the aerial seed mixes if one nonnative\r\nshrub per square meter, one native forb per square meter, 0.3 native shrubs per square\r\nmeter, and three native grasses per square meter are established in 2-5 years (3-5 years for\r\nnative shrub establishment).","Aerial Mule Deer Mix -Aerial seed approximately 13,019 acres of crucial mule deer and elk winter range with a mixture of mountain big sagebrush, basin big sagebrush, and western yarrow. These areas are located in the southwest portion of the fire. This would be strip seeded (every other swath), resulting in 50% coverage (6,510 actual seeded acres).","44,672 acres were treated in FY 2018. See the Treatment Map - Completed Treatments and 2018 ESR Monitoring Plots.","S3 Aerial Seeding - Aerial Mule Deer 2019 Density Results\r\nThe Aerial Mule Deer seed mix was comprised of Western yarrow (Achillea millefolium v.\r\noccidentalis), mountain big sagebrush (Artemesia tridentata vaseyana), and basin big sagebrush\r\n(Artemesia tridentata tridentata). The modified rehabilitation objectives used to analyze the\r\naerial seedings within the fire are to establish seeded sub-shrubs (forage kochia) at 1 per square\r\nmeter, seeded forbs at one per square meter, seeded shrubs at 0.3 per square meter, and seeded\r\ngrasses at 3 per square meter within 2-5 years. The rehabilitation objectives have not been met at\r\nthe site as no seeded species were observed at the site. Recovered small-form grasses (Sandberg\r\nbluegrass) and large-form grasses (Thurber\u2019s needlegrass, squirreltail) were observed on the plot.\r\n2019 AIM Data Results\r\nCover: Average foliar canopy cover was high (66.0%) in part due to the high cover (52.7%) of\r\nSandberg bluegrass (Poa secunda). Next highest cover was squirreltail (Elymus elymoides) at\r\n6.7% and bluebunch wheatgrass (Pseudoroegneria spicata) at 4.0%. Perennial grasses exceeded\r\nfunctional cover on the site.\r\nSoils, Gap, and Erosion: AIM Plot 20 is located in a Rangeland LOAMY 8-10 P.Z. in a former /\r\nArtemisia tridentata ssp. wyomingensis / Achnatherum thurberianum \u2013 Achnatherum hymenoides\r\n(/Wyoming big sagebrush / Thurber\u2019s needlegrass \u2013 Indian ricegrass) vegetation community on\r\nthe shoulder of a hill.\r\nCanopy gaps were uncommon and occurred on approximately 19.2% of the 25 meter transects\r\nwithin the plot. The majority of gaps occurred between 25 and 50 centimeters. Gaps greater than\r\n101 cm were not present. Widespread pedestalling, rare deposition/runoff, and common water\r\nflow patterns were observed on the plot. Due to higher slope (28%), this could be close to\r\nexpected conditions for the site but wind and water erosion are still a moderate concern as far as\r\npotential impact to the seeding.\r\nSpecies Richness: Thirty-one (31) different plant species were observed within the plot.\r\n\r\n2019 Recommendations\r\nThe ESR objectives of the aerial seeding through density observations have not been met on this\r\nplot. There was an allotment closure issued for the Little Humboldt, Owyhee, and Spanish Ranch\r\nallotments. Allotment closure objectives of three perennial grasses per square meter have been\r\nmet but it is advised that additional rest be given to the area so the seedings may establish.\r\n\r\n2020 Density Results\r\nThe rehabilitation objectives have not been met at the site as no seeded species were observed at the site. Recovered small-form grasses (Sandberg bluegrass) and large-form grasses (Thurber\u2019s needlegrass, squirreltail) were observed on the plot.\r\n\r\n2020 AIM Data Results\r\nCover: Average canopy foliar cover was similar to 2019 observations. Highest cover came from Sandberg bluegrass (35.3%), followed by an unknown perennial grass (17.3%), bluebunch wheatgrass (7.3%), and squirreltail (4.7%). Perennial species had much greater cover than annual species on the plot.\r\nSoils, Gap, and Erosion: AIM Plot 20 is located in a Rangeland LOAMY 8-10 P.Z. in a former / Artemisia tridentata ssp. wyomingensis / Achnatherum thurberianum \u2013 Achnatherum hymenoides (/Wyoming big sagebrush / Thurber\u2019s needlegrass \u2013 Indian ricegrass) vegetation community on the shoulder of a hill.\r\nCanopy gaps were mostly between 25 and 50 cm long. Canopy cover represented 86% of the average 25m transects. Similar widespread pedestalling, rare deposition/runoff, and common water flow patterns were observed on the plot. Consistent small gaps and minimal signs of erosion suggest wind and water erosion are not concerns for the site.\r\nSpecies Richness: Thirty (30) different plant species were observed within the plot.\r\n\r\n2020 Recommendations The ESR objectives of the aerial seeding through density observations have not been met on this plot. There was an allotment closure issued for the Spanish Ranch allotment, Burner Hills pasture where Plot 20 is located. The allotment closure objective of three perennial grasses per square meter has been met. It is advised that proper grazing management be given to the area so the seedings may establish.",Polygon,Confirmed,"Digitized by BLM field office personnel, method unknown",,6402.26,6397.46,,Unknown,"Forage for livestock, Forage for wildlife, Forage quality, Habitat productivity, Habitat quality",Provides forage and will promote structural and species diversity.,,,,,,38:22:00
Model 26,Central Basin and Range,Post-burn aerial seeding,50997,20551,Implemented,,2,10/12/2017,10/12/2017,Acres,500,Seeding,Aerial Seeding,Aerial Seeding,-1,Confirmed seed list,,Seeds,Confirmed on Paper,Outside of Treatment,Not Available,C86-A1-StarPeak-ROC-17\r\n2017: This is a control plot in reference to the chemical spraying in winter of 2016.,Primary objective is to reduce annual grasses and establish perennial vegetation within\r\ngreater sage grouse habitat.,The treatment proposes to aerially seed approximately 500 acres with native perennial seeds\r\nin year two following herbicide treatment in year one to control annual invasive plants. Weed\r\ntreatment will occur prior to seeding for seed bed preparation to suppress non-native annual\r\nplants and to enhance success of seeding operations. This treatment will coordinate herbicide\r\ntreatment with seeding activities to advantage germination and seeding establishment of native vegetation.,"This contract is to aerially broadcast seed a total of 500 acres with\r\nSandberg bluegrass (Poa secunda), Bluebunch wheatgrass\r\n(Pseudoroegneria spicata ssp. spicata), and Munro's globemallow\r\n(Sphaeralcea munroana). The 500 acres are identified as having\r\na moderate potential for wind erosion and high potential for\r\nincreased non-native species invasion. Aerial seeding will occur fall\r\nof 2017. Aerial seeding was chosen as the terrain is too steep or\r\nbroadcast and harrow.","The area was aerially seeded on 10/12/2017 by Morris Ag. Air.\r\n\r\nFY 2017: The Rock Hill fire monitoring plot met the ESR perennial and density objective for\r\nrecovery post burn after the first year of monitoring. The burned area is dominated by cool season\r\nperennial grasses and contains a strong re-sprouting shrub community with some young\r\nsage. All preferred perennial plants that were found are a result of pre-fire establishment.\r\nCheatgrass is common and may become more dominate particularly near the plots with more\r\nexposed bare ground. These plots may also be more susceptible to infection of noxious weeds in\r\nthe area like whitetop. The plot was seeded in the fall of 2017. For a photograph of the seeding,\r\nsee Figure 4.",Polygon,Confirmed,Digitized by LTDL data entry personnel using a confirmed map,9/5/2019,505.84,500.77,,Contractor,"Habitat for greater sage grouse, Loss of desirable species, Invasive species, Invasion by non-native annuals, Loss of perennials",The 500 acres are identified as having\r\na moderate potential for wind erosion and high potential for\r\nincreased non-native species invasion.,,,,,,36:03:00
Model 26,Central Basin and Range,Post-burn aerial seeding,51002,20553,Implemented,Failure,2,12/8/2016,12/8/2016,Acres,124,Seeding,Aerial Seeding,Aerial Seeding: Rotor Wing,-1,Confirmed seed list,,Seeds,Confirmed on Paper,Unknown,Not Available,,The objective is to prevent sagebrush communities to transitioning into an annual plant state\r\nand restoring essential forage and cover for greater sage grouse.,"The BLM proposes to aerial seed a total of 124 acres of public land managed by BLM\r\nthat was burned by the Paradise Fire. Seeding would occur in the fall or winter with a\r\npreference for application in late fall or early winter. The possible species the project\r\nwould seed with are bluebunch wheatgrass (Pseudoroegneria spicata spp.spicata),\r\nfourwing saltbush (Atriplex canescens), hoary tansyaster (Machaeranthera canescens),\r\nrocky mountain beeplant (Cleome serrulata), scarlet globemallow (Sphaeralcea\r\ncoccinea), and Wyoming big sagebrush (Artemisia tridentata ssp. wyomingensis). All\r\nspecies proposed for aerial seeding are native.","Project was implemented using a Call When Needed\r\nhelicopter and fire crew staff.\r\nIt is policy and a first choice to use native species for\r\nrestoring quality wildlife habitat within a Wilderness Study\r\nAreas. The species that were seeded for this project are;\r\nWyoming sagebrush, rocky mountain beeplant, tansyaster,\r\nfourwing saltbrush , bluebunch wheatgrass, and poa\r\nsecunda. Wyoming sagebrush and bluebunch wheatgrass are\r\nlisted as major plant species on the site by the rangeland\r\necological site descriptions provided by NRCS.","Monitoring Results Summaries:\r\nRangeland Ecological Site: R025XY19NV Loamy 8-10 P.Z.: The reference plant community\r\nis dominated by Artemisia tridentata ssp. wyomingensis, Achnatherum thurberianum, and\r\nPseudoroegneria spicata. Reference vegetation community composition is approximately 65%\r\ngrasses, 30% shrubs, and 5% forbs.\r\nT69-A1Fairbanks-PAR-16\r\nTreatment: Aerially seeded with Cleome serrulata, Machaeranthera canescens, Atriplex\r\ncanescens, Pseudoroegneria spicata, Artemisia tridentata ssp. wyomingensis, Poa\r\nsecunda\r\n2017: This plot did not meet the objective for density of seeded species. This plot did\r\nmeet the ESR and livestock closure objectives for perennial cover. For a photograph of\r\nline 1, see Figure 3\r\n2016: This plot did not meet the objective for density of seeded species. This plot did not\r\nmeet the ESR and livestock closure objectives for perennial cover. The plot was\r\ndominated by Bromus tectorum and Sisymbrium altissimum. Few deep-rooted, perennial\r\ngrasses were found on site. Some A. tridentata ssp. wyomingensis and Tetradymia\r\ncanescens survived the fire in rocky outcrops. The site is very gravelly and cobbly. P.\r\nsecunda was seeded and was fairly common, but was not counted due to the difficulty of\r\ndistinguishing individual stalks this late in the season. The crew noted that the P. secunda\r\nwas likely resprouting from plants that existed at the plot pre-burn and were not from the\r\nseeding. Also, the four A. tridentata ssp. wyomingensis found at the plot were unburned\r\nplants and were not seeded. For a photograph of line 1, see Figure 2\r\nConclusions:\r\nThe Paradise Fire did not meet any of the ESR or livestock objectives for recovery post\r\nburn after the first year of monitoring. Non-native annuals dominate the fire area as well as the\r\nsurrounding area. There are areas of rock outcrops and unburned islands where native plants,\r\nespecially Wyoming sagebrush and bluebunch wheatgrass, have survived the fire and are\r\nrecruiting. No further seeding is planned at this time. Depending on funding the survey and\r\ntreatment of noxious weeds will continue to occur\u2026",Polygon,Confirmed,Digitized by LTDL data entry personnel using a confirmed map,9/5/2019,124.38,124.38,,Contractor,"Cover for wildlife, Forage quality, Forage for wildlife, Habitat for greater sage grouse, Habitat for wildlife, Habitat productivity, Loss of desirable species, Loss of perennials, Loss of native vegetation, Nesting bird species, Wildlife in treated area",Bluebunch\r\nwheatgrass is very drought resistant and adaptive to\r\nstabilizing disturbed soils. Fourwing saltbrush was observed\r\nwithin the burned area. Fourwing saltbrush does well in\r\npostfire communities and the seed is long lived. Tansyaster is\r\nan early colonizer of rangelands and disturbed sites.\r\nTansyaster is also considered an important species for sage\r\ngrouse during brood reading because of its insect\r\nassociations. See Figure 1 for photo.,,,,,,48:45:00
Model 26,Central Basin and Range,Post-burn aerial seeding,51009,9299,Implemented,,2,1/30/2014,1/30/2014,Acres,279,Seeding,Aerial Seeding,Aerial Seeding,-1,Confirmed seed list,,Seeds,Confirmed on Paper,Unknown,Not Available,,The cover objectives are to obtain 50% of all perennial plant cover found in the associated reference site by the end of\r\nthe third year. Density objectives are to obtain an average of 0.25 seeded species firmly rooted per square meter by the end of the\r\nthird year from fire containment.,,279 acres of BLM\r\nmanaged public lands seeded with Artemisia tridentata spp.\r\nvaseyana and Poa secunda.,"T25-A1WhiteHorse-RAS-14\r\nTreatment: Aerially seeded with A. tridentata ssp. vaseyana and P. secunda.\r\n2016: This plot meets all objectives for density, ESR perennial cover, and livestock\r\nclosure perennial cover. Some herbivory had occurred on P. secunda, and there were\r\ncattle observed on the plot. B. tectorum is codominant with P. secunda and tumble\r\nmustard, see Figure 4.",Polygon,Confirmed,Digitized by LTDL data entry personnel using a confirmed map,9/6/2019,280.14,276.44,,Contractor,"Habitat for greater sage grouse, Habitat for wildlife, Habitat productivity, Habitat quality, Rough terrain, Invasion by non-native annuals, Loss of desirable species, Loss of perennials",Without treatment the burned areas area extremely susceptible to exotic annual dominance; this would jeopardize the Greater Sage\r\nGrouse and other wildlife that depend on this area year-round and especially in the winter months. The areas selected are\r\npredominantly upland areas where topography is unsuitable for drill seeding due to slope and accessibility.,,,,,,36:52:00
Model 26,Central Basin and Range,Post-burn aerial seeding,51037,20561,Implemented,,2,11/22/2017,11/22/2017,Acres,914,Seeding,Aerial Seeding,Aerial Seeding,-1,Unknown seed list,,Seeds,Unknown Seed List Origin,Unknown,Not Available,,Establish desirable species at 35% frequency (relative frequency of desirable perennial species)\r\nwithin 3 years.,,Aerial seeding was completed by Hammond Helicopter on 11/22/17\r\nat a cost of $9.25/ac.,"Perennial frequency was calculated from density data and represents the frequency occurrence of\r\nany perennial species per \xbc meter squared, 3 lines combined (150 samples). Perennial frequency\r\nis easily on track to meet the targeted 35% relative frequency objective. Total perennial\r\nfrequency averaged approximately 86 % for two monitored sites. Perennial composition is\r\nderived from frequency and represents the total percentage of seeded species, re-established\r\nperennials, and annuals/exotics for each plot (150 samples). Composition of perennial species in\r\n2018 averaged approximately 66% for two monitored sites.\r\n\r\nThe ESR drill seeding and chaining treatments on the Sage Fire show good results after the third year following the fire. Seedlings are getting successfully established and re-established perennials show good recovery across the burn, pointing toward the continued success of ESR treatments. The objective as to achieve a relative frequency of desirable perennial species of 35% within 3 years. The seeding treatment results are impressive, achieving a total perennial frequency averaged 70.91% for the monitoring sites in 2020. Desirable perennials are competing with cheatgrass and have limited its presence, as can be observed in comparing treated areas to neighboring sites.\r\nSeeded perennial vegetation is aiding in holding the soil in place across the burned area. No noxious weed were observed during monitoring in June 2020 and weed treatments in July 2020. Squarrose knapweed that has been problematic in the area has been reduced due to the cooperative management between Tooele County and the BLM Salt Lake Field Office.",Polygon,Confirmed,Digitized by LTDL data entry personnel using a confirmed map,9/13/2019,914.1,914.1,,Contractor,"Loss of desirable species, Loss of perennials",Establish desirable species.,,,,,,12:32:00
Model 26,Central Basin and Range,Post-burn aerial seeding,51051,20563,Implemented,Unknown,2,2/22/2018,2/22/2018,Acres,552,Seeding,Aerial Seeding,Aerial Seeding: Rotor Wing,-1,Confirmed seed list,Upper Mix,Seeds,Confirmed on Paper,Unknown,Species Specific,,Contract administration and aerial spraying. Establish desirable species at 4 per square meter or more within 3 years.,Unknown,"Secondary aerial seeding was completed on 02/22/18 by Hammond Helicopter at a cost of $2.89/ac. Aerial sprayed 522 acres with Imazapic under contract.\r\n\r\nDWR contributed the kochia and sage for the two secondary shrub mixes (8,100 lbs. $62,034 cost).","2018: Density measured at 8 monitoring sites averaged approximately 13\r\nseeded or re-established perennials per square meter, well above the\r\nseeding objective of 4 plants per square meter. Perennial\r\nFrequency was calculated from density data and represents the\r\nfrequency occurrence of any perennial species per \xbc meter squared,\r\n3 lines combined (150 samples). Total Perennial Frequency\r\naveraged 67% for eight monitored sites.\r\nPerennial Composition was measured using relative frequency of\r\nperennial vegetation in \xbd meter quadrats (\xbc M2) in belt transects\r\nalong three 25-meter lines. Perennial Composition represents the\r\ntotal percentage of seeded species, re-established perennials, and\r\nannuals/exotics for each plot (150 samples). Perennial\r\nComposition averaged approximately 53% for eight monitoring\r\nlocations.\r\n\r\n2020: Monitoring was conducted by contract crew in 2020. Total perennial relative frequency averaged approximately 47.97% for eight monitored sites. The density of seeded or re-established perennial species averaged 14.55 plants per square meter, exceeding the objective of 4 plants per square meter.\r\n\r\n2021: Total perennial relative frequency averaged approximately 70.28% for eight monitored sites in 2021. The density of seeded or re-established perennial species averaged 17.41 plants per square meter, exceeding the objective of 4 plants per square meter. No noxious weeds were observed at study sites or in the surrounding area. The ESR protection fence is intact and in good condition. All gates were securely closed at the time of monitoring",Polygon,Confirmed,Digitized by LTDL data entry personnel using a confirmed map,9/18/2019,4868.52,4687.49,,Contractor,"Loss of desirable species, Establishment of seeded species",Establish desirable species.,Unknown,Unknown,Unknown,Unknown,,49:31:00
Model 26,Central Basin and Range,Post-burn aerial seeding,51149,20577,Implemented,,1,12/13/2013,12/13/2013,Acres,987,Seeding,Aerial Seeding,Aerial Seeding,-1,Unknown seed list,,Seeds,Unknown Seed List Origin,Unknown,Not Available,,Perennial species including seeded species should be at least 40% composition of the total plant\r\ncommunity by the third full growing season (2015) after the fire. Stabilize soils by increasing the density of\r\nperennial grasses and forb in place of weeds.,,"987 acres were aerially seeded with a\r\nnative/introduced mix and applied to the bench on the far east, Hogan\u2019s\r\nAlley, and a steep sidehill.","2017: Two sites were monitored using Nested Plot Frequency transects in the Rhyolite ESR on July 13,\r\n2017. Road access into this ESR remains limited. ESR treatments on this fire finally met the\r\n40% perennial composition objective for the first time in 2017, the fifth year following the fire.\r\nThe 40% composition objective is measured using nested plot frequency of perennial vegetation.\r\nAlthough the north monitoring site (CH1) continues to be dominated by cheatgrass, seeded and\r\nre-established perennials are showing healthy vigor and increasing in frequency. The relative\r\nfrequency of seeded and re-established perennials at this site was up to approximately 44% in\r\n2017, over 29% in 2016 and just 13% in 2015. Although, the monitoring site in Birch Canyon\r\nhas been severely invaded by cheatgrass, the relative frequency of perennial species at this site\r\nwas stable at approximately 54%. Relative frequency of perennial vegetation averaged\r\napproximately 49% for both monitoring locations.",Polygon,Confirmed,Digitized by LTDL data entry personnel using a confirmed map,9/23/2019,1027.37,992.82,,Unknown,"Erosion, Establishment of seeded species, Invasive species, Loss of perennials, Noxious weeds",Stabilize soils by increasing the density of\r\nperennial grasses and forb in place of weeds.,,,,,,39:21:00
Model 26,Central Basin and Range,Post-burn aerial seeding,51169,20580,Implemented,Very Successful,1,10/1/2010,9/30/2012,Acres,9808,Seeding,Aerial Seeding,Aerial Seeding,-1,Unknown seed list,,Seeds,Unknown Seed List Origin,Unknown,Not Available,,Aerial\r\nSeed,,"Treatments conducted FYs 2010-2012: Aerial seed and chaining 5,854 acres and Aerial seed 3,954 acres.",,Polygon,Confirmed,Digitized by LTDL data entry personnel using a confirmed map,9/25/2019,9818.84,9687.51,,Unknown,"Erosion, Vegetal cover, Loss of desirable species, Loss of perennials",Emergency Stabilization.,,,,,,40:08:00
Model 26,Central Basin and Range,Post-burn aerial seeding,53033,20991,Implemented,Successful,2,1/11/2018,1/21/2018,Acres,8503,Seeding,Aerial Seeding,Aerial Seeding,-1,Confirmed seed list,Mountain Sagebrush Mix,Seeds,Confirmed on Paper,Unknown,Species Specific,Other site-adapted native plant species would be utilized depending on seed and funding availability as well as select non-native species.\r\nThe mountain sagebrush (Artemisia tridentata ssp. vaseyana) \r\nis mixed with Poa secunda and Psudoroegneria spicata.,"Objectives for aerial seeding with seed mixes containing grasses and shrubs are as follows:\r\n1. Obtain an average of 1 seeded plant per square meter by the end of the fifth year following fire ignition, which occurred on 9/1/2017.\r\n2. Obtain 50% or greater perennial cover of the low potential perennial plant cover for the appropriate ecological site by the end of the fifth year following fire containment.\r\n3. The seeding would result in lower abundance (density and cover) of invasive annual plant species, and a higher abundance of desirable perennial plant species than the unseeded control areas.\r\n4. Seeded species would be well established and reproducing.\r\nWithout treatment the burned areas are increasingly susceptible to exotic annual dominance; this would jeopardize the \r\nGreater Sage-Grouse, mule deer herds and other wildlife that depend on this area year-round and especially in the winter \r\nmonths. Seeding occurred on sites that do not have the likelihood of naturally recovering from the fire. Areas were seeded \r\nwith perennial species to reduce the dominance of Bromus tectorum. \r\nObjective: The cover objectives are to obtain 50% of all perennial plant cover found in the associated reference site by \r\nthe end of the third year. Density objectives are to obtain an average of 0.25 seeded species firmly rooted per square meter \r\nby the end of the third year from fire containment.","The BLM proposes to aerial seed a total of 13,275 acres of land managed by BLM that was\r\nburned by the Tohakum 2 Fire. Seeding would occur in January or February 2018 in areas not\r\ntreated with Imazapic. In areas treated with Imazapic, seeding would occur between December\r\n2018 and January 2019. Five seed mixes would be used.\r\nFour mixes will be used in year one aerial seeding treatments, in January or February 2018:\r\n\r\nA mountain big sagebrush (Artemisia tridentata ssp. vaseyana) seed mix would be applied to\r\n8,500 acres at upper elevations in the Selenite and Lake Ranges. Proposed species for this mix\r\ninclude mountain big sagebrush, Sandberg bluegrass, and bluebunch wheatgrass\r\n(Pseudoroegneria spicata).",Aerially Seeding with three different seed mixes in areas with \r\nhigh shrub mortality. \r\nThe mountain sagebrush (Artemisia tridentata ssp. vaseyana) \r\nis mixed with Poa secunda and Psudoroegneria spicata.,"After the third year after treatments and only three plots monitored, monitoring results show that\r\none of the plots have met their plant density objectives. All failed the ESR perennial objective \r\nexcept one, that plot was passed the objective by .4 plants per meter2\r\n. The contrast between \r\nthese plots shows what a complicating fire this was and the confusing monitoring establishments.\r\nMultiple plots needed to be discontinued due to the location of the 2018 established plot outside \r\nof the burn. More plots still needed to be removed from 2018 due to funding and treatment\r\nchanges. A conclusion is that the seeding failed along with an herbicide spray that removed all \r\nvegetation except Russian thistle (See Figure 10). Even the plot that made a successful recovery \r\ndid it without a single seeded plant. The lower elevations plots had much more annual plants and \r\nthe recovery will be difficult. There are no more treatments planned for the Tohakum 2 fire.",Polygon,Confirmed,Digitized by LTDL data entry personnel using a confirmed map,3/5/2020,8522.57,8483.92,,Contractor,"Establishment of seeded species, Habitat productivity, Habitat quality, Loss of desirable species, Loss of perennials, Loss of sagebrush, Loss of vegetation, Low seed bank, Vegetal cover","The use of perennial grasses, forbs, and shrubs at this site would allow for the re-establishment of shrubland structure and would also allow for the long-term seedling recruitment as a result of the seeded species successfully reproducing.",,,,,Aerial_Mountain_Sagebrush_Mix_2017,18:04:00
Model 26,Central Basin and Range,Post-burn aerial seeding,53070,4252,Implemented,See Comments,2,2/4/2002,2/15/2002,Acres,7732,Seeding,Aerial Seeding,Aerial Seeding: Fixed Wing,-1,Confirmed seed list,High Elevation,Seeds,Confirmed on Paper,Unknown,Species Specific,,"Maintain a sufficient quality, and\r\ndiversity of habitat and forage for livestock, wildlife, and wild horses through natural\r\nregeneration and/or vegetation manipulation methods.","Approximately 9,125 acres would be aerial seeded. About 1,393 acres would be aerial seeded\r\nto a low elevation seed mix then ""one pass"" chained to cover the seed and 7,732 acres would\r\nbe aerial seeded to a high elevation seed mix. All seed rates are PLS (Pure Live Seed), but the\r\nseed is seldom provided by PLS: it is usually at a bulk rate, meaning, for example, that 2 1/2 or 3\r\npounds bulk rate may have to pass through the drill to actually put 2 pounds PLS on/in the soil.\r\n\r\nAerial seeding would be done in the winter to take advantage of fall/winter moisture,\r\nincluding snow.","Aerial Seeding (unit. Acres) 9,125/units: @ $45.28 /unit -Total $413,175.87.\r\n\r\nThe high elevation seeding took place on February 4 thru 15,2002","2003 - virtually no seedling\r\nestablishment but good native response in 3 of 4 study areas aerially seeded only.\r\n\r\nexcellent\r\nseedling establishment in aerially seeded and chained area; compilation of 2003 data\r\nincomplete.\r\n\r\nFour of 5 monitoring studies were established in the aerially seeded portion of project with the fifth\r\none placed in the aerially seeded and chained area. Livestock grazing occurred in 2 of 5 study areas.\r\nThere was virtually no seedling establishment, but native response was good in 3 of 4 \u2018aerially\r\nseeded only\u2019 study areas. Seedling establishment was excellent in the \u2018aerially seeded and\r\nchained\u2019 area.\r\nMonitoring of both density and percent cover shows that emergence, particularly natives, was\r\nhigh the first year. Percent cover of forbs, grasses and shrubs increased each year following,\r\nwhile the number of all categories has slowly decreased. This decline in numbers is to be\r\nexpected as plants compete for resources during the early phases of revegetation. Since\r\ncheatgrass did not seem to be invading the area, competition from cheatgrass is ruled out as a\r\nfactor in the decline.\r\n\r\nLessons Learned/What Worked & Didn\u2019t Work:\r\nThe probability of seeding success increases when chaining is utilized after aerial seeding. In\r\nareas where the understory is adequate to provide a seed bank that will regenerate the vegetation\r\ncomplex, it may not be as imperative to chain or even seed. However, other monitoring studies\r\nhave shown that even with an adequate seed bank for revegetation, cheatgrass invasion is still a\r\nthreat.",Polygon,Confirmed,Digitized by LTDL data entry personnel using a confirmed map,3/12/2020,7651.72,7594.28,,Unknown,"Erosion, Establishment of seeded species, Forage quality, Habitat for wildlife, Habitat productivity, Habitat quality, Invasion by cheatgrass, Invasion by non-native annuals, Loss of desirable species, Noxious weeds","Major weed infestation\r\n(cheatgrass) will be greatly reduced, with successful seeding. Probability of future fires\r\nwill be reduced. The seeding will provide diversity with the grass/forb/shrub mixture to\r\nmeet rangeland health standards and guidelines as well as help to meet the Walker and\r\nLahontan Rangeland Program Summary goal to maintain a sufficient quality, and\r\ndiversity of habitat and forage for livestock, wildlife, and wild horses through natural\r\nregeneration and/or vegetation manipulation methods.. Seeding costs are satisfactory\r\nconsidering seed mixture, topography, and distance to the work site from Carson City.",,,,,Carson City,45:01:00
Model 26,Central Basin and Range,Post-burn aerial seeding,53887,21201,Implemented,See Comments,1,12/00/2020,2/00/2020,Acres,2903,Seeding,Aerial Seeding,Aerial Seeding,-1,Confirmed seed list,Low Elevation Mix Grass and Kochia,Seeds,Confirmed on Paper,Unknown,Species Specific,,Establish seeded species to 3 per square meter\r\ndensity in post-fire monitoring within 2-5 years.\r\nEstablish native forbs to 1 per square meter density in postfire\r\nmonitoring within 2-5 years.\r\nEstablish native shrubs to 0.3 per square meter density in\r\npost-fire monitoring within 3-5 years.,"Approximately 8,348 acres of public lands would be aerially seeded with grass, forb and shrub species appropriate for the site, based on resistance and resilience concepts, ecological site descriptions and field specialist knowledge of site conditions and potential. The WSA status of the burned area does not allow for drill seeding. Higher elevations and favorable slope aspects, in conjunction with herbicide, should aid in aerial success. Establishment of the seeded species would stabilize soils, provide competition against noxious and invasive weeds, such as cheatgrass, and meet critical winter mule deer, summer/winter pronghorn and winter elk forage and cover requirements.\r\n\r\nFall/Winter 2019: Lower Elevation Grass and Kochia Mix\r\nAerially seed approximately 3,343 acres with Siberian wheatgrass, Sandberg bluegrass and forage kochia to support crucial seasonal big-game habitat. This treatment would be completed in the fall/winter of 2019 after the area has laid fallow for a year following an imazapic treatment in the fall of 2018, in conjunction with the Higher Elevation seeding.","Hogan Low\r\nElevation Aerial Mix was comprised of forage kochia (Bassia prostrata), Siberian wheatgrass\r\n(Agropyron fragile), Sandberg bluegrass (Poa secunda), Blue flax (Linum perenne), and\r\nWyoming big sagebrush (Artemisia tridentata spp Wyomingensis).\r\n\r\nConfirmed complete by Monitoring Reports and As Built Map.","The rehab objectives of 1\r\nsagebrush seedling per 3 square meters and 3 seedlings per square meter have not been met, yet\r\nin either plot. The objective of 1 seeded forb seedling per square meter has been met in AIM Plot\r\n01 with 1.25 seedlings per square meter. Wyoming big sagebrush was seen in AIM Plot 01, but\r\nno sagebrush was observed in AIM Plot 02. Small form native grass regrowth was high,\r\nhowever, in AIM Plot 02 with 7.33 grasses per square meter. Large form native grasses were\r\npresent on both plots with a combined 4.42 grasses per square meter.\r\n\r\n2019 AIM Data Results:\r\nCover: Average foliar canopy cover was low at 36.3%, which was composed largely of western\r\ntanseymustard (Descurainia pinnata) (14.3% cover). Perennial forbs and shrubs contributed\r\n3.3% to cover while annual grasses and forbs cover was much higher at 28.2% cover. Perennial\r\ngrass cover was much lower at 16% cover, comprised of Indian ricegrass (Achnatherum\r\nhymenoides), Sandberg bluegrass (Poa secunda), and bluebunch wheatgrass (Pseudoroegneria\r\nspicata). Canopy cover was low on both plots, with annual species taking up much of that cover.\r\n\r\nGaps and Erosion:\r\nHogan AIM Plot 01 is located in a Rangeland LOAMY 8-10 P.Z. ecosite (R025XY019NV) in\r\nformer /Artemisia tridentata ssp. wyomingensis / Achnatherum thurberianum - Achnatherum\r\nhymenoides (/ Wyoming big sagebrush / Thurber's needlegrass - Indian ricegrass) vegetation\r\ncommunities. The most gaps in canopy cover occurred in the 200cm + range (41% of the 25\r\nmeter transects). Evidence of erosion was observed in a few pedestals, common\r\ndeposition/runoff, and very short water flow patterns. The site does not depart substantially from\r\nexpected site stability and soil/hydrologic function are not significantly impaired.\r\nHogan AIM Plot 02 is located in a Rangeland SHALLOW CALCAREOUS SLOPE 10-12 P.Z.\r\necosite (R028BY008NV) in former / Artemisia arbuscula / Festuca idahoensis -\r\nPseudoroegneria spicata (/little sagebrush / Idaho fescue - bluebunch wheatgrass) vegetation\r\ncommunities. The most gaps in canopy cover occurred in the 200cm + range (41% of the 25\r\nmeter transects). Erosion presented itself in a few pedestals, rare runoff/deposition, and very\r\nshort water flow patterns.\r\nSpecies Richness: An average of twenty seven (27) different plant species were observed within\r\nthe two 2,827.4 square meter monitoring plots.\r\n2019 Recommendations:\r\nRehabilitation objectives have only been partially met for these treatments. Annual forbs and\r\ngrasses are still pervasive plant communities on these plots and more time will be needed for\r\nperennial forbs and grasses to reestablish themselves along with seeded species. It is\r\nrecommended that monitoring is continued for at least another two seasons to assess the recovery\r\non the site. The closure should remain in effect to allow the site to rest and seeded species to\r\nestablish themselves.\r\n\r\n2020 Density Results:\r\nThe objective of 1 seeded forb seedling per square meter has been met in AIM Plot 01 with 0.00 seedlings per square meter. Wyoming big sagebrush was seen in AIM Plot 01, but no sagebrush was observed in AIM Plot 02. Small form native grass regrowth was high, however, in AIM Plot 02 with18.5 grasses per square meter. Large form native grasses were present on both plots with a combined .49 grasses per square meter.\r\n\r\n2020 AIM Data Results:\r\nCover: Average foliar canopy cover was low at 48%, which was composed largely of western tanseymustard (Descurainia pinnata) (9.3% cover). Perennial forbs and shrubs contributed 1% to cover while annual grasses and forbs cover was much higher at 25.9% cover. Perennial grass cover was at 27.9% cover, comprised of Indian ricegrass (Achnatherum hymenoides), Sandberg bluegrass (Poa secunda), and bluebunch wheatgrass (Pseudoroegneria spicata). Canopy cover was low on both plots, with annual species taking up much of that cover.\r\n\r\nGaps and Erosion:\r\nHogan AIM Plot 01 is located in a Rangeland LOAMY 8-10 P.Z. ecosite (R025XY019NV) in former /Artemisia tridentata ssp. wyomingensis / Achnatherum thurberianum - Achnatherum hymenoides (/ Wyoming big sagebrush / Thurber's needlegrass - Indian ricegrass) vegetation communities. The most gaps in canopy cover occurred in the 200cm + range (34.3% of the 25 meter transects). Evidence of erosion was observed in a few pedestals, common deposition/runoff, and very short water flow patterns. The site does not depart substantially from expected site stability and soil/hydrologic function are not significantly impaired.",Polygon,Confirmed,Digitized by LTDL data entry personnel using a confirmed map,3/29/2024,3175.36,3118.56,,Unknown,"Cover for wildlife, Erosion, Establishment of seeded species, Forage for wildlife, Forage quality, Habitat for antelope, Habitat for elk, Habitat for greater sage grouse, Habitat for sage grouse, Habitat for mule deer, Habitat for wild horses, Habitat for wildlife, Habitat productivity, Habitat quality, Invasion by cheatgrass, Invasion by non-native annuals, Invasive species, Loss of desirable species, Loss of sagebrush, Loss of perennials, Nesting bird species, Rangeland health, Vegetal cover, Wildlife in treated area",For the purposes of biotic integrity.,,,,,Planned Cost/ac. = $82.74.,41:38:00
Model 26,Central Basin and Range,Post-burn aerial seeding,54033,21213,Implemented,See Comments,2,3/25/2019,3/25/2019,Acres,90000,Seeding,Aerial Seeding,Aerial Seeding,-1,Confirmed seed list,Upland Seed Mix,Seeds,Confirmed on Paper,Unknown,Not Available,,The cover objectives are to obtain 50% of all perennial plant cover found in the associated reference site by the end of the third year. Density objectives are to obtain an average of 0.25 seeded species firmly rooted per square meter by the end of the third year from fire containment.,"Application of seed by aerial or ground broadcasting methods would occur with species appropriate for the site based on resistance resilience and ecological site descriptions. Sagebrush seeding would be focused in PHMA, GHMA, and OHMA and in some higher elevation areas where success is likely. Some of the areas outside PHMA would have Siberian Wheatgrass supplemented in the mix to compete with cheatgrass and provide an important forage base within crucial mule deer winter range.\r\n\r\nApproximately 1,551 acres would be aerially seeded with a native seed mix containing species such as Palmers penstemon (Penstemon palmeri), bluebunch wheatgrass, and Great Basin wildrye using a 300 foot coverage pattern, along the burned terraces of Martin Creek, The North Folk of the Humboldt River, and other drainages affected by the fire.","Aerial Seeding of what used to be the Sage Grouse PHMA.\r\nSeeded with Poa secunda, Elymus lanceolatus, Leymus cinereus, Elymus wawawaiensis, Pseudoroegneria spicata, Artemisia tridentata ssp. Wyomingensis.","T119-A1WillStock-MAR-19\r\nTreatment: aerially seeded with Poa secunda, Elymus lanceolatus, Leymus cinereus, Elymus wawawaiensis, Psudoroegneria spicata.\r\n2019: This plot did exceed the ESR perennial objective (43%) and passed the density objective (14.5%). The plot was moved 100 meters east to be located within the burned area. The only seeded species found was Sanburg bluegrass (Poa secunda) and most was established pre-burn. There were a few sage seedlings located on plot and in the area (See Figure #1). The plot was one of the most diverse (40+ species) in the Martin fire area. While cheatgrass (Bromus. tectorum) or tumble mustard were not found near the plot, sow thistle (Sonchus oleraceus) was found on plot and Medusahead rye (taeniatherum caput-medusae) was found on the approaching road .2 miles away. For an overview of line one see, Figure #3.\r\n2020: This plot passed the perennial ESR objective for the second year; the perennial cover objective was 12.5% and the plot perennial cover was measured to be 25.33%. This plot also met the density objective of 1 plant per square meter; density was 21.96 target species plants per square meter. This plot is trending in a positive direction with an increase in the perennial and density number from the previous year. The plot also has 26% bare ground and 25% gravel or cobble. The shrubs like yellow rabbitbrush (Chrysothamnus viscidiflorus) and snowberry (Symphoricarpos oreophilus) are more frequent in this plot and seedling sagebrush was found 4 times. Sanburg bluegrass was the most found seeded species and sagebrush was infrequent. This plot continued to be one of the most diverse with 42 species found and only 4% annual plants found. For an overview of line one see, Figure #4.\r\nT119-A4LilOwyhee-MAR-19\r\nTreatment: aerially seeded with P. secunda, E. lanceolatus, L. cinereus, E. wawawaiensis, P. spicata.\r\n2019: This plot failed the ESR perennial objective at 11.3% perennial plants. This plot passed the density of seeded species objective (16%) with seedlings of all grasses found instead of primarily just Sanburg bluegrass. Although the site had a relatively low amount of bare soil (7%), the plot was 80% covered in gravel, cobbles, and stones. This site will have low wind and water disturbance. The bare soil there is may be at risk due to the presence of the invasive annual grasses, cheatgrass and Japanese brome (Bromus japonicas), on the plot. For an overview of line one see, Figure #5.\r\n2020: This plot failed the perennial ESR objective; the perennial cover\r\nobjective was 12.5% and the plot perennial cover was measured to be 8.67%. This plot did meet the density objective of 1 plant per square meter; density was 11.9 target species plants per square meter. This site is a combination of rocks (57%) and bare soil (13%) with dispersed and infrequent plants. The presence of annual plants (11%) was greater than perennial plants, and this may be a continuing trend. The present rock content will make revegetation a slow process. For an overview of line one see, Figure #6.\r\n\r\nT119-A3LilOwyhee-MAR-19\r\nTreatment: aerially seeded with P. secunda, E. lanceolatus, L. cinereus, E. wawawaiensis, P. spicata.\r\n2019: This plot did not exceed the ESR perennial objective (6.7%), which is the second lowest perennial cover in the Martin fire this year. The plot passed the density objective (3.2%), which is also one of the lower densities of seeded species this year as well. The\r\n19 | P a g e\r\nonly seeded species found was Sanburg bluegrass and most was established pre-burn. The plots coverage was 66% bare soil and rock cover combined, so there is a lot of room for improvement. Unfortunately, there was more annuals (14%) than perennials and a majority of those were cheatgrass. There were a few sage seedlings located on plot and in the area. For an overview of line one see, Figure #11.\r\n2020: This plot did pass the ESR perennial and the density objective. The perennial presence (24%) is a vast improvement from last year (6.7%) and the bare soil/rock decreased from 66% to 49%. The plot can be still considered to be open with a minor (18%) rock component. The plot passed density of seeded species objective (3 plants) with 4.9 plants found. The most common species encountered were Sanburg bluegrass and cheatgrass while other perennial grasses filled in patches. The forb species were confined to longleaf phlox and a plant that is thought to be elk thistle (Cirsium scariosum) but could be another. No large shrubs were seed beyond the few sagebrush seedlings found on plot. Annual cover did not increase as much as the perennial plants but still rose to 17%. Sagebrush seedlings were found on plot. For an overview of line one see, Figure #12. \r\n\r\nSee 2020 Monitoring Report for more information.\r\n\r\n2022 ESR Monitoring Results\r\nMonitoring Results Summaries\r\nEcological Site R024XY005NV\r\nName: Loamy 8-10\u201d P.Z.\r\nDominant vegetation in reference state: Indian ricegrass, little sagebrush, Wyoming big sagebrush\r\nPotential vegetative composition (by weight): 55% grasses, 10% forbs, 35% shrubs\r\nPotential perennial cover: 20-35%\r\nPlot T124-A1Fairbanks-MAR-21\r\nTreatment: aerially seeded\r\nPlot T124-A1Fairbanks-MAR-21 was established in 2021 and monitored for the second time in 2022. This site is not meeting the 3-year ESR objective for percent perennial cover (14%); in 2022, this site had 7.3% perennial cover.\r\nThis site is meeting the 3-year ESR objective for density; the site had an average of 2.3 plants/sq. meter and the objective was 1 plant/sq. meter. Sandberg bluegrass was the only seeded species observed in the plot; there was an abundance of 101-500 individuals.\r\nEcological Site R024XY020NV\r\nName: Droughty Loam 8-10\u201d P.Z.\r\nDominant vegetation in reference state: Indian ricegrass, Thurber\u2019s needlegrass, big sagebrush, spiny hopsage\r\nPotential vegetative composition (by weight): 45% grasses, 10% forbs, 45% shrubs\r\nPotential perennial cover: 15-25%\r\nPlot T125-Fairbanks-MAR-20\r\nTreatment: drill seeded\r\nPlot T125-Fairbanks-MAR-20 was established in 2020 and monitored for the third time in 2022. This site is not meeting the 3-year ESR objective for percent perennial cover (15%). Percent perennial cover decreased from 27% in 2021, to 3.3% in 2022.\r\nDensity decreased from 7 plants/sq. meter in 2021 to 4.5 plants/sq. meter in 2022. Despite the decrease, the site is still meeting the 3-year ESR objective for density (3 plants/sq. meter). Sandberg bluegrass, squirreltail, and Siberian wheatgrass were the only seeded species observed in the plot. There was 101-500 Sandberg bluegrass individuals and 11-100 individuals for both squirreltail and Siberian wheatgrass.\r\nPlot T124-A3TwinValley-MAR-21\r\nTreatment: aerially seeded\r\nPlot T124-A3TwinValley-MAR-21 was established and monitored for the first time in 2021. This site is not meeting the 3-year ESR objective for percent perennial cover (10.5%); in 2022, this site had a recorded 7.3% perennial cover.\r\n27 | P a g e\r\nThis site is meeting the 3-year ESR objective for density; in 2022 the site had an average of 5.8 plants/sq. meter, while the objective was 1 plant/sq. meter. Sandberg bluegrass was the only seeded species observed in the plot; there was an abundance of 501-1000 individuals.\r\nPlot WM-Shade-170\r\nTreatment: aerially seeded\r\nPlot WM-Shade-170 was established as an ESR monitoring plot and monitored for the first time in 2021. This site is not meeting the 3-year ESR objective for percent perennial cover (10.5%). Percent perennial cover in 2022 was 6%.\r\nThis site is not meeting the 3-year ESR objective for density (1 plant/sq. meter), it only has 0.5 plant/sq. meter. Wyoming big sagebrush and squirreltail were the only seeded species observed, there were 101-500 individuals for both seeded species in the plot.\r\nPlot T124-A4Buttermilk-MAR-21\r\nTreatment: aerially seeded\r\nPlot T124-A4Buttermilk-MAR-21 was established and monitored for the first time in 2021. This site is not meeting the 3-year ESR objective for both percent perennial cover and density. The 3-year objective was 17.5%, the site had a recorded 4.7% for 2022, putting it in the low-range of the potential percent perennial cover of the ESD reference state.\r\nThe site does not meet the density objective; the recorded average density was 0.6 plant/sq. meter and the objective was 1 plant/sq. meter. Seeded species observed in the plot included Sandberg bluegrass and Siberian wheatgrass, there were 101-500 individuals for Sandberg bluegrass and 11-100 individuals for Siberian wheatgrass.\r\nEcological Site R025XY019NV\r\nName: Loamy 8-10\u201d P.Z.\r\nDominant vegetation in reference state: Bluebunch Wheatgrass, Thurber\u2019s Needlegrass, Wyoming Big Sagebrush\r\nPotential vegetative composition (by weight): 65% grasses, 5% forbs, 30% shrubs\r\nPotential perennial cover: 20-30%\r\nPlot T125-LakeCK-MAR-20\r\nTreatment: drill seeded\r\nPlot T125-LakeCK-MAR-20 was established in 2020 and monitored for the third time in 2022. This site is not meeting the 3-year ESR objective for percent perennial cover (20%). In 2022 this site had 14% perennial cover, which was a decrease from 2021 (15% perennial cover).\r\n28 | P a g e\r\nThis site is meeting the 3-year ESR objective for density (3 plants/sq. meter). However, the site saw a decrease in density from 2021 (8 plants/sq. meter) to 2022 (5.5 plants/sq. meter). Seeded species observed included squirreltail and Siberian wheatgrass, there were 101-500 individuals for both seeded species in the plot.\r\nPlot T124-A2TwinValley-MAR-21\r\nTreatment: aerially seeded\r\nPlot T124-A2TwinValley-MAR-21 was established and monitored for the first time in 2021. This site is meeting the 3-year ESR objective for percent perennial cover (14%); in 2022, this site had 24% cover.\r\nThis site is meeting the 3-year ESR objective for density (1 plant/sq. meter). In 2022, this site had an average density of 3 plant/sq. meter. Sandberg bluegrass was the only seeded species observed in the plot; there was an abundance of 101-500 individuals\r\nMonitoring Conclusions\r\nTwelve AIM monitoring plots were established in 2019 and were not monitored in 2022.\r\nTwo AIM monitoring plots were established in 2020. Both plots (T125-Fairbanks-MAR-20 and T125-LakeCK-MAR-20) are not meeting the perennial cover objective. Both plots are meeting the 3-year ESR objective for density.\r\nFive AIM monitoring plots were established in 2021. The only plot not meeting the 3-year ESR objective for percent perennial cover is T124-A2TwinValley-MAR-21 the rest are meeting the objective. Likewise, two of the sites (WM-Shade-170 and T124-A4Buttermilk-MAR-21) are not meeting the 3-year ESR objectives for density, the rest are meeting the objective.\r\nOne major takeaway in the Monitoring Results Summary section is that Sandberg bluegrass was a seeded species that was seen at multiple sites. Thus, it could indicate that Sandberg bluegrass is well established and adapted to these sites, has high vigor and reproductive capability, and may be coming back naturally in addition to the supplemental aerial and drill seeding.",Polygon,Confirmed,Digitized by LTDL data entry personnel using a confirmed map,5/29/2020,111065.07,110841.42,,Contractor,"Cover for wildlife, Erosion, Establishment of seeded species, Forage for wildlife, Habitat for antelope, Habitat for mule deer, Habitat for greater sage grouse, Habitat for wildlife, Habitat productivity, Habitat quality, Invasion by cheatgrass, Invasion by non-native annuals, Noxious weeds, Wildlife in treated area","Without treatment the burned areas are increasingly susceptible to exotic annual dominance; this would jeopardize the Greater Sage-Grouse, mule deer herds and other wildlife that depend on this area year-round and especially in the winter months. Seeding occurred on sites that do not have the likelihood of naturally recovering from the fire. Areas were seeded with perennial species to reduce the dominance of Bromus tectorum.",,,,,West - DOI-BLM-NV-W010-2018-0060-DNA \r\n\r\nTable 5. of Part 12 in the Monitoring Summary 2019 is a seeded species list for a different fire.,42:32:00
Model 26,Central Basin and Range,Post-burn aerial seeding,54105,21239,Implemented,See Comments,1,10/1/2018,5/21/2019,Acres,7881,Seeding,Aerial Seeding,Aerial Seeding,-1,Confirmed seed list,Sheep Creek Aerial Mule Deer,Seeds,Confirmed on Paper,Unknown,Species Specific,,For the purposes of biotic integrity establish non-native shrubs to 1 per square meter\r\ndensity of forage kochia in post-fire monitoring within 2-5 years.\r\nFor the purposes of biotic integrity establish native forbs to 1 per square meter density in postfire\r\nmonitoring within 2-5 years.\r\nFor the purposes of biotic integrity establish native shrubs to 0.3 per square meter density in\r\npost-fire monitoring within 3-5 years.\r\nFor the purposes of biotic integrity establish native grasses to 3 per square meter density in\r\npost-fire monitoring within 2-5 years.,"Fall/Winter 2018: Aerial Mule Deer Mix Aerial seed approximately 5,392 acres with a mixture of Wyoming big sagebrush, Sandberg\u2019s bluegrass, forage kochia, and Western yarrow using a full coverage pattern. The main focus of the treatment is to reestablish the burned sagebrush habitat with the appropriate cover and structure to support upland game habitat objectives.\r\n\r\nSEED APPLICATION RATE\r\nThe approximate aerial seeding mixture on a bulk pound basis:\r\nBulk pounds per species\r\n2.29 bulk lbs./acre\r\nThis plan calls for FULL COVERAGE.","Aerial Mule Deer Mix Density: Sheep Creek Aerial Mule Deer Mix was comprised of Wyoming\r\nbig sagebrush (Artemisia tridentate spp wyomingensis), Sandberg bluegrass (Poa secunda),\r\nsnowstorm forage kochia (Bassia prostrata), immigrant forage kochia (Bassia prostrata), and\r\nWestern yarrow (Achillea millefolium var occidentalis).","2019: Seeded grasses were observed at a\r\nfrequency of 8.81 per square meter, meeting the rehab objective of 3 seeded grasses per square\r\nmeter. None of the other rehab objectives were met in this treatment. Regrowth of native\r\nperennial grasses was not as strong on this treatment as the previous two with only 1.50 large\r\nform native grasses observed per square meter.\r\n\r\nSee 2019 AIM Data Results for more details.\r\n\r\n2020 Density Results:\r\nAerial Mule Deer Mix Density: Seeded grasses were observed at a frequency of 25.87 per square meter, exceeding the rehab objective of 3 seeded grasses per square meter. The majority of this success if due to observations of Sandberg bluegrass. Seeded forage kochia displayed success on the sites. Regrowth of native perennial grasses was not as strong on this treatment as the previous two with only 1.03 large form native grasses observed per square meter.\r\n\r\n2020 AIM Data Results:\r\nSheep Creek AIM Plot 01:\r\nEvidence of erosion was observed in common pedestaling, rare deposition/runoff, and rare water flow patterns. This is an improvement from 2019 conditions.\r\nSheep Creek AIM Plot 02A: This plot was established and first monitored in 2020. Evidence for erosion was displayed in widespread pedestalling, common deposition/runoff, and long water flow patterns. This is slight departure from ideal conditions for the site.\r\nSheep Creek AIM Plot 03B: This plot was established and first monitored in 2020. Evidence for erosion was displayed with common pedestals, rare deposition/runoff, and short water flow patterns. This is a very slight departure from idea conditions on the site.\r\nSheep Creek AIM Plot 04: Erosion indicators were the same as 2019 observations, with the exception of more pedestalling. This is slight concern for wind and water erosion on the site.\r\nSheep Creek AIM Plot 05: Much reduced erosion indicators were observed on the site in rare deposition/runoff and small water flow patterns. This is an improvement in erosion on the site.",Polygon,Confirmed,Digitized by LTDL data entry personnel using a confirmed map,6/8/2020,8933.47,5348.23,"Treatment acres less than feature acres, but greater than planned acreage.",Contractor,"Establishment of seeded species, Erosion, Forage for wildlife, Habitat for wildlife, Habitat productivity, Habitat quality, Loss of desirable species, Wildlife in treated area",For the purposes of biotic integrity,,,,,Planned Cost/acre: $52.70,55:28:00
Model 26,Central Basin and Range,Post-burn aerial seeding,54106,21239,Implemented,See Comments,1,10/1/2018,5/21/2019,Acres,5193,Seeding,Aerial Seeding,Aerial Seeding,-1,Confirmed seed list,Sheep Creek Aerial Sagebrush (Wildlife),Seeds,Confirmed on Paper,Unknown,Species Specific,,For the purposes of biotic integrity establish non-native shrubs to 1 per square meter\r\ndensity of forage kochia in post-fire monitoring within 2-5 years.\r\nFor the purposes of biotic integrity establish native forbs to 1 per square meter density in postfire\r\nmonitoring within 2-5 years.\r\nFor the purposes of biotic integrity establish native shrubs to 0.3 per square meter density in\r\npost-fire monitoring within 3-5 years.\r\nFor the purposes of biotic integrity establish native grasses to 3 per square meter density in\r\npost-fire monitoring within 2-5 years.,"Fall/Winter 2018: Aerial Sagebrush Mix Approximately 11,170 acres would be seeded with Wyoming and Basin big sagebrush, and Western yarrow in an every other coverage pattern (5,585 actual acres seeded).\r\n\r\nSEED APPLICATION RATE\r\nThe approximate aerial seeding mixture on a bulk pound basis:\r\nBulk pounds per species\r\n1.98 bulk lbs./acre\r\nThis plan calls for EVERY THIRD SWATH COVERAGE","Aerial Wildlife Mix Density: Sheep Creek Aerial Wildlife Mix was comprised of Wyoming big\r\nsagebrush (Artemisia tridentata spp. wyomingensis), basin big sagebrush (Artemisia tridentata\r\ntridentata), snowstorm forage kochia (Bassia prostrata), immigrant forage kochia (Bassia\r\nprostrata), and Western yarrow (Achillea millefolium var. occidentalis).","2019: Seeded forbs were seen at an average of 1.55 per square meter across the three plots in this\r\ntreatment, meeting the rehab objective of 1 seeded forb per square meter. Regrowth of native\r\ngrasses was also observed with a density of 22.21 small form native grasses per square meter\r\nthroughout the three plots.\r\n\r\nSee 2019 AIM Data Results for more details.\r\n\r\n2020 Density Results:\r\nAerial Wildlife Mix Density: The rehab objectives of 1 seeded forage kochia, 3 seeded grasses, and 0.3 native shrubs per square meter have not been met. Seeded forbs were seen at an average of 2.54 per square meter across the four plots in this treatment, meeting the rehab objective of 1 seeded forb per square meter. Regrowth of native grasses was also observed with a density of 30.21 small form native grasses per square meter throughout the three plots.\r\n\r\n2020 AIM Data Results:\r\nSheep Creek AIM Plot 06: The same minimal erosion indicators were observed on the site and indicate stability of the site.\r\nSheep Creek AIM Plot 07A: This plot was established and first monitored in 2020. Evidence for erosion was observed in common pedestals and deposition/runoff.\r\nSheep Creek AIM Plot 08: Erosion indicators were the same as 2019 observations indicating stability on the site.\r\nSheep Creek AIM Plot 09: Increased pedestalling, decreased deposition/runoff, and similar common water flow patterns were observed. This indicates overall stability on the site.",Polygon,Confirmed,Digitized by LTDL data entry personnel using a confirmed map,6/8/2020,16014.63,11656.88,Treatment acres less than feature & planned acres.,Contractor,"Establishment of seeded species, Erosion, Forage for wildlife, Habitat for wildlife, Habitat productivity, Habitat quality, Loss of desirable species, Wildlife in treated area",For the purposes of biotic integrity,,,,,"Planned Cost/acre: $52.70 \r\n\r\nAcres Discrepancy: The feature for this treatment was created using the map in the monitoring summary report. However, the GIS acres calculated exceed the acres that were planned to be seeded with this mix. It may be due to the actual swath paths were not captured causing an overestimation of acres.\r\n\r\nReported seeded species discrepancy: The Monitoring Density Summary Results states a different seed list for wildlife than the seed list included in the beginning of the 2019 Monitoring Summary. It looks like they are reporting the seed list for the Mule mix for this treatment. It may be a copy paste error.",57:11:00
Model 26,Central Basin and Range,Post-burn aerial seeding,54148,21246,Implemented,See Comments,2,2/27/2018,2/27/2018,Acres,411,Seeding,Aerial Seeding,Aerial Seeding,-1,Confirmed seed list,Coal Aerial,Seeds,Confirmed on Paper,Unknown,Species Specific,"Seed list in monitoring report matches that of plan.. Another sepate seed list dated 2/24/2018 includes Mountain Big Sagebrush at 200 lbs, 360 lbs for Wyoming Big Sagebrush, and 50 lbs for Western Yarrow.",The objective of the aerial seeding treatment is to revegetate the burned area with a\r\nwell-adapted array of species that will provide essential forage and cover for wildlife including\r\nsage-grouse and will promote structural and species diversity within the burned area.\r\nObjectives of the treatment will be to establish one native forb seedling per square meter in\r\npost-fire monitoring within two growing seasons.,"Aerial Seeding:\r\nApproximately 822 acres would be seeded in the fall/winter of 2017/2018, with species appropriate for the site based on resistance, resilience, ecological site descriptions, provisional seed transfer zones and wildlife habitat concerns. Seed would be applied using an every other swath pattern (411 actual seeded acres).\r\n\r\nCoal Aerial Mix: \r\nAerial seed approximately 411 acres of PHMA and GHMA GSG habitat and pronghorn summer range habitat with Wyoming big sagebrush and western yarrow using an every other swath pattern.",The seed mix was comprised of Western yarrow (Achillea millefolium v. occidentalis)\r\nand Wyoming Big Sagebrush (Artemesia tridentata sbsp wyomingensis).,"2019 Density Results:\r\nDensity: The seed mix was comprised of Western yarrow (Achillea millefolium v. occidentalis)\r\nand Wyoming Big Sagebrush (Artemesia tridentata sbsp wyomingensis). The rehab objective of\r\n1 firmly rooted forb per square meters has not been met. There were no seeded species observed\r\nwithin the density frames or on the plot. Native perennial grasses, such as small-form Sandberg\r\nbluegrass and thickspike wheatgrass and large-form bluebunch wheatgrass, Thurber\u2019s\r\nneedlegrass, and squirreltail, are establishing themselves, however, with 18.58 perennial grasses\r\nper square meter.\r\nS3 Aerial Seeding\r\n2019 AIM Data Results:\r\nCover: Average foliar canopy cover was high (85.3%) in part due to dominance of cheatgrass\r\n(Bromus tectorum) (46.7% cover). Perennial forbs contributed to 4.7% of the canopy cover while\r\nperennial grasses contributed to 48.7% of the canopy cover. Sandberg bluegrass (Poa secunda)\r\nand basin wildrye (Leymus cinereus) were the most common species among the perennial\r\ngrasses with 16.7% cover and 20.7% cover, respectively. While the plot is experiencing\r\nsignificant perennial regrowth, the annual cover is also high and will need to take up less of the\r\necological niche for seeded shrubs and forbs to establish themselves.\r\nGaps and Erosion: Coal AIM Plot 01 is located in a Rangeland CLAYPAN 10-12 P.Z. ecosite\r\n(R025XY018NV) in former Artemisia arbuscula / Pseudoroegneria spicata - Achnatherum\r\nthurberianum ( / little sagebrush / bluebunch wheatgrass - Thurber's needlegrass) vegetation\r\ncommunities. Canopy cover had frequent gaps between 51-100cm which took up 15% of the 25\r\nmeter transects. Gaps of 200cm plus were also common at 11% of the 25 meter transects. The\r\noccurrence of these gaps could contribute to impaired soil and hydrologic function on the site.\r\nErosion was frequently observed in a few pedestals, an active gully, long and common water\r\nflow patterns, and common deposition/runoff. This much erosion has caused a departure from\r\nexpected site stability and recovery of native perennial species will be important to re-establish\r\nstability.\r\nSpecies Richness: Twenty one (21) different plant species were observed within the 2,827.4\r\nsquare meter monitoring plot.\r\n2019 Recommendations:\r\nThe ESR rehabilitation objectives have not yet been met for these treatments. Seeded species\r\nwere not observed on the plot and the presence of invasive annuals was common. There was no\r\nallotment closure issued for this area but it advised that the area receives appropriate rest so that\r\nthe rehab objectives can be met and annual species density is reduced. Stability in temperatures\r\nand precipitation in 2020 could provide an additional good growing season with more water\r\navailability and seedling success.\r\n\r\nS3 Aerial Seeding\r\n2020 AIM Data Results:\r\nCover: Average foliar canopy cover was high (76.7%) in part due to dominance of cheatgrass (Bromus tectorum) (35.3% cover). Perennial forbs contributed to 8.0% of the canopy cover while perennial grasses contributed to 52% of the canopy cover. Sandberg bluegrass (Poa secunda) and basin wildrye (Leymus cinereus) were the most common species among the perennial grasses with 16% cover and 16% cover, respectively. While the plot is experiencing significant perennial regrowth, the annual cover is also high and will need to take up less of the ecological niche for seeded shrubs and forbs to establish themselves.\r\nGaps and Erosion: Coal AIM Plot 01 is located in a Rangeland CLAYPAN 10-12 P.Z. ecosite (R025XY018NV) in former Artemisia arbuscula / Pseudoroegneria spicata - Achnatherum thurberianum (little sagebrush / bluebunch wheatgrass - Thurber's needlegrass) vegetation communities. Canopy cover had frequent gaps between 51-100cm which took up 7.1% of the 25 meter transects. Gaps of 21-50 cm plus were also common at 13.4% of the 25 meter transects. The occurrence of these gaps could contribute to impaired soil and hydrologic function on the site. Erosion was frequently observed in a few pedestals, an active gully, long and common water flow patterns, and common deposition/runoff. This much erosion has caused a departure from expected site stability and recovery of native perennial species will be important to re-establish stability.\r\nSpecies Richness: Thirty-two (32) different plant species were observed within the 2,827.4 square meter monitoring plot.\r\n2020 Recommendations:\r\nThe ESR rehabilitation objectives have not yet been met for these treatments. Seeded species were not observed on the plot and the presence of invasive annuals was common. There was no allotment closure issued for this area, but it advised that the area receives appropriate rest and grazing management so that the rehab objectives can be met, and annual species density is reduced. Stability in temperatures and precipitation in 2021 could provide an additional good growing season with more water availability and seedling success.\r\n\r\n\r\n2022 MONITORING RESULTS\r\nDensity Results:\r\n2020: The rehab objective of 1 firmly rooted seeded forb per square meters has not been met. There were no seeded species observed within the density frames or on the plot. Native perennial grasses, such as small-form Sandberg bluegrass and large-form bluebunch wheatgrass, Thurber\u2019s needlegrass, and squirreltail, are establishing themselves, with 8.6 perennial grasses per square meter.\r\n2022: The rehab objective of 1 firmly rooted seeded forb per square meters has still not been met. No seeded species were observed for the second year, native regrowth of grasses decreased from 2020 but regrowth of forbs and shrubs were present in good numbers, 3.33/m2 and 1.25/m2, respectively.\r\nAIM Data Results:\r\nCover\r\n2020: Average foliar canopy cover was high (76.7%) in part due to dominance of cheatgrass (Bromus tectorum) (35.3% cover). Perennial forbs contributed to 8.0% of the canopy cover while perennial grasses contributed to 52% of the canopy cover. Sandberg bluegrass (Poa secunda) and basin wildrye (Leymus cinereus) were the most common species among the perennial grasses with 16% cover and 16% cover, respectively. While the plot is experiencing significant perennial regrowth, the annual cover is also high and will need to take up less of the ecological niche for seeded shrubs and forbs to establish themselves.\r\n2022: Average foliar canopy cover decreased significantly from 2021, 76.7% down to 42.0%. The biggest decrease in foliar indicators was observed in perennial grasses, from 52% down to 6.3%, a decrease of 45.7% total. Annual grasses (cheatgrass) also saw a large decrease down to 7.8%, not taking over the space left behind by the decrease of perennial grasses yet and this will need continued monitoring and potential treatment to keep cheatgrass from dominating in the future.\r\nGaps and Erosion\r\n2020: Canopy cover had frequent gaps between 51-100cm which took up 7.1% of the 25 meter transects. Gaps of 21-50 cm plus were also common at 13.4% of the 25 meter transects. The occurrence of these gaps could contribute to impaired soil and hydrologic function on the site. Erosion was frequently observed in a few pedestals, an active gully, long and common water flow patterns, and common deposition/runoff. This much erosion has caused a departure from expected site stability and recovery of native perennial species will be important to re-establish stability.\r\n2022: Canopy cover increased largely in the 101-200cm range (32.4%) and the >200cm (14.1%) when compared to the 2020 observations. The increase in larger gaps could lead to further degradation of the plot and allow for cheatgrass to spread and dominate the site. No major signs of erosion were observed on the plot which could indicate progression towards rehabilitating the soils, allowing for perennials to reestablish with further management.\r\n2022: Total number of species reduced by 21 since 2020. Each growth habit had at least two less species observed, the largest drop seen in perennial forbs. The distribution of species is very similar to 2019\u2019s observations except for a loss of 6 annual forb species. The loss of 4 perennial grass species along with the increase of annual grass cover is of concern for the future success of the site.\r\n\r\nRecommendations:\r\n2022: The ESR rehabilitation objectives have not yet been met for these treatments. Seeded species were not observed on the plot and the presence of invasive annuals increased significantly since 2020. There was no allotment closure issued for this area and cattle disturbance was observed, so it advised that the area receives appropriate rest and grazing management so that the rehab objectives can be met, and annual species density is reduced.",Polygon,Confirmed,Digitized by LTDL data entry personnel using a confirmed map,6/9/2020,833.7,828.09,This treatment shapefile was created using the map in the Monitoring Summary Report. It doesn't capture the actual flight path (This may be causing the over calculation of GIS acres.). It does capture the perimeter of the seeded area.,Unknown,"Cover for wildlife, Establishment of seeded species, Forage for wildlife, Forage quality, Habitat for antelope, Habitat for elk, Habitat for mule deer, Habitat for greater sage grouse, Habitat for sage grouse, Loss of desirable species, Special status species, Wildlife in treated area",Provide essential forage and cover for wildlife including\r\nsage-grouse and will promote structural and species diversity within the burned area.,,,,,See GIS notes.,42:23:00
Model 26,Central Basin and Range,Post-burn aerial seeding,54153,21247,Implemented,See Comments,2,2/20/2018,2/23/2018,Acres,70,Seeding,Aerial Seeding,Aerial Seeding,-1,Confirmed seed list,Aerial Lek Low Sage,Seeds,Confirmed on Paper,Unknown,Species Specific,"There is another set of seed lists that differs slightly from those in the plan and monitoring report. See referenced document, Seed list 2018.",The objective of the aerial seeding treatment is to revegetate the burned area with a\r\nwell-adapted array of species that will provide essential forage and cover for wildlife including\r\nsage-grouse and will promote structural and species diversity within the burned area.\r\nObjectives of the treatment will be to establish one sagebrush seedling within 3 square meters\r\nand 1 seeded species per square meter in post-fire monitoring within two to three growing\r\nseasons.,"In addition, a lek area on the northwest corner of the fire would be seeded with low sagebrush.","Aerial Lek Mix was comprised of Western yarrow (Achillea millefolium v.\r\noccidentalis), blue flax (Linum perenne), low sagebrush (Artemisia arbuscula), Sandberg\r\nbluegrass (Poa secunda), and bluebunch wheatgrass (Pseudoroegneria spicata).","2019 Density Results- Aerial Lek Mix:\r\nDensity: Aerial Lek Mix was comprised of Western yarrow (Achillea millefolium v.\r\noccidentalis), blue flax (Linum perenne), low sagebrush (Artemisia arbuscula), Sandberg\r\nbluegrass (Poa secunda), and bluebunch wheatgrass (Pseudoroegneria spicata). The rehab\r\nobjectives of 1 sagebrush seedling per 3 square meters and 1 forb seedling per square meter have\r\nnot been met. No shrub or forb seedlings were seen in the density frames and the only seeded\r\nforb species seen on the plot was Western yarrow (Achillea millefolium v. occidentalis). Seeded\r\ngrasses are establishing themselves, however, at 23.3 seedling per square meter which was\r\nmostly comprised of Sandberg bluegrass (Poa secunda). Some recovering squirreltail (Elymus\r\nelymoides) was also observed in the plot.\r\n2020 Density Results- Aerial Lek Mix:\r\nDensity: Aerial Lek Mix was comprised of Western yarrow (Achillea millefolium v. occidentalis), blue flax (Linum perenne), low sagebrush (Artemesia arbuscula), Sandberg bluegrass (Poa secunda), and bluebunch wheatgrass (Pseudoroegneria spicata). The rehab objectives of 1 sagebrush seedling per 3 square meters and 1 forb seedling per square meter have not been met. No shrub, forb, or grass seedlings were observed in the density frames but seeded Sandbergs bluegrass and low sagebrush were observed in the plot. The contrast in seeded grasses from 2019 is accounted for in the recording of high amounts of Sandbergs bluegrass as recovered grasses and not seeded. That species and squirreltail are showing recovery on the plot.\r\n\r\n2022 ESR Monitoring Results\r\nS3 Aerial Seeding \u2013 Lek Mix\r\nCole Creek AIM Plot 01 is located in a Rangeland LOAMY 10-12 P.Z. ecosite (R025XY014NV) in former / Artemisia tridentata / Pseudoroegneria spicata - Achnatherum thurberianum (/big sagebrush / bluebunch wheatgrass - Thurber's needlegrass) vegetation communities.\r\nAerial Lek Mix was comprised of Western yarrow (Achillea millefolium v. occidentalis), Blue flax (Linum perenne), Low sagebrush (Artemesia arbuscula), Sandberg bluegrass (Poa secunda), and bluebunch wheatgrass (Pseudoroegneria spicata).\r\nDensity Results:\r\n2019: The rehab objectives of 1 sagebrush seedling per 3 square meters and 1 forb seedling per square meter have not been met. No shrub or forb seedlings were seen in the density frames and the only seeded forb species seen on the plot was Western yarrow (Achillea millefolium v. occidentalis). Seeded grasses are establishing themselves, however, at 23.3 seedling per square meter which was mostly comprised of Sandberg bluegrass (Poa secunda). Some recovering squirreltail (Elymus elymoides) was also observed in the plot.\r\n2020: The rehab objectives have not been met. No shrub, forb, or grass seedlings were observed in the density frames but seeded Sandbergs bluegrass and low sagebrush were observed in the plot. The contrast in seeded grasses from 2019 is accounted for in the recording of high amounts of Sandbergs bluegrass as recovered grasses and not seeded. That species and Squirreltail are showing recovery on the plot.\r\n2022: The rehab objectives have not been met. No seeded shrubs or forbs were observed but seeded grasses were observed at 11.5/m2. Additionally, native regrowth had 11.3/m2 and shrubs had 0.8/m2, showing further establishment of perennials on the plot.\r\nAIM Data Result:\r\nCover\r\n2019: Average foliar canopy cover was high (78.0%), of which cheatgrass (Bromus tectorum) (39.3% cover), desert madwort (Alyssum desertorum), and tall annual willowherb (Epilobium brachycarpum) contributed substantially. Perennial grasses totaled 50.0% cover with Sandberg bluegrass (Poa secunda) comprising most of the cover at 47.3%. Annual forbs and grasses also contributed significantly to cover with 54.3% of total foliar cover comprised of these species, collectively. The dominant presence of these species will need to be considered going forward in efforts to control their spread and allow seeding species to become established.\r\n2020: Average foliar canopy cover was moderately high (60%) and less than 2019 observations. Sandbergs bluegrass (Poa secunda) had the highest cover of 32%, followed by cheatgrass (Bromus tectorum) (22.7% cover), desert madwort (Alyssum desertorum) (1.3% cover), and tall annual willowherb (Epilobium brachycarpum) (1.3% cover). The cover of these species is reduced from 2019 observations. Perennial grasses, forbs, and shrubs contributed a more cover than annual grasses and forbs, 39.3% compared to 26.0% respectively. These data indicate an improvement in species abundance and composition on the sites.\r\n2022: Average foliar canopy cover was moderately high (49.3%) but still reduced from 2019 and 2020\u2019s observations. The largest decreases were observed in perennial grasses from 36.0% to 9.7% and annual grasses from 22.7% to 15.5%. Annual forbs increased slightly and shrubs (0.4%) were observed in the density plots for the first time, indicating possible future establishment of shrubs on the plot.\r\nGaps and Erosion\r\n2019: The most gaps in canopy cover occurred in the 51-100cm and 200cm+ range at 11.4% and 9.4% of the 25 meter transects, respectively. Evidence of erosion was observed in common pedestaling and very short water flow patterns. Site stability does not depart significantly from expected functioning and the minor disruptions in hydrologic function and soil stability should be reversed as more perennial forbs and shrubs become established.\r\n2020: Most of the gaps in canopy cover occurred in the 25-50 cm and 51-100 cm ranges at 10.9% and 9.4% of the 25 meter transects, respectively. The size of gaps has decreased from 2019 observations. Evidence of erosion was observed in common pedestalling and short water flow patterns, same as 2019. Site stability does not depart significantly from expected functioning and the minor disruptions in hydrologic function and soil stability should be reversed as more perennial forbs and shrubs become established.\r\n2022: Canopy gaps decreased in the smaller ranges but increased dramatically in the 101-200cm range, 35.8% from 1.5% in 2020, and >200cm range, 28.4% from 3.4% in 2020. No evidence of erosion was observed on plot, indicating improvements in site stability from 2019 and 2020\u2019s observations.\r\nSpecies Richness\r\n2022: Species richness declined since the 2020 observation. Annual forbs saw the largest decrease going from 7 down to 3, while perennial grasses increased by one. Additionally, annual grasses decreased from 2 down to 1. Perennial species outnumber annuals.",Polygon,Confirmed,Digitized by LTDL data entry personnel using a confirmed map,6/9/2020,66.13,66.13,,Unknown,"Cover for wildlife, Establishment of seeded species, Forage for wildlife, Forage for livestock, Habitat for antelope, Habitat for elk, Habitat for greater sage grouse, Habitat for mule deer, Habitat for sage grouse, Habitat for wildlife, Habitat productivity, Habitat quality, Loss of desirable species, Loss of native species, Loss of native vegetation, Loss of perennials, Loss of sagebrush, Loss of vegetation, Nesting bald eagles, Nesting bird species, Noxious weeds, Sensitive species, Special status species, Vegetal cover, Wildlife in treated area",Provide essential forage and cover for wildlife including sage-grouse and will promote structural and species diversity within the burned area.,,,,,Planned Cost/ac. = $81.19,50:47:00
Model 26,Central Basin and Range,Post-burn aerial seeding,54166,21252,Implemented,See Comments,2,2/18/2018,2/20/2018,Acres,188,Seeding,Aerial Seeding,Aerial Seeding,-1,Confirmed seed list,Black Sage,Seeds,Confirmed on Paper,Unknown,Species Specific,"There is an alternative, dated seed list with slightly differing bulk lbs needed for Black Sagebrush and Sandbergs Blue Grass. Does not include Western Yarrow.",The objective of the aerial seeding treatment is to revegetate the burned area with a well-adapted species mix that provides forage and will promote structural and species diversity within the burned area. Objectives will be considered met for the aerial seed mix if three native grasses and 0.3 native shrubs per square meter are observed within two years and if one native forb is observed within three years in post-fire monitoring.,"Approximately 3,615 acres would be seeded in the fall/winter of 2017/2018, with species appropriate for the site based on resistance, resilience, and ecological site descriptions. Aerial seeding would be coordinated with snowfall conditions, if time permits. The seed mixes to be used are described in more detail below:\r\n\r\nAerial Black Sage Mix \u2013 Aerial seed approximately 200 acres of PHMA and GHMA Greater sage-grouse habitat, year-round mule deer habitat, and pronghorn winter and year-round habitat with a mixture of black sagebrush, western yarrow, and Sandberg\u2019s bluegrass using an ever other swath pattern (410 acres total).",Aerial seeding completed in 2018.\r\n\r\nEvery other swath pattern (410 acres total).,"*2019*\r\nDensity Results:\r\nThe seed mix was comprised of black sagebrush (Artemisia nova), Sandberg bluegrass (Poa secunda), and western yarrow (Achillea millefolium v. occidentalis). The rehabilitation objectives will be considered met for this seeding if 0.3 native shrubs, 1 native forb, and 3 native grasses per square meter are observed within three to five years. Only seeded grasses were observed within the density frames. Regrowth of Sandberg bluegrass (Poa secunda), a small-form perennial grass, and squirreltail (Elymus elymoides) and Thurber\u2019s needlegrass (Achnatherum thurberianum) was evident on the plot.\r\n\r\nAIM Data Results:\r\n- Cover: Average foliar canopy cover was high (76%) in part due to the high cover (57.5%) of cheatgrass (Bromus tectorum). Perennial grasses provided the second highest cover at 16.3%,\r\nfollowed by perennial forbs at 9.2%, annual forbs at 4.9%, and shrubs at 4.3% cover. Though seeded species were seldom observed on the plots, recovery of perennials was evident. Sandberg bluegrass (Poa secunda) had the second highest cover across the four plots (11.8%) and silvery lupine (Lupinus argenteus) had the third highest cover (7.2%).\r\n- Erosion: Cottonwood AIM Plots 01 and 02C are located in a Rangeland South Slope 12-14\u201d P.Z. ecosite (R025XY009NV) in a former / Artemisia tridentata ssp. vaseyana \u2013 Purshia tridentata / Pseudoroegneria spicata ( / mountain big sagebrush \u2013 antelope bitterbrush / bluebunch wheatgrass) vegetation community. Signs of erosion included few pedestals associated with few water flow patterns as well as rare deposition/runoff. Overall wind and water erosion at the sites was not apparent.\r\n- Gaps: Gaps on the plot were mostly from 25 to 50 cm in length but only represented 8.4% of the average 25m transects. However, canopy cover is primarily composed of cheatgrass, which is not ideal for plant community composition and true cover potential for the sites.\r\n- Species Richness: An average of thirty-two (31.8) different plant species were observed within the four 2,827.4 square meter monitoring plots.\r\n\r\nCottonwood AIM Plot 03 is located in a Rangeland Wet Meadow ecosite (R025XY005NV) in a former / Deschampsia cespitosa ( / tufted hairgrass) vegetation community. The plot was\r\nstratified originally in a Rangeland South Slope 12-14\u201d P.Z. ecosite (R025XY009NV) site but given its landform, soils, and vegetation, it presented more in the Wet Meadow ecosite. An\r\nactive creek runs through this plot. Few pedestals and waterflow paths were observed on the plot. Overall wind and water erosion at the site was not apparent.\r\n\r\nCottonwood AIM Plot 04 is located in a Rangeland Loamy 8-10\u201d P.Z. ecosite (R025XY019NV) ecosite in a former / Artemisia tridentata ssp. wyomingensis / Achnatherum thurberianum Achnatherum hymenoides ( / Wyoming big sagebrush / Thurber\u2019s needlegrass \u2013 Indian ricegrass) vegetation community. The plot was stratified originally in a Rangeland Shallow Calcareous Loam 8-10\u201d P.Z. ecosite (R024XY030NV) site but given it\u2019s landform, soils, and vegetation, it presented more in the Loamy 8-10\u201d P.Z. ecosite. Pedestalling and waterflow patterns were commonly observed on the site. Obvious signs of site degradation due to wind and water erosion were not apparent though those are of concern.\r\n---------------------------\r\n*2020*\r\nDensity Results: \r\nNo seeded shrubs or forbs were recorded during density observations. Seeded Sandberg bluegrass was recorded on the site, an improvement from 2019 observations. The regrowth of Thurber\u2019s needlegrass and squirreltail was also observed.\r\n\r\nAIM Data Results:\r\n- Cover: Average canopy foliar cover was relatively low (36.7%) and nearly half of 2019 observations. However, this could be attributed to a significantly lower observation of annual grasses on the plots using LPI measurements. Nevertheless, invasive cheatgrass had the highest cover (16.8%) of the species on the plots, followed by Sandberg bluegrass (7.1%), lupine (4.9%), and invasive desert madwort (3.1%). Collectively, perennial species had the same cover as annual species on the plots, which is an improvement from 2019 observations.\r\n- Erosion: Cottonwood AIM Plots 01 and 02C are located in a Rangeland South Slope 12-14\u201d P.Z. ecosite (R025XY009NV) in a former / Artemisia tridentata ssp. vaseyana \u2013 Purshia tridentata / Pseudoroegneria spicata ( / mountain big sagebrush \u2013 antelope bitterbrush / bluebunch wheatgrass) vegetation community. 2020: Similar rare pedestals and short water flow patterns were observed along with reduced deposition/runoff on Plot 01. Similar few pedestals and no water flow patterns were observed on Plot 02C. This indicates improvement in site soil stability. Plot 02 was not correlated to an ecological site but is associated with Plot 02C. Erosion indicators found on Plot 02 include an inactive, stable gully, rare deposition/runoff, and short water flow patterns, indicating overall decent soil stability at the site. 2020 AIM Plot 03: The inactive, stable gully was noted along with reduced pedestalling, increased common deposition/runoff and the same short water flow patterns. This indicates slight fluctuation in soil stability at the site. 2020 AIM Plot 04: The same common pedestals with occasional exposed roots and long water flow patterns were observed, indicating consistency in soil stability on the site.\r\n- Gaps: Gaps on the plots were mostly between 25 to 50 cm long. Collectively, gaps represented 50% of the average 25m transects.\r\n- Species Richness: An average of twenty-one (20.6) different plant species were observed within the four 2,827.4 square meter monitoring plots.\r\n----------------------------\r\n*2022*\r\nDensity Results:\r\nNo seeded shrubs or forbs were observed during density observations but seeded Sandberg bluegrass continued to increase from 2.8/m2 in 2020 nearly doubling to 5.5/m2 in 2022. Sandberg was the only small form grass observed and Thurber\u2019s needlegrass dominated the large form grasses observed. Due to the lack of sagebrush and forbs observed during density, rehabilitation objectives still have not been met.\r\n\r\nAIM Data Results\r\n- Cover: Total foliar cover was high at 75.3% with annual grasses being most dominant at 28.0%, followed by annual forbs at 10.9%. Perennial grasses were only 5.5% with perennial forbs not being observed at all. The high presence of cheatgrass (Bromus tectorum) and desert madwort (Alyssum desertorum), two invasive species that tend to spready quickly and easily in disturbed areas is of concern.\r\n- Gap and Erosion: Gaps greatly increased in the 101-200cm and the >200cm size ranges, going from 1.5% to 33.1% and 0.6% to 43.8% respectively. No signs of plot degradation were observed but the drastic increase in gaps observed would indicate soil stability and site erosion are occurring and need continued observation.\r\n- Species Richness: Species richness remained identical to the observations from 2020. The number of perennial species on the plot continues to outnumber the annual species. While it is good to have the number of perennial species outnumber the annuals, the abundance of perennial species compared to annual species, as observed during the Line-Point Intercept data collection method is not ideal for the rehabilitation of a plot.\r\n\r\nRecommendations:\r\nThe ESR treatment objectives of the S3 Aerial Seeding have not been completely met within the plots. While some seeded grasses were observed in plots Cottonwood 03 and Cottonwood 04, no seeded shrubs were observed across all four plots and all of the plots either showed signs of degradation through increased gap or annual species observed. A grazing closure was issued for the South Buckhorn allotment, in the Dean Ranch Native pasture where Plots 01, 02C, and 03 are located. The allotment closure objective of three perennial grasses per square meter has not been met and it is advised that additional rest is given to the area to allow for seeded species establishment. Additionally, it is suggested that herbicide treatments be considered to assist in the increase of annual grass and annual forbs observed since 2020.",Polygon,Confirmed,Digitized by LTDL data entry personnel using a confirmed map,6/10/2020,358.66,358.66,The GIS was created using the treatment map. The acres calculated in the GIS are over estimates and this may be due to the fact that it is impossible to capture the true flight coverage.,Unknown,"Cover for wildlife, Erosion, Establishment of seeded species, Forage for wildlife, Forage for livestock, Habitat for antelope, Habitat for elk, Habitat for greater sage grouse, Habitat for mule deer, Habitat for wildlife, Habitat productivity, Habitat quality, Invasion by cheatgrass, Invasion by non-native annuals, Invasive species, Loss of desirable species, Loss of perennials, Loss of sagebrush, Loss of vegetation, Nesting bird species, Noxious weeds, Sedimentation, Special status species, Sensitive species, Vegetal cover, Watershed health, Wildlife in treated area",Revegetate the burned area with a\r\nwell-adapted species mix that provides forage and will promote structural and species diversity\r\nwithin the burned area.,,,,,Planned Cost/ac. = $34.05\r\n\r\n2022: No new costs reported,09:41:00
Model 26,Central Basin and Range,Post-burn aerial seeding,54167,21252,Implemented,See Comments,2,2/18/2018,2/20/2018,Acres,275,Seeding,Aerial Seeding,Aerial Seeding,-1,Confirmed seed list,Watershed,Seeds,Confirmed on Paper,Unknown,Species Specific,,The objective of the aerial seeding treatment is to revegetate the burned area with a well-adapted species mix that provides forage and will promote structural and species diversity within the burned area. Objectives will be considered met for the aerial seed mix if three native grasses and 0.3 native shrubs per square meter are observed within two years and if one native forb is observed within three years in post-fire monitoring.,"Approximately 3,615 acres would be seeded in the fall/winter of 2017/2018, with species appropriate for the site based on resistance, resilience, and ecological site descriptions. Aerial seeding would be coordinated with snowfall conditions, if time permits. The seed mixes to be used are described in more detail below:\r\n\r\nAerial Watershed Mix \u2013 Aerial seed approximately 700 acres of PHMA and GHMA Greater sage-grouse habitat, year-round mule deer habitat, and pronghorn winter and year-round habitat with a mixture of thickspike wheatgrass, Secar Snake River wheatgrass, basin big sagebrush, Sherman big bluegrass, and Great Basin wildrye. This treatment is designed to aid in the recovery of riparian vegetation in the burned area. This mix would be seeded at full coverage.","Aerial seeding completed in 2018.\r\n\r\nAerial Watershed Mix Density: The seed mix was comprised of thickspike wheatgrass (Elymus lanceolatus ssp. Riparius), Snake River wheatgrass (Elymus wawawaiensis), Streambank wheatgrass (Elymus lanceolatus), basin big sagebrush (Artemisia tridentata tridentata), and Great Basin wildrye (Leymus cinereus). The rehabilitation objectives will be considered met for this seeding if 0.3 native shrubs, 1 native forb, and 3 native grasses per square meter are observed within three to five years. Seeded grasses were observed within the density frames and exceeded the three plant establishment minimum. Seeded sagebrush was observed within the plot. Regrowth of Sandberg bluegrass (Poa secunda), a small-form perennial grass, and Thurber\u2019s needlegrass (Achnatherum thurberianum) was evident on the plot.","*2019*\r\nAIM Data Results\r\n- Cover: Average foliar canopy cover was high (76%) in part due to the high cover (57.5%) of cheatgrass (Bromus tectorum). Perennial grasses provided the second highest cover at 16.3%,\r\nfollowed by perennial forbs at 9.2%, annual forbs at 4.9%, and shrubs at 4.3% cover. Though seeded species were seldom observed on the plots, recovery of perennials was evident. Sandberg bluegrass (Poa secunda) had the second highest cover across the four plots (11.8%) and silvery lupine (Lupinus argenteus) had the third highest cover (7.2%).\r\n- Erosion: Cottonwood AIM Plots 01 and 02C are located in a Rangeland South Slope 12-14\u201d P.Z. ecosite (R025XY009NV) in a former / Artemisia tridentata ssp. Vaseyana \u2013 Purshia tridentata / Pseudoroegneria spicata ( / mountain big sagebrush \u2013 antelope bitterbrush / bluebunch wheatgrass) vegetation community.\r\nSigns of erosion included few pedestals associated with few water flow patterns as well as rare deposition/runoff. Overall wind and water erosion at the sites was not apparent.\r\nCottonwood AIM Plot 03 is located in a Rangeland Wet Meadow ecosite (R025XY005NV) in a former / Deschampsia cespitosa ( / tufted hairgrass) vegetation community. The plot was\r\nstratified originally in a Rangeland South Slope 12-14\u201d P.Z. ecosite (R025XY009NV) site but given its landform, soils, and vegetation, it presented more in the Wet Meadow ecosite. An\r\nactive creek runs through this plot. Few pedestals and waterflow paths were observed on the plot. Overall wind and water erosion at the site was not apparent.\r\nCottonwood AIM Plot 04 is located in a Rangeland Loamy 8-10\u201d P.Z. ecosite (R025XY019NV) ecosite in a former / Artemisia tridentata ssp. Wyomingensis / Achnatherum thurberianum \u2013\r\nAchnatherum hymenoides ( / Wyoming big sagebrush / Thurber\u2019s needlegrass \u2013 Indian ricegrass) vegetation community. The plot was stratified originally in a Rangeland Shallow Calcareous Loam 8-10\u201d P.Z. ecosite (R024XY030NV) site but given it\u2019s landform, soils, and vegetation, it presented more in the Loamy 8-10\u201d P.Z. ecosite. Pedestalling and waterflow patterns were commonly observed on the site. Obvious signs of site degradation due to wind and water erosion were not apparent though those are of concern.\r\n- Gaps: Gaps on the plot were mostly from 25 to 50 cm in length but only represented 8.4% of the average 25m transects. However, canopy cover is primarily composed of cheatgrass, which is not ideal for plant community composition and true cover potential for the sites.\r\n- Species Richness: An average of thirty-two (31.8) different plant species were observed within the four 2,827.4 square meter monitoring plots.\r\n-------------------------------\r\n*2020*\r\nAIM Data Results:\r\n- Cover: Average canopy foliar cover was relatively low (36.7%) and nearly half of 2019 observations. However, this could be attributed to a significantly lower observation of annual grasses on the plots using LPI measurements. Nevertheless, invasive cheatgrass had the highest cover (16.8%) of the species on the plots, followed by Sandberg bluegrass (7.1%), lupine (4.9%), and invasive desert madwort (3.1%). Collectively, perennial species had the same cover as annual species on the plots, which is an improvement from 2019 observations.\r\n- Erosion: Cottonwood AIM Plots 01 and 02C are located in a Rangeland South Slope 12-14\u201d P.Z. ecosite (R025XY009NV) in a former / Artemisia tridentata ssp. Vaseyana \u2013 Purshia tridentata / Pseudoroegneria spicata ( / mountain big sagebrush \u2013 antelope bitterbrush / bluebunch wheatgrass) vegetation community. 2020: Similar rare pedestals and short water flow patterns were observed along with reduced deposition/runoff on Plot 01. Similar few pedestals and no water flow patterns were observed on Plot 02C. This indicates improvement in site soil stability. Plot 02 was not correlated to an ecological site but is associated with Plot 02C. Erosion indicators found on Plot 02 include an inactive, stable gully, rare deposition/runoff, and short water flow patterns, indicating overall decent soil stability at the site. 2020 AIM Plot 03: The inactive, stable gully was noted along with reduced pedestalling, increased common deposition/runoff and the same short water flow patterns. This indicates slight fluctuation in soil stability at the site. 2020 AIM Plot 04: The same common pedestals with occasional exposed roots and long water flow patterns were observed, indicating consistency in soil stability on the site.\r\n- Gaps: Gaps on the plots were mostly between 25 to 50 cm long. Collectively, gaps represented 50% of the average 25m transects.\r\n- Species Richness: An average of twenty-one (20.6) different plant species were observed within the four 2,827.4 square meter monitoring plots.\r\n\r\nDensity Results:\r\nAerial Watershed Mix Density: No seeded shrubs or forbs were recorded in density observations. However, seeded thickspike wheatgrass and Great Basin wildrye were observed, but not as abundant as in 2019 observations. Regrowth of Sandberg bluegrass and Thurber\u2019s needlegrass was also observed.\r\n---------------------------------\r\n*2022*\r\nCottonwood AIM Plot 03 is located in a Rangeland Wet Meadow ecosite (R025XY005NV) in a former Deschampsia cespitosa (tufted hairgrass) vegetation community. The plot was stratified originally in a Rangeland South Slope 12-14\u201d P.Z. ecosite (R025XY009NV) site but given its landform, soils, and vegetation, it presented more in the Wet Meadow ecosite.\r\n\r\nDensity Results:\r\nSeeded shrubs continued to not be observed in the density plots but seeded grasses, only Sandberg bluegrass (Poa secunda) in this case, continued to be observed at the same rate as 2020\u2019s observations. Native regrowth of Silvery lupine (Lupinus argenteus) was the most dominate forb on plot. The rehabilitation objectives have not been met.\r\n\r\nAIM Data Results\r\n- Cover: Total foliar cover was relatively low at 36.7%, an increase from the previous year\u2019s observation at 22.0%. This is still less than half of the original observation in 2019 at 77.3%. This may be in part due to the large decreased in the observations of annual grasses, cheatgrass, from 65.3% in 2019 down to 7.3% in 2022. Both perennial grasses and shrubs have increased since 2020, annual grasses and annual forbs also increased but only minimally since 2020.\r\n- Gaps and Erosion: Gap continued the trend of increasing from 2019 and 2020\u2019s observations. With the large decrease in annual grasses from 2019 along with the smaller increases in all other indicators it is possible that the increase in gap is due in part to that change. Additionally, the continuation of soil erosion indicators such as rills, wind scouring, and pedestals might be leading to further degradation of soil stability at the site.\r\n- Species Richness: Species diversity has continued to decrease with each year of observation. Every growth habit saw a decrease except for the annual grass that has remained constant. Annual species and perennial species are now equal whereas in the past perennials did outnumber annuals so this shows a downward trend in the kinds of species that would be preferred on the plot.",Polygon,Confirmed,Digitized by LTDL data entry personnel using a confirmed map,6/10/2020,528.24,526.95,The GIS was created using the treatment map. The acres calculated in the GIS are over estimates and this may be due to the fact that it is impossible to capture the true flight coverage.,Unknown,"Cover for wildlife, Erosion, Establishment of seeded species, Forage for wildlife, Forage for livestock, Habitat for antelope, Habitat for elk, Habitat for greater sage grouse, Habitat for mule deer, Habitat for wildlife, Habitat productivity, Habitat quality, Invasion by cheatgrass, Invasion by non-native annuals, Invasive species, Loss of desirable species, Loss of perennials, Loss of sagebrush, Loss of vegetation, Nesting bird species, Noxious weeds, Sedimentation, Special status species, Sensitive species, Vegetal cover, Watershed health, Wildlife in treated area",Revegetate the burned area with a\r\nwell-adapted species mix that provides forage and will promote structural and species diversity\r\nwithin the burned area.,,,,,Planned Cost/ac. = $34.05\r\n\r\n2022: No new costs reported,11:19:00
Model 26,Central Basin and Range,Post-burn aerial seeding,54168,21252,Implemented,See Comments,2,00/00/2018,00/00/2018,Acres,2715,Seeding,Aerial Seeding,Aerial Seeding,-1,Confirmed seed list,Wyoming,Seeds,Confirmed on Paper,Unknown,Species Specific,"There is an alternative, dated seed list that differs from the seed list from the plan and monitoring report. The other list includes Mountain Big Sagebrush with 140 bulk lbs needed, Wyoming Big Sagebrush with 300 bulk lbs needed, and Western Yarrow with 10 bulk lbs needed.",The objective of the aerial seeding treatment is to revegetate the burned area with a well-adapted species mix that provides forage and will promote structural and species diversity within the burned area. Objectives will be considered met for the aerial seed mix if three native grasses and 0.3 native shrubs per square meter are observed within two years and if one native forb is observed within three years in post-fire monitoring.,"Approximately 3,615 acres would be seeded in the fall/winter of 2017/2018, with species appropriate for the site based on resistance, resilience, and ecological site descriptions. Aerial seeding would be coordinated with snowfall conditions, if time permits. The seed mixes to be used are described in more detail below:\r\n\r\nAerial Wyoming Mix \u2013 Aerial seed approximately 2,715 acres of PHMA and GHMA Greater sage-grouse habitat and year-round mule deer habitat with a mixture of Wyoming big sagebrush and western yarrow, using an every other swath pattern (5,430 acres total).","Aerial seeding completed in 2018.\r\nEvery other swath pattern (5,430 acres total).\r\n\r\nAerial Wyoming Mix Density: The seed mix was comprised of Western yarrow (Achillea millefolium v. occidentalis), Wyoming big sagebrush (Artemisia tridentata sbsp wyomingensis),\r\nand mountain big sagebrush (Artemisia tridentata sbsp vaseyana). The rehabilitation objectives will be considered met for this seeding if 0.3 native shrubs and 1 native forb per square meter are observed within three to five years. No seeded shrubs or forbs were observed within AIM Plots 01 and 02C density though some seeded sagebrush was observed within the plots. Regrowth of Sandberg bluegrass (Poa secunda), a small-form perennial grass, and squirreltail (Elymus elymoides), a large-form bunchgrass was evident on the plots.","*2019*\r\nDensity Results:\r\nThe rehabilitation objectives will be considered met for this seeding if 0.3 native shrubs and 1 native forb per square meter are observed within three to five years. No seeded shrubs or forbs were observed within AIM Plots 01 and 02C density though some seeded sagebrush was observed within the plots. Regrowth of Sandberg bluegrass (Poa secunda), a small-form perennial grass, and squirreltail (Elymus elymoides), a large-form bunchgrass was evident on the plots.\r\n\r\nAIM Data Results:\r\n- Cover: Average foliar canopy cover was high (76%) in part due to the high cover (57.5%) of cheatgrass (Bromus tectorum). Perennial grasses provided the second highest cover at 16.3%,\r\nfollowed by perennial forbs at 9.2%, annual forbs at 4.9%, and shrubs at 4.3% cover. Though seeded species were seldom observed on the plots, recovery of perennials was evident. Sandberg bluegrass (Poa secunda) had the second highest cover across the four plots (11.8%) and silvery lupine (Lupinus argenteus) had the third highest cover (7.2%).\r\n- Erosion: Signs of erosion included few pedestals associated with few water flow patterns as well as rare deposition/runoff. Overall wind and water erosion at the sites was not apparent.\r\n\r\nCottonwood AIM Plot 03 is located in a Ringland Wet Meadow ecosite (R025XY005NV) in a former / Deschampsia cespitosa ( / tufted hairgrass) vegetation community. The plot was\r\nstratified originally in a Rangeland South Slope 12-14\u201d P.Z. ecosite (R025XY009NV) site but given its landform, soils, and vegetation, it presented more in the Wet Meadow ecosite. An\r\nactive creek runs through this plot. Few pedestals and waterflow paths were observed on the plot. Overall wind and water erosion at the site was not apparent.\r\n\r\nCottonwood AIM Plot 04 is located in a Rangeland Loamy 8-10\u201d P.Z. ecosite (R025XY019NV) ecosite in a former / Artemisia tridentata ssp. Wyomingensis / Achnatherum thurberianum \u2013\r\nAchnatherum hymenoides ( / Wyoming big sagebrush / Thurber\u2019s needlegrass \u2013 Indian ricegrass) vegetation community. The plot was stratified originally in a Rangeland Shallow Calcareous Loam 8-10\u201d P.Z. ecosite (R024XY030NV) site but given it\u2019s landform, soils, and vegetation, it presented more in the Loamy 8-10\u201d P.Z. ecosite. Pedestalling and waterflow patterns were commonly observed on the site. Obvious signs of site degradation due to wind and water erosion were not apparent though those are of concern.\r\n\r\n-Gaps: Gaps on the plot were mostly from 25 to 50 cm in length but only represented 8.4% of the average 25m transects. However, canopy cover is primarily composed of cheatgrass, which is not ideal for plant community composition and true cover potential for the sites. \r\n- Species Richness: An average of thirty-two (31.8) different plant species were observed within the four 2,827.4 square meter monitoring plots.\r\n----------------------------------\r\n*2020*\r\nAIM Data Results:\r\n- Cover: Average canopy foliar cover was relatively low (36.7%) and nearly half of 2019 observations. However, this could be attributed to a significantly lower observation of annual grasses on the plots using LPI measurements. Nevertheless, invasive cheatgrass had the highest cover (16.8%) of the species on the plots, followed by Sandberg bluegrass (7.1%), lupine (4.9%), and invasive desert madwort (3.1%). Collectively, perennial species had the same cover as annual species on the plots, which is an improvement from 2019 observations.\r\n- Erosion: Cottonwood AIM Plots 01 and 02C are located in a Rangeland South Slope 12-14\u201d P.Z. ecosite (R025XY009NV) in a former / Artemisia tridentata ssp. Vaseyana \u2013 Purshia tridentata / Pseudoroegneria spicata ( / mountain big sagebrush \u2013 antelope bitterbrush / bluebunch wheatgrass) vegetation community. 2020: Similar rare pedestals and short water flow patterns were observed along with reduced deposition/runoff on Plot 01. Similar few pedestals and no water flow patterns were observed on Plot 02C. This indicates improvement in site soil stability. Plot 02 was not correlated to an ecological site but is associated with Plot 02C. Erosion indicators found on Plot 02 include an inactive, stable gully, rare deposition/runoff, and short water flow patterns, indicating overall decent soil stability at the site. 2020 AIM Plot 03: The inactive, stable gully was noted along with reduced pedestalling, increased common deposition/runoff and the same short water flow patterns. This indicates slight fluctuation in soil stability at the site. 2020 AIM Plot 04: The same common pedestals with occasional exposed roots and long water flow patterns were observed, indicating consistency in soil stability on the site.\r\n- Gaps: Gaps on the plots were mostly between 25 to 50 cm long. Collectively, gaps represented 50% of the average 25m transects.\r\n- Species Richness: An average of twenty-one (20.6) different plant species were observed within the four 2,827.4 square meter monitoring plots.\r\n\r\nDensity Results:\r\nAerial Wyoming Mix Density: No seeded forbs or shrubs were observed in the plots. Recovery of small and large form grasses, such as Sandberg bluegrass, thickspike wheatgrass, and squirreltail was observed.\r\n-------------------------------------\r\n*2022*\r\nCottonwood AIM Plots 01 and 02C are located in a Rangeland South Slope 12-14\u201d P.Z. ecosite (R025XY009NV) in a former / Artemisia tridentata ssp. vaseyana \u2013 Purshia tridentata / Pseudoroegneria spicata ( / mountain big sagebrush \u2013 antelope bitterbrush / bluebunch wheatgrass) vegetation community. Plot 02 was not correlated to an ecological site but is associated with Plot 02C and is no longer being monitored.\r\n\r\nDensity Results:\r\nLarge form and small form grasses continued to be present on the plot along with non-seeded forbs and shrubs. The amount of grasses observed did decrease from 2020\u2019s observations, a quarter less for large form and nearly half for small form.\r\n\r\nAIM Data Results:\r\n- Cover: Average foliar cover was moderate (54.0%), about the average of the 2019 and 2020 observations. Perennial and annual grasses were observed in the highest numbers for 2022\u2019s observations at 16.3% and 13.9%, with the perennials now higher than the annuals. Shrubs observed a decrease in total but were still present on the plots. Sandberg bluegrass still dominates the plots.\r\n- Gaps and Erosion: Gaps increased in the smaller ranges but decreased in the larger ranges in 2022 as compared to 2022 but the overall amount of gap observed remained fairly similar. This data along with the increase in foliar cover could indicate that some of the larger gaps previously observed are now being filled in with foliar cover. Cottonwood 01 had many signs of erosion observed including a long, shallow gully and large terracettes within frequent waterflow patterns. Since pedestals and short water flow patterns were observed in 2020, this would indicate a deterioration of soil/site stability at Cottonwood 01. Cottonwood 02 continued to have little to no signs of erosion observed on the plot.\r\n- Species Richness: The average number of individual species observed on plot between Cottonwood 01 and Cottonwood 02 was 20. Perennial grasses and perennial forbs outnumbered their annual counterparts and increased from 2020\u2019s observations. Annual forbs and annual grasses remained the same as 2020\u2019s observations and remained in low numbers 3 and 1, respectively. The number of shrub species remained relatively high at 4 and overall, the number and quality of species observed was positive for the plots.",Polygon,Confirmed,Digitized by LTDL data entry personnel using a confirmed map,6/10/2020,5393.58,5387.59,The GIS was created using the treatment map. The acres calculated in the GIS are over estimates and this may be due to the fact that it is impossible to capture the true flight coverage.,Unknown,"Cover for wildlife, Erosion, Establishment of seeded species, Forage for wildlife, Forage for livestock, Habitat for antelope, Habitat for elk, Habitat for greater sage grouse, Habitat for mule deer, Habitat for wildlife, Habitat productivity, Habitat quality, Invasion by cheatgrass, Invasion by non-native annuals, Invasive species, Loss of desirable species, Loss of perennials, Loss of sagebrush, Loss of vegetation, Nesting bird species, Noxious weeds, Sedimentation, Special status species, Sensitive species, Vegetal cover, Watershed health, Wildlife in treated area",Revegetate the burned area with a\r\nwell-adapted species mix that provides forage and will promote structural and species diversity\r\nwithin the burned area.,,,,,Planned Cost/ac. = $34.05\r\n\r\n2022: No new costs reported.,13:15:00
Model 26,Central Basin and Range,Post-burn aerial seeding,54179,21256,Implemented,See Comments,2,2/20/2018,2/20/2018,Acres,292,Seeding,Aerial Seeding,Aerial Seeding,-1,Confirmed seed list,GRSG,Seeds,Confirmed on Paper,Unknown,Species Specific,See treatment notes. \r\nI have decided to go with the monitoring summary results seed list because often times the seed list in the beginning of the Summary Report is from the plans.,The objective of the aerial seeding treatment is to revegetate the burned area with a\r\nwell-adapted array of species that will provide essential forage and cover for wildlife including\r\nsage-grouse and will promote structural and species diversity within the burned area.\r\nObjectives of the treatment will be to establish one native forb seedling per square meter in\r\npost-fire monitoring within two growing seasons.,"Aerial Seeding\r\nAerial application of approximately 292 acres of a site appropriate seed mix comprised of Wyoming big sagebrush, bluebunch wheatgrass, blue flax, and western yarrow. Seed would be applied during the winter as time appropriate.","The seed mix was comprised of mountain big sagebrush (Artemesia tridentata sbsp\r\nvaseyana), Western yarrow (Achillea millefolium var occidentalis), bluebunch wheatgrass\r\n(Pseudoroegneria spicata spp. spicata), and Lewis flax (Linum lewisii var. lewisii).","2019 Density Results:\r\nDensity: The seed mix was comprised of mountain big sagebrush (Artemesia tridentata sbsp\r\nvaseyana), Western yarrow (Achillea millefolium var occidentalis), bluebunch wheatgrass\r\n(Pseudoroegneria spicata spp. spicata), and Lewis flax (Linum lewisii var. lewisii). There are\r\nthree rehabilitation objectives at this site: 3 firmly rooted grasses per square meter, 1 firmly\r\nrooted shrub per three square meters, and 1 firmly rooted forb per square meter. None of these\r\nobjectives have been met yet with only 1.67 grass seedlings per square meter, 0.167 sagebrush\r\nseedlings per square meter, and zero seeded forbs per square meter. Native perennial grasses are\r\nestablishing themselves, however, with 16.5 small form (comprised mostly of Sandberg\r\nbluegrass) and 5.25 large form perennial grasses (Thurber\u2019s needlegrass, squirreltail) per square\r\nmeter.\r\n2019 AIM Data Results:\r\nCover: Average foliar canopy cover was 63.3% in part due to dominance of Sandberg bluegrass\r\n(Poa secunda) (39.3% cover). Perennial forbs contributed to 1.4% of the canopy cover while\r\nperennial grasses contributed to 51.3% of the canopy cover. Shrubs made up 21.3% of the cover\r\nwith yellow rabbitbrush (Chrysothamnus viscidiflorus) at 17.3% of the total cover. The presence\r\nof annual forbs and grasses is low while perennial grass and shrub cover is significantly higher.\r\nSeeded species, however, still need time to establish and restore the ecological site.\r\nGaps and Erosion: Dolly AIM Plot 01 is located in a Rangeland LOAMY SLOPE 12-16 P.Z.\r\necosite (R025XY014NV) in former Artemisia tridentata / Pseudoroegneria spicata -\r\nAchnatherum thurberianum (big sagebrush / bluebunch wheatgrass - Thurber's needlegrass)\r\nvegetation communities. The most frequent gaps in canopy cover occurred between 101-200cm\r\nat 8% of the 25 meter transects. While the canopy gaps were infrequent for the most part, erosion\r\nwas still observed in common pedestals and deposition/runoff, and long and common water flow\r\npatterns. The erosion has caused somewhat of a departure from expected site stability and\r\nrecovery of native perennial species will be important to re-establish stability.\r\nSpecies Richness: Thirty-two (32) different plant species were observed within the 2,827.4\r\nsquare meter monitoring plot.\r\n\r\n2019 Recommendations:\r\nThe ESR rehabilitation objectives have not yet been met for this site. Seeded species will need\r\nmore time to establish themselves in this plot even though native shrubs and grasses are present.\r\nThere was no allotment closure issued for this area but it is advised that the area is given\r\nappropriate rest so that the rehab objectives can be met. Stability in temperatures and\r\nprecipitation in 2020 could provide an additional good growing season with more water\r\navailability and seedling success.\r\n\r\n2020 Density Results:\r\nDensity: The seed mix was comprised of mountain big sagebrush (Artemesia tridentata sbsp vaseyana), Western yarrow (Achillea millefolium var occidentalis), bluebunch wheatgrass (Pseudoroegneria spicata spp. spicata), and Lewis flax (Linum lewisii var. lewisii). There are three rehabilitation objectives at this site: 3 firmly rooted grasses per square meter, 1 firmly rooted shrub per three square meters, and 1 firmly rooted forb per square meter. None of these objectives have been met yet with 0.00 grass seedlings per square meter, 0.08 sagebrush seedlings per square meter, and zero seeded forbs per square meter. Native perennial grasses are establishing themselves, however, with 10.67 small form (comprised mostly of Sandberg bluegrass) and 12.14 large form perennial grasses (Thurber\u2019s needlegrass, squirreltail) per square meter.\r\n2020 AIM Data Results:\r\nCover: Average foliar canopy cover was 68.7% in part due to dominance of Sandberg bluegrass (Poa secunda) (34.7% cover). Perennial forbs contributed to 2.7% of the canopy cover while perennial grasses contributed to 58.8% of the canopy cover. Shrubs made up 13.3% of the cover with yellow rabbitbrush (Chrysothamnus viscidiflorus) at 11.3% of the total cover. The presence of annual grasses is high while perennial grass and shrub cover is significantly higher. Seeded species, however, still need time to establish and restore the ecological site.\r\nGaps and Erosion: Dolly AIM Plot 01 is located in a Rangeland LOAMY SLOPE 12-16 P.Z. ecosite (R025XY014NV) in former Artemisia tridentata / Pseudoroegneria spicata - Achnatherum thurberianum (big sagebrush / bluebunch wheatgrass - Thurber's needlegrass) vegetation communities. The most frequent gaps in canopy cover occurred between 25-50cm at\r\n17.6% of the 25 meter transects. While the canopy gaps were infrequent for the most part, erosion was still observed in common pedestals and deposition/runoff, and long and common water flow patterns. The erosion has caused somewhat of a departure from expected site stability and recovery of native perennial species will be important to re-establish stability.\r\nSpecies Richness: Twenty-one (21) different plant species were observed within the 2,827.4 square meter monitoring plot.\r\n2020 Recommendations:\r\nThe ESR rehabilitation objectives have not yet been met for this site. Seeded species will need more time to establish themselves in this plot even though native shrubs and grasses are present. There was no allotment closure issued for this area, but it is advised that the area is given appropriate rest so that the rehab objectives can be met. Stability in temperatures and precipitation in 2021 could provide an additional good growing season with more water availability and seedling success.\r\n\r\n2022 ESR Monitoring Results\r\nS3 Aerial Seeding\r\nDolly AIM Plot 01 is located in a Rangeland LOAMY SLOPE 12-16 P.Z. ecosite (R025XY014NV) in former Artemisia tridentata / Pseudoroegneria spicata - Achnatherum thurberianum (big sagebrush / bluebunch wheatgrass - Thurber's needlegrass) vegetation communities.\r\nThe GRSG seed mix was comprised of mountain big sagebrush (Artemisia tridentata sbsp vaseyana), Western yarrow (Achillea millefolium var occidentalis), bluebunch wheatgrass (Pseudoroegneria spicata spp. spicata), and Lewis flax (Linum lewisii var. lewisii).\r\n\r\nDensity Results:\r\n2020: There are three rehabilitation objectives at this site: 3 firmly rooted grasses per square meter, 1 firmly rooted shrub per three square meters, and 1 firmly rooted forb per square meter. None of these objectives have been met yet with 0.00 grass seedlings per square meter, 0.08 sagebrush seedlings per square meter, and zero seeded forbs per square meter. Native perennial grasses are establishing themselves, however, with 10.67 small form (comprised mostly of Sandberg bluegrass) and 12.14 large form perennial grasses (Thurber\u2019s needlegrass, squirreltail) per square meter.\r\n2022: The rehabilitation objectives for this site have not been met. Seeded grasses were most successful at 4.9/m2 followed by seeded shrubs at 0.4/m2, and no seeded forbs were observed during the density data collection. Native regrowth of forbs however were recorded at 0.6/m2 along with shrubs at 1.4/m2 and grasses being the most abundant at a combined 18.1/m2. While the seeded species have not fully met the rehabilitation objectives the plot shows progress towards achieving those objectives in the future.\r\nAIM Data Results\r\nCover\r\n2020: Average foliar canopy cover was 68.7% in part due to dominance of Sandberg bluegrass (Poa secunda) (34.7% cover). Perennial forbs contributed to 2.7% of the canopy cover while perennial grasses contributed to 58.8% of the canopy cover. Shrubs made up 13.3% of the cover with yellow rabbitbrush (Chrysothamnus viscidiflorus) at 11.3% of the total cover. The presence of annual grasses is high while perennial grass and shrub cover is significantly higher. Seeded species, however, still need time to establish and restore the ecological site.\r\n2022: Average foliar cover was moderately low, the lowest since monitoring began in 2019, at 39.9%. Both perennial grasses and annual grasses had the most significant losses in foliar cover down to 16.5% and 0.8% from 58.8% and 16.0% respectively. Shrub foliar cover remained the same at 13%, perennial forbs dropped to 0.0%, and annual forbs remained at 0.0%. The drop in perennial grasses is of concern but the annual grass (cheatgrass) cover also reduced to nearly zero potentially shows signs of site stability, not allowing for the spread of cheatgrass across the plot but this is something to continue monitoring in the future.\r\nGaps and Erosion\r\n2020: The most frequent gaps in canopy cover occurred between 25-50cm at 17.6% of the 25 meter transects. While the canopy gaps were infrequent for the most part, erosion was still observed in common pedestals and deposition/runoff, and long and common water flow patterns. The erosion has caused somewhat of a departure from expected site stability and recovery of native perennial species will be important to re-establish stability.\r\n2022: Gaps in increased in all of the size ranges except for the 25-50cm range. The decrease of foliar cover overall coincides with the increase in gaps observed on the plot, including the 12.9% increase in gaps >200cm and 13.5% increase in gaps 101-200cm. Water flow patterns were observed on the plot which also showed minimal signs of deposition of plant material on plants within the pattern. If the water flow patterns spread causing more disturbance the stability of the site could be threatened.\r\nSpecies Richness\r\n2022: Species richness has deceased by more than half since monitoring began in 2019 from 32 species down to 15. The trend of species counted is not ideal for the rehabilitation of the site with the increase in annual forbs identified along with the loss of perennial forbs and perennial grasses observed on site. However, the total number of perennial species does still outnumber the total number of annual species.\r\nRecommendations:\r\n2020: The ESR rehabilitation objectives have not yet been met for this site. Seeded species will need more time to establish themselves in this plot even though native shrubs and grasses are present. There was no allotment closure issued for this area, but it is advised that the area is given appropriate rest so that the rehab objectives can be met. Stability in temperatures and precipitation in 2021 could provide an additional good growing season with more water availability and seedling success.\r\n2022: The ESR rehabilitation objectives have not yet been met for this site. Seeded species which are making progress on the site will need more time to fully establish themselves in this plot even though native shrubs and grasses are present. There was no allotment closure issued for this area, but it is advised that the area continues to be given appropriate rest so that the rehab objectives can be met. Stability in temperatures and precipitation in the next 5 years could provide an additional good growing season with more water availability and seedling success.",Polygon,Confirmed,Digitized by LTDL data entry personnel using a confirmed map,6/11/2020,299.45,299.45,,Unknown,"Cover for wildlife, Erosion, Establishment of seeded species, Forage for wildlife, Habitat for antelope, Habitat for elk, Habitat for greater sage grouse, Habitat for mule deer, Habitat for sage grouse, Habitat for wild horses, Habitat for wildlife, Habitat productivity, Habitat quality, Invasive species, Livestock in treated area, Nesting bird species, Noxious weeds, Sensitive species, Special status species, Wildlife in treated area",Provide essential forage and cover for wildlife including\r\nsage-grouse and will promote structural and species diversity within the burned area.,,,,,Seed list Discrepancy: The seed list with rate at the beginning of the monitoring report got cut off due to improper formatting. It only shows the rates for ARTRW8. The list reported in the 2019 monitoring results section list more species but ARTRW8 is not on that list. They reported it to be a different variety; ARTRV.,44:16:00
Model 26,Central Basin and Range,Post-burn aerial seeding,54215,21264,Implemented,See Comments,2,2/17/2018,2/19/2018,Acres,704,Seeding,Aerial Seeding,Aerial Seeding,-1,Confirmed seed list,Kochia,Seeds,Confirmed on Paper,Unknown,Species Specific,,"The objective of the aerial seeding treatment is to revegetate the burned area with a well-adapted\r\nspecies mix that provides forage and will promote structural and species diversity within the burned area.\r\nObjectives will be considered met for the aerial seed mix if 1 seeded forb (aerial and watershed mixes), 3 nonnative\r\ngrasses, 0.3 native shrubs (Wyoming and basin big sagebrush), and 1 non-native shrub (kochia) are\r\nobserved within two to five years in post-fire monitoring.","Aerial Seeding\r\nApproximately 3,445 acres would be seeded with species appropriate for the site based on resistance resilience and ecological site descriptions. Aerial seeding would be coordinated with snowfall conditions, if time permits. Aerial seed mixtures are described in greater detail below.\r\nKochia Seeding: Aerial seed approximately 679 acres of mule deer limited use, elk low density, and crucial winter habitat for pronghorn with immigrant forage kochia.",Aerial seeding was applied.,"ESR 2022 Monitoring Report\r\nS3 Aerial Kochia Seeding \r\nOil Well 03 was correlated to a Rangeland Loamy 8-10\u201d P.Z. ecosite (R025XY019NV) in a former / Artemisia tridentata ssp. wyomingensis / Achnatherum thurberianum \u2013 Achnatherum hymenoides ( / Wyoming big sagebrush / Thurber\u2019s needlegrass \u2013 Indian ricegrass) vegetation community. \r\nAIM Plot 03 seed mix was comprised of forage kochia (Bassia prostrata).\r\nS3 Aerial Kochia Seeding Density Results: \r\n2019: The rehabilitation objective of 1 seeded forage kochia per square meter has been met. \r\n2020: The rehabilitation objectives have not been met. \r\n2022: No seeded forage kochia was observed during the density data collection protocol. Native regrowth of small form perennial grasses, forbs, and shrubs were all present. \r\nAIM Data Results \r\nCover \r\n2019: Average foliar canopy cover was high (76.7%) in part due to the high cover (54.0%) of invasive cheatgrass (Bromus tectorum). Desert madwort (Alyssum desertorum) and Sandberg\u2019s bluegrass (Poa secunda) provided the second and third highest cover. Annual grasses exceed all functional groups in cover (54.0%). Annual forbs provide 29.3% cover and includes highly invasive tall tumblemustard (Sisymbrium altissimum) cover. Perennial species collectively have less cover than annual species on these sites. \r\n2020: Average foliar canopy cover was moderate and reduced from 2019 observations. The highest cover was from cheatgrass (65.3%), followed by Sandberg bluegrass, desert madwort, and crested wheatgrass. Annual species were overall reduced but still had more cover over perennial species. \r\n2022: Average foliar canopy cover was again moderate and reduced from the observations made the year previous. While every indicator was reduced from 2020\u2019s observations annual grasses and forbs still constituted the majority of cover at a combined 40.7% compared to perennial grasses and forbs only consisting of 2.1% combined.\r\nGaps and Erosion \r\n2019: Gaps on these plots were primarily between 25 and 50 cm long and represented 8.1% of the average 25m transects, more than likely due to cheatgrass (Bromus tectorum) cover. An average of slight departure from expected erosional conditions were observed on the sites and included very common water flow patterns. Erosion potential is a slight concern for these sites. \r\n2020: Gaps were primarily between 25 and 50 cm long. Canopy cover represents 89% of the average 25m transects. An increase in erosion through a gully, more deposition/runoff, and more extensive water flow patterns on AIM Plot 03. Conditions were the same on AIM Plot 05A. Conditions improved with fewer erosion observations made on AIM Plot 07A. These are still collectively departures from expected conditions on the sites and wind and water erosion are concerns on the site. \r\n2020: Gaps were mostly between 25 and 50 cm long. Canopy cover represents 90% of the average 25m transects. Reduced erosion indicators were observed on the site. Consistent gaps and no new erosion make wind and water erosion a very slight concern on the site. \r\n2022: Gaps were predominantly between 51-100cm at 22.4%, followed by gaps sized 25-50cm at 14.6%. These are large increases from previous year\u2019s observations which in conjunction with the decreased foliar cover and common rills and waterflow patterns, is of concern for the soil stability and plot health.\r\nSpecies Richness\r\n2022: Species richness was moderate at 21 individual species identified. Annual forbs and annual grasses combined did outnumber their perennial counterparts by 7 species.\r\nRecommendations \r\n2019: The treatment objectives of 1 non-native shrub (forage kochia) per square meter has been met for this plot. However, some seeded species are trying to establish and native recovery on the plots is evident. There was an allotment closure issued for the White Rock and Adobe Hills allotment where the plot is located. The allotment closure objective of three perennial grasses per square meter has been met. It is advised that additional rest and proper grazing management is provided to the area to help the establishment of seeded species. \r\n2020: The treatment objectives of 1 non-native shrub (forage kochia) per square meter have not been met for this plot. However, some perennial grasses are trying to establish and native recovery on the plots is evident. There was an allotment closure issued for the White Rock and Adobe Hills allotment where the plots are located. The allotment closure objective of three perennial grasses per square meter has been met. It is advised that additional rest and proper grazing management is provided to the area to help the establishment of seeded species.\r\n2022: The treatment objectives of 1 non-native shrub (forage kochia) per square meter have not been met for this plot. However, some perennial grasses are trying to establish and native recovery on the plots is evident. There was an allotment closure issued for the White Rock and Adobe Hills allotment where the plots are located. The allotment closure objective of three perennial grasses per square meter has been met. It is advised that additional rest and proper grazing management is provided to the area to help the establishment of seeded species.",Polygon,Confirmed,Digitized by LTDL data entry personnel using a confirmed map,6/15/2020,633.07,631.94,,Unknown,"Cover for wildlife, Erosion, Establishment of seeded species, Forage for wildlife, Forage quality, Habitat for antelope, Habitat for elk, Habitat for greater sage grouse, Habitat for mule deer, Habitat for sage grouse, Habitat for wildlife, Habitat productivity, Habitat quality, Loss of desirable species, Loss of perennials, Nesting bird species, Vegetal cover, Wildlife in treated area",Provides forage and will promote structural and species diversity within the burned area.,,,,,Planned cost/acre: $28.72\r\n\r\nIt was hard to tell what areas of treatment were overlapping from the map that was in the report and the planning map. This area acres are less than the acres reported being treated. This may be due to not all the areas treatment being visible because of overlapping treatment layers hiding the features.,21:39:00
Model 26,Central Basin and Range,Post-burn aerial seeding,54245,21270,Implemented,See Comments,1,10/1/2017,9/30/2018,Acres,594,Seeding,Aerial Seeding,Aerial Seeding,-1,Confirmed seed list,Aerial Seed Mix 2,Seeds,Confirmed on Paper,Unknown,Species Specific,"AKA Wildlife Mix. Dated aerial seed list has differing acres and bulk lbs needed. The mix was reportedly for 621 acres, with 840 lbs for ARTRW8, 450 lbs for BAPR5, and 65 lbs for ACMI2.","The objective of the aerial seeding treatment is to revegetate the burned area with a\r\nwell-adapted array of species that will provide essential forage and cover for wildlife including\r\nsage-grouse and will promote structural and species diversity within the burned area.\r\nObjectives of the treatment will be to establish one sagebrush seedling within 3 square meters,\r\n1 forb species and 1 non-native shrub species per square meter in post-fire monitoring within\r\ntwo growing seasons.","Aerial Seeding\r\nAerial seed approximately 5,506 acres in the winter of 2017, with species appropriate for the site based on resistance, resilience and ecological site descriptions.\r\nThe Elko BLM continues to have great success establishing the below mentioned species aerially without follow up treatment. This can be observed on numerous recent fires where seed was applied aerially on top of the snow. Aerial seeding would be coordinated with snowfall conditions, if timing permits.\r\n\r\nAerial big game Mix-Aerial seed approximately 594 acres of PHMA and GHMA Greater sage-grouse habitat, and crucial elk winter and pronghorn summer range with a mixture of Wyoming big sagebrush, western yarrow, and forage kochia.","Aerial\r\nseed mix 2 was comprised of Western yarrow (Achillea millefolium v. occidentalis), Wyoming\r\nBig Sagebrush (Artemisia tridentata sbsp wyomingensis), and immigrant forage kochia (Bassia\r\nprostrata).","ESR 2022 Monitoring Report\r\nS3 Aerial Mix 2 \r\nPole Creek AIM Plot 02 is located in a Rangeland CLAYPAN 10-12 P.Z. ecosite (R025XY018NV) in former Artemisia arbuscula / Pseudoroegneria spicata - Achnatherum thurberianum ( / little sagebrush / bluebunch wheatgrass - Thurber's needlegrass) vegetation communities. \r\nAerial Seed Mix 2 was comprised of Western yarrow (Achillea millefolium v. occidentalis), Wyoming Big Sagebrush (Artemisia tridentata sbsp wyomingensis), and immigrant forage kochia (Bassia prostrata).\r\nDensity Results \r\n2020: The rehab objectives of 1 non-native shrub and 1 seeded forb per square meter has not been met. No seeded shrubs nor seeded forbs were observed during the density data collection method. Native perennial small form bunch grasses (Sandberg bluegrass) and large-form perennial bunchgrasses (squirreltail), however, are re-establishing themselves at 33.25 plants per square meter. \r\n2022: The rehabilitation objectives of 1 non-native shrub (Immigrant forage kochia) and 1 seeded for per square meter has not been met. Native regrowth of grasses was significantly lower than in 2020 but was still strongly present on the plot. Additionally, native regrowth of forbs and shrubs are not particularly strong but are present and given more time could become better established on the plot. \r\nAIM Data Results \r\nCover \r\n2020: Average foliar cover was moderately low at 36.0%, a decrease of 20.7% since 2019. Perennial grasses dominated the plot at 22.0% whereas the next highest representation was from annual grasses at 9.3%. Perennial and annual forbs were very low. Due to the high amount of perennial grasses observed perennial species cover was much higher than annual cover on the plot. \r\n2022: Average foliar cover remained moderately low at 35.3% with perennial grasses dropping to 9.8% and annual grasses increasing to 11.7%. Shrubs however increases from 0.7% up to 4.4% across the plot. Perennial grasses and herbs cover was nearly equal to their annual counterparts at 11.8% combined and 11.7% combined respectively.\r\nGaps and Erosion \r\n2020: Canopy cover had infrequent gaps for the most part, and they varied in size throughout the plot. Erosion on this site was also high with widespread pedestals and long, very common water flow patterns. Deposition/runoff was rare. While some pedestaling is expected, the high wind and water erosion have destabilized the site and impaired hydrologic function. \r\n2022: Canopy cover increased significantly in size ranges 25-50cm and 51-100cm, a total increase of 31.2% between the two size ranges. Gaps between 101-200 doubled to 6.6% but gaps greater than 200cm remained unobserved on the plot. Erosion on this site continued to be high with widespread pedestals among bunchgrasses and long, very common water flow patterns. While some pedestaling is expected, the high wind and water erosion have destabilized the site and impaired hydrologic function.\r\nSpecies Richness\r\n2022: Species richness was moderate on the plot at 24 individual species identified. Perennial forbs, shrubs/sub-shrubs, and grasses were the most frequent and greatly outnumbered the amount of annuals identified on the plot.\r\nRecommendations: \r\n2020: The ESR rehabilitation objectives have not been fully met for these treatments. There was an allotment closure issued for the South and North Steer pastures. The allotment closure objective of three perennial grasses per square meter has been met but it is advised that the area is given more rest so the seeded species may further establish. \r\n2022: The ESR rehabilitation objectives have not been fully met for these treatments. There was an allotment closure issued for the South and North Steer pastures. The allotment closure objective of three perennial grasses per square meter has been met bit it is advised that the area is given more rest so the seeded species may further establish.",Polygon,Confirmed,Digitized by LTDL data entry personnel using a confirmed map,6/17/2020,608.97,608.97,,BLM,"Cover for wildlife, Erosion, Establishment of seeded species, Forage for wildlife, Forage quality, Habitat for antelope, Habitat for elk, Habitat for greater sage grouse, Habitat for mule deer, Habitat for sage grouse, Habitat for wildlife, Habitat productivity, Habitat quality, Loss of desirable species, Loss of sagebrush, Nesting bird species, Vegetal cover, Wildlife in treated area","Provide essential forage and cover for greater sagegrouse,\r\nmule deer, and antelope, and will promote structural and species diversity within the\r\nburned area.",,,,,"$26.29/ acre\r\nConflicting acres reported for two different seed lists, 594 acres for the plan and monitoring report, and 621 acres for the dated aerial seed list. Acreage from the RIPS report appears to a combination of acres planned for both aerial seeding treatments.",27:33:00
Model 26,Central Basin and Range,Post-burn aerial seeding,54256,21272,Implemented,See Comments,2,2/15/2018,2/15/2018,Acres,751,Seeding,Aerial Seeding,Aerial Seeding,-1,Confirmed seed list,Black Sage Mix,Seeds,Confirmed on Paper,Unknown,Species Specific,"See planned list for more details on costs, etc. From planned to confirmed there is a difference between bulk lbs needed.",The objective of the aerial seeding treatment is to revegetate the burned area with a\r\nwell-adapted array of species that will provide essential forage and cover for wildlife including\r\nsage-grouse and will promote structural and species diversity within the burned area.\r\nObjectives of the treatment will be to establish one sagebrush seedling within 3 square meters\r\nand 1 seeded species per square meter in post-fire monitoring within two to three growing\r\nseasons.,"Aerial Seeding\r\nApproximately 823 acres would be seeded in the fall of 2017, with the Aerial Sage-grouse Mix (see below). Aerial seeding would be coordinated with snowfall conditions, if time permits.\r\nAerial Sage-grouse Mix -Aerial seed PHMA and GHMA greater sage-grouse habitat, as well as year round and winter pronghorn, and year round mule deer habitat with a mixture of Wyoming and black sagebrush, western yarrow, and blue flax.","Aerial Black Sage Mix was comprised of Western yarrow (Achillea millefolium v.\r\noccidentalis), blue flax (Linum perenne), and black sagebrush (Artemesia nova).","The rehab objectives of 1 sagebrush seedling per 3 square meters and 1 forb\r\nseedling per square meter have not been met, yet in either plot. In AIM Plot 01 no black\r\nsagebrush (Artemesia nova) seedlings were observed on the plot at all and 0.083 seeded forb\r\nseedlings were seen in the density frames. In AIM Plot 02 0.167 Wyoming big sagebrush\r\n(Artemesia tridentata sbsp wyomingensis) seedlings were seen in the density frames while no\r\nseeded forbs were seen in the density frames. Regrowth of small-form grasses (Sandberg\r\nbluegrass) and large-form grasses (squirreltail) was observed on the plots.\r\nS3 Aerial Seeding\r\n2019 AIM Data Results:\r\nCover: Average foliar canopy cover was 60%, of which cheatgrass (Bromus tectorum) (47%\r\ncover) and desert madwort (Alyssum desertorum) (19.3% cover) contributed substantially.\r\nPerennial forbs and shrubs contributed little to cover (4.7% collectively) and perennial grasses\r\nwere also scarce with 3.4% cover. Annual invasive species were dominant on the plot, which\r\nwill need to be considered going forward in efforts to control their spread and allow seeding\r\nspecies to become established.\r\nGaps and Erosion:\r\nPotato AIM Plot 01 is located in a Rangeland LOAMY 8-10 P.Z. ecosite (R025XY019NV) in\r\nformer / Artemisia tridentata ssp. wyomingensis / Achnatherum thurberianum - Achnatherum\r\nhymenoides ( / Wyoming big sagebrush / Thurber's needlegrass - Indian ricegrass) vegetation\r\ncommunities. The most gaps in canopy cover occurred in the 51-100cm range (12% of the 25\r\nmeter transects). Evidence of erosion was observed in a few pedestals, rare runoff/deposition,\r\nand very short water flow patterns. Site stability is not too impaired and the minor disruptions in\r\nhydrologic function and soil stability should be reversed as more perennial forbs and shrubs\r\nbecome established.\r\nPotato AIM Plot 02 is located in a Rangeland SHALLOW CALCAREOUS LOAM 8-10 P.Z. .\r\necosite (R024XY030NV) in former / Artemisia nova / Achnatherum thurberianum -\r\nAchnatherum hymenoides ( / black sagebrush / Thurber''s needlegrass - Indian ricegrass)\r\nvegetation communities. The most gaps in canopy cover occurred in the 51-100cm range (12%\r\nof the 25 meter transects). Erosion was rare and only presented itself in a few pedestals. Site\r\nstability has not departed from expectations and hydrologic function and soil stability have not\r\nbeen heavily impacted.\r\n2019 Species Richness: An average of twenty-six (26) different plant species were observed within the\r\ntwo 2,827.4 square meter monitoring plots.\r\n\r\n2020 Density Results:\r\nDensity: Aerial Black Sage Mix was comprised of Western yarrow (Achillea millefolium v. occidentalis), blue flax (Linum perenne), and black sagebrush (Artemesia nova). Aerial Wyoming Sagebrush Mix was comprised of Western yarrow (Achillea millefolium v. occidentalis), blue flax (Linum perenne), and Wyoming big sagebrush (Artemesia tridentata sbsp wyomingensis). The rehab objectives of 1 sagebrush seedling per 3 square meters and 1 forb seedling per square meter have not been met, yet in either plot. In AIM Plot 01 no black sagebrush (Artemesia nova) seedlings were observed on the plot at all and 0.00 seeded forb seedlings were seen in the density frames. In AIM Plot 02 0.17 Wyoming big sagebrush (Artemesia tridentata sbsp wyomingensis) seedlings were seen in the density frames while no seeded forbs were seen in the density frames. Regrowth of small-form grasses (Sandberg bluegrass) and large-form grasses (squirreltail) was observed on the plots.\r\nS3 Aerial Seeding\r\n2020 AIM Data Results:\r\nCover: Average foliar canopy cover was 50.7%, of which cheatgrass (Bromus tectorum) (14.7% cover) and desert madwort (Alyssum desertorum) (22% cover) contributed substantially. Perennial forbs and shrubs contributed little to cover (5.39% collectively) and perennial grasses were also scarce with 11.39% cover. Annual invasive species were dominant on the plot, which will need to be considered going forward in efforts to control their spread and allow seeding species to become established.\r\n2020 Species Richness: An average of twenty-two (22) different plant species were observed within the two 2,827.4 square meter monitoring plots.\r\n\r\n2020 Recommendations:\r\nThe ESR rehabilitation objectives have not been fully met for these treatments. Annual forbs and grasses are still the dominant plant communities on these plots and more time will be needed for perennial forbs and grasses to reestablish themselves. It is recommended that monitoring is continued for at least another season to assess the recovery on the site. No allotment closure was issued for this area, however, it is advised that grazing management in the area include methods such as rest to allow the seeding to establish and targeting grazing to reduce the impact of annual grasses and preserve native perennials.\r\n\r\nESR 2022 Monitoring Report\r\nS3 Aerial Black Sage Mix\r\nPotato AIM Plot 01 is located in a Rangeland LOAMY 8-10 P.Z. ecosite (R025XY019NV) in former Artemisia tridentata ssp. wyomingensis / Achnatherum thurberianum - Achnatherum hymenoides (Wyoming big sagebrush / Thurber's needlegrass - Indian ricegrass) vegetation communities.\r\nAerial Black Sage Mix was comprised of Western yarrow (Achillea millefolium v. occidentalis), blue flax (Linum perenne), and black sagebrush (Artemisia nova).\r\nDensity Results:\r\n2020: The rehab objectives of 1 sagebrush seedling per 3 square meters and 1 forb seedling per square meter have not been met. No black sagebrush (Artemisia nova) seedlings were observed on the plot at all and 0.00 seeded forb seedlings were seen in the density frames.\r\n2022: The rehabilitation objectives of 0.3 sagebrush/m2 and 1 forb/m2 have not been met. No seeded species were observed within the density frames. However, native regrowth of perennial grasses remained consistent with the last two years of monitoring and regrowth of forbs and shrubs were both strong across the density frames.\r\nAIM Data Results\r\nCover\r\n2020: Average foliar cover was moderate at 50.7%, dominated by annual forbs (22.0%) and annual grasses (14.7%) still but less so than in 2019. The dominance of annuals on the plot compared to their perennial counterparts (7.4% combined) is of concern for the rehabilitation of the plot.\r\n2022: Average foliar cover increased very slightly since 2020 but was still dominated by annual forbs (18.8%) and annual grass (10.6%) across the plot. Perennial grasses were only 2.7% and perennial forbs were not observed at all meaning that again, annual species out represented their perennial counterparts significantly and remains a concern for the health and success of the plot.\r\nGaps and Erosion\r\n2020: Gap coverage in total cover remained similar to that of 2019 but in 2020 the higher amount of coverage shifted down to the 25-50cm range from the 101-200cm range. Gaps greater than 200cm were still not observed and most of the gaps are under 100cm. Evidence of erosion was observed in a few pedestals, rare runoff/deposition, and very short water flow patterns. Site stability is not too impaired and the minor disruptions in hydrologic function and soil stability should be reversed as more perennial forbs and shrubs become established.\r\n2022: Gap coverage increased significantly in the amount greater than 200cm observed from 0.0% in both 2019 and 2020 up to 67.8% in 2022. Smaller gaps reduced but larger gaps increased which with the increase of waterflow patterns observed could be of concern for the health and rehabilitation of the plot.\r\nSpecies Richness\r\n2022: Species richness was low with only 12 individual species identified. No one growth habit greatly outnumbered or dominated the others. Perennial forbs and grasses do outnumber their annual counterparts but the amount of coverage of each of these species is the opposite and is of concern.\r\nRecommendations\r\n2020: The ESR rehabilitation objectives have not been fully met for this treatment. Annual forbs and grasses are still the dominant plant communities on these plots and more time will be needed for perennial forbs and grasses to reestablish themselves. It is recommended that monitoring is continued for at least another season to assess the recovery on the site. No allotment closure was issued for this area; however, it is advised that grazing management in the area include methods such as rest to allow the seeding to establish and targeting grazing to reduce the impact of annual grasses and preserve native perennials.\r\n2022: The ESR rehabilitation objectives have not been fully met for this treatment. Annual forbs and grasses remain the dominant plant communities on these plots and more time will be needed for perennial forbs and grasses to reestablish themselves. It is recommended that monitoring is continued as well as potential further treatments in the future to assist the recovery on the site. No allotment closure was issued for this area; however, it is advised that grazing management in the area include methods such as rest to allow the seeding to establish and targeting grazing to reduce the impact of annual grasses and preserve native perennials.",Polygon,Confirmed,Digitized by LTDL data entry personnel using a confirmed map,6/17/2020,738.09,738.09,Unknown,Unknown,"Cover for wildlife, Establishment of seeded species, Forage for wildlife, Habitat for greater sage grouse, Habitat for wildlife, Habitat productivity, Habitat quality, Nesting bird species, Sensitive species, Wildlife in treated area",Provide essential forage and cover for wildlife including\r\nsage-grouse and will promote structural and species diversity within the burned area.,Unknown,Unknown,Unknown,Unknown,Planned Cost/acre: $46.40.,13:27:00
Model 26,Central Basin and Range,Post-burn aerial seeding,54266,21272,Implemented,See Comments,2,2/15/2018,2/15/2018,Acres,73,Seeding,Aerial Seeding,Aerial Seeding,-1,Confirmed seed list,Wyoming Sagebrush Mix,Seeds,Confirmed on Paper,Unknown,Species Specific,"See planned list for more details on costs, etc. From planned to confirmed there is a slight difference between bulk lbs needed.",The objective of the aerial seeding treatment is to revegetate the burned area with a\r\nwell-adapted array of species that will provide essential forage and cover for wildlife including\r\nsage-grouse and will promote structural and species diversity within the burned area.\r\nObjectives of the treatment will be to establish one sagebrush seedling within 3 square meters\r\nand 1 seeded species per square meter in post-fire monitoring within two to three growing\r\nseasons.,"Aerial Seeding\r\nApproximately 823 acres would be seeded in the fall of 2017, with the Aerial Sage-grouse Mix (see below). Aerial seeding would be coordinated with snowfall conditions, if time permits.\r\nAerial Sage-grouse Mix -Aerial seed PHMA and GHMA greater sage-grouse habitat, as well as year round and winter pronghorn, and year round mule deer habitat with a mixture of Wyoming and black sagebrush, western yarrow, and blue flax.","Wyoming Sagebrush Mix was comprised of Western yarrow (Achillea millefolium v.\r\noccidentalis), blue flax (Linum perenne), and Wyoming big sagebrush (Artemesia tridentata sbsp\r\nwyomingensis).","The rehab objectives of 1 sagebrush seedling per 3 square meters and 1 forb\r\nseedling per square meter have not been met, yet in either plot. In AIM Plot 01 no black\r\nsagebrush (Artemesia nova) seedlings were observed on the plot at all and 0.083 seeded forb\r\nseedlings were seen in the density frames. In AIM Plot 02 0.167 Wyoming big sagebrush\r\n(Artemesia tridentata sbsp wyomingensis) seedlings were seen in the density frames while no\r\nseeded forbs were seen in the density frames. Regrowth of small-form grasses (Sandberg\r\nbluegrass) and large-form grasses (squirreltail) was observed on the plots.\r\nS3 Aerial Seeding\r\n2019 AIM Data Results:\r\nCover: Average foliar canopy cover was 60%, of which cheatgrass (Bromus tectorum) (47%\r\ncover) and desert madwort (Alyssum desertorum) (19.3% cover) contributed substantially.\r\nPerennial forbs and shrubs contributed little to cover (4.7% collectively) and perennial grasses\r\nwere also scarce with 3.4% cover. Annual invasive species were dominant on the plot, which\r\nwill need to be considered going forward in efforts to control their spread and allow seeding\r\nspecies to become established.\r\nGaps and Erosion:\r\nPotato AIM Plot 01 is located in a Rangeland LOAMY 8-10 P.Z. ecosite (R025XY019NV) in\r\nformer / Artemisia tridentata ssp. wyomingensis / Achnatherum thurberianum - Achnatherum\r\nhymenoides ( / Wyoming big sagebrush / Thurber's needlegrass - Indian ricegrass) vegetation\r\ncommunities. The most gaps in canopy cover occurred in the 51-100cm range (12% of the 25\r\nmeter transects). Evidence of erosion was observed in a few pedestals, rare runoff/deposition,\r\nand very short water flow patterns. Site stability is not too impaired and the minor disruptions in\r\nhydrologic function and soil stability should be reversed as more perennial forbs and shrubs\r\nbecome established.\r\nPotato AIM Plot 02 is located in a Rangeland SHALLOW CALCAREOUS LOAM 8-10 P.Z. .\r\necosite (R024XY030NV) in former / Artemisia nova / Achnatherum thurberianum -\r\nAchnatherum hymenoides ( / black sagebrush / Thurber's needlegrass - Indian ricegrass)\r\nvegetation communities. The most gaps in canopy cover occurred in the 51-100cm range (12%\r\nof the 25 meter transects). Erosion was rare and only presented itself in a few pedestals. Site\r\nstability has not departed from expectations and hydrologic function and soil stability have not\r\nbeen heavily impacted.\r\nSpecies Richness: An average of twenty-six (26) different plant species were observed within the\r\ntwo 2,827.4 square meter monitoring plots.\r\n\r\n2020 AIM Data Results:\r\nCover: Average foliar canopy cover was 50.7%, of which cheatgrass (Bromus tectorum) (14.7% cover) and desert madwort (Alyssum desertorum) (22% cover) contributed substantially. Perennial forbs and shrubs contributed little to cover (5.39% collectively) and perennial grasses were also scarce with 11.39% cover. Annual invasive species were dominant on the plot, which will need to be considered going forward in efforts to control their spread and allow seeding species to become established.\r\n\r\n2020 Species Richness: An average of twenty-two (22) different plant species were observed within the two 2,827.4 square meter monitoring plots.\r\n\r\n2020 Recommendations:\r\nThe ESR rehabilitation objectives have not been fully met for these treatments. Annual forbs and grasses are still the dominant plant communities on these plots and more time will be needed for perennial forbs and grasses to reestablish themselves. It is recommended that monitoring is continued for at least another season to assess the recovery on the site. No allotment closure was issued for this area, however, it is advised that grazing management in the area include methods such as rest to allow the seeding to establish and targeting grazing to reduce the impact of annual grasses and preserve native perennials.\r\n\r\nESR 2022 Monitoring Report\r\nS3 Aerial Wyoming Mix\r\nPotato AIM Plot 02 is located in a Rangeland SHALLOW CALCAREOUS LOAM 8-10 P.Z. . Ecosite (R024XY030NV) in former / Artemisia nova / Achnatherum thurberianum - Achnatherum hymenoides ( / black sagebrush / Thurber\u2019s needlegrass - Indian ricegrass) vegetation communities.\r\nAerial Wyoming Sagebrush Mix was comprised of Western yarrow (Achillea millefolium v. occidentalis), blue flax (Linum perenne), and Wyoming big sagebrush (Artemisia tridentata sbsp wyomingensis).\r\nDensity Results\r\n2020: In the plot, 0.17 Wyoming big sagebrush (Artemisia tridentata sbsp wyomingensis) seedlings were seen in the density frames while no seeded forbs were seen in the density frames. Regrowth of small-form grasses (Sandberg bluegrass) and large-form grasses (squirreltail) was observed on the plots.\r\n2022: The rehabilitation objectives for this plot of 1 sagebrush seedling per 3 square meters and 1 forb seedling per square meter have not been met due to the lack of forbs present on the plot. Native regrowth of grasses and forbs were moderately low while seeded and native regrowth of shrubs were moderately high.\r\nAIM Data Results\r\nCover\r\n2020: Potato 02 Line-Point Intercept data was lost.\r\n2022: Total foliar cover was moderately high and increased by 14.7% since the 2019 monitoring season. Annual forbs, predominantly Desert madwort (Alyssum desertorum), were by far the most dominant on the plot with 34.8% cover and with annual grasses following at just 4.4%. Perennial grasses decreased from 3.3% to 1.9% and annual forbs weren\u2019t observed at all.\r\nGaps and Erosion\r\n2020: Potato 02 Gap Intercept data was lost.\r\n2022: Gaps were abundant on the site with gaps greater than 200cm dominating at 71.8% cover. Almost no gaps 25-50cm were observed (0.8%) and the middle ranges were moderately low. No signs of erosion were observed across the plot indicating that the increased amount of gap is not directly linked to erosion of the soil stability.\r\nSpecies Richness\r\n2022: Species richness was low at only 9 individual species identified. Annual grasses and forbs species were equal to their perennial counterparts though their coverage on the plot is not.\r\nRecommendations\r\n2020: The ESR rehabilitation objectives have not been fully met for this treatment. Annual forbs and grasses are still the dominant plant communities on these plots and more time will be needed for perennial forbs and grasses to reestablish themselves. It is recommended that monitoring is continued for at least another season to assess the recovery on the site. No allotment closure was issued for this area; however, it is advised that grazing management in the area include methods such as rest to allow the seeding to establish and targeting grazing to reduce the impact of annual grasses and preserve native perennials.\r\n2022: The ESR rehabilitation objectives have not been fully met for this treatment. Annual forbs and grasses remain the dominant plant communities on these plots and more time will be needed for perennial forbs and grasses to reestablish themselves. It is recommended that monitoring is continued for at least another season, as well as potential further treatments, to assess the recovery on the plot. No allotment closure was issued for this area and it is still advised that grazing management in the area include methods such as rest to allow the seeding to establish and targeting grazing to reduce the impact of annual grasses and preserve native perennials.",Polygon,Confirmed,Digitized by LTDL data entry personnel using a confirmed map,6/22/2020,71.63,71.63,Unknown,Unknown,"Cover for wildlife, Establishment of seeded species, Forage for wildlife, Habitat for greater sage grouse, Habitat for wildlife, Habitat productivity, Habitat quality, Nesting bird species, Sensitive species, Wildlife in treated area",Provide essential forage and cover for wildlife including\r\nsage-grouse and will promote structural and species diversity within the burned area.,Unknown,Unknown,Unknown,Unknown,Planned Cost/acre: $46.40.,46:59:00
Model 26,Central Basin and Range,Post-burn aerial seeding,54406,21294,Implemented,Unknown,2,3/5/2018,3/5/2018,Acres,880,Seeding,Aerial Seeding,Aerial Seeding,-1,Planned seed list,Aerial Seed,Seeds,Plan,Unknown,Species Specific,"There is a ""list"" that seems confirmed, however the mix is made up of Red Springs Pre-Mix and Wyoming Big Sagebrush. Assumed that all the species on the planned list other than Wyoming Big Sagebrush make up the pre-mix. The planned lbs for these species are about 650 lbs less than lbs needed for the premix.",The objective of the aerial seeding treatment is to revegetate the burned area with a\r\nwell-adapted species mix that provides forage and will promote structural and species diversity\r\nwithin the burned area. Objectives will be considered met for the aerial seed mix if three native\r\ngrasses and 0.3 native shrubs per square meter are observed within two years and if one native\r\nforb is observed within three years in post-fire monitoring.,"Aerial Seeding\r\nApplication of approximately 880 acres of aerial seeding based on ecological site potential with a mix of Wyoming big sagebrush, western yarrow, Lewis Flax, bluebunch wheatgrass, and Sandberg's bluegrass would be conducted using a full coverage swath pattern. Reseeding of native vegetation would aid in preventing non-native vegetation from becoming dominant. BLM Manual 6330, the Management of Wilderness Study Areas (WSA), states, \u201cRestoration treatments should use the least disruptive techniques that have the best likelihood of success.\u201d Aerial seeding is the preferred method, which would minimize the amount of ground disturbance in the WSA and reduce the accumulation of new motorized routes.",FY 18 - 880 acres Aerial Seeding.,"S3 Aerial Seeding 2019 Density Results\r\nDensity: The seed mix was comprised of bluebunch wheatgrass (Pseudoroegneria spicata spp.\r\nspicata), Sandberg bluegrass (Poa secunda), Western yarrow (Achillea millefolium v.\r\noccidentalis), blue flax (Linum perenne) and Wyoming big sagebrush (Artemesia tridentata sbsp\r\nvaseyana). The rehab objective of 3 native grasses per square meter have been exceeded in\r\nquantity in AIM Plot 01. Only Sandberg bluegrass (Poa secunda) was observed in the frames\r\nand some of those accounted for as seeded could also represent regrowth. However, no seeded\r\nforbs or shrubs were observed and observations of 1 forb and 0.3 shrubs are rehabilitation\r\nsuccess indicators. Regrowth of Sandberg bluegrass (Poa secunda), a small-form grass, and\r\nsquirreltail (Elymus elymoides) and great basin wildrye (Leymus cinereus), large-form\r\nbunchgrasses, was observed.\r\nS3 Aerial Seeding 2019 AIM Data Results\r\nCover: Average foliar canopy cover was high (88%) in part due to the high cover (40.7%) of\r\ncheatgrass (Bromus tectorum). Additionally, annual forbs provided the most cover at 63.3%\r\nincluding clasping pepperweed (Lepidium perfoliatum), desert madwort (Alyssum desertorum),\r\nand curveseed butterwort (Ceratocephala testiculata). Despite the high invasive grass cover the\r\nperennial, native bunchgrasses are showing recovery with a combined 24.8% cover. Sandberg\r\nbluegrass (Poa secunda) attained 14.7% cover, basin wildrye (Leymus cinerus) had 2.7% cover\r\nand Squirreltail (Elymus elymoidies) had 6.7% cover. Native annual and perennial forbs were\r\nalso showing some recovery (5.3%).\r\nGaps and Erosion: Red Spring AIM Plot 01 is located in a Rangeland Loamy 8-10\u201d P.Z. ecosite\r\n(R025XY019NV) in a former / Artemisia tridentata ssp. wyomingensis/ Achnatherum thurberianum \u2013\r\nAchnatherum hymenoides ( / Wyoming big sagebrush / Thurber\u2019s needlegrass \u2013 Indian ricegrass) vegetation\r\ncommunity. Gaps on the plot were mostly greater than 200cm in length but only represented 7%\r\nof the average 25m transects. Canopy cover represents 90.8% of the average 25m transects and\r\nthis can be attributed largely to annual plant cover. These plants likely will not provide much soil\r\nstability for the site. Pedestalling was found to be common with common water flow patterns and\r\ncommon deposition/runoff was observed while the site\u2019s overall slope was 10%. These factors\r\nare overall a moderate departure from expected conditions and therefore make wind and water\r\nerosion a concern for the site.\r\nSpecies Richness: Twenty-five (25) different plant species were observed within the 2,827.4\r\nsquare meter monitoring plot.\r\n2019 and 2020 Recommendations\r\nThe ESR objectives have not been completely met for the site. However, regrowth of native\r\ngrasses is evident. There was an allotment closure issued for Crane Springs allotment. The\r\nallotment closure objectives of three seeded species per square meter have been met but it is\r\nadvised that additional rest be given to the area to allow for the establishment of seeded species.\r\n\r\nS3 Aerial Seeding 2020 AIM Data Results\r\nCover: Average foliar canopy cover was high (50.7%) in part due to the high cover (16%) of cheatgrass (Bromus tectorum). Annual forbs provided cover at 12% including clasping pepperweed (Lepidium perfoliatum), and desert madwort (Alyssum desertorum), Despite the high invasive grass cover the perennial, native bunchgrasses are showing recovery with a combined 15.3% cover. Sandberg bluegrass (Poa secunda) attained 4.7% cover, basin wildrye (Leymus cinerus) had 5.3% cover and Squirreltail (Elymus elymoidies) had 4% cover. Native annual and perennial forbs were also showing recovery (18.6%).\r\nGaps and Erosion: Red Spring AIM Plot 01 is located in a Rangeland Loamy 8-10\u201d P.Z. ecosite (R025XY019NV) in a former / Artemisia tridentata ssp. wyomingensis/ Achnatherum thurberianum \u2013 Achnatherum hymenoides ( / Wyoming big sagebrush / Thurber\u2019s needlegrass \u2013 Indian ricegrass) vegetation community. Gaps on the plot were mostly at the 101-200cm range in length and represented 7.5% of the average 25m transects. Canopy cover represents 74% of the average 25m transects and this can be attributed largely to annual plant cover. These plants likely will not provide much soil stability for the site. Pedestalling was found to be common with common water flow patterns and common deposition/runoff was observed while the site\u2019s overall slope was 10%. These factors are overall a moderate departure from expected conditions and therefore make wind and water erosion a concern for the site.\r\nSpecies Richness: Twenty-seven (27) different plant species were observed within the 2,827.4 square meter monitoring plot.\r\n\r\n2022 ESR Monitoring report\r\nS3 Aerial Seed Mix\r\nRed Springs AIM Plot 01 is located in a Rangeland Loamy 8-10\u201d P.Z. ecosite (R025XY019NV) in a former Artemisia tridentata ssp. wyomingensis/ Achnatherum thurberianum \u2013 Achnatherum hymenoides ( / Wyoming big sagebrush / Thurber\u2019s needlegrass \u2013 Indian ricegrass) vegetation community.\r\nThe seed mix was comprised of bluebunch wheatgrass (Pseudoroegneria spicata spp. spicata), Sandberg bluegrass (Poa secunda), Western yarrow (Achillea millefolium v. occidentalis), Blue flax (Linum perenne) and Wyoming big sagebrush (Artemisia tridentata sbsp vaseyana).\r\n\r\nDensity Results\r\n2020: The rehab objective of 3 native grasses per square meter have been exceeded in quantity in AIM Plot 01. Sandberg bluegrass (Poa secunda) was observed in the frames and some of those accounted for as seeded could also represent regrowth. Seeded forbs or shrubs were observed and observations of .08 forb and 0.41 shrubs are rehabilitation success indicators. Regrowth of Sandberg bluegrass (Poa secunda), a small-form grass, and squirreltail (Elymus elymoides) was observed.\r\n2022: The rehabilitation objective of 3 native grasses/m2 have been met when the native regrowth is taken into account but the density of seeded grasses alone falls short of the objective. This is a major decline from 2019 and 2020 when this objective was easily achieved. Sandberg bluegrass and squirreltail were still present along with Great Basin wildrye.\r\nAIM Data Results\r\nCover\r\n2020: Average foliar canopy cover was moderate (50.7%) in part due to cover (16%) of cheatgrass (Bromus tectorum). Annual forbs provided cover at 12% including clasping pepperweed (Lepidium perfoliatum), and desert madwort (Alyssum desertorum), Despite the high invasive grass cover the perennial, native bunchgrasses are showing recovery with a combined 15.3% cover. Sandberg bluegrass (Poa secunda) attained 4.7% cover, basin wildrye (Leymus cinerus) had 5.3% cover and Squirreltail (Elymus elymoidies) had 4% cover. Native annual and perennial forbs were also showing recovery (18.6%).\r\n2022: Average foliar cover was moderate at 68.7%, an increase of 18.0% since 2020. Annual forbs took over the dominance on the plot, increasing to 26.5% while perennial grasses and forbs decreased by 13.8% total. The majority of the annual forb cover is comprised of desert madwort (Alyssum desertorum), a highly invasive species in disturbed areas.\r\n\r\nGaps and Erosion\r\n2020: Gaps on the plot were mostly at the 101-200cm range in length and represented 7.5% of the average 25m transects. Canopy cover represents 74% of the average 25m transects and this can be attributed largely to annual plant cover. These plants likely will not provide much soil stability for the site. Pedestalling was found to be common with common water flow patterns and common deposition/runoff was observed while the site\u2019s overall slope was 10%. These factors are overall a moderate departure from expected conditions and therefore make wind and water erosion a concern for the site.\r\n2022: Gaps on the plot increased significantly since 2020, most notably for gaps greater than 200cm, from 0.0% in 2020 to 58.8% in 2022. The only size range that decreased was 25-50cm from 9.0% to 4.9%. A gully 4ft wide by 2ft deep was noted on the southeast side of a hill just outside the plot and a large amount of long and interconnected waterflow patterns were observed. These signs of potential soil and site erosion in conjunction with the increased gaps observed could indicate overall degradation of the site health.\r\n\r\nSpecies Richness\r\n2022: Species richness was moderately high at 24 individual species identified though this is a decrease of 4 total species from 2020. Perennial grasses and forbs do outnumber their annual counterparts but their coverage on the plot is dominated by the annual forbs observed.\r\n\r\nRecommendations 2020: The ESR objectives have not been completely met for the site. However, regrowth of native grasses is evident. There was an allotment closure issued for Crane Springs allotment, Crane Springs pasture where Plot 01 is located. The allotment closure objective of three seeded species per square meter has been met but it is advised that additional rest be given to the area to allow for the establishment of seeded species.\r\n2022: The ESR objectives have not been completely met for the site and regrowth of native grasses has decreased significantly. There was an allotment closure issued for Crane Springs allotment, Crane Springs pasture where Plot 01 is located. The allotment closure objective of three seeded species per square meter has been met but it is advised that continued rest be given to the area to allow for the establishment of seeded species.\r\n\r\nRECOMMENDATIONS/CONCLUSIONS\r\nThe Red Springs fire will continue to have residual effects across the landscape for many years, but the planning, treatments, and monitoring accomplished in the last year have provided a steppingstone to continue with the restoration efforts throughout the burn area. One of the biggest lessons learned is that restoration takes time when you are dealing with environmental effects. There are many factors that go into restoring burn areas, some are human, but many are environmental. Goals and objectives will continue to be developed for restoring the Red Springs Fire and the lessons learned from this fire will be used for future planning in Emergency Stabilization and Rehabilitation.",Polygon,Confirmed,Digitized by LTDL data entry personnel using a confirmed map,7/10/2020,884.44,870.55,Unknown,Unknown,"Cover for wildlife, Erosion, Establishment of seeded species, Habitat productivity, Habitat quality, Invasive species, Livestock in treated area, Noxious weeds, Vegetal cover",Provides forage and will promote structural and species diversity\r\nwithin the burned area.,Unknown,Unknown,Unknown,Unknown,"Fire not monitored in FY 2018. \r\n\r\nUsed implementation dates from Aerial Seeding Tracking Form, which does not match the date listed on the RIPS report.",43:35:00
Model 26,Central Basin and Range,Post-burn aerial seeding,54418,21295,Implemented,See Comments,2,1/9/2018,2/27/2018,Acres,18038,Seeding,Aerial Seeding,Aerial Seeding: Fixed Wing,-1,Confirmed seed list,Aerial Mix A,Seeds,Confirmed in GIS,Unknown,Species Specific,"Details from planned seed list (although also present in the monitoring report, see date) species confirmed by GIS.",The objective of the aerial seeding treatment is to revegetate the burned area with a well-adapted\r\nspecies mix that provides forage and will promote structural and species diversity within the burned area.\r\nObjectives will be considered met for the aerial seed mix if 1 seeded species and 0.3 native shrubs are observed\r\nwithin three to five years in post-fire monitoring and if 3 native grasses and 1 non-native shrub (kochia) is\r\nobserved within two to five years in post-fire monitoring.,"Approximately 51,995 acres would be aerially seeded in the fall/winter of 2017/2018 with species appropriate for the site based on resistance resilience and ecological site descriptions. Sagebrush and forb seedings would be focused in GRSG PHMA and GHMA and in higher elevation areas where success is likely. Some of the areas outside PHMA would have kochia supplemented in the mix to compete with cheatgrass and provide an important forage base within crucial mule deer winter range.\r\n\r\nAerial Mix A\r\nApproximately 18,675 acres would be aerially seeded with Wyoming big sagebrush, basin big sagebrush and western yarrow at 100% coverage. Approximately 961 acres would be treated with imazapic in fall of 2017 prior to the seeding.\r\n\r\nThe Elko BLM has had, and continues to have, great success establishing the above mentioned species aerially without follow up treatment. This can be observed on numerous recent fires where seed was applied aerially on top of the snow. Aerial seeding would be coordinated with snowfall conditions, if time permits.\r\nWhile the area has a checkerboard landownership pattern between BLM-administered lands and private lands, in priority wildlife areas a joint treatment effort is being conducted across all ownerships.",Aerial Seeding was completed. \r\n\r\nGIS is the implementation data.,"S3 Aerial Seeding 2019 Results\r\nDensity: The seed mix was comprised of native and non-native shrubs and non-native forbs. The rehab\r\nobjectives have been met for seeded shrubs on Plot 26 in Aerial Mix E. The rehab objectives\r\nhave been met for seeded forbs in Plot 1-10, 12-13 in Aerial Mix A. The rest of the aerial\r\nseeding showed minimal success in establishing seeded shrubs and forbs up to this monitoring\r\nyear. It is noteworthy that regrowth of Sandberg bluegrass (Poa secunda), a small-form grass,\r\nand squirreltail (Elymus elymoides), bluebunch wheatgrass (Pseudoroegneria spicata), and great\r\nbasin wildrye (Leymus cinereus), large-form bunchgrasses, was observed, indicating some\r\nrecovery at the sites.\r\n\r\nCover: Average foliar canopy cover was high (63.8%) in part due to the high cover (23.7%) of\r\nSandberg bluegrass (Poa secunda). Invasive cheatgrass (Bromus tectorum) and tall\r\ntumblemustard (Sisymbrium altissimum) provided the second and third highest cover (19.5% and\r\n10.4% respectively). Perennial grasses exceed all functional groups in cover (33.0%) but annual\r\ngrasses and annual forbs have considerable cover on the sites as well (20.3% and 20.5%,\r\nrespectively).\r\n\r\n\u2026 See the 2019  and 2020 Monitoring Summaries for more details.\r\n\r\n2019  and 2020 Recommendations\r\nThe ESR treatment objectives of 1 seeded species, 0.3 native shrubs, 3 native grasses, and 1 nonnative\r\nshrub (forage kochia) per square meter have not been met for these plots. However, some\r\nseeded species are trying to establish and native recovery on the plots is evident. A grazing\r\nclosure was issued for the 25 and Boulder Field Allotments. The allotment closure objectives of\r\nthree perennial species per square meter have been met but additional rest for the area is\r\nrecommended in order for the seeding to establish.\r\n\r\n2020 Results\r\nThe seed mix was comprised of native and non-native shrubs and non-native forbs. The rehab objectives for shrubs has been met on Plots 06, 07, 16, 19, 22, and 26. The rehab objectives have been met for forbs nearly on Plot 25. No grasses were included in the aerial seed mixes. The rest of the aerial seeding showed some improvement in success in establishing seeded shrubs and forbs compared to last monitoring year. It is still noteworthy that regrowth of Sandberg bluegrass (Poa secunda), a small-form grass, and squirreltail (Elymus elymoides), bluebunch wheatgrass (Pseudoroegneria spicata), and great basin wildrye (Leymus cinereus), large-form bunchgrasses, was observed, indicating recovery at the sites.\r\n\r\n2020 Cover: Average canopy foliar cover was moderate and lower than the previous monitoring season (47.6%). The highest cover came from Sandberg bluegrass (21.1%) followed by cheatgrass (9.5%), squirreltail (5.4%), and crested wheatgrass (2.3%). Collectively perennial species had higher cover than annual species.",Polygon,Confirmed,"Digitized by BLM field office personnel, method unknown",,18038.55,18002,,Contractor,"Cover for wildlife, Establishment of seeded species, Habitat productivity, Habitat quality, Loss of desirable species, Loss of sagebrush, Nesting bird species, Sensitive species, Wildlife in treated area",Provides forage and will promote structural and species diversity within the burned area; Stabilization,Unknown,Unknown,Unknown,Unknown,Planned Cost/acre: $29.28.,27:00:00
Model 26,Central Basin and Range,Post-burn aerial seeding,54419,21295,Implemented,See Comments,2,1/9/2018,2/27/2018,Acres,11067,Seeding,Aerial Seeding,Aerial Seeding: Fixed Wing,-1,Confirmed seed list,Aerial Mix B,Seeds,Confirmed in GIS,Unknown,Species Specific,"Details from planned seed list (although also present in the monitoring report, see date) species confirmed by GIS.",The objective of the aerial seeding treatment is to revegetate the burned area with a well-adapted\r\nspecies mix that provides forage and will promote structural and species diversity within the burned area.\r\nObjectives will be considered met for the aerial seed mix if 1 seeded species and 0.3 native shrubs are observed\r\nwithin three to five years in post-fire monitoring and if 3 native grasses and 1 non-native shrub (kochia) is\r\nobserved within two to five years in post-fire monitoring.,"Approximately 51,995 acres would be aerially seeded in the fall/winter of 2017/2018 with species appropriate for the site based on resistance resilience and ecological site descriptions. Sagebrush and forb seedings would be focused in GRSG PHMA and GHMA and in higher elevation areas where success is likely. Some of the areas outside PHMA would have kochia supplemented in the mix to compete with cheatgrass and provide an important forage base within crucial mule deer winter range.\r\n\r\nAerial Mix B\r\nApproximately 10,808 acres would be aerially seeded with Wyoming big sagebrush, basin big sagebrush and western yarrow, using an every third swath coverage pattern over a total of 32,424 acres.\r\n\r\nThe Elko BLM has had, and continues to have, great success establishing the above mentioned species aerially without follow up treatment. This can be observed on numerous recent fires where seed was applied aerially on top of the snow. Aerial seeding would be coordinated with snowfall conditions, if time permits.\r\nWhile the area has a checkerboard landownership pattern between BLM-administered lands and private lands, in priority wildlife areas a joint treatment effort is being conducted across all ownerships.",Aerial Seeding was completed. \r\n\r\nGIS is the implementation data.,"S3 Aerial Seeding 2019 Results\r\nDensity: The seed mix was comprised of native and non-native shrubs and non-native forbs. The rehab\r\nobjectives have been met for seeded shrubs on Plot 26 in Aerial Mix E. The rehab objectives\r\nhave been met for seeded forbs in Plot 1-10, 12-13 in Aerial Mix A. The rest of the aerial\r\nseeding showed minimal success in establishing seeded shrubs and forbs up to this monitoring\r\nyear. It is noteworthy that regrowth of Sandberg bluegrass (Poa secunda), a small-form grass,\r\nand squirreltail (Elymus elymoides), bluebunch wheatgrass (Pseudoroegneria spicata), and great\r\nbasin wildrye (Leymus cinereus), large-form bunchgrasses, was observed, indicating some\r\nrecovery at the sites.\r\n\r\nCover: Average foliar canopy cover was high (63.8%) in part due to the high cover (23.7%) of\r\nSandberg bluegrass (Poa secunda). Invasive cheatgrass (Bromus tectorum) and tall\r\ntumblemustard (Sisymbrium altissimum) provided the second and third highest cover (19.5% and\r\n10.4% respectively). Perennial grasses exceed all functional groups in cover (33.0%) but annual\r\ngrasses and annual forbs have considerable cover on the sites as well (20.3% and 20.5%,\r\nrespectively).\r\n\r\n\u2026 See the 2019 and 2020 Monitoring Summaries for more details.\r\n\r\n2019 and 2020 Recommendations\r\nThe ESR treatment objectives of 1 seeded species, 0.3 native shrubs, 3 native grasses, and 1 nonnative\r\nshrub (forage kochia) per square meter have not been met for these plots. However, some\r\nseeded species are trying to establish and native recovery on the plots is evident. A grazing\r\nclosure was issued for the 25 and Boulder Field Allotments. The allotment closure objectives of\r\nthree perennial species per square meter have been met but additional rest for the area is\r\nrecommended in order for the seeding to establish.\r\n\r\n\r\n2020 Results:\r\nThe seed mix was comprised of native and non-native shrubs and non-native forbs. The rehab objectives for shrubs has been met on Plots 06, 07, 16, 19, 22, and 26. The rehab objectives have been met for forbs nearly on Plot 25. No grasses were included in the aerial seed mixes. The rest of the aerial seeding showed some improvement in success in establishing seeded shrubs and forbs compared to last monitoring year. It is still noteworthy that regrowth of Sandberg bluegrass (Poa secunda), a small-form grass, and squirreltail (Elymus elymoides), bluebunch wheatgrass (Pseudoroegneria spicata), and great basin wildrye (Leymus cinereus), large-form bunchgrasses, was observed, indicating recovery at the sites.\r\n\r\n2020 Cover: Average canopy foliar cover was moderate and lower than the previous monitoring season (47.6%). The highest cover came from Sandberg bluegrass (21.1%) followed by cheatgrass (9.5%), squirreltail (5.4%), and crested wheatgrass (2.3%). Collectively perennial species had higher cover than annual species.",Polygon,Confirmed,"Digitized by BLM field office personnel, method unknown",,11066.9,11026.06,,Contractor,"Cover for wildlife, Establishment of seeded species, Habitat productivity, Habitat quality, Loss of desirable species, Loss of sagebrush, Nesting bird species, Sensitive species, Wildlife in treated area",Provides forage and will promote structural and species diversity within the burned area.,Unknown,Unknown,Unknown,Unknown,Planned Cost/acres: $29.28,32:54:00
Model 26,Central Basin and Range,Post-burn aerial seeding,54420,21295,Implemented,See Comments,2,1/9/2018,2/27/2018,Acres,16696,Seeding,Aerial Seeding,Aerial Seeding,-1,Confirmed seed list,Aerial Mix C,Seeds,Confirmed in GIS,Unknown,Species Specific,"Details from planned seed list (although also present in the monitoring report, see date) species confirmed by GIS.",The objective of the aerial seeding treatment is to revegetate the burned area with a well-adapted\r\nspecies mix that provides forage and will promote structural and species diversity within the burned area.\r\nObjectives will be considered met for the aerial seed mix if 1 seeded species and 0.3 native shrubs are observed\r\nwithin three to five years in post-fire monitoring and if 3 native grasses and 1 non-native shrub (kochia) is\r\nobserved within two to five years in post-fire monitoring.,"Approximately 51,995 acres would be aerially seeded in the fall/winter of 2017/2018 with species appropriate for the site based on resistance resilience and ecological site descriptions. Sagebrush and forb seedings would be focused in GRSG PHMA and GHMA and in higher elevation areas where success is likely. Some of the areas outside PHMA would have kochia supplemented in the mix to compete with cheatgrass and provide an important forage base within crucial mule deer winter range.\r\n\r\nAerial Mix C\r\nApproximately 16,749 acres would be aerially seeded with Wyoming big sagebrush, basin big sagebrush, forage kochia and western yarrow, using an every other swath coverage pattern over a total of 33,498 acres.\r\n\r\nThe Elko BLM has had, and continues to have, great success establishing the above mentioned species aerially without follow up treatment. This can be observed on numerous recent fires where seed was applied aerially on top of the snow. Aerial seeding would be coordinated with snowfall conditions, if time permits.\r\nWhile the area has a checkerboard landownership pattern between BLM-administered lands and private lands, in priority wildlife areas a joint treatment effort is being conducted across all ownerships.","Aerial Seeding completed, confirmed by GIS attribute table.","S3 Aerial Seeding 2019 Results\r\nDensity: The seed mix was comprised of native and non-native shrubs and non-native forbs. The rehab\r\nobjectives have been met for seeded shrubs on Plot 26 in Aerial Mix E. The rehab objectives\r\nhave been met for seeded forbs in Plot 1-10, 12-13 in Aerial Mix A. The rest of the aerial\r\nseeding showed minimal success in establishing seeded shrubs and forbs up to this monitoring\r\nyear. It is noteworthy that regrowth of Sandberg bluegrass (Poa secunda), a small-form grass,\r\nand squirreltail (Elymus elymoides), bluebunch wheatgrass (Pseudoroegneria spicata), and great\r\nbasin wildrye (Leymus cinereus), large-form bunchgrasses, was observed, indicating some\r\nrecovery at the sites.\r\n\r\nCover: Average foliar canopy cover was high (63.8%) in part due to the high cover (23.7%) of\r\nSandberg bluegrass (Poa secunda). Invasive cheatgrass (Bromus tectorum) and tall\r\ntumblemustard (Sisymbrium altissimum) provided the second and third highest cover (19.5% and\r\n10.4% respectively). Perennial grasses exceed all functional groups in cover (33.0%) but annual\r\ngrasses and annual forbs have considerable cover on the sites as well (20.3% and 20.5%,\r\nrespectively).\r\n\r\n\u2026 See the 2019 and 2020 Monitoring Summaries for more details.\r\n\r\n2019 and 2020 Recommendations\r\nThe ESR treatment objectives of 1 seeded species, 0.3 native shrubs, 3 native grasses, and 1 nonnative\r\nshrub (forage kochia) per square meter have not been met for these plots. However, some\r\nseeded species are trying to establish and native recovery on the plots is evident. A grazing\r\nclosure was issued for the 25 and Boulder Field Allotments. The allotment closure objectives of\r\nthree perennial species per square meter have been met but additional rest for the area is\r\nrecommended in order for the seeding to establish.\r\n\r\n2020 Results:\r\nThe seed mix was comprised of native and non-native shrubs and non-native forbs. The rehab objectives for shrubs has been met on Plots 06, 07, 16, 19, 22, and 26. The rehab objectives have been met for forbs nearly on Plot 25. No grasses were included in the aerial seed mixes. The rest of the aerial seeding showed some improvement in success in establishing seeded shrubs and forbs compared to last monitoring year. It is still noteworthy that regrowth of Sandberg bluegrass (Poa secunda), a small-form grass, and squirreltail (Elymus elymoides), bluebunch wheatgrass (Pseudoroegneria spicata), and great basin wildrye (Leymus cinereus), large-form bunchgrasses, was observed, indicating recovery at the sites.\r\n\r\n2020 Cover: Average canopy foliar cover was moderate and lower than the previous monitoring season (47.6%). The highest cover came from Sandberg bluegrass (21.1%) followed by cheatgrass (9.5%), squirreltail (5.4%), and crested wheatgrass (2.3%). Collectively perennial species had higher cover than annual species.",Polygon,Confirmed,"Digitized by BLM field office personnel, method unknown",,16696.18,16613.14,,Contractor,"Cover for wildlife, Establishment of seeded species, Habitat productivity, Habitat quality, Loss of desirable species, Loss of sagebrush, Nesting bird species, Sensitive species, Wildlife in treated area",Provides forage and will promote structural and species diversity within the burned area.,Unknown,Unknown,Unknown,Unknown,Planned Cost/acres: $29.28,37:27:00
Model 26,Central Basin and Range,Post-burn aerial seeding,54422,21295,Implemented,See Comments,2,1/9/2018,2/27/2018,Acres,3013,Seeding,Aerial Seeding,Aerial Seeding: Rotor Wing,-1,Confirmed seed list,Aerial Mix E,Seeds,Confirmed on Paper,Unknown,Species Specific,"Details from planned seed list (although also present in the monitoring report, see date) species confirmed by GIS.\r\n\r\nThere is a separate list for Mix E that has different lbs per species needed.",The objective of the aerial seeding treatment is to revegetate the burned area with a well-adapted\r\nspecies mix that provides forage and will promote structural and species diversity within the burned area.\r\nObjectives will be considered met for the aerial seed mix if 1 seeded species and 0.3 native shrubs are observed\r\nwithin three to five years in post-fire monitoring and if 3 native grasses and 1 non-native shrub (kochia) is\r\nobserved within two to five years in post-fire monitoring.,"Approximately 51,995 acres would be aerially seeded in the fall/winter of 2017/2018 with species appropriate for the site based on resistance resilience and ecological site descriptions. Sagebrush and forb seedings would be focused in GRSG PHMA and GHMA and in higher elevation areas where success is likely. Some of the areas outside PHMA would have kochia supplemented in the mix to compete with cheatgrass and provide an important forage base within crucial mule deer winter range.\r\n\r\nAerial Mix E\r\nApproximately 3,415 acres would be aerially seeded with Wyoming big sagebrush, basin big sagebrush, western yarrow, and snowstorm forage kochia at a full coverage rate.\r\n\r\nThe Elko BLM has had, and continues to have, great success establishing the above mentioned species aerially without follow up treatment. This can be observed on numerous recent fires where seed was applied aerially on top of the snow. Aerial seeding would be coordinated with snowfall conditions, if time permits.\r\nWhile the area has a checkerboard landownership pattern between BLM-administered lands and private lands, in priority wildlife areas a joint treatment effort is being conducted across all ownerships.","Aerial Seeding was completed, confirmed by GIS attribute table.","S3 Aerial Seeding 2019 Results\r\nDensity: The seed mix was comprised of native and non-native shrubs and non-native forbs. The rehab\r\nobjectives have been met for seeded shrubs on Plot 26 in Aerial Mix E. The rehab objectives\r\nhave been met for seeded forbs in Plot 1-10, 12-13 in Aerial Mix A. The rest of the aerial\r\nseeding showed minimal success in establishing seeded shrubs and forbs up to this monitoring\r\nyear. It is noteworthy that regrowth of Sandberg bluegrass (Poa secunda), a small-form grass,\r\nand squirreltail (Elymus elymoides), bluebunch wheatgrass (Pseudoroegneria spicata), and great\r\nbasin wildrye (Leymus cinereus), large-form bunchgrasses, was observed, indicating some\r\nrecovery at the sites.\r\n\r\nCover: Average foliar canopy cover was high (63.8%) in part due to the high cover (23.7%) of\r\nSandberg bluegrass (Poa secunda). Invasive cheatgrass (Bromus tectorum) and tall\r\ntumblemustard (Sisymbrium altissimum) provided the second and third highest cover (19.5% and\r\n10.4% respectively). Perennial grasses exceed all functional groups in cover (33.0%) but annual\r\ngrasses and annual forbs have considerable cover on the sites as well (20.3% and 20.5%,\r\nrespectively).\r\n\r\n\u2026 See the 2019 and 2020 Monitoring Summary for more details.\r\n\r\n2019 and 2020 Recommendations\r\nThe ESR treatment objectives of 1 seeded species, 0.3 native shrubs, 3 native grasses, and 1 nonnative\r\nshrub (forage kochia) per square meter have not been met for these plots. However, some\r\nseeded species are trying to establish and native recovery on the plots is evident. A grazing\r\nclosure was issued for the 25 and Boulder Field Allotments. The allotment closure objectives of\r\nthree perennial species per square meter have been met but additional rest for the area is\r\nrecommended in order for the seeding to establish.\r\n\r\n2020 Results: \r\nThe seed mix was comprised of native and non-native shrubs and non-native forbs. The rehab objectives for shrubs has been met on Plots 06, 07, 16, 19, 22, and 26. The rehab objectives have been met for forbs nearly on Plot 25. No grasses were included in the aerial seed mixes. The rest of the aerial seeding showed some improvement in success in establishing seeded shrubs and forbs compared to last monitoring year. It is still noteworthy that regrowth of Sandberg bluegrass (Poa secunda), a small-form grass, and squirreltail (Elymus elymoides), bluebunch wheatgrass (Pseudoroegneria spicata), and great basin wildrye (Leymus cinereus), large-form bunchgrasses, was observed, indicating recovery at the sites.\r\n\r\n2020 Cover: Average canopy foliar cover was moderate and lower than the previous monitoring season (47.6%). The highest cover came from Sandberg bluegrass (21.1%) followed by cheatgrass (9.5%), squirreltail (5.4%), and crested wheatgrass (2.3%). Collectively perennial species had higher cover than annual species.",Polygon,Confirmed,"Digitized by BLM field office personnel, method unknown",,3012.54,3010.54,,Contractor,"Cover for wildlife, Establishment of seeded species, Habitat productivity, Habitat quality, Loss of desirable species, Loss of sagebrush, Nesting bird species, Sensitive species, Wildlife in treated area",Provides forage and will promote structural and species diversity within the burned area.,Unknown,Unknown,Unknown,Unknown,Planned Cost/acres: $29.28,11:53:00
Model 26,Central Basin and Range,Post-burn aerial seeding,54578,21321,Implemented,See Comments,2,2/7/2018,2/10/2018,Acres,3744,Seeding,Aerial Seeding,Aerial Seeding,-1,Confirmed seed list,Aerial Sage-grouse,Seeds,Confirmed on Paper,Unknown,Species Specific,,"Objectives will be considered met for the aerial seed mix if 1 seeded forb (aerial and watershed mixes), 3 non-native grasses and 0.3 native shrubs (Wyoming and basin big sagebrush)are observed within two to five years in post-fire monitoring.","Aerial Seeding\r\nApproximately 7,489 acres would be seeded with an every other swath pattern (3,744 actual seeded acres) and 3,697 acres with an every third swath pattern (1,232 actual acres seeded) in the fall/winter of 2017/2018. Treatment areas would be seeded with species appropriate for the site based on resistance, resilience and ecological site descriptions and wildlife habitat concerns. Aerial seeding would be coordinated with snowfall conditions, if time permits.\r\nAerial Sage-grouse Mix -Aerial seed approximately 7,489 acres using an every other swath pattern (3,744 actual seeded acres) of PHMA and GHMA Greater sage-grouse habitat, and crucial pronghorn and mule deer winter range with a mixture of Wyoming sagebrush, basin big sagebrush, western yarrow, and blue flax.",FY2017 and 18: S3 Aerial seeding was applied.,"S3 Aerial Seeding 2019 Results\r\nDensity\r\n\r\nThe seed mix was comprised of native shrubs and native and non-native forbs. The rehab objectives of one seeded forb and 0.3 seeded shrubs per square meter have not been met on this plot. Native regrowth was noteworthy. Small-form grasses (Sandberg bluegrass) and large-form grasses (Needle and thread grass and squirreltail) were commonly observed.\r\n\r\nCover: Average foliar canopy cover was high (82.7%) in part due to the high cover (64%) of cheatgrass (Bromus tectorum). Sandberg bluegrass (Poa secunda) and needle and thread grass (Hesperostipa comata) provided the second and third highest cover (13.3% and 10.0% respectively). Annual grasses exceed all functional groups in cover (64%). Perennial grasses had less than half of annual grass cover. The recovery of small and large form perennial grasses was noteworthy.\r\nGaps and Erosion: Tabor Flats Plot 05 is located in a Rangeland Loamy 8-10\u201d P.Z. ecosite (R025XY019NV) in a former / Artemisia tridentata ssp. wyomingensis/ Achnatherum thurberianum \u2013 Achnatherum hymenoides ( / Wyoming big sagebrush / Thurber\u2019s needlegrass \u2013 Indian ricegrass) vegetation community. Gaps on the plot were mostly from 25 to 50 cm long but represented 2.8% of the average 25m transects. Canopy cover represents 97.2% of the average 25m transects and this can be attributed largely to annual grass cover. Minimal signs of erosion were observed on the site and only included few pedestals. This is close to expected conditions for the site and wind and water erosion are not much of a concern on the site.\r\nSpecies Richness: Twenty-three (23) different plant species were observed within the 2,827.4 square meter monitoring plot.\r\n2019 Recommendations The ESR treatment objectives of the aerial seeding have not been met for the seeded shrubs and forbs. However, some native recovery on the plot is evident. There was a closure issued for the Deeth allotment, Winter Creek pasture where Plot 05 is located. The allotment closure objective of three perennial grasses per square meter has not been met and it is advised that additional rest is applied to the area so the seeded species have a chance to establish and native species have more chance to recover.\r\n\r\n\r\n2020 Results\r\nCover: Average foliar canopy cover was high (78.0%) in part due to the high cover (38.7%) of cheatgrass (Bromus tectorum). Sandberg bluegrass (Poa secunda) and needle and thread grass (Hesperostipa comata) provided the second and third highest cover (17.3% and 10.7% respectively). Annual grasses exceed all functional groups in cover (38.7%). Perennial grasses had less than half of annual grass cover. The recovery of small and large form perennial grasses was noteworthy.\r\nGaps and Erosion: Tabor Flats Plot 05 is located in a Rangeland Loamy 8-10\u201d P.Z. ecosite (R025XY019NV) in a former / Artemisia tridentata ssp. wyomingensis/ Achnatherum thurberianum \u2013 Achnatherum hymenoides ( / Wyoming big sagebrush / Thurber\u2019s needlegrass \u2013 Indian ricegrass) vegetation community. Gaps on the plot were mostly from 101-200 cm long but represented 0.4% of the average 25m transects. Canopy cover represents 94.9% of the average 25m transects and this can be attributed largely to annual grass cover. Minimal signs of erosion were observed on the site and only included few pedestals. This is close to expected conditions for the site and wind and water erosion are not much of a concern on the site.\r\nSpecies Richness: Thirty-two (32) different plant species were observed within the 2,827.4 square meter monitoring plot.\r\n2020 Recommendations The ESR treatment objectives of the aerial seeding have not been met for the seeded shrubs and forbs. However, some native recovery on the plot is evident. There was a closure issued for the Deeth allotment, Winter Creek pasture where Plot 05 is located. The allotment closure objective of three perennial grasses per square meter has not been met and it is advised that additional rest is applied to the area so the seeded species have a chance to establish and native species have more chance to recover.",Polygon,Confirmed,Digitized by LTDL data entry personnel using a confirmed map,7/28/2020,6771.16,6512.95,,Unknown,"Cover for wildlife, Erosion, Establishment of seeded species, Habitat for antelope, Habitat for greater sage grouse, Habitat for sage grouse, Habitat for wildlife, Habitat productivity, Habitat quality, Invasion by cheatgrass, Invasion by non-native annuals, Invasive species, Loss of desirable species, Loss of perennials, Loss of sagebrush, Loss of native species, Migratory birds, Nesting bald eagles, Nesting bird species, Noxious weeds, Sensitive species, Special status species, Vegetal cover, Wildlife in treated area",To revegetate the burned area with a well-adapted species mix that provides forage and will promote structural and species diversity within the burned area.,Unknown,Unknown,Unknown,Unknown,GIS calculated area are double the actual treated acres because the seed was applied every other swath and the true flight path coverage was not captured in the creation of this treatment area.\r\n\r\nUnit Cost: $33.79.,50:24:00
Model 26,Central Basin and Range,Post-burn aerial seeding,54579,21321,Implemented,See Comments,2,2/11/2018,2/11/2018,Acres,1232,Seeding,Aerial Seeding,Aerial Seeding,-1,Confirmed seed list,Pronghorn Winter Range,Seeds,Confirmed on Paper,Unknown,Species Specific,,"Objectives will be considered met for the aerial seed mix if 1 seeded forb (aerial and watershed mixes), 3 non-native grasses and 0.3 native shrubs (Wyoming and basin big sagebrush)are observed within two to five years in post-fire monitoring.","Aerial Seeding\r\nApproximately 7,489 acres would be seeded with an every other swath pattern (3,744 actual seeded acres) and 3,697 acres with an every third swath pattern (1,232 actual acres seeded) in the fall/winter of 2017/2018. Treatment areas would be seeded with species appropriate for the site based on resistance, resilience and ecological site descriptions and wildlife habitat concerns. Aerial seeding would be coordinated with snowfall conditions, if time permits.\r\n\r\nPronghorn Winter Range Mix -Aerial seed approximately 3,697 acres using an every third swath pattern (1,232 actual acres seeded) of GHMA Greater sage-grouse habitat, and crucial pronghorn and mule deer winter range with a mixture of Wyoming sagebrush, basin big sagebrush and western yarrow.",FY2017 and 18: Aerial seeding was applied.,"S3 Aerial Seeding 2019 Results\r\nDensity\r\n\r\nThe seed mix was comprised of native shrubs and native and non-native forbs. The rehab objectives of one seeded forb and 0.3 seeded shrubs per square meter have not been met on this plot. Native regrowth was noteworthy. Small-form grasses (Sandberg bluegrass) and large-form grasses (Needle and thread grass and squirreltail) were commonly observed.\r\n\r\nCover: Average foliar canopy cover was high (82.7%) in part due to the high cover (64%) of cheatgrass (Bromus tectorum). Sandberg bluegrass (Poa secunda) and needle and thread grass (Hesperostipa comata) provided the second and third highest cover (13.3% and 10.0% respectively). Annual grasses exceed all functional groups in cover (64%). Perennial grasses had less than half of annual grass cover. The recovery of small and large form perennial grasses was noteworthy.\r\nGaps and Erosion: Tabor Flats Plot 05 is located in a Rangeland Loamy 8-10\u201d P.Z. ecosite (R025XY019NV) in a former / Artemisia tridentata ssp. wyomingensis/ Achnatherum thurberianum \u2013 Achnatherum hymenoides ( / Wyoming big sagebrush / Thurber\u2019s needlegrass \u2013 Indian ricegrass) vegetation community. Gaps on the plot were mostly from 25 to 50 cm long but represented 2.8% of the average 25m transects. Canopy cover represents 97.2% of the average 25m transects and this can be attributed largely to annual grass cover. Minimal signs of erosion were observed on the site and only included few pedestals. This is close to expected conditions for the site and wind and water erosion are not much of a concern on the site.\r\nSpecies Richness: Twenty-three (23) different plant species were observed within the 2,827.4 square meter monitoring plot.\r\n2019 Recommendations The ESR treatment objectives of the aerial seeding have not been met for the seeded shrubs and forbs. However, some native recovery on the plot is evident. There was a closure issued for the Deeth allotment, Winter Creek pasture where Plot 05 is located. The allotment closure objective of three perennial grasses per square meter has not been met and it is advised that additional rest is applied to the area so the seeded species have a chance to establish and native species have more chance to recover.\r\n\r\n2020 Results:\r\nCover: Average foliar canopy cover was high (78.0%) in part due to the high cover (38.7%) of cheatgrass (Bromus tectorum). Sandberg bluegrass (Poa secunda) and needle and thread grass (Hesperostipa comata) provided the second and third highest cover (17.3% and 10.7% respectively). Annual grasses exceed all functional groups in cover (38.7%). Perennial grasses had less than half of annual grass cover. The recovery of small and large form perennial grasses was noteworthy.\r\nGaps and Erosion: Tabor Flats Plot 05 is located in a Rangeland Loamy 8-10\u201d P.Z. ecosite (R025XY019NV) in a former / Artemisia tridentata ssp. wyomingensis/ Achnatherum thurberianum \u2013 Achnatherum hymenoides ( / Wyoming big sagebrush / Thurber\u2019s needlegrass \u2013 Indian ricegrass) vegetation community. Gaps on the plot were mostly from 101-200 cm long but represented 0.4% of the average 25m transects. Canopy cover represents 94.9% of the average 25m transects and this can be attributed largely to annual grass cover. Minimal signs of erosion were observed on the site and only included few pedestals. This is close to expected conditions for the site and wind and water erosion are not much of a concern on the site.\r\nSpecies Richness: Thirty-two (32) different plant species were observed within the 2,827.4 square meter monitoring plot.\r\n2020 Recommendations The ESR treatment objectives of the aerial seeding have not been met for the seeded shrubs and forbs. However, some native recovery on the plot is evident. There was a closure issued for the Deeth allotment, Winter Creek pasture where Plot 05 is located. The allotment closure objective of three perennial grasses per square meter has not been met and it is advised that additional rest is applied to the area so the seeded species have a chance to establish and native species have more chance to recover.\r\n\r\nS3 Aerial Seeding \r\nTabor Flats Plot 05 is located in a Rangeland Loamy 8-10\u201d P.Z. ecosite (R025XY019NV) in a former Artemisia tridentata ssp. wyomingensis/ Achnatherum thurberianum \u2013 Achnatherum hymenoides (Wyoming big sagebrush / Thurber\u2019s needlegrass \u2013 Indian ricegrass) vegetation community. \r\nThe Aerial Pronghorn Seed Mix was comprised of Wyoming big sagebrush (Artemisia tridentata ssp. wyomingensis), Basin big sagebrush (Artemisia tridentata ssp. tridentata), and Western yarrow (Achillea millefolium var occidentalis).\r\nDensity Results \r\n2020: The rehab objectives of one seeded forb and 0.3 seeded shrubs per square meter have not been met on this plot. Native regrowth was noteworthy. Small-form grasses (Sandberg bluegrass) and large-form grasses (Needle and thread grass and squirreltail) were commonly observed. \r\n2022: The rehabilitation objectives as stated above have not been met. No seeded species were observed on plot but native regrowth is present with perennial grasses at 10.58/m2, forbs at 1.58/m2, and even shrubs at 0.5/m2. \r\nAIM Data Results \r\nCover \r\n2020: Foliar canopy cover was moderately high (73.3%) in part due to the high cover (38.7%) of cheatgrass (Bromus tectorum). Sandberg bluegrass (Poa secunda) and needle and thread grass (Hesperostipa comata) provided the second and third highest cover (17.3% and 10.7% respectively). Annual grasses exceed all functional groups in cover (38.7%). Perennial grasses had less than annual grass cover by 6.7%. \r\n2022: Foliar canopy cover was moderate at 63.3%, a decrease of 10.0% since 2020. Annual and perennial grasses are nearly equal at 17.8% and 17.4% respectively. With annual forbs being slightly more present than perennial forbs this means that annual species constitute more of the foliar cover than their perennial counterparts.\r\nGaps and Erosion \r\n2020: Gaps on the plot were mostly from 25-50 cm long but represented 0.8% of the average 25m transects. Minimal signs of erosion were observed on the site and only included few pedestals. This is close to expected conditions for the site and wind and water erosion are not much of a concern on the site. \r\n2022: Gaps on the plot have significantly increased since 2020 and are nearly evenly distributed across the different size ranges. Gap was only 1.3% total in 2020 but is now 58.7%, could be contributed to the large decrease of cheatgrass observed on the plot as compared to previous years. Waterflow patterns following the aspect of the plot along with minimal deposition and pedestalling around bunchgrasses and shrubs on the plot. This is close to expected conditions for the site and wind and water erosion are not of much concern on the plot.\r\nSpecies Richness\r\n2020: Specie richness was moderately high at 32 individual species identified. Perennial grasses and forbs outnumbered their annual counterparts.\r\n2022: Species richness was moderately high at 30 individual species identified, 2 less than observed in 2020. Perennial species still outnumber their annual counterparts but the foliar cover shows annuals and perennials are equal.\r\nRecommendations \r\n2020: The ESR treatment objectives of the aerial seeding have not been met for the seeded shrubs and forbs. However, some native recovery on the plot is evident. There was a closure issued for the Deeth allotment, Winter Creek pasture where Plot 05 is located. The allotment closure objective of three perennial grasses per square meter has been met but it is advised that additional rest is applied to the area so the seeded species have a chance to establish and native species have more chance to recover. \r\n2022: The ESR treatment objectives of the aerial seeding have not been met for the seeded shrubs and forbs. However, some native recovery on the plot is evident. There was a closure issued for the Deeth allotment, Winter Creek pasture where the plot is located. The allotment closure objective of three perennial grasses per square meter has been met but it is advised that additional rest is applied to the area so the seeded species have a chance to establish and native species have more chance to recover.",Polygon,Confirmed,Digitized by LTDL data entry personnel using a confirmed map,7/28/2020,3481.97,3415.69,,Unknown,"Cover for wildlife, Erosion, Establishment of seeded species, Habitat for antelope, Habitat for greater sage grouse, Habitat for sage grouse, Habitat for wildlife, Habitat productivity, Habitat quality, Invasion by cheatgrass, Invasion by non-native annuals, Invasive species, Loss of desirable species, Loss of perennials, Loss of sagebrush, Loss of native species, Migratory birds, Nesting bald eagles, Nesting bird species, Noxious weeds, Sensitive species, Special status species, Vegetal cover, Wildlife in treated area",To revegetate the burned area with a well-adapted species mix that provides forage and will promote structural and species diversity within the burned area.,Unknown,Unknown,Unknown,Unknown,GIS calculated area are double the actual treated acres because the seed was applied every other swath and the true flight path coverage was not captured in the creation of this treatment area.\r\n\r\nUnit Cost: $33.79.,51:35:00
Model 26,Central Basin and Range,Post-burn aerial seeding,54833,21329,Implemented,See Comments,1,11/1/2019,11/15/2019,Acres,440,Seeding,Aerial Seeding,Aerial Seeding,-1,Confirmed seed list,Crum Aerial,Seeds,Confirmed on Paper,Unknown,Species Specific,,"The objective of both seedings is to establish a mix of native and non-native shrubs, grasses, and forbs within the burned area to reduce the risk of soil erosion and to improve vegetation structure and diversity. The density objective for the treatment is an average of four seeded plants per meter based off modified AIM plots within the burn. All shrubs and perennial grasses should be firmly rooted into the ground.","Reseeding the Burned Area:\r\nThe Crum Fire will be reseeded only in the upper treatment area. Due to price and availability of\r\nseed at the time of purchase, the seed mix may change without notice. Any changes to seed\r\nmixes will take into consideration the local site soil and climatic conditions to provide the best\r\npossible chance for success. Preference in the seed mix will be given to native species over nonnative\r\nspecies to fill the same functional roles. All seedings will occur during the fall, winter, or\r\nspring. If possible, seeding will be implemented shortly before anticipated snowfall to increase\r\nthe chance for success.\r\nThe upland treatment area consists of 440 acres of BLM managed land. This treatment will be\r\nimplemented as soon as possible and will be implemented through broadcast seeding or aerially","R2 was implemented via Aerial Seeding. Contract for seeding was flown and awarded in the summer of 2019 for seeding to commence in November of 2019.\r\n\r\nFY2020 - Seed was applied aerially on November 15, 2019.","2019 - At the time of plot establishment, no seeding had happened on the fire. Seeding was not done in the highlands due issue purchasing seed early enough to seed in the winter months and seeding in the lowlands is postponed until the targeted grazing shows results.\r\n\r\nSince this was the first year of monitoring there is no data to compare the trends with, but this fire has not reached objectives yet.\r\n\r\nFY2020 - In November 2019, the fire was aerially seeded in the high lands. The lowlands have not shown enough of a positive effect of targeted grazing to seed. The monitoring sites established in 2019 were revisited. Continue to monitor, especially the low lands. If the targeted grazing shows a good reduction of cheatgrass then seed the lowlands.\r\n\r\n2022 ESR Monitoring Report\r\nS2: Ground Seeding and R2: Ground Seeding (R2 was implemented via Aerial Seeding\r\nFY 2019:\r\n? Discussion: Battle Mountain District personnel utilized ArcGIS\u2019s random point generator to randomly create six monitoring sites within the fire, two of these are within the aerial seeding area (uplands) and the other are in the lowlands that are proposed for drill seeding that is pending results from the targeted grazing (See Table 1 for plot information). Each monitoring site was within a different soil Map Unit from the United States Department of Agriculture\u2019s Websoil Survey and all six of the soil types found within the fire were looked at. The results of these monitoring sites that were visited are shown in Table 2 and 3. Monitoring data recorded included vegetation density and cover using photo points, quadrat density counts, line-point intercept, canopy gap, and perennial basal gap monitoring methods as described in: Monitoring Manual for Grassland, Shrubland and Savanna Ecosystems, Volume 1: Quick Start, Herrick et al, 2005, p36. Paced density quadrat count methods (developed by Elko BLM staff and advised by Rangeland Monitoring in Western Uplands, George Ruyle et al., University of Arizona, College of Agriculture and Life Sciences, 2006, p 16) were also used to establish number and type of plants per meter squared. At the time of plot establishment, no seeding had happened on the fire. Seeding was not done in the highlands due issue purchasing seed early enough to seed in the winter months and seeding in the lowlands is postponed until the targeted grazing shows results. Contract for seeding was flown and awarded in the summer of 2019 for seeding to commence in November of 2019.\r\n? Results: See Tables below for a summary of data found. Since this was the first year of monitoring there is no data to compare the trends with, but this fire has not reached objectives yet.\r\n? Recommendations: Continue monitoring.\r\n? FY 2020:\r\n? Discussion: Site was aerial seeded and the plots were revisited to monitor trend in vegetation cover.\r\n? Results: Some perennial grasses and shrubs increased in percent cover.\r\n? Recommendations: Continue monitoring.\r\n? FY 2021:\r\n? Discussion: Two plots revisited.\r\n? Results: Perennial grass and shrub cover remained about the same from previous year for the lower elevations, but in the higher elevations perennial cover significantly decreased. This is possibly due to reduced production in the current year with lower rates of precipitation than average. This is due to the overall increase in density of both perennial and shrub species within the burned area. Annual grasses and forbs increased in cover percent and density as well.\r\n? Recommendations: Continue to monitor to confirm trends and wait for more establishment of perennial vegetation from seeding after low precipitation in the current year.\r\nFY 2022:\r\n? Discussion: Two plots revisited.\r\n? Results: Perennial grass and shrub cover increased this year. Annual grasses also increased in higher elevations likely due to increased moisture this year. Plots visited are meeting current density objectives within the burned area.\r\n? Recommendations: Continue to monitor to confirm trends and wait for more establishment of perennial vegetation from seeding after low precipitation in the current year.",Polygon,Confirmed,Digitized by LTDL data entry personnel using a planned map,8/28/2020,437.33,431.99,,Contractor,"Erosion, Establishment of seeded species, Habitat productivity, Habitat quality, Loss of perennials, Loss of vegetation, Vegetal cover",...to reduce the risk of soil erosion and to improve vegetation structure and diversity.,Delayed,Seeding was not done in the highlands due issue purchasing seed early enough to seed in the winter months and seeding in the lowlands,,,"Total Seed Cost $21394.70.\r\nImplementation Cost - $25,000",35:18:00
Model 26,Central Basin and Range,Post-burn aerial seeding,54895,21378,Implemented,Not Completed,1,9/1/2020,12/1/2020,Acres,308,Seeding,Aerial Seeding,Aerial Seeding,-1,Planned seed list,GRSG 2020 Mix,Seeds,Plan,Unknown,Species Specific,,For the purposes of biotic integrity establish native forbs to 1 per square meter density in post-fire monitoring within 2-4 years. For the purposes of biotic integrity establish native shrubs to 0.3 per square meter density in post-fire monitoring within 3-4 years.,"In winter 2019/2020, aerial seed approximately 2,773 acres of public lands with forb and shrub species:\r\n\r\nAerial Sage-Grouse Mix -Aerially seed approximately 950 acres with Wyoming big sagebrush, Basin big sagebrush, and western yarrow to support GRSG lekking habitat.\r\n\r\nThe aerial sage grouse seed mix was comprised of Wyoming big sagebrush, Basin big sagebrush, and western yarrow. The aerial low elevation seed mix was comprised of Wyoming big sagebrush, Basin big sagebrush, forage kochia, and western yarrow. No seeded species were observed in the density frames on the plot although seeded forage kochia were observed in the plot species richness observations. Recovered species were primarily Sandberg bluegrass, crested wheatgrass, and squirreltail.","The Aerial Sage-grouse seed mix was comprised of Wyoming big sagebrush (Artemisia tridentata sbsp wyomingensis), Basin big sagebrush (Artemisia tridentata sbsp tridentata), and western yarrow (Achillea millefolium var occidentalis).","\r\n2022 ESR Monitoring report\r\nS2 Drill Bottom/S3 Aerial Sage Grouse/Imazapic\r\nShafter AIM Plot 02 was correlated to a R028BY028NV Sodic Terrace 8-10\u201d P.Z. in former Sacrobatus vermiculatus \u2013 Artemisia tridentata / Leymus cinereus (greasewood \u2013 big sagebrush / basin wildrye) vegetation communities on a flat/plain.\r\nThe Drill Bottom seed mix was comprised of Russian wildrye (Psathyrostachys junceus), Siberian wheatgrass (Agropyron fragile), Fourwing saltbush (Atriplex canescens), Indian ricegrass (Achnatherum hymenoides), and Sainfoin (Onobrychis viciifolia).\r\nThe Aerial Sage-grouse seed mix was comprised of Wyoming big sagebrush (Artemisia tridentata sbsp wyomingensis), Basin big sagebrush (Artemisia tridentata sbsp tridentata), and western yarrow (Achillea millefolium var occidentalis).\r\nDensity Results\r\n2020: The rehab objective of 1 native forb/m2, 0.3 native shrubs/m2, and 3 seeded species/m2 has not been met. No seeded species were observed but native regrowth of grasses was relatively robust.\r\n2021: The rehab objective as stated above have not been met. Seeded shrub and density increased but not enough to meet the objective. Native regrowth of grasses however decreased since 2020 but native regrowth of shrubs was relatively robust.\r\n2022: The rehabilitation objectives have not been met and have moved further away from meeting those objectives. No seeded shrubs were observed and seeded grasses decreased. Native regrowth of grasses increased very slightly but forbs and shrubs decreased significantly from 2021.\r\nAIM Data Results\r\nCover\r\n2020: Foliar canopy cover was very low at only 4.0% with all of the cover consisting of perennial grasses.\r\n2021: Foliar canopy cover remained very low at 4.7% and perennial grasses remained most dominant but annual grasses, annual forbs, and shrubs were included for the first time.\r\n2022: Foliar canopy cover increased significantly rising to 21.3%, however the large increase is almost entirely due to the increase in annual forbs (13.5%) across the plot. Perennial grasses were still present but the increase in annual forbs and annual grasses filling in the gaps is of concern for the health and rehabilitation ability of the plot.\r\nGaps and Erosion\r\n2020: Canopy gap was highest in the >200cm range at 38.8% of a transect line. Given the extremely low foliar cover this amount of gap is relatively low.\r\n2021: Ninety (90) percent of the transect lines are occupied by gaps in canopy cover, the majority of which is >200cm at 88.4% total. No rills or sheet erosion were observed, but an active gully, extensive pedestalling, water flow patterns, and deposition and runoff were observed.\r\n2022: Canopy gap decreased and the distribution of gap across each size class was more spread out across the size classes leaving gaps >200cm lower than in 2021 (59.1%) but still the most dominant of the gap sizes. No evidence of soil erosion was observed on the plot, an improvement from 2021\u2019s observations.\r\nSpecies Richness\r\n2021: Species richness was moderate with 20 individual species identified on the plot. This is an increase of 6 species since 2020 with annual forbs, perennial forbs, and shrubs increasing in their numbers of species observed.\r\n2022: Species richness was moderate with 19 individual species identified on the plot. This is only a decrease of 1 species since 2021 but annual forbs increased by one species while shrubs decreased by 2 species.\r\nRecommendations:\r\n2020: The ESR rehabilitation objectives of the aerial and drill seedings have not been fully met, and some of the treatments have not been completed. Perennial grasses show signs of some establishment beginning on the plot. There was a grazing closure issued for the Shafter fire area. It is advised that the fire area is reviewed and receive appropriate rest and grazing management so that seeded species may establish.\r\n2021: The ESR rehabilitation objectives of the aerial and drill seedings have not been fully met, even now that the treatments have been completed. The plot is showing improved signs of recovery but it is still recommended that closures continue to allow for the plots to receive appropriate rest to allow for seeded species to establish root systems and communities.\r\n2022: The ESR rehabilitation objectives of the aerial and drill seedings have not been fully met, a year after treatments have been completed. The plot is showing small signs of recovery but it is still recommended that closures continue to allow for the plots to receive appropriate rest to allow for seeded species to establish root systems and communities.\r\n\r\nS3 Aerial Sage Grouse Seeding\r\nAIM Plot 05 was correlated to the R028BY028NV Sodic Terrace 8-10\u201d P.Z. in former / Sacrobatus vermiculatus \u2013 Artemisia tridentata / Leymus cinereus (greasewood \u2013 big sagebrush / basin wildrye) vegetation community on a fan piedmont.\r\nThe Aerial Sage-grouse seed mix was comprised of Wyoming big sagebrush (Artemisia tridentata sbsp wyomingensis), Basin big sagebrush (Artemisia tridentata sbsp tridentata), and western yarrow (Achillea millefolium var occidentalis).\r\nDensity Results\r\n2020: The rehab objective of 1 native forb/m2 and 0.3 shrubs/m2 have not been fully met. No seeded species were observed though native regrowth of grasses were relatively abundant.\r\n2021: The rehab objective as stated above was still not met. Seeded shrub density increased but was still not significant enough to meet the threshold and seeded forbs were again not present. Native regrowth of grasses was lower than in 2020 but shrubs were relatively abundant at 1.42/m2. While not meeting the objectives the plot is making progress towards eventually meeting them.\r\n2022: The rehabilitation objective has still not been met. No seeded species were observed again. Native regrowth of grasses increased to 11.4/m2, the highest observed since monitoring began in 2020. However, native regrowth of shrubs and forbs both significantly decreased with no shrubs be present in the density frames.\r\nAIM Data Results\r\nCover\r\n2020: Foliar cover was moderately low at 26.7% with annual grasses being most dominant (16.0%) followed by perennial grasses (9.3%). Annual forbs were the only other indicator observed and was very low at 0.7% on the plot. Annual species outnumber their perennial counterparts and are slightly more dominant overall.\r\n2021: Foliar cover was moderately low and decreased by 6% since 2020 at 20.7%. Annual grasses and annual forbs are now co-dominant at 15.3% each while perennial grasses decreased by 4% to 5.3%. The continuing dominance of annuals on the plot is of concern.\r\n2022: Foliar cover increased significantly to 73.3% cover with annual grasses dominating at 2.0%, followed by perennial grasses (23.5%), and annual forbs (9.0%). Perennial forbs were observed for the first time though only at 0.5% cover. The annual species cover is still much higher than that of the perennial species and the continually drastically increasing cover of annual grass is very concerning for the health and rehabilitation of the plot.\r\nGaps and Erosion\r\n2020: Gaps were low and nearly equally distributed across the different size ranges.\r\n2021: Gaps increased from 2020\u2019s observations, dominated by gaps >200cm at 54.9% total. While decreases in gaps could be a positive sign for soil stability the high presence of annual species on the plot indicate that the overall health of the plot is low.\r\n2022: Gaps redistributed quite significantly since 2021. Much of the gaps that were in the >200cm size class appear to have been broken up into the smaller size ranges. Again, while filling in larger gaps can be a good sign of soil stability and increased plot health, the extremely high presence of annual grass is of great concern for the future health of the plot.\r\nSpecies Richness\r\n2020: Species richness was moderate at 18 individual species identified on the plot. Annual forbs and grasses outnumber their perennial counterparts.\r\n2021: Species richness was moderate at 22 individual species identified on the plot. The number of perennial forbs and perennial grasses increased and now outnumber their annual counterparts.\r\n2022: Species richness was moderately high at 25 individual species identified. Annual and perennial forbs had increases while perennial grasses lost two species. Despite these changes perennial species do still outnumber their annual counterparts.\r\nRecommendations\r\n2020: The ESR rehabilitation objectives of the aerial have not been fully met, although not all treatment was completed. Some seeded species have been observed and recovery of perennial species is apparent. There was a grazing closure issued for the Shafter fire area. It is advised that the fire area is reviewed and receive appropriate rest and grazing management so that seeded species may establish.\r\n2021: The ESR rehabilitation objectives of the aerial been fully met, even now that the treatments have been completed. Plots are showing signs of recovery but it is still recommended that closures continue to allow for the plots to receive appropriate rest to allow for seeded species to establish root systems and communities.\r\n2022: The ESR rehabilitation objectives of the aerial and drill seedings have not been met, even now that the treatments have been completed and given at least a year to establish. The plot is showing minimal signs of recovery but particularly with the greatly increasing coverage by annual species observed, it is still recommended that closures continue to allow for the plots to receive appropriate rest to allow for seeded species to establish root systems and communities.",Polygon,Confirmed,Digitized by LTDL data entry personnel using a confirmed map,,325.26,325.26,,Unknown,"Cover for wildlife, Erosion, Establishment of seeded species, Forage for wildlife, Forage quality, Habitat for antelope, Habitat for elk, Habitat for greater sage grouse, Habitat for mule deer, Habitat for sage grouse, Habitat for wildlife, Habitat productivity, Habitat quality, Invasion by cheatgrass, Invasion by non-native annuals, Invasive species, Livestock in treated area, Loss of desirable species, Loss of native vegetation, Loss of perennials, Loss of vegetation, Nesting bird species, Noxious weeds, Unprotected treatment area, Vegetal cover, Wildlife in treated area",To support GRSG lekking habitat.,,,,,"** R3 Aerial seeding not applied yet. Monitoring plots are pre-treatment.\r\nThe aerial seeding on this portion of the fire will not be completed until later in 2020 or early in 2021.\r\n\r\nPlanned cost $13/ acre\r\nseed cost: $8,471.83",39:45:00
Model 26,Central Basin and Range,Post-burn aerial seeding,54897,21378,Implemented,Not Completed,1,12/21/2020,3/21/2021,Acres,2032,Seeding,Aerial Seeding,Aerial Seeding,-1,Planned seed list,Low Elevation 2020 Mix,Seeds,Plan,Unknown,Species Specific,,Objective: For the purposes of biotic integrity establish native forbs to 1 per square meter density in post-fire monitoring within 2-4 years. For the purposes of biotic integrity establish native shrubs to 0.3 per square meter density in post-fire monitoring within 3-4 years.,"In winter 2020/2021, aerial seed approximately 2,432 acres of public lands (treated with imazapic) with forbs and shrub species:\r\n\r\nAerial Low Elevation Mix -Aerially seed approximately 2,117 acres with Wyoming big sagebrush, Basin big sagebrush, Forage kochia, and Western yarrow to support mule deer winter range.",,,Polygon,Confirmed,Digitized by LTDL data entry personnel using a confirmed map,3/20/2024,2183.2,2169.98,,Unknown,"Cover for wildlife, Erosion, Establishment of seeded species, Forage for wildlife, Forage quality, Habitat for antelope, Habitat for elk, Habitat for greater sage grouse, Habitat for mule deer, Habitat for sage grouse, Habitat for wildlife, Habitat productivity, Habitat quality, Invasion by cheatgrass, Invasion by non-native annuals, Invasive species, Livestock in treated area, Loss of desirable species, Loss of native vegetation, Loss of perennials, Loss of vegetation, Nesting bird species, Noxious weeds, Unprotected treatment area, Vegetal cover, Wildlife in treated area",To support mule deer winter range.,,,,,"Planned cost $13/ acre\r\nPlanned seed cost 53,155.12\r\n\r\n** R3 Aerial seeding not applied yet.\r\nThe aerial seeding on this portion of the fire will not be completed until later in 2020 or early in 2021.",17:18:00
Model 26,Central Basin and Range,Post-burn aerial seeding,57473,21990,Implemented,See Comments,2,2/21/2019,2/21/2019,Acres,444,Seeding,Aerial Seeding,Aerial Seeding,-1,Confirmed seed list,Wildlife Mix,Seeds,Confirmed on Paper,,Species Specific,,"The objective of the aerial seeding treatment is to revegetate the burned area with a well-adapted species mix that provides forage and will promote structural and species diversity within the burned area. Objectives will be considered met for the Aerial Seed Mix if 0.3 native shrubs, 3 native grasses, and 1 native forb per square meters are found in post-fire monitoring within 2-5 years.","Aerial seed approximately 887 acres with an every other swath coverage pattern (444 acres actually seeded) on the Emigrant Fire where topography does not allow for drill seeding and higher elevations make success more likely. Seed mix would be comprised of Wyoming big sagebrush, bluebunch wheatgrass, Sandberg's bluegrass, Lewis flax and Western yarrow. GRSG use this area and the main focus of the treatment is to reestablish the burned sagebrush habitat with the appropriate cover and structure to support GRSG habitat objectives.","Aerial Wildlife Mix Applied: ARTRW8, PSSPS, POSE, ACMIO; Every other swath coverage\r\nDates and treatment confirmed by Range Improvement Report.","S3 Aerial Seeding\r\n2020 Density Results:\r\nDensity: The seed mix was comprised of Wyoming big sagebrush (Artemesia tridentata sbsp wyomingensis), bluebunch wheatgrass (Pseudoroegneria spicata), Sandbergs bluegrass (Poa secunda), and western yarrow (Achillea millefolium. The rehab objective of 0.3 native shrubs, 1 native forb, and 3 native grasses per square meter has not been met for seeded species. No seeded species were observed within the density frames. Most of the grass regrowth was composed of Sandbergs bluegrass although there were some observations of recovered Idaho fescue made as well.\r\nS3 Aerial Seeding\r\n2020AIM Data Results:\r\nCover: Average foliar canopy cover was moderately high (62.0%) in part due to the high cover (25.3%) of Sandberg bluegrass (Poa secunda), followed by Douglas\u2019 sedge (Carex douglasii) at 18.7% cover. Cheatgrass (Bromus tectorum) was present on the site but only at 2.7% foliar cover. Other perennial species such as basin wildrye (Leymus cinereus), squirreltail (Elymus elymoides), and silvery lupine (Lupinus argenteus) also appear to be recovering. Annual forbs curveseed butterwort (Ceratocephala testiculata) and tall annual willowherb (Epilobium brachycarpum) occurred on the site but were found in relatively low amounts through LPI, with 2.0% and 0.7% foliar cover, respectively.\r\nGaps and Erosion\r\nEmigrant AIM Plot 01 is located in a Rangeland Loamy 12-14\u201d P.Z. in a former / Artemisia tridentata sbsp. tridentata / Festuca idahoensis ( / basin big sagebrush / Idaho fescue) vegetation community on a hill backslope. Soils were determined to be 993 - Eboda-Quarz-Lancon association (Eboda).\r\nApproximately 24% of the transects had canopy gaps. The most frequently occurring gaps were 25-50 centimeters in length and these occupied only 3.4 average meters (13.6%) of the 25 meter transects. Although, it is noteworthy that annual grasses and forbs were included as canopy. Minimal pedestalling, very short water flow patterns, and common deposition and runoff were observed on the plot. These conditions are a slight departure from what would be considered normal erosion indicators (or lack thereof) on the R025XY027NV ecological site. The slope of the plot was assessed at around 9%. Based on this data, there appears to be some risk for wind and water erosion at the site.\r\nSpecies Richness: Thirty-two (32) different plant species were observed within the 2,827.4 square meter monitoring plot.\r\n2020 Recommendations:\r\nThe ESR rehabilitation objectives of the aerial seeding have not been fully met. There was an allotment agreement issued for the Emigrant Spring and Pine Mountains allotments. The agreement objective of three perennial grasses per square meter has been met (primarily through Sandberg\u2019s bluegrass) but it is advised that the area receive appropriate rest and grazing management so that seeded species may establish.",Polygon,Confirmed,Digitized by LTDL data entry personnel using a confirmed map,3/31/2021,894.32,894.06,,Unknown,"Cover for wildlife, Establishment of seeded species, Habitat for greater sage grouse, Habitat quality, Habitat for wildlife, Loss of desirable species, Loss of sagebrush, Vegetal cover",GRSG use this area and the main focus of the treatment is to reestablish the burned sagebrush habitat with the appropriate cover and structure to support GRSG habitat objectives.,,,,,Discrepancy in acreage due to the aerial seeding being completed with an every other swath pattern.\r\n\r\nThe aerial mix in the 2020 Density results is different than the seed list found in the DNA report and the beginning of the 2020 Monitoring Report. The former excludes Linum lewisii. Since the seed list is from a planning document it has been assumed that it was not updated in the Monitoring report.,36:10:00
Model 26,Central Basin and Range,Post-burn aerial seeding,57553,22004,Implemented,Successful,1,10/1/2019,12/1/2019,Acres,489,Seeding,Aerial Seeding,Aerial Seeding,-1,Planned seed list,Aerial Seed Chaining,Seeds,Plan,Unknown,Species Specific,"This treatment is only a portion of the planned aerial seeding. Bulk/acre and PLS/Acre auto calculated using treatment acres, rather than planned.","The objective of the aerial seeding treatment is to revegetate the burned area with a well-adapted species mix that provides forage and will promote structural and species diversity within the burned area. Objectives will be considered met for the aerial seed mix if 1 seeded native forb, 3 seeded native grasses, 0.3 seeded shrubs, and 1 seeded non-native shrubs are observed within five years in post-fire monitoring.","Aerially seed approximately 1,818 acres of Indian ricegrass, bottlebrush squirreltail, blue flax, Rocky Mountain penstemon, small burnet and Wyoming big sagebrush. This treatment will be completed in the fall/winter of 2019 after the area has laid fallow for a year following an Imazapic treatment in the fall of 2018","Aerial seeding completed, in part, verified by As Built Map.\r\nMonitoring Report suggests that aerial seeding was completed by 2021, but does not mention the seedings being done in portions nor that the total acres were less than planned.","Recommendations:\r\nThe ESR rehabilitation objectives of the aerial seeding have not been met. Closures were issued for the Snow Water Lake allotment, Pasture C which contains points Echo 01, Echo 01A, and Echo 01B. Since none of those plots have reached their objectives it is recommended that the closure remain in place so that the area may receive proper rest so that seeded species may establish. No closures were issued surrounding the Echo 02, Echo 02A, and Echo 02B plots so further monitoring is advised so that proper rest and grazing management can be implemented to allow for seed plants to establish.\r\nDensity Results:\r\n2021: The rehab objective of 1 seeded native forb, 3 seeded native grasses, 0.3 seeded shrubs, and 1 seeded non-native shrubs have not been met. Echo 01 was the only plot to meet any of the objectives with the seeded grass Indian ricegrass at 3.75/m2.\r\nAIM Data Results:\r\nCover\r\n2021: Average foliar cover was moderately low (32.78%). The plot was dominated by perennial grasses (18.89) with low amounts of cheatgrass (2.67%). Indian ricegrass (39.16%) and Crested wheatgrass (Agropyron cristatum) (43.37) dominated the perennial grasses.\r\nGaps and Erosion\r\n2021: The most frequently occurring gaps were 101-200cm comprising of an average 25.09% of gaps observed on plot. The 3 other ranges spanned 13-18% of the coverage so overall there was a large amount of gap which correlates appropriately with the moderately low amount of foliar cover observed on plot.\r\nNo data was collected about signs of erosion present on site.\r\nSpecies Richness\r\n2021: Species richness was moderately high for each plot. Perennials out-number annuals.",Polygon,Confirmed,Digitized by LTDL data entry personnel using a confirmed map,3/27/2024,574.5,560.24,Treatment acres lower than feature acres.,BLM,"Cover for wildlife, Forage for wildlife, Habitat for mule deer, Habitat for Habitat for elk, Habitat for wildlife, Habitat quality, Loss of desirable species, Loss of sagebrush, Vegetal cover","Establishment of the seeded species would stabilize soils and help protect CVSD habitat, reduce establishment of invasive weeds, such as cheatgrass, and meet GRSG and seasonal mule deer, pronghorn and elk forage and cover requirements.",,,,,Planned Cost and Seed list shared with related aerial seeding treatment.,08:20:00
Model 26,Central Basin and Range,Post-burn aerial seeding,57575,22013,Implemented,See Comments,2,2/11/2018,2/21/2019,Acres,115,Seeding,Aerial Seeding,Aerial Seeding,-1,Confirmed seed list,Aerial Lek,Seeds,Confirmed on Paper,,Species Specific,,The objective of the aerial seeding treatment is to revegetate the burned area with a well-adapted species mix that provides forage and will promote structural and species diversity within the burned area. Objectives will be considered met for the Aerial Seed Mix if 0.3 native shrubs and 1 native forb per square meters are found in post-fire monitoring within 3-5 years and 3 native grasses are found in post-fire monitoring within 2-5 years.,"Winter 2018/2019: Aerial Lek Mix Aerial seed approximately 126 acres associated with a lek with low sagebrush, bluebunch wheatgrass, Rocky Mountain penstemon and Western yarrow.","Aerial Seeding Completed, verified by RIPs Report, As Built Map, and Job Documentation Report. \r\n\r\nFrom Monitoring Report: \r\nAerial Lek Mix Applied: ARAR8, ACMIO, PSSPS, POSE, PEST; Full coverage\r\nResults:\r\nThe Lek seed mix was comprised of low\r\nsagebrush (Artemisia arbuscula), bluebunch wheatgrass (Pseudoroegneria spicata), Sandbergs\r\nbluegrass (Poa secunda), Penstemon (Penstemon spp.), and western yarrow (Achillea\r\nmillefolium).","The rehab objective of 0.3 native shrubs, 1 native forb, and 3 native grasses per\r\nsquare meter has not been met for seeded species. No seeded species were observed within the\r\ndensity frames of both plots, although seeded low sagebrush, western yarrow and bluebunch\r\nwheatgrass were observed in Plot 02. Most of the grass regrowth was composed of Sandbergs\r\nbluegrass although there were some observations of recovered Idaho fescue (Festuca idahoensis)\r\nand bottlebrush squirreltail (Elymus elymoides) made as well.\r\nS3 Aerial Seeding\r\n2020 AIM Data Results:\r\nCover: Average foliar canopy cover was moderately high (56.7%) in part due to the cover\r\n(23.7%) of cheatgrass (Bromus tectorum), followed by Sandbergs bluegrass (Poa secunda) at\r\n14.7% cover. Next highest foliar cover was derived from numerous annual species such as\r\ntarweed (Madia gracilis), tall annual willowherb (Epilobium brachycarpum), and desert\r\nmadwort (Alyssum desertorum), although the occurred in relatively small amounts on the plots,\r\nwith cover ranging from 4.3% to 5.3% average cover. Perennial grasses and forbs had lower\r\ncombined cover on the plots than did annual grasses and forbs, 8.9% compared to 15.6% cover,\r\nrespectively.\r\nGaps and Erosion\r\nCounty Line AIM Plot 02 is located in a Rangeland Loamy 12-14\u201d P.Z. site in a former /\r\nArtemisia tridentata sbsp tridentata / Festuca idahoensis ( / basin big sagebrush / Idaho fescue)\r\nvegetation community on an alluvial fan. Soils were determined to be 1880-Chen-Arcia-\r\nCleavage association (Lerrow).\r\nApproximately 16.5% of the transects had canopy gaps. The most frequently occurring gaps\r\nwere 25-50 centimeters in length and these occupied only 2.9 average meters (11.7%) of the 25\r\nmeter transects. Although, it is noteworthy that annual grasses and forbs were included as\r\ncanopy. No rills, gullies, deposition/runoff, water flow patterns, or sheet erosion were\r\nobserved on AIM Plot 02, although some pedestalling was obse1ved. The pedestalling is only a\r\nve1y slight departure from expected conditions for the R025XY027NV site. The slope of AIM\r\nPlot 02 was estimated to be 5%, posing minimal risk for increased wind and water erosion. \r\nSpecies Richness: An average of thirty-four (34) different plant species were obse1ved within the\r\ntwo 2,827.4 square meter monitoring plots, with twenty-two (22) species obse1ved on AIM Plot\r\n01 and forty-six (46) species obse1ved on AIM Plot 02.\r\n2020 Recommendations:\r\nThe ESR rehabilitation objectives of the aerial seeding have not been fully met. There was an\r\nallotment agreement issued for the Pine Mountains allotment. The agreement objective of three\r\nperennial grasses per square meter has been met (primarily through Sandbergs bluegrass) but it is\r\nadvised that the area receive appropriate rest and grazing management so that seeded species\r\nmay establish.",Polygon,Confirmed,Digitized by LTDL data entry personnel using a confirmed map,4/7/2021,123.19,123.19,,Unknown,"Cover for wildlife, Establishment of seeded species, Forage for wildlife, Habitat for greater sage grouse, Habitat quality, Loss of desirable species, Sagebrush","The main focus of the treatment is to reestablish the burned summer, winter and nesting sagebrush habitat with the appropriate cover and structure to support GRSG habitat objectives.",,,,,Cost/acre $102.29\r\n\r\nTwo different seed lists are found in the 2020 Monitoring Report. The seed list in the Monitoring Results was used. It was not possible to enter generic Penstemon spp so an educated guess was made for the species of Penstemon.,52:51:00
Model 26,Central Basin and Range,Post-burn aerial seeding,57584,22013,Implemented,See Comments,1,10/1/2018,9/30/2019,Acres,4945,Seeding,Aerial Seeding,Aerial Seeding,-1,Confirmed seed list,Aerial PHMA Mix,Seeds,Confirmed on Paper,,Species Specific,,The objective of the aerial seeding treatment is to revegetate the burned area with a well-adapted species mix that provides forage and will promote structural and species diversity within the burned area. Objectives will be considered met for the Aerial Seed Mix if 0.3 native shrubs and 1 native forb per square meters are found in post-fire monitoring within 3-5 years and 3 native grasses are found in post-fire monitoring within 2-5 years.,"Winter 2018/2019: Aerial PHMA Mix\r\nAerial seed approximately 5,323 acres with a full coverage pattern in PHMA for GRSG where\r\ntopography does not allow for drill seeding. Seed mix will be comprised of Wyoming and basin\r\nbig sagebrush, bluebunch wheatgrass, blue flax and Western yarrow.","Aerial Seeding Completed, verified by RIPs Report, As Built Map, and Job Documentation Report. \r\n\r\nFrom Monitoring Report:\r\nAerial PHMA Mix Applied: ACMIO, ARTRT, LIPE2, POSE, PSSPS, ARTRW8; Full coverage\r\n\r\nThe PHMA seed mix was comprised of Basin big sagebrush (Artemisia tridentata sbsp tridentata), Wyoming big sagebrush (Artemesia tridentata sbsp wyomingensis), bluebunch wheatgrass (Pseudoroegneria spicata), Sandbergs bluegrass (Poa secunda), western yarrow \n(Achillea millefolium), and blue flax (Linum perenne).","2020 Density Results:\r\nThe rehab objective of 0.3 native shrubs, 1 native forb, and 3 native grasses per square meter has not been met for seeded species. No seeded species were observed within the density frames of both plots, although seeded low sagebrush, western yarrow and bluebunch wheatgrass were observed in Plot 02. Most of the grass regrowth was composed of Sandbergs bluegrass although there were some observations of recovered Idaho fescue (Festuca idahoensis) and bottlebrush squirreltail (Elymus elymoides) made as well.\r\nS3 Aerial Seeding\r\n2020 AIM Data Results:\r\nCover: Average foliar canopy cover was moderately high (56.7%) in part due to the cover\r\n(23.7%) of cheatgrass (Bromus tectorum), followed by Sandbergs bluegrass (Poa secunda) at\r\n14.7% cover. Next highest foliar cover was derived from numerous annual species such as\r\ntarweed (Madia gracilis), tall annual willowherb (Epilobium brachycarpum), and desert\r\nmadwort (Alyssum desertorum), although the occurred in relatively small amounts on the plots,\r\nwith cover ranging from 4.3% to 5.3% average cover. Perennial grasses and forbs had lower\r\ncombined cover on the plots than did annual grasses and forbs, 8.9% compared to 15.6% cover,\r\nrespectively.\r\nGaps and Erosion\r\nCounty Line AIM Plot 01 is located in a Rangeland South Slope 12-14\u201d P.Z. site in a former /\r\nArtemisia tridentata sbsp. vaseyana \u2013 Purshia tridentata / Pseudoroegneria spicata ( /\r\nmountain big sagebrush \u2013 antelope bitterbrush / bluebunch wheatgrass) vegetation community on\r\na hill backslope. Soils were determined to be 574 \u2013 Sumine-Cleavage-Cleavage very cobbly\r\nassociation (Sumine).\r\nApproximately 16.5% of the transects had canopy gaps. The most frequently occurring gaps\r\nwere 25-50 centimeters in length and these occupied only 2.9 average meters (11.7%) of the 25\r\nmeter transects. Although, it is noteworthy that annual grasses and forbs were included as\r\ncanopy. No rills, gullies, or sheet erosion were observed on AIM Plot 01, although common\r\npedestalling, rare deposition/runoff, and moderately long water flow patterns were obse1ved.\r\nThese are a slight departure of expected conditions on the R025XY009NV site. The slope on\r\nAIM Plot 01 was estimated to be 32%, which could contribute most to the erosion indications\r\nfound on site.\r\nSpecies Richness: An average of thirty-four (34) different plant species were obse1ved within the\r\ntwo 2,827.4 square meter monitoring plots, with twenty-two (22) species obse1ved on AIM Plot\r\n01 and forty-six (46) species obse1ved on AIM Plot 02.\r\n2020 Recommendations:\r\nThe ESR rehabilitation objectives of the aerial seeding have not been fully met. There was an\r\nallotment agreement issued for the Pine Mountains allotment. The agreement objective of three\r\nperennial grasses per square meter has been met (primarily through Sandbergs bluegrass) but it is\r\nadvised that the area receive appropriate rest and grazing management so that seeded species\r\nmay establish.",Polygon,Confirmed,Digitized by LTDL data entry personnel using a confirmed map,4/7/2021,4999.96,4959.55,,Unknown,"Establishment of seeded species, Forage for wildlife,, Forage quality, Habitat for antelope, Habitat for mule deer, Habitat for sage grouse, Habitat for wildlife, Habitat quality, Loss of desirable species, Loss of sagebrush, Noxious weeds","Establishment of these species would stabilize soils, provide competition against noxious and invasive weeds, and meet GRSG and seasonal mule deer and pronghorn habitat requirements.",,,,,"$102.29 per acre\r\n\r\nSpecies are confirmed in the 2020 Monitoring report. The bulk lbs., PLS, total cost, etc. are from the planned seed list.",14:54:00
Model 26,Central Basin and Range,Post-burn aerial seeding,57586,22014,Implemented,See Comments,2,3/25/2018,3/25/2018,Acres,1000,Seeding,Aerial Seeding,Aerial Seeding,-1,Confirmed seed list,Aerial Mountain Sage,Seeds,Confirmed on Paper,Unknown,Species Specific,,Objective: The cover objectives are to obtain 50% of all perennial plant cover found in the associated reference \r\nsite by the end of the third year. Density objectives are to obtain an average of 0.25 seeded species firmly rooted \r\nper square meter by the end of the third year from fire containment.,"The BLM proposes to aerial seed a total of 2,755 acres of land managed by BLM that was \r\nburned by the Limerick Fire. Seeding would occur in the December 2017 or January 2018. Three \r\nseed mixes would be used in different areas.","R3: Aerially seed a total of 2,700 acres with two mixes. \r\n1) Aerially seed 1000 acres of mountain sagebrush \r\nseed mix\r\n2) Aerially seed 1,700 acres with Wyoming \r\nsagebrush seed mix.","2020 was a difficult year due to the coronavirus and most notably the season started later than \r\nusual. This could show itself as an incorrect perennial species count due to many drying out \r\nbefore June when monitoring began.\r\nAfter the third year of treatments, monitoring results show that all five of the plots have \r\nmet their plant density objectives, and all but one plot failed the ESR perennial objective. Natural \r\nrecovery has excelled compared to the seeding aspect. Unfortunately, the perennial count was \r\ninfluenced by the dead and burnt sagebrush and Utah juniper found during LPI. As a common \r\ntrend, the plots that were lower and close to roads had a higher amount of annual invasive grass. \r\nT108 was a slight exception with a strong perennial population and a diverse annual presence. \r\nThis fire will continue to develop with reestablishing shrubs and grasses contending with \r\ncheatgrass being present.",Polygon,Confirmed,Digitized by LTDL data entry personnel using a confirmed map,4/7/2021,994.79,975.72,,Contractor,"Erosion, Establishment of seeded species, Habitat for wildlife, Invasive species, Noxious weeds","Without treatment the burned areas are increasingly susceptible to exotic annual dominance; this would jeopardize \r\nthe Greater Sage-Grouse, mule deer herds and other wildlife that depend on this area year-round and especially in \r\nthe winter months. Seeding occurred on sites that do not have the likelihood of naturally recovering from the fire. \r\nAreas were seeded with perennial species to reduce the dominance of Bromus tectorum.",,,,,,44:51:00
Model 26,Central Basin and Range,Post-burn aerial seeding,57587,22014,Implemented,See Comments,2,3/25/2018,3/25/2018,Acres,1700,Seeding,Aerial Seeding,Aerial Seeding,-1,Confirmed seed list,Wyoming Sage Mix,Seeds,Confirmed on Paper,Unknown,Species Specific,,Objective: The cover objectives are to obtain 50% of all perennial plant cover found in the associated reference \r\nsite by the end of the third year. Density objectives are to obtain an average of 0.25 seeded species firmly rooted \r\nper square meter by the end of the third year from fire containment.,"The BLM proposes to aerial seed a total of 2,755 acres of land managed by BLM that was \r\nburned by the Limerick Fire. Seeding would occur in the December 2017 or January 2018. Three \r\nseed mixes would be used in different areas.","R3: Aerially seed a total of 2,700 acres with two mixes. \r\n1) Aerially seed 1000 acres of mountain sagebrush \r\nseed mix\r\n2) Aerially seed 1,700 acres with Wyoming \r\nsagebrush seed mix.","2020 was a difficult year due to the coronavirus and most notably the season started later than \r\nusual. This could show itself as an incorrect perennial species count due to many drying out \r\nbefore June when monitoring began.\r\nAfter the third year of treatments, monitoring results show that all five of the plots have \r\nmet their plant density objectives, and all but one plot failed the ESR perennial objective. Natural \r\nrecovery has excelled compared to the seeding aspect. Unfortunately, the perennial count was \r\ninfluenced by the dead and burnt sagebrush and Utah juniper found during LPI. As a common \r\ntrend, the plots that were lower and close to roads had a higher amount of annual invasive grass. \r\nT108 was a slight exception with a strong perennial population and a diverse annual presence. \r\nThis fire will continue to develop with reestablishing shrubs and grasses contending with \r\ncheatgrass being present.",Polygon,Confirmed,Digitized by LTDL data entry personnel using a confirmed map,4/7/2021,1297.55,1283.12,,Contractor,"Erosion, Establishment of seeded species, Habitat for greater sage grouse, Habitat for mule deer, Invasive species, Noxious weeds","Without treatment the burned areas are increasingly susceptible to exotic annual dominance; this would jeopardize \r\nthe Greater Sage-Grouse, mule deer herds and other wildlife that depend on this area year-round and especially in \r\nthe winter months. Seeding occurred on sites that do not have the likelihood of naturally recovering from the fire. \r\nAreas were seeded with perennial species to reduce the dominance of Bromus tectorum.",,,,,,46:05:00
Model 26,Central Basin and Range,Post-burn aerial seeding,57661,22032,Implemented,See Comments,2,3/13/2018,3/24/2018,Acres,1500,Seeding,Aerial Seeding,Aerial Seeding,-1,Confirmed seed list,Aerial Mix,Seeds,Confirmed on Paper,Unknown,Species Specific,,Objective: The cover objectives are to obtain 50% of all perennial plant cover found in the associated reference site by \r\nthe end of the third year. Density objectives are to obtain an average of 0.25 seeded species firmly rooted per square meter \r\nby the end of the third year from fire containment.,"A total of 1,500 acres would be aerially seeded approximately \r\n1500 acres of mountain sagebrush (Artemisia tridentata \r\nvaseyana) seed mix.","A total of 1,500 acres would be aerially seeded approximately \r\n1500 acres of mountain sagebrush (Artemisia tridentata \r\nvaseyana) seed mix.","After the third year after treatments, monitoring results show mixed results across the MM155 \r\nfire. Of the two plots that were sprayed with herbicide and drill seeded, one showed perennial \r\nrecovery and the other did not. This could be due to the presence of perennial plants pre-burn \r\nthat were able to use the exposed bare ground. None of the lower seedings were successful even\r\nwith Sanburg bluegrass. The higher seeding area was more diversified, but the sagebrush seeding \r\nwas ineffective. This fire is changing with bare ground still present after the herbicide, but with \r\nthe predicted dryness we will see what direction it takes.",Polygon,Confirmed,Digitized by LTDL data entry personnel using a confirmed map,4/12/2021,1519.76,1508.95,,Contractor,"Erosion, Establishment of seeded species, Invasion by cheatgrass, Noxious weeds","Without treatment the burned areas are increasingly susceptible to exotic annual dominance; this would jeopardize the \r\nGreater Sage-Grouse, mule deer herds and other wildlife that depend on this area year-round and especially in the winter \r\nmonths. Seeding occurred on sites that do not have the likelihood of naturally recovering from the fire. Areas were seeded \r\nwith perennial species to reduce the dominance of Bromus tectorum.",,,,,,42:55:00
Model 26,Central Basin and Range,Post-burn aerial seeding,58481,22180,Implemented,See Comments,2,10/19/2019,10/23/2019,Acres,3419,Seeding,Aerial Seeding,Aerial Seeding: Fixed Wing,-1,Planned seed list,Lower Seed Mix,Seeds,Plan,Unknown,Species Specific,,Desirable species at 30% relative frequency within 5 years following the fire.,,The Goose Point Fire was aerially seeded through a WRI contract by Hammond Helicopter using a fixed wing plane on 10/19-23/19 at a cost of $3.84/ac. Seed was mixed in Ephraim and hauled to the site by Mark Farmer\u2019s DWR technicians.,"Due to contract issues no AIM (Assessment, Inventory, and Monitoring) plots were established on the Goose Point ESR project area in 2020. The establishment of an AIM site(s) will take place in 2021, this will be in the lower drill mix. A frequency/density transect was established in the upper aerial mix seeded area on 10/15/2020 to monitor differences in recovery of the two seed mixes.\r\nThe ESR aerial seeding treatment on the Goose Point shows good results in the first growing season following the fire. Relative frequency of perennials is already meeting the targeted 25% relative frequency objective. Total relative frequency of perennials was 71.48% at the monitored site for the upper aerial seed mix. Two study sites (i.e., one in the upper and one in the lower aerial seeding treatment areas) will be monitored next year with relative frequency to evaluate results from both the lower and upper seed mixes.\r\nDue to late season data collection identification was more difficult due to early senescence. This could lead to a higher percentage perennial relative frequency. No noxious weeds were observed in the treatment area during monitoring. Monitoring was completed on 10/15/2020.",Polygon,Confirmed,Digitized by LTDL data entry personnel using a confirmed map,5/18/2021,3493.98,3395.44,,Contractor,"Erosion, Establishment of seeded species, Invasion by cheatgrass, Noxious weeds, Loss of desirable species, Loss of native species, Loss of perennials, Loss of native vegetation, Loss of sagebrush, Loss of vegetation, Vegetal cover","The Goose Point Fire exposed soils on thousands of burned acres; which presents threats of wind erosion, flooding, channel cutting, and sediment deposition. Without seeding, the density and overall presence of cheatgrass would increase in this burned area, and the further invasion and proliferation of the noxious squarrose knapweed would also be a concern.",,,,,,50:48:00
Model 26,Central Basin and Range,Post-burn aerial seeding,61762,22795,Implemented,See Comments,2,11/2/2020,11/2/2020,Acres,2401,Seeding,Aerial Seeding,Aerial Seeding,-1,Confirmed seed list,ES Aerial Mix,Seeds,Confirmed on Paper,Unknown,Overall,"There was only a general rate listed for all species combined indicated here, specific rates for each species were not possible.","For purpose of biotic integrity, establish desirable species at an average of 3 perennial plants per square meter within 3 years. For purpose of soil and site stability establish desirable species at 20-40 percent cover seeded across the seeded area within 2 years.",,FY19- Seed was purchased for the aerial seeding\r\nFY20- The contract was awarded but the treatment will not happen until FY 21\r\nFY21- The contract happened with the highlands that fell under ES being seeded every other pass.,"FY 2020:\r\nDiscussion: Battle Mountain District personnel utilized ArcGIS\u2019s random point generator to randomly create seven monitoring sites within the fire, all of these were within the proposed drill seed area (See Table 1 for plot information). Each monitoring site was within a different soil Map Unit from the United States Department of Agriculture\u2019s Websoil Survey and all seven of the soil types found within the fire were looked at. The results of these monitoring sites that were visited are shown in Table 2 and 3. Monitoring data recorded included vegetation density and cover using photo points, quadrat density counts, line-point intercept, canopy gap, and perennial basal gap monitoring methods as described in: Monitoring Manual for Grassland, Shrubland and Savanna Ecosystems, Volume 1: Quick Start, Herrick et al, 2005, p36. Paced density quadrat count methods (developed by Elko BLM staff and advised by Rangeland Monitoring in Western Uplands, George Ruyle et al., University of Arizona, College of Agriculture and Life Sciences, 2006, p 16) were also used to establish number and type of plants per meter squared. At the time of plot establishment, no seeding had happened on the fire. Seeding didn\u2019t happen because the site was sprayed for cheatgrass in March of 2020, the rest of that summer was a rest year to allow the chemical to have an impact on the fire, and to allow the chemical residual to degrade enough not to effect the seeded species, and then waiting for the ideal time of year for seed to be placed on/in the ground.\r\nResults: See tables below for a summary of the data found. Since this was the first year of the monitoring there is no data to compare trends with, but this fire has not meet objectives yet.\r\nRecommendations: Continue to monitor the fire.\r\nFY 2021:\r\nDiscussion: Only four plots were monitored due to lack of funding. Fire averages will be slightly different, but trends of vegetation are explained below.\r\nResults: For density, data showed that almost all species decreased in density except for perennial grass density in Plot 7 that increased. In higher elevation plots, perennial shrub and grass cover increased, forbs slightly decreased, and annual species decreased significantly. In mid-elevation sites, perennial grass cover also increased as perennial shrubs and forbs remained about the same. Still no annuals grasses or forbs within these areas. At low elevation sites, perennial grasses slightly decreased, annual grasses increased, and annual forbs decreased. Overall, density of plants has decreased, but cover of perennial grasses has slightly increased.\r\nRecommendations: Continue to monitor to confirm trend, especially if the area receives more precipitation this year.\r\nFY 2022:\r\nDiscussion: Only three plots were monitored due to changes in monitoring plots every two years from previous funding deficiencies. Fire averages will be slightly different, but trends of vegetation are explained below.\r\nResults:\r\nRecommendations: Continue to monitor to confirm trend, especially if the area receives more precipitation this year.",Polygon,Confirmed,Digitized by LTDL data entry personnel using a confirmed map,3/17/2022,2224.72,2224.72,,Contractor,"Erosion, Establishment of seeded species, Invasive species","Burn area rehabilitation efforts will focus on treating invasive plants and re-vegetating native grasses, forbs, and shrubs in the lowlands to enhance ecological diversity and to re-establish vegetation on and around the area. Seeding will reduce the extent of invasive exotic plants within the area.",,,,,,00:56:00
Model 26,Central Basin and Range,Post-burn aerial seeding,61764,22795,Implemented,See Comments,2,11/3/2020,11/3/2020,Acres,3897,Seeding,Aerial Seeding,Aerial Seeding,-1,Confirmed seed list,BAR Aerial Seed Mix,Seeds,Confirmed on Paper,Unknown,Overall,"There was only a general rate listed for all species combined indicated here, specific rates for each species were not possible.",Objectives: For the purposes of biotic integrity increase overall natives by 3 per square meter number of individuals 3 plants per square meter for 5 years.,,FY20- Seed was bought and the contract was awarded\r\nFY21- The lower area of the fire which fell under BAR was seeded every third pass,"FY 2020:\r\nDiscussion: Battle Mountain District personnel utilized ArcGIS\u2019s random point generator to randomly create seven monitoring sites within the fire, all of these were within the proposed drill seed area (See Table 1 for plot information). Each monitoring site was within a different soil Map Unit from the United States Department of Agriculture\u2019s Websoil Survey and all seven of the soil types found within the fire were looked at. The results of these monitoring sites that were visited are shown in Table 2 and 3. Monitoring data recorded included vegetation density and cover using photo points, quadrat density counts, line-point intercept, canopy gap, and perennial basal gap monitoring methods as described in: Monitoring Manual for Grassland, Shrubland and Savanna Ecosystems, Volume 1: Quick Start, Herrick et al, 2005, p36. Paced density quadrat count methods (developed by Elko BLM staff and advised by Rangeland Monitoring in Western Uplands, George Ruyle et al., University of Arizona, College of Agriculture and Life Sciences, 2006, p 16) were also used to establish number and type of plants per meter squared. At the time of plot establishment, no seeding had happened on the fire. Seeding didn\u2019t happen because the site was sprayed for cheatgrass in March of 2020, the rest of that summer was a rest year to allow the chemical to have an impact on the fire, and to allow the chemical residual to degrade enough not to effect the seeded species, and then waiting for the ideal time of year for seed to be placed on/in the ground.\r\nResults: See tables below for a summary of the data found. Since this was the first year of the monitoring there is no data to compare trends with, but this fire has not meet objectives yet.\r\nRecommendations: Continue to monitor the fire.\r\nFY 2021:\r\nDiscussion: Only four plots were monitored due to lack of funding. Fire averages will be slightly different, but trends of vegetation are explained below.\r\nResults: For density, data showed that almost all species decreased in density except for perennial grass density in Plot 7 that increased. In higher elevation plots, perennial shrub and grass cover increased, forbs slightly decreased, and annual species decreased significantly. In mid-elevation sites, perennial grass cover also increased as perennial shrubs and forbs remained about the same. Still no annuals grasses or forbs within these areas. At low elevation sites, perennial grasses slightly decreased, annual grasses increased, and annual forbs decreased. Overall, density of plants has decreased, but cover of perennial grasses has slightly increased.\r\nRecommendations: Continue to monitor to confirm trend, especially if the area receives more precipitation this year.\r\nFY 2022:\r\nDiscussion: Only three plots were monitored due to changes in monitoring plots every two years from previous funding deficiencies. Fire averages will be slightly different, but trends of vegetation are explained below.\r\nResults:\r\nRecommendations: Continue to monitor to confirm trend, especially if the area receives more precipitation this year.",Polygon,Confirmed,Digitized by LTDL data entry personnel using a confirmed map,3/17/2022,4160.26,4160.25,,BLM,"Erosion, Establishment of seeded species, Invasive species","Burn area rehabilitation efforts will focus on treating invasive plants and re-vegetating native grasses, forbs, and shrubs in the lowlands to enhance ecological diversity and to re-establish vegetation on and around the area. Seeding will reduce the extent of invasive exotic plants within the area.",,,,,,44:16:00
Model 26,Central Basin and Range,Post-burn aerial seeding,61817,22806,Implemented,See Comments,1,00/00/2020,00/00/2020,Acres,912,Seeding,Aerial Seeding,Aerial Seeding,-1,Confirmed seed list,Aerial / Chain Mix,Seeds,Confirmed on Paper,Unknown,Overall,"There was only a general rate listed for all species combined indicated here, specific rates for each species were not possible. \r\n\r\nNote that Russian Wildrye and Small Burnet were included in seed lists, but not the seed list in the monitoring report, hence the difference in details available.","The objective of the aerial seeding treatment is to revegetate the burned area with a well-adapted species mix that provides forage and will promote structural and species diversity within the burned area. Objectives will be considered met for the aerial seed mix if 1 seeded native forb, 3 seeded native grasses, 0.3 seeded shrubs, and 1 seeded non-native shrubs are observed within five years in post-fire monitoring.","Objectives will be considered met for the aerial seed mix if 1 seeded native forb, 3 seeded native grasses, 0.3 seeded shrubs, and 1 seeded non-native shrubs are observed within five years in post-fire monitoring.",Monitoring data for treatment is proof of implementation.\r\nAerially seed approximately 937 acres,"Density Results:\r\n2021: The rehab objective of 1 native forb/m2 and 3 seeded species/m2 have not been met. Indian ricegrass was the only seeded species observed in the density plots and was observed on average 0.39/m2, not meeting the objective.\r\n\r\nCover\r\n2021: Average foliar canopy cover was extremely low at 1.34%. The only plants observed during Line-Point Intercept were \u201cDead Beyond Recognition\u201d or cheatgrass and there were only a total of 6 hits observed.\r\nGaps and Erosion\r\n2021: Corresponding with the very low percentage of total foliar cover the most frequently observed gap class size was >200cm at 97.08%. No data was collected about sings of erosion on the plots but it stands to reason that these plots are very vulnerable to wind and water erosion while the coverage and therefore stabilizing root systems are essentially non-existent across the plots.\r\n\r\nRecommendations: 2021: The ESR rehabilitation objectives of aerial chaining/aerial sage seedings have not been met. It is strongly recommended that the closures of the Collar and Elbow pastures should remain in place in order to allow the area to receive proper rest and that seeded species may receive more time and opportunity to establish root systems and communities on site.\r\n\r\nESR 2022 Monitoring Report\r\nS3 Aerial Chaining/Aerial Sage Seeding\r\nShafter Complex AIM Plots 04, 04A, and 04B were all located in a Forested PIMO-JUOS/ARNO4/PSSPS-ACHY site in a former Singleleaf pinyon-Utah juniper (Pinus monophyla-Juniperus osteosperma)/Black sagebrush (Artemisia tridentata ssp nova)/Bluebunch wheatgrass-Indian ricegrass (Pseudoroegneria spicata-Achnatherum hymenoides) vegetation community on mountains.\r\nThe Chaining Mix was comprised of Snake River wheatgrass (Elymus wawawaiensis), Sandberg bluegrass (Poa secunda), Indian ricegrass (Achnatherum hymenoides), Siberian wheatgrass (Agropyron fragile), Antelope bitterbrush (Purshia tridentata), and Western yarrow (Achillea millefolium var occidentalis).\r\nThe Aerial Sage mix was comprised of Black sagebrush (Artemisia nova), Wyoming big sagebrush (Artemisia tridentata sbsp wyomingensis), and Western yarrow (Achillea millefolium var occidentalis).\r\nDensity Results\r\n2021: The rehab objective of 1 native forb/m2 and 3 seeded species/m2 have not been met. Indian ricegrass was the only seeded species observed in the density plots and was observed on average 0.39/m2, not meeting the objective.\r\n2022: The rehabilitation objectives as stated above have not been met. Many more perennial grasses were observed this year, Indian ricegrass, Sandberg bluegrass, Bluebunch wheatgrass, Squirreltail, and Siberian wheatgrass were all observed. Native regrowth of grasses and shrubs increased while forbs declined by nearly half.\r\nAIM Data Results\r\nCover\r\n2021: Average foliar canopy cover was extremely low at 1.34%. The only plants observed during Line-Point Intercept were \u201cDead Beyond Recognition\u201d or cheatgrass and there were only a total of 6 hits observed.\r\n2022: Average foliar cover increased from 2021 but was still very low at only 7.8% total. Annual forbs were most dominant at 4.5%, followed by annual grasses at 1.3% total. This is a slight shift from 2021 where annual grasses were most dominant follow by perennial grasses. The low amount of foliar cover present on these plots leaves them susceptible to invasive annual forbs and grass taking over the plots and outcompeting the small amount of perennials present.\r\nGaps and Erosion\r\n2021: Corresponding with the very low percentage of total foliar cover the most frequently observed gap class size was >200cm at 97.08%. No data was collected about sings of erosion on the plots but it stands to reason that these plots are very vulnerable to wind and water erosion while the coverage and therefore stabilizing root systems are essentially non-existent across the plots.\r\n2022: Gaps were still extremely dominant on these plots but with the slight increase in foliar cover there was a slight redistribution of gaps from the larger size ranges to the smaller ranges. Knowing the foliar makeup of the plots it will be important to make sure that the reduction of gaps is due to an increase in perennial cover and not annual cover. The presence of rills and waterflow patterns observed on each of the plots again leaves these plots susceptible to soil erosion and for invasive annuals to take full dominance across the plots.\r\nSpecies Richness\r\n2021: Despite the extremely low foliar cover species richness was only moderately low for these plots at an average of 17 species/plot. Perennial species on average did outnumber annuals due to perennial grasses but only Shafter Complex 04 perennials fully outnumbered annuals. The presence of trees and shrubs could help contribute to soil stability in the future.\r\n2022: The average number of individual species identified across these plots was moderately high at 24/plot. Perennial grasses and forbs still outnumber their annual counterparts but given the foliar distribution of these species management will be needed to ensure the perennial species present can thrive across the plots.\r\nRecommendations: 2021: The ESR rehabilitation objectives of aerial chaining/aerial sage seedings have not been met. It is strongly recommended that the closures of the Collar and Elbow pastures should remain in place in order to allow the area to receive proper rest and that seeded species may receive more time and opportunity to establish root systems and communities on site. 2022: The ESR rehabilitation objectives of aerial chaining/aerial sage seedings have not been met. It is strongly recommended that the closures of the Collar and Elbow pastures should remain in place in order to allow the area to receive proper rest and that seeded species may receive more time and opportunity to establish root systems and communities on site. Additionally, potential further treatments should be considered for these plots so that invasive annual species don\u2019t spread and take over the entirety of the plots.",Polygon,Confirmed,Digitized by LTDL data entry personnel using a confirmed map,3/15/2024,912.35,912.19,,Unknown,"Establishment of seeded species, Erosion, Loss of native vegetation",Revegetation,,,,,"Information varies between Seed Lists, As Built Map, and Monitoring Report. Including acreage and species seeded. Monitoring report does not differentiate between the two aerial chaining mixes (High elevation Bitterbrush & Low elevation) nor does it include Russian Wildrye or Small Burnnet species. \r\n\r\nGIS folder includes two separate polygon, one for each aerial/chain mix, that were georeferenced from the As Built Map.",34:11:00
Model 26,Central Basin and Range,Post-burn aerial seeding,66634,23939,Implemented,Unknown,2,1/15/2021,1/15/2021,Acres,2741,Seeding,Aerial Seeding,Aerial Seeding,-1,Confirmed seed list,,Seeds,Confirmed on Paper,Unknown,Overall,"There was only a general rate listed for all species combined indicated here, specific rates for each species were not possible.","Post fire seeding was needed to stabilize soils, conceal cultural resources, control invasive plant species, and enhance wildlife habitat. Sagebrush and bitterbrush are easily killed by fire and treatments are needed. Localized invasive plant populations were present within the burn perimeter and fire disturbance has provided a vacant space for additional weed species invasions. Populations of Russian knapweed, scotch thistle, medusahead, perennial pepperweed, and whitetop were present primarily in riparian areas and along transportation routes.","Post fire seeding was needed to stabilize soils, conceal cultural resources, control invasive plant species, and enhance wildlife habitat. Sagebrush and bitterbrush are easily killed by fire and treatments are needed. Localized invasive plant populations were present within the burn perimeter and fire disturbance has provided a vacant space for additional weed species invasions. Populations of Russian knapweed, scotch thistle, medusahead, perennial pepperweed, and whitetop were present primarily in riparian areas and along transportation routes.","FY2021: \r\nBLM CCDO purchased seed mix including PSSP6, ELEL5, ARTRW8, PASM, POAM, ELLAR, and PUTR2. \r\nNDOW contributed PASM, PSSP6, POAM, ELLAR, ARTRW8, and PUTR2 seed for the 2,741-acre aerial treatment.\r\nSeed mix applied on 2,741 acres in January 2021 in the central portion of the Baccarat Fire perimeter. Seed was purchased and applied by BLM with additional seed contributions from Nevada Department of Wildlife (NDOW).","Vegetation monitoring will begin in the summer of 2023 following the aerial seeding treatment applied in January 2021. Seven (7) 2,827.4 sq. meter monitoring sites in the aerial seeding treatment area are planned in the central portion of the burned area and will be sampled in 2023.",Polygon,Confirmed,Digitized by LTDL data entry personnel using a confirmed map,2/3/2023,2752.6,2752.6,,BLM and Cooperators,"Establishment of seeded species, Habitat for wildlife, Habitat quality, Impact on cultural resources, Invasive species, Loss of native vegetation, Sagebrush","Post fire seeding was needed to stabilize soils, conceal cultural resources, control invasive plant species, and enhance wildlife habitat. Sagebrush and bitterbrush are easily killed by fire and treatments are needed. Localized invasive plant populations were present within the burn perimeter and fire disturbance has provided a vacant space for additional weed species invasions. Populations of Russian knapweed, scotch thistle, medusahead, perennial pepperweed, and whitetop were present primarily in riparian areas and along transportation routes.",,,,,"Monitoring Report seed list includes Big Bluegrass (POAM; Poa secunda ssp. Ampla). Used POSE in trt data due to system limitations.\r\n\r\nFY2021:\r\nSeed Cost - $217,784.50\r\nLabor - $73,157.50\r\nTotal Cost - $290,942",15:29:00
Model 26,Central Basin and Range,Post-burn aerial seeding,66744,23970,Implemented,Unknown,2,1/15/2021,1/15/2021,Acres,2019,Seeding,Aerial Seeding,Aerial Seeding,-1,Confirmed seed list,Aerial Seeding,Seeds,Confirmed on Paper,Unknown,Species Specific,,"Post fire seeding was needed to reduce erosion, control invasive plant species, and enhance wildlife habitat. Residential neighborhoods located at the base of the Petersen Mountains are at a risk of flooding and sediment deposition.",To seed after wildfire.,"BLM CCDO purchased and applied seed mix including PSSP6, ELEL5, ARTRW8, PASM, POAM, ELLAR, and PUTR2.\r\nNDOW contributed PASM, PSSP6, POAM, ELLAR, and ARTRW8 seed for the 2,019-acre aerial treatment.",Unknown,Polygon,Confirmed,Digitized by LTDL data entry personnel using a confirmed map,None,1978.41,1977.31,,BLM and Cooperators,"Erosion, Establishment of seeded species, Habitat for wildlife, Invasion by cheatgrass, Invasive species, Loss of perennials, Noxious weeds","To reduce erosion, control invasive plant species, and enhance wildlife habitat.",,,,,"Seed mix applied across 2,019 acres in January 2021 on the east and west aerial seeding areas on the North Fire. Seed was purchased and applied by BLM with additional seed contributions from Nevada Department of Wildlife (NDOW).\r\nPOAM is was formerly Poa secunda ssp. Ampla and does not exist in the systems database and used correct species Poa secunda J. Presl. - Sherman\r\nELLAR does not exist in the systems seed list database used ELLAP.\r\n2021 Seed costs: $154,455.50",29:14:00
Model 26,Central Basin and Range,Post-burn aerial seeding,66772,23977,Implemented,Unknown,2,1/15/2021,1/15/2021,Acres,1289,Seeding,Aerial Seeding,Aerial Seeding,-1,Confirmed seed list,Aerial Seeding,Seeds,Confirmed on Paper,Unknown,Species Specific,"Seed mix applied across 1,289 acres in January 2021 on the eastern side of the Numbers Fire.","Post fire seeding was needed to stabilize soils, conceal cultural resources, and prevent the crossing of ecological thresholds into an annual grass state.",,"BLM aerially seed 1,289 acres on the eastern portion of the fire perimeter with PSSP6 and ARTRV",Unknown,Polygon,Confirmed,Digitized by LTDL data entry personnel using a confirmed map,2/8/2023,1301.61,1283.81,,BLM,"Erosion, Establishment of seeded species","Post fire seeding was needed to stabilize soils, conceal cultural resources, and prevent the crossing of ecological thresholds into an annual grass state.",,,,,,54:36:00
Model 26,Central Basin and Range,Post-burn aerial seeding,66773,23977,Implemented,Unknown,1,1/00/2021,1/00/2021,Acres,604,Seeding,Aerial Seeding,Aerial Seeding,-1,No seed list,Fuel Break Seeding,Seeds,No Seed List,Unknown,Unknown,,Seed fuel break,,Fuel break aerially seeded along Pine Nut Road. Confirmed by treatment map and note in monitoring report. Details on seeding are limited.,Unknown,Polygon,Confirmed,Digitized by LTDL data entry personnel using a confirmed map,2/8/2023,559.41,552.88,,Unknown,Establishment of seeded species,Seed fuel break,,,,,"Estimated costs from 2022 ESR summary report for BAR issue #3.\r\nFY20 $1,128.00\r\nFY21 $66,100.00",02:00:00
Model 26,Central Basin and Range,Post-burn aerial seeding,69167,24563,Implemented,See Comments,2,1/21/2021,1/22/2021,Acres,3158,Seeding,Aerial Seeding,Aerial Seeding: Rotor Wing,-1,Confirmed seed list,Bishop - Mix A,Seeds,Confirmed on Paper,Unknown,Species Specific,"Polygon Acres: 6,315\r\nApproximate Seeded Acres: 3,158\r\nRate (lbs/acre) for Seeded Acres: 16.21, Calculated based on approximate acres for seeding and the mixed seed weight (51,170 pounds) which was slightly different to the input weights. The RSW weighs its' mixed bags to the closest half pound.\r\nSeeding Coverage: every other swath\r\n300 pounds of the kochia was contributed by NDOW and was delivered blended - 1/2 snowstorm, 1/2 Immigrant. I broke it out here for ease of viewing the relative species breakdown and approximate rates.\r\nThe sage and kochia were added to the mix onsite. The remainder of the species were pre-mixed.\r\nAPPROXIMATE PLS SEEDS per SQ FT for SEEDED ACRES: Values are based on BLM minimum PLS as opposed to actual lot PLSs.",The aerial seeding treatment will be deemed effective if the following objectives are met. 1) An average of at least 15% cover of desirable perennial plants permanently established in the burned area within two to five growing seasons post-fire. 2) The aerial seeding results in the establishment of 1.5 seeded species per square meter in the burned area. 3) Establish at least 0.2 shrubs per square meter in the seeded area.,"Approximately 11,076 acres would be aerially seeded with a mixture of perennial\r\nnative and non-native grasses, forbs, and shrubs. Seeding staging areas would be located along\r\nroadsides or in previously disturbed areas.","The seed mix A was aerially applied to the 2020 Bishop Fire covering a total of 6,315 acres during the winter of 2010/2021. The helicopter seeded every other swath over the 6,315 acres for an approximate 3,158 seeded acres.","FY 2022 MONITORING RESULTS\r\nMonitoring plots on the Bishop Fire spanned 3 different Soil Map Units and 4 different Ecological Sites. Plots are in areas that had burned once or twice. Evidence of wild horses such as scat were observed by crews on 11 of the 12 sampled plots. Evidence of cattle was observed on just one plot (Table 3).\r\nFollowing the second growing season, vegetation response is quite variable on the Bishop Fire. Invasive annual grasses, namely cheatgrass (Bromus tectorum) are present throughout the A and C Seed Mix areas, but cover varies greatly. Cheatgrass is dominant only on plot BISH-CMIX-45 with 26% cover. Annual forbs are also abundant in some portions of the burn. The non-native prostrate pigweed (Amaranthus albus) is dominant in some areas of the burn, and native annuals fringed amaranth (Amaranthus fimbriatus), chinchweed (Pectis papposa) and ribseed sandmat (Chamaesyce glyptosperma) are common to dominant in some portions of the burn. The native annual grass sixweeks\u2019 grama (Bouteloua barbata) was also common in the burned area. These annual species are establishing following the strong 2022 summer monsoon.\r\n\r\nResprouting shrubs are also common throughout much of the Bishop Fire. The ecological sites on the fire contain fire adapted species such as Sonoran scrub oak (Quercus turbinella), Desert\r\nbitterbrush (Purshia glandulosa), desert almond (Prunus fasciculata), and desert ceanothus (Ceanothus greggii). These species were observed at covers from 4% to >10% on many of the plots. In the absence of repeat burning, these species could become dominant over time.\r\nPerennial grass species, including those used in the A and C seed mixes are uncommon on the Bishop Fire. On all plots, perennial grasses had 2% total cover or less. Perennial forbs are common on the burned area, especially desert globemallow (Sphaeralcea ambigua) and whitemargin sandmat (Chamaesyce albomarginata). On three plots perennial forbs had > 10% cover.\r\nThe seeding objective of permanently establishing 15% desirable perennial plant cover on the burned area has been met on 3 of 12 plots and is close to being met on other plots. The A and C mixes on average contain 12.5% perennial cover. In the absence of future disturbance, it is anticipated that the 15% cover objective should be met.\r\nThe second and third objectives of the aerial seeding treatment are to establish one seeded species per square meter and 0.2 shrubs per square meter on average. Both of these objectives have been met following the second growing season post-burn for at least the A and C Mix areas (Tables 4 and 5). Additionally, the livestock closure objective of establishing 1-3 desirable perennial plants per square meter has been met on the low end in the A and C Mix areas with an average of 1.2 firmly rooted perennials per square meter (Table 4).\r\n\r\nTable 5 shows the density of all seeded species used in the A and C Mixes on the Bishop Fire. With an average of over 2 seeded species per square meter, the objective of establishing one seeded species per square meter has been exceeded. This is entirely due to the establishment of desert globemallow (Sphaeralcea ambigua) on the burn. This species was observed on all 12 plots. While there are many individuals that are fire survivors (resprouts), there was more than one desert globemallow seedling per square meter on average across the A and C Mixes. No other seeded species are establishing at meaningful densities. However, 15 of the 28 seeded species used collectively in the A and C mixes were observed as \u201cpresent\u201d on plots based on the species inventory protocol. This includes two non-native species used in the mix (forage kochia and small burnet) that otherwise wouldn\u2019t occur within the burned area.\r\nThe shrub objective of establishing 0.2 shrubs per square meter has been exceeded by a factor of 3, with 0.6 shrubs per square meter on average. This is due to resprouting fire surviving shrubs. The mountainous areas of the eastern portion of MLRA 29 contain a strong interior chapparal component composed of shrub species such as scrub oak that typically resprout vigorously following fire.\r\n\r\nRECOMMENDATIONS/CONCLUSIONS\r\nConditions in the first two growing seasons post-fire on the Bishop Fire have been hotter and drier than normal. These conditions are generally not conducive to the establishment of seeded species. Evidence of wild horses was also observed by crews throughout most of the sampled A and C Mixes. Nevertheless, the Bishop Fire has met or is close to meeting the objectives of the seeding treatment. This is largely due to the establishment of the seeded species desert globemallow and to naturally resprouting native shrubs. In some portions of the burn native or non-native annual plants dominate. This is due to the establishment of warm season annual species following strong summer monsoons and was captured because plots were completed in early Fall. It is concerning that invasive Sahara mustard (Brassica tournefortii) was observed in two of the monitoring plots. This species is relatively new to Lincoln County and has been moving northward. Given its presence in two out of twelve randomly located plots, it is likely present throughout a substantial portion of the burned area. Additional survey should be completed in 2023 to determine the extent of the infestation.",Polygon,Confirmed,"Digitized by BLM field office personnel, using an aircraft GPS unit",None,6314.01,6314.01,"The helicopter seeded every other swath over the 6,315 acres for an approximate 3,158 seeded acres.",Unknown,"Establishment of seeded species, Habitat quality","Grasses, forbs and shrubs must be re-established\r\nwithin the burned area to reduce annual grass cover and increase the resiliency of the ecosystem.",,,,,"The completed aerial GPS flight shapefile and reported treated areas for Seed mix A differs from the planned treatment map. \r\nThe partial planned cost of $382,029.40 is the total for the seed from the BLM National Seed Warehouse system receipt sheet. The seed list cost/pound is from the BLM National Seed Warehouse system receipt sheet and is used for a few species. Most species in the receipt are not labeled and there are discrepancies in bulk lbs. between the receipt and what is reported to have been seeded in the monitoring report.",52:21:00
Model 26,Central Basin and Range,Post-burn aerial seeding,69233,24579,Implemented,See Comments,2,1/16/2021,1/16/2021,Acres,880,Seeding,Aerial Seeding,Aerial Seeding: Rotor Wing,-1,Confirmed seed list,Brown Overseed - Mix B,Seeds,Confirmed on Paper,Unknown,Species Specific,900 lbs. of NDOW Kochia Blend also added to seed mix.,For the purposes of Biotic Integrity establish seeded species to stabilize soils and promote habitat recovery.,"2,500 acres of the drill seeding area would be aerial seeded with a mixture of shrubs, forbs and grasses\r\nwhich are not well-suited to drill seeding. These species are important for mule deer winter range\r\nhabitat. Seed would be applied in late fall or winter.","1,760 acres of the Brown Fire drill seeding was aerial overseeded with seed mix B. Seeding coverage was every other swath; actual seeded acres is 880. Polygon acres is 1760. Dates, acreage, and added seed blend verified by seeding application document.","FY 2022 MONITORING RESULTS\r\nDuring the second growing season, the Brown Fire has low total vegetative cover and is dominated by a mix of invasive annual grasses and forbs, especially cheatgrass (Bromus tectorum), Russian thistle (Salsola tragus) and saltlover (Halogeton glomeratus) each with an average of 5% cover. Perennial grasses are also returning with an average of 4% cover on the burn. Perennial forbs and woody plants are sparse with 1% cover or less (Table 4). Data collection on the burned area occurred in early June of 2022, prior to the wet summer 2022 monsoon season. It is likely that warm season invasive annual forbs like saltlover and Russian thistle increased in abundance after data collection occurred, as these invasive weeds respond well to warm season precipitation. Qualitative observation of the area indicates that these species did increase during the July and August period. Interestingly, the 6 Mile Ranch plot, despite being 21 years post-fire, looks very similar to the Brown Fire plots in terms of cover.\r\nThe objectives of the aerial and ground seeding treatments are to establish seeded species. Following the second growing season, the Brown Fire has close to two perennial plants per square meter on average, and approximately 68% of the perennial plants consist of species used in the seed mixes.\r\nA total of 29 different species were used in the five seed mixes applied to the Brown Fire. Nine of these 29 species were observed on monitoring plots (Table 6). The most common seeded species seen on the fire is Sandberg\u2019s bluegrass (Poa secunda) found in 90% of the plots and at a mean density of 0.9 plants per square meter. Crews indicated that most individuals appeared to be fire surviving resprouts, but this distinction is challenging for a shallowly rooted small perennial grass. The second most common seeded species seen was desert globemallow (Sphaeralcea ambigua), seen in 100% of plots and at a mean density of 0.25 plants per square meter. The non-native species used in the mixes are establishing at low to moderate frequency in the seed mixes in which they were applied including Siberian wheatgrass, Forage kochia, and small burnet. For many of the seeded species that were not used in all mixes, it is apparent that they are establishing more frequently in the seeding treatments than where they were not seeded, which is indicative of a seeding treatment effect. Interestingly, the 6 Mile Ranch 01 reference plot that burned in 2001 has lower perennial plant density (0.1) than all of the seeded Brown Fire plots. This could also be indicative of a seeding treatment effect and is testament to the slow post-fire recovery of burned black sagebrush ecological sites without successful treatment.",Polygon,Confirmed,"Digitized by BLM field office personnel, using an aircraft GPS unit",None,1760.66,1760.63,,Unknown,"Establishment of seeded species, Habitat quality, Habitat productivity, Invasion by cheatgrass, Invasive species, Loss of perennials, Loss of vegetation, Noxious weeds, Habitat for mule deer",Stabilize soils and promote habitat recovery.,,,,,"The planned cost for all FY 2021 aerial seedings is $916,347. It is not reported what amount goes toward each seeding, so only reported the planned cost of the seed mix.\r\nThe exact spatial extent of the drill seeding treatment is unknown, as the data from the GPS track of the treatment was lost.",59:00:00
Model 26,Central Basin and Range,Post-burn aerial seeding,69234,24579,Implemented,See Comments,2,1/16/2021,1/16/2021,Acres,220,Seeding,Aerial Seeding,Aerial Seeding: Rotor Wing,-1,Confirmed seed list,Brown Overseed - Mix C,Seeds,Confirmed on Paper,Unknown,Species Specific,200 lbs. of NDOW Kochia Seed Blend added to mix,For the purposes of Biotic Integrity establish seeded species to stabilize soils and promote habitat recovery.,"2,500 acres of the drill seeding area would be aerial seeded with a mixture of shrubs, forbs and grasses\r\nwhich are not well-suited to drill seeding. These species are important for mule deer winter range\r\nhabitat. Seed would be applied in late fall or winter.","439 acres of the Brown Fire drill seeding was aerial overseeded with seed mix C. Seeding coverage was every other swath; actual seeded acres is 220. Polygon acres is 439. Dates, acreage, and added seed blend verified by seeding application document.","FY 2022 MONITORING RESULTS\r\nDuring the second growing season, the Brown Fire has low total vegetative cover and is dominated by a mix of invasive annual grasses and forbs, especially cheatgrass (Bromus tectorum), Russian thistle (Salsola tragus) and saltlover (Halogeton glomeratus) each with an average of 5% cover. Perennial grasses are also returning with an average of 4% cover on the burn. Perennial forbs and woody plants are sparse with 1% cover or less (Table 4). Data collection on the burned area occurred in early June of 2022, prior to the wet summer 2022 monsoon season. It is likely that warm season invasive annual forbs like saltlover and Russian thistle increased in abundance after data collection occurred, as these invasive weeds respond well to warm season precipitation. Qualitative observation of the area indicates that these species did increase during the July and August period. Interestingly, the 6 Mile Ranch plot, despite being 21 years post-fire, looks very similar to the Brown Fire plots in terms of cover.\r\nThe objectives of the aerial and ground seeding treatments are to establish seeded species. Following the second growing season, the Brown Fire has close to two perennial plants per square meter on average, and approximately 68% of the perennial plants consist of species used in the seed mixes.\r\nA total of 29 different species were used in the five seed mixes applied to the Brown Fire. Nine of these 29 species were observed on monitoring plots (Table 6). The most common seeded species seen on the fire is Sandberg\u2019s bluegrass (Poa secunda) found in 90% of the plots and at a mean density of 0.9 plants per square meter. Crews indicated that most individuals appeared to\r\nbe fire surviving resprouts, but this distinction is challenging for a shallowly rooted small perennial grass. The second most common seeded species seen was desert globemallow (Sphaeralcea ambigua), seen in 100% of plots and at a mean density of 0.25 plants per square meter. The non-native species used in the mixes are establishing at low to moderate frequency in the seed mixes in which they were applied including Siberian wheatgrass, Forage kochia, and small burnet. For many of the seeded species that were not used in all mixes, it is apparent that they are establishing more frequently in the seeding treatments than where they were not seeded, which is indicative of a seeding treatment effect. Interestingly, the 6 Mile Ranch 01 reference plot that burned in 2001 has lower perennial plant density (0.1) than all of the seeded Brown Fire plots. This could also be indicative of a seeding treatment effect and is testament to the slow post-fire recovery of burned black sagebrush ecological sites without successful treatment.",Polygon,Confirmed,"Digitized by BLM field office personnel, using an aircraft GPS unit",None,439.76,439.76,,Unknown,"Establishment of seeded species, Habitat quality, Habitat productivity, Invasion by cheatgrass, Invasive species, Loss of perennials, Loss of vegetation, Noxious weeds, Habitat for mule deer",Stabilize soils and promote habitat recovery.,,,,,"The planned cost for all FY 2021 aerial seedings is $916,347. It is not reported what amount goes toward each seeding, so only reported the planned cost of the seed mix.\r\nThe monitoring reports and seed name indicate this is an aerial overseeding, but the gps from the flight pattern of the seeding does not show it overlapping the drill seeding. It might be due to the exact spatial extent of the drill seeding treatment is unknown, as the data from the GPS track of the treatment was lost.",00:59:00
Model 26,Central Basin and Range,Post-burn aerial seeding,69235,24579,Implemented,See Comments,2,8/14/2021,8/16/2021,Acres,1546,Seeding,Aerial Seeding,Aerial Seeding: Rotor Wing,-1,Confirmed seed list,Brown Aerial - Mix D,Seeds,Confirmed on Paper,Unknown,Species Specific,1500 lbs. of NDOW Kochia Seed Blend added to mix,For the purposes of Biotic Integrity establish seeded species to stabilize soils and promote habitat recovery.,"Aerial seed with a mixture of shrubs, forbs and grasses\r\nwhich are not well-suited to drill seeding. Seed would be applied in late fall or winter.","3,091 acres of the Brown Fire was aerial seeded with seed mix D.\r\nSeeding coverage was every other swath; actual seeded acres is 1546. Polygon acres is 3091. Dates, acreage, and added seed blend verified by seeding application document.","FY 2022 MONITORING RESULTS\r\nDuring the second growing season, the Brown Fire has low total vegetative cover and is dominated by a mix of invasive annual grasses and forbs, especially cheatgrass (Bromus tectorum), Russian thistle (Salsola tragus) and saltlover (Halogeton glomeratus) each with an average of 5% cover. Perennial grasses are also returning with an average of 4% cover on the burn. Perennial forbs and woody plants are sparse with 1% cover or less (Table 4). Data collection on the burned area occurred in early June of 2022, prior to the wet summer 2022 monsoon season. It is likely that warm season invasive annual forbs like saltlover and Russian thistle increased in abundance after data collection occurred, as these invasive weeds respond well to warm season precipitation. Qualitative observation of the area indicates that these species did increase during the July and August period. Interestingly, the 6 Mile Ranch plot, despite being 21 years post-fire, looks very similar to the Brown Fire plots in terms of cover.\r\nThe objectives of the aerial and ground seeding treatments are to establish seeded species. Following the second growing season, the Brown Fire has close to two perennial plants per square meter on average, and approximately 68% of the perennial plants consist of species used in the seed mixes.\r\nA total of 29 different species were used in the five seed mixes applied to the Brown Fire. Nine of these 29 species were observed on monitoring plots (Table 6). The most common seeded species seen on the fire is Sandberg\u2019s bluegrass (Poa secunda) found in 90% of the plots and at a mean density of 0.9 plants per square meter. Crews indicated that most individuals appeared to\r\nbe fire surviving resprouts, but this distinction is challenging for a shallowly rooted small perennial grass. The second most common seeded species seen was desert globemallow (Sphaeralcea ambigua), seen in 100% of plots and at a mean density of 0.25 plants per square meter. The non-native species used in the mixes are establishing at low to moderate frequency in the seed mixes in which they were applied including Siberian wheatgrass, Forage kochia, and small burnet. For many of the seeded species that were not used in all mixes, it is apparent that they are establishing more frequently in the seeding treatments than where they were not seeded, which is indicative of a seeding treatment effect. Interestingly, the 6 Mile Ranch 01 reference plot that burned in 2001 has lower perennial plant density (0.1) than all of the seeded Brown Fire plots. This could also be indicative of a seeding treatment effect and is testament to the slow post-fire recovery of burned black sagebrush ecological sites without successful treatment.",Polygon,Confirmed,"Digitized by BLM field office personnel, using an aircraft GPS unit",None,3115.11,3115.08,,Unknown,"Establishment of seeded species, Habitat quality, Habitat productivity, Invasion by cheatgrass, Invasive species, Loss of perennials, Loss of vegetation, Noxious weeds, Habitat for mule deer",Stabilize soils and promote habitat recovery.,,,,,"The planned cost for all FY 2021 aerial seedings is $916,347. It is not reported what amount goes toward each seeding, so only reported the planned cost of the seed mix.",02:32:00
Model 26,Central Basin and Range,Post-burn aerial seeding,69236,24579,Implemented,See Comments,2,8/14/2021,8/14/2021,Acres,445,Seeding,Aerial Seeding,Aerial Seeding: Rotor Wing,-1,Confirmed seed list,Brown Aerial - Mix E,Seeds,Confirmed in Field,Unknown,Species Specific,400 lbs. of NDOW Kochia Seed Blend added to mix,For the purposes of Biotic Integrity establish seeded species to stabilize soils and promote habitat recovery.,"Aerial seed with a mixture of shrubs, forbs and grasses\r\nwhich are not well-suited to drill seeding. Seed would be applied in late fall or winter.","890 acres of the Brown Fire was aerial seeded with seed mix E. Seeding coverage was every other swath; actual seeded acres is 445. Polygon acres is 890. Dates, acreage, and added seed blend verified by seeding application document.","FY 2022 MONITORING RESULTS\r\nDuring the second growing season, the Brown Fire has low total vegetative cover and is dominated by a mix of invasive annual grasses and forbs, especially cheatgrass (Bromus tectorum), Russian thistle (Salsola tragus) and saltlover (Halogeton glomeratus) each with an average of 5% cover. Perennial grasses are also returning with an average of 4% cover on the burn. Perennial forbs and woody plants are sparse with 1% cover or less (Table 4). Data collection on the burned area occurred in early June of 2022, prior to the wet summer 2022 monsoon season. It is likely that warm season invasive annual forbs like saltlover and Russian thistle increased in abundance after data collection occurred, as these invasive weeds respond well to warm season precipitation. Qualitative observation of the area indicates that these species did increase during the July and August period. Interestingly, the 6 Mile Ranch plot, despite being 21 years post-fire, looks very similar to the Brown Fire plots in terms of cover.\r\nThe objectives of the aerial and ground seeding treatments are to establish seeded species. Following the second growing season, the Brown Fire has close to two perennial plants per square meter on average, and approximately 68% of the perennial plants consist of species used in the seed mixes.\r\nA total of 29 different species were used in the five seed mixes applied to the Brown Fire. Nine of these 29 species were observed on monitoring plots (Table 6). The most common seeded species seen on the fire is Sandberg\u2019s bluegrass (Poa secunda) found in 90% of the plots and at a mean density of 0.9 plants per square meter. Crews indicated that most individuals appeared to\r\nbe fire surviving resprouts, but this distinction is challenging for a shallowly rooted small perennial grass. The second most common seeded species seen was desert globemallow (Sphaeralcea ambigua), seen in 100% of plots and at a mean density of 0.25 plants per square meter. The non-native species used in the mixes are establishing at low to moderate frequency in the seed mixes in which they were applied including Siberian wheatgrass, Forage kochia, and small burnet. For many of the seeded species that were not used in all mixes, it is apparent that they are establishing more frequently in the seeding treatments than where they were not seeded, which is indicative of a seeding treatment effect. Interestingly, the 6 Mile Ranch 01 reference plot that burned in 2001 has lower perennial plant density (0.1) than all of the seeded Brown Fire plots. This could also be indicative of a seeding treatment effect and is testament to the slow post-fire recovery of burned black sagebrush ecological sites without successful treatment.",Polygon,Confirmed,"Digitized by BLM field office personnel, using an aircraft GPS unit",None,890.47,890.47,,Unknown,"Establishment of seeded species, Habitat quality, Habitat productivity, Invasion by cheatgrass, Invasive species, Loss of perennials, Loss of vegetation, Noxious weeds, Habitat for mule deer",Stabilize soils and promote habitat recovery.,,,,,"The planned cost for all FY 2021 aerial seedings is $916,347. It is not reported what amount goes toward each seeding, so only reported the planned cost of the seed mix.",04:10:00
Model 26,Central Basin and Range,Post-burn aerial seeding,69324,24616,Implemented,See Comments,2,3/5/2021,3/5/2021,Acres,1369,Seeding,Aerial Seeding,Aerial Seeding,-1,Confirmed seed list,Flat-Baldy Mix A,Seeds,Confirmed on Paper,,Species Specific,,The aerial seeding treatment will be deemed effective if the following objectives are met. 1) An average of at least 15% cover of desirable perennial plants permanently established in the burned area within two to five growing seasons post-fire. 2) The aerial seeding results in the establishment of 1.5 seeded species per square meter in the burned area. 3) Establish at least 0.2 shrubs per square meter in the seeded area.,Aerial seed,Aerial seed mix A was applied to the Blady and Flat Fires.\r\nSeeding coverage was every other swath; actual seeded acres is 1369. Dates and acreage verified by seed application document.,"FY 2022 MONITORING RESULTS\r\nAfter two growing seasons, the Baldy and Flat fires remain sparsely vegetated with only 16% total live plant cover on average (Table 3). Both non-native invasive annual forbs and native annual forbs make up the most common plant guilds with close to 10% combined cover on average. In some places (e.g. Baldy03) there are high covers of native annual plants. Crews were not able to identify many of the annual plants to species, and it remains unknown what native annuals were most common on the burn, but forbs were much more common than grasses. The warm season invasive Russian thistle (Salsola tragus) and the non-native mustard Descurainia Sophia were common non-native annual forbs. Cheatgrass is not abundant on the fire, with only 1% cover on average. There is no difference in cheatgrass cover on the plots applied with herbicide compared the plots not applied with herbicide. The plot with the highest percent cover of cheatgrass, Flat01 at 6% cover, was applied with herbicide. Perennial plant cover is low on the fire, and the first objective of the aerial seeding treatment to establish 15% desirable perennial cover has not yet been met. Green rabbitbrush (Chrysothamnus viscidiflorus) is one of the more common perennial shrub species on the fire. There are high covers of dead standing pinyon and juniper trees on the burn (not shown in table).\r\n\r\nThe second objective of the seeding treatments is to establish 1.5 seeded species per square meter on the burned area. This objective appears to be close to being met with an average of 1.3. Species used in seed mixes make up over 60% of the total perennial density on the burn. The objective of establishing 0.2 shrub species on average has been met, however, this is mainly due to one plot with an abundance of green rabbitbrush seedlings (Table 4).\r\nFifteen of the 23 species used collectively in both seed mixes were recorded on plots within the burned areas. Most seeded species are coming in at low abundance. The most common seeded species are Siberian wheatgrass (Agropyron fragile) at 0.58 plants per square meter, Sandberg\u2019s bluegrass (Poa secunda) at 0.3 plants per square meter and bottlebrush squirreltail (Elymus elymoides) at 0.11 plants per square meter (Table 5). More individuals of seeded species were identified as seedlings rather than survivors. The two species of beeplant used in just one mix were found at a higher presence in the seeded areas versus unseeded. The non-native species used in the mix including forage kochia, Siberian wheatgrass, and small burnet are establishing in many of these plots. These factors are all indicative of a seeding treatment effect. Only one species, desert globemallow (Sphaeralcea ambigua), is present at a similar frequency in the areas it wasn\u2019t seeded versus the areas it was seeded. This is interesting because desert globemallow isn\u2019t native as far north in Nevada as the location of these fires and could be a misidentification of a different globemallow species such as S. grossularifolia or S. munroana.\r\n\r\nRECOMMENDATIONS/CONCLUSIONS\r\nThe Flat and Baldy fires have low total vegetation cover after the second growing season. The hotter and drier conditions during this time period are not conductive to plant establishment. Annual forbs (both native and invasive) are the most common type of plants on the burned area. A majority of the perennial plants establishing on the burn consist of species used in the seed mixes, and there is evidence to suggest that many of these species are establishing as a result of the seeding treatments.",Polygon,Confirmed,Digitized by LTDL data entry personnel using a confirmed map,None,2723.15,2723.15,,Unknown,"Establishment of seeded species, Habitat productivity, Habitat quality, Invasion by cheatgrass, Invasive species, Noxious weeds","Grasses, forbs and shrubs must be re-established within the burned area to increase the resiliency of the ecosystem.",,,,,"Seed mix was mixed at the Regional Seed Warehouse on February 10, 2021",14:52:00
Model 26,Central Basin and Range,Post-burn aerial seeding,69325,24616,Implemented,See Comments,2,3/7/2021,3/7/2021,Acres,599,Seeding,Aerial Seeding,Aerial Seeding,-1,Confirmed seed list,Flat-Baldy Mix B,Seeds,Confirmed on Paper,Unknown,Species Specific,,The aerial seeding treatment will be deemed effective if the following objectives are met. 1) An average of at least 15% cover of desirable perennial plants permanently established in the burned area within two to five growing seasons post-fire. 2) The aerial seeding results in the establishment of 1.5 seeded species per square meter in the burned area. 3) Establish at least 0.2 shrubs per square meter in the seeded area.,Aerial seed,Aerial seed mix B was applied to the Blady and Flat Fires. Seeding coverage was every other swath; actual seeded acres is 599. Dates and acreage verified by seed application document.,"FY 2022 MONITORING RESULTS\r\nAfter two growing seasons, the Baldy and Flat fires remain sparsely vegetated with only 16% total live plant cover on average (Table 3). Both non-native invasive annual forbs and native annual forbs make up the most common plant guilds with close to 10% combined cover on average. In some places (e.g. Baldy03) there are high covers of native annual plants. Crews were not able to identify many of the annual plants to species, and it remains unknown what native annuals were most common on the burn, but forbs were much more common than grasses. The warm season invasive Russian thistle (Salsola tragus) and the non-native mustard Descurainia Sophia were common non-native annual forbs. Cheatgrass is not abundant on the fire, with only 1% cover on average. There is no difference in cheatgrass cover on the plots applied with herbicide compared the plots not applied with herbicide. The plot with the highest percent cover of cheatgrass, Flat01 at 6% cover, was applied with herbicide. Perennial plant cover is low on the fire, and the first objective of the aerial seeding treatment to establish 15% desirable perennial cover has not yet been met. Green rabbitbrush (Chrysothamnus viscidiflorus) is one of the more common perennial shrub species on the fire. There are high covers of dead standing pinyon and juniper trees on the burn (not shown in table).\r\n\r\nThe second objective of the seeding treatments is to establish 1.5 seeded species per square meter on the burned area. This objective appears to be close to being met with an average of 1.3. Species used in seed mixes make up over 60% of the total perennial density on the burn. The objective of establishing 0.2 shrub species on average has been met, however, this is mainly due to one plot with an abundance of green rabbitbrush seedlings (Table 4).\r\nFifteen of the 23 species used collectively in both seed mixes were recorded on plots within the burned areas. Most seeded species are coming in at low abundance. The most common seeded species are Siberian wheatgrass (Agropyron fragile) at 0.58 plants per square meter, Sandberg\u2019s bluegrass (Poa secunda) at 0.3 plants per square meter and bottlebrush squirreltail (Elymus elymoides) at 0.11 plants per square meter (Table 5). More individuals of seeded species were identified as seedlings rather than survivors. The two species of beeplant used in just one mix were found at a higher presence in the seeded areas versus unseeded. The non-native species used in the mix including forage kochia, Siberian wheatgrass, and small burnet are establishing in many of these plots. These factors are all indicative of a seeding treatment effect. Only one species, desert globemallow (Sphaeralcea ambigua), is present at a similar frequency in the areas it wasn\u2019t seeded versus the areas it was seeded. This is interesting because desert globemallow isn\u2019t native as far north in Nevada as the location of these fires and could be a misidentification of a different globemallow species such as S. grossularifolia or S. munroana.\r\n\r\nRECOMMENDATIONS/CONCLUSIONS\r\nThe Flat and Baldy fires have low total vegetation cover after the second growing season. The hotter and drier conditions during this time period are not conductive to plant establishment. Annual forbs (both native and invasive) are the most common type of plants on the burned area. A majority of the perennial plants establishing on the burn consist of species used in the seed mixes, and there is evidence to suggest that many of these species are establishing as a result of the seeding treatments.",Polygon,Confirmed,Digitized by LTDL data entry personnel using a confirmed map,None,1215.39,1215.39,,Unknown,"Establishment of seeded species, Habitat productivity, Habitat quality, Invasion by cheatgrass, Invasive species, Noxious weeds","Grasses, forbs and shrubs must be re-established within the burned area to increase the resiliency of the ecosystem.",,,,,"Seed mix was mixed at the Regional Seed Warehouse on February 10, 2021",16:57:00
Model 26,Central Basin and Range,Post-burn aerial seeding,69622,24727,Implemented,See Comments,2,1/17/2021,1/17/2021,Acres,214,Seeding,Aerial Seeding,Aerial Seeding: Rotor Wing,-1,Confirmed seed list,Miller - Mix A,Seeds,Confirmed on Paper,Unknown,Species Specific,"APPROXIMATE PLS SEEDS per SQ FT for SEEDED ACRES - Values are based on BLM minimum PLS as opposed to actual lot PLSs.\r\nApplication Rate (lbs./acre) for Seeded Acres: 24.46, The kochia was contributed by NDOW and was delivered blended - 1/2 snowstorm, 1/2 Immigrant. I broke it out here for ease of viewing the relative species breakdown and approximate rates.","Grasses, forbs and shrubs must be re-established\r\nwithin the burned area to reduce annual grass cover and increase the resiliency of the ecosystem.",Aerial seed burned area with appropriate seed mix.,The seed mix A was aerially applied to the 2020 Miller Fire covering a total of 428 acres during the winter of 2020/2021. The helicopter seeded every other swath over the 428 acres for an approximate 214 seeded acres. Dates verified by Seed Application document.,"2022 Monitoring Report\r\nFollowing the second growing season, the Miller Fire remains sparsely vegetated with low total live plant cover (Table 4). Most of the perennial cover consists of trees and shrubs within unburned islands and strips present in the monitoring plots. The invasive annual cheatgrass (Bromus tectorum) was found on 9 of 10 plots but was found at very low covers (<1% on average). Observational notes from monitoring crews indicate that cheatgrass was patchy on the burned area. The invasive warm season annual forb Russian thistle (Salsola tragus) was also growing on 9 of 10 plots, but with higher covers than cheatgrass. Plots were monitored prior to the start of the strong 2022 summer monsoon, and it is possible that Russian thistle increased in abundance after the plots were sampled. An aerial broadcast herbicide treatment was applied to the burned area in September 2022, which will hopefully reduce the abundance of invasive annuals. Native annual forbs make up a significant group of plants on the burn, with species such as coyote tobacco (Nicotiana attentuata) common throughout much of the burn.\r\n\r\nAfter two growing seasons, the Miller Fire has an average perennial plant density of 2.4 plants per square meter, and 2.0 firmly rooted perennials per square meter. This includes a balanced mix of grasses, forbs and shrubs. Close to 50% of the perennial plant density consists of species used in the three seed mixes.\r\n\r\nThe three most abundant seeded species are bottlebrush squirreltail, sandberg\u2019s bluegrass and blue flax, which make up around 75% of the total seeded species density. All other seeded species were found at very low densities, or were clearly establishing via re-sprouting (e.g. serviceberry in Plot CMIX-24). Some species which weren\u2019t used in all the mixes are also abundant in areas where they weren\u2019t seeded, which is indicative of a natural regeneration effect rather than a seeding effect. This includes flat-bud prickly poppy and winterfat used only in the A Mix, which were present at 67% and 89% respectively of the nine plots in which they weren\u2019t seeded. Some of the non-native species used in the mixes are starting to establish with moderate to high frequency and at low densities including forage kochia (90% of plots seeded), Siberian wheatgrass (50% of plots seeded), small burnet (67% of plots seeded) and sainfoin (33% of plots seeded). Hopefully with time and increased precipitation, these species can increase in abundance and out-compete invasive plants like cheatgrass and Russian thistle.",Polygon,Confirmed,"Digitized by BLM field office personnel, using an aircraft GPS unit",None,427.42,427.42,,Unknown,"Establishment of seeded species, Erosion",Stabilize soils and promote habitat recovery.,,,,,"The total planned cost for FY 2021 aerial seedings is $637,085.  It's not specified what portion is planned for each seeding, so the total cost is reported in this treatment and the projects are related.",04:44:00
Model 26,Central Basin and Range,Post-burn aerial seeding,69623,24727,Implemented,See Comments,2,1/18/2021,1/20/2021,Acres,1604,Seeding,Aerial Seeding,Aerial Seeding: Rotor Wing,-1,Confirmed seed list,Miller - Mix B,Seeds,Confirmed on Paper,Unknown,Species Specific,"APPROXIMATE PLS SEEDS per SQ FT for SEEDED ACRES - Values are based on BLM minimum PLS as opposed to actual lot PLSs.\r\nApplication Rate (lbs./acre) for Seeded Acres: 26.59, Calculated based on approximate acres for seeding and the mixed seed weight (42,655 pounds) which was slightly different to the input weights. The RSW weighs its' mixed bags to the closest half pound.\r\nThe sage and kochia were added to the mix onsite. The remainder of the species were pre-mixed.","Grasses, forbs and shrubs must be re-established\r\nwithin the burned area to reduce annual grass cover and increase the resiliency of the ecosystem.",Aerial seed burned area with appropriate seed mix.,"The seed mix B was aerially applied to the 2020 Miller Fire covering a total of 3,208 acres during the winter of 2020/2021. The helicopter seeded every other swath over the 3,208 acres for an approximate 1,604 seeded acres. Dates verified by Seed Application document.","2022 Monitoring Report\r\nFollowing the second growing season, the Miller Fire remains sparsely vegetated with low total live plant cover (Table 4). Most of the perennial cover consists of trees and shrubs within unburned islands and strips present in the monitoring plots. The invasive annual cheatgrass (Bromus tectorum) was found on 9 of 10 plots but was found at very low covers (<1% on average). Observational notes from monitoring crews indicate that cheatgrass was patchy on the burned area. The invasive warm season annual forb Russian thistle (Salsola tragus) was also growing on 9 of 10 plots, but with higher covers than cheatgrass. Plots were monitored prior to the start of the strong 2022 summer monsoon, and it is possible that Russian thistle increased in abundance after the plots were sampled. An aerial broadcast herbicide treatment was applied to the burned area in September 2022, which will hopefully reduce the abundance of invasive annuals. Native annual forbs make up a significant group of plants on the burn, with species such as coyote tobacco (Nicotiana attentuata) common throughout much of the burn.\r\n\r\nAfter two growing seasons, the Miller Fire has an average perennial plant density of 2.4 plants per square meter, and 2.0 firmly rooted perennials per square meter. This includes a balanced mix of grasses, forbs and shrubs. Close to 50% of the perennial plant density consists of species used in the three seed mixes.\r\n\r\nThe three most abundant seeded species are bottlebrush squirreltail, sandberg\u2019s bluegrass and blue flax, which make up around 75% of the total seeded species density. All other seeded species were found at very low densities, or were clearly establishing via re-sprouting (e.g. serviceberry in Plot CMIX-24). Some species which weren\u2019t used in all the mixes are also abundant in areas where they weren\u2019t seeded, which is indicative of a natural regeneration effect rather than a seeding effect. This includes flat-bud prickly poppy and winterfat used only in the A Mix, which were present at 67% and 89% respectively of the nine plots in which they weren\u2019t seeded. Some of the non-native species used in the mixes are starting to establish with moderate to high frequency and at low densities including forage kochia (90% of plots seeded), Siberian wheatgrass (50% of plots seeded), small burnet (67% of plots seeded) and sainfoin (33% of plots seeded). Hopefully with time and increased precipitation, these species can increase in abundance and out-compete invasive plants like cheatgrass and Russian thistle.",Polygon,Confirmed,"Digitized by BLM field office personnel, using an aircraft GPS unit",None,3325.32,3325.32,,Unknown,"Erosion, Establishment of seeded species",Stabilize soils and promote habitat recovery.,,,,,"The total planned cost for FY 2021 aerial seedings is $637,085.  It's not specified what portion is planned for each seeding, so the total cost is reported in this treatment and the projects are related.",07:25:00
Model 26,Central Basin and Range,Post-burn aerial seeding,69624,24727,Implemented,See Comments,2,1/17/2021,1/17/2021,Acres,74,Seeding,Aerial Seeding,Aerial Seeding: Rotor Wing,-1,Confirmed seed list,Miller - Mix C,Seeds,Confirmed on Paper,Unknown,Species Specific,"APPROXIMATE PLS SEEDS per SQ FT for SEEDED ACRES - Values are based on BLM minimum PLS as opposed to actual lot PLSs.\r\nApplication Rate (lbs./acre) for Seeded Acres: 25.37, Calculated based on approximate acres for seeding and the mixed seed weight (1,865 pounds) which was slightly different to the input weights. The RSW weighs its' mixed bags to the closest half pound.\r\nThe kochia was added to the mix onsite. The remainder of the species were pre-mixed.","Grasses, forbs and shrubs must be re-established\r\nwithin the burned area to reduce annual grass cover and increase the resiliency of the ecosystem.",Aerial seed burned area with appropriate seed mix.,The seed mix C was aerially applied to the 2020 Miller Fire covering a total of 147 acres during the winter of 2020/2021. The helicopter seeded every other swath over the 147 acres for an approximate 74 seeded acres. Dates verified by Seed Application document.,"2022 Monitoring Report\r\nFollowing the second growing season, the Miller Fire remains sparsely vegetated with low total live plant cover (Table 4). Most of the perennial cover consists of trees and shrubs within unburned islands and strips present in the monitoring plots. The invasive annual cheatgrass (Bromus tectorum) was found on 9 of 10 plots but was found at very low covers (<1% on average). Observational notes from monitoring crews indicate that cheatgrass was patchy on the burned area. The invasive warm season annual forb Russian thistle (Salsola tragus) was also growing on 9 of 10 plots, but with higher covers than cheatgrass. Plots were monitored prior to the start of the strong 2022 summer monsoon, and it is possible that Russian thistle increased in abundance after the plots were sampled. An aerial broadcast herbicide treatment was applied to the burned area in September 2022, which will hopefully reduce the abundance of invasive annuals. Native annual forbs make up a significant group of plants on the burn, with species such as coyote tobacco (Nicotiana attentuata) common throughout much of the burn.\r\n\r\nAfter two growing seasons, the Miller Fire has an average perennial plant density of 2.4 plants per square meter, and 2.0 firmly rooted perennials per square meter. This includes a balanced mix of grasses, forbs and shrubs. Close to 50% of the perennial plant density consists of species used in the three seed mixes.\r\n\r\nThe three most abundant seeded species are bottlebrush squirreltail, sandberg\u2019s bluegrass and blue flax, which make up around 75% of the total seeded species density. All other seeded species were found at very low densities, or were clearly establishing via re-sprouting (e.g. serviceberry in Plot CMIX-24). Some species which weren\u2019t used in all the mixes are also abundant in areas where they weren\u2019t seeded, which is indicative of a natural regeneration effect rather than a seeding effect. This includes flat-bud prickly poppy and winterfat used only in the A Mix, which were present at 67% and 89% respectively of the nine plots in which they weren\u2019t seeded. Some of the non-native species used in the mixes are starting to establish with moderate to high frequency and at low densities including forage kochia (90% of plots seeded), Siberian wheatgrass (50% of plots seeded), small burnet (67% of plots seeded) and sainfoin (33% of plots seeded). Hopefully with time and increased precipitation, these species can increase in abundance and out-compete invasive plants like cheatgrass and Russian thistle.",Polygon,Confirmed,"Digitized by BLM field office personnel, using an aircraft GPS unit",None,146.56,146.56,,Unknown,"Erosion, Establishment of seeded species",Stabilize soils and promote habitat recovery.,,,,,"The total planned cost for FY 2021 aerial seedings is $637,085.  It's not specified what portion is planned for each seeding, so the total cost is reported in this treatment and the projects are related.",08:48:00
Model 26,Central Basin and Range,Post-burn aerial seeding,69655,24733,Implemented,See Comments,2,1/30/2021,1/31/2021,Acres,2497,Seeding,Aerial Seeding,Aerial Seeding: Rotor Wing,-1,Confirmed seed list,Stewart Canyon - Mix A,Seeds,Confirmed on Paper,Unknown,Species Specific,"APPROXIMATE PLS SEEDS per SQ FT for SEEDED ACRES - Values are based on BLM minimum PLS as opposed to actual lot PLSs.\r\nApplication Rate (lbs./acre) for Seeded Acres: 13.75, Calculated based on approximate acres for seeding and the mixed seed weight (34,337.5 pounds) which was slightly different to the input weights. The RSW weighs its' mixed bags to the closest half pound.\r\n500 pounds of the kochia was contributed by NDOW and was delivered blended - 1/2 snowstorm, 1/2 Immigrant. I broke it out here for ease of viewing the relative species breakdown and approximate rates.","The aerial seeding treatment will be deemed effective if the following objectives are met. 1) An average of at least 15% cover of desirable perennial plants permanently established in the burned area within two to five growing seasons post-fire. 2) The aerial seeding results in the establishment of 1 seeded species per square meter in the burned area. 3) On average, at least 0.2 shrubs per square meter become established in the seeded area","Approximately 11,176 acres would be aerially seeded with a mixture of perennial native and non-native grasses, forbs, and shrubs.","The seed mix A was aerially applied to the 2020 Stewart Canyon Fire covering a total of 4,994 acres during the winter of 2020/2021. The helicopter seeded every other swath over the 4,994 acres for an approximate 2,497 seeded acres.\r\nDates and acreage verified by Seed Application Info document.","2022 Monitoring Report\r\nFollowing the second growing season post-fire, the Stewart Canyon Fire is dominated by a mix of invasive annuals and native perennials, and in some areas native annuals are common (Table 4). Invasive annual grasses, namely cheatgrass, is most abundant in the higher elevations where the A Mix was applied. The invasive warm season annual Russian thistle (Salsola tragus) has become very dominant on the lower elevation west side of the burned area, especially in the B, C, D and E Mixes, with greater than 20% cover on eight plots. One plot, BISH-EMIX-57, appears to be located in an infestation of prostrate pigweed (Amaranthus albus) with 27% cover. The native annual rib-seed sandmat (Chamaesyce glyptosperma) is also abundant and dominant in some areas. These annual forbs are establishing following the wet summer monsoon in 2022, and monitoring plots completed in September/October are capturing this phenomenon.\r\nDespite the dominance of invasive annual plants over much of the burned area, perennial plants, especially grasses and shrubs are regenerating well on the burned area. With over 20% cover of perennial plants on average within the burn, the first S3 Aerial Seeding objective of establishing 15% desirable perennial cover has been met. At the higher elevations, resprouting shrubs such as Gambel\u2019s oak (Quercus gambellii), Sonoran scrub oak (Quercus turbinella), cliffrose (Purshia stansburiana) and desert bitterbrush (Purshia glandulosa) are common. Perennial grasses are common in much of the burned area, and on average make up close to 15% cover. At higher elevations, in mountainous areas, purple three-awn (Aristida purpurea), thickspike wheatgrass (Elymus lanceolatus), and crested wheatgrass (Agropyron cristatum) are abundant. At lower elevations on alluvial fan landforms, galleta grass (Pleuraphis jamesii) is common.\r\nThe second and third objectives of the aerial seeding treatment are to establish one seeded species per square meter and 0.2 shrubs per square meter on average. The first of these objectives have been met following the second growing season post-burn for the burned area as a whole (Table 5 and 6). The livestock closure objective of establishing 1-3 desirable perennial plants per square meter has been exceeded with an average of 3.5 firmly rooted perennials per square meter (Table 5). While resprouting shrubs are common and make up close to 5% cover on average, their densities remain low at a mean density of 0.082 plants per square meter. Since resprouting shrubs are often large, cover might be a better metric than density for reestablishment.\r\nWith an average of 1.4 seeded species per square meter, the objective of establishing one seeded species per square meter on average across the burned area has been met. This is due to primarily to perennial grass species, namely Siberian wheatgrass, bottlebrush squirreltail, thickspike wheatgrass, muttongrass, Sandberg\u2019s bluegrass, and sand dropseed that all exceeded an average density of 0.1 plants per square meter. Most of the individuals recorded in the density frames were described as seedlings rather than fire survivors, indicating that they could be establishing from the seeding treatment. Interestingly, given the overall average density of 5.6 perennial plants per square meter on the burn, the perennial plant density objective would have been met without the seeding treatment. Of the 26 species used in the 5 seed mixes combined, 19 were observed in at least one plot and 7 of the species were observed on 50% or more of the plots. Some of the species with the highest average densities (e.g. Agropyron fragile, Elymus lanceolatus) were only found at 22% and 11% of the plots respectively, indicating that their establishment is limited across the entire burn, but these species are very abundant in the locations that they are establishing. Non-native crested wheatgrass (Agropyron cristatum) is common on some portions of the A Mix, which was not seeded as part of this project, is likely establishing due to the legacy treatment of the Non-Wilderness PJ Mix applied to the 2005 Delamar Fire, which overlaps with the A Mix.",Polygon,Confirmed,"Digitized by BLM field office personnel, using an aircraft GPS unit",None,5077.42,5077.42,,Unknown,"Erosion, Establishment of seeded species",Stabilize soils and promote habitat recovery.,,,,,,10:33:00
Model 26,Central Basin and Range,Post-burn aerial seeding,69656,24733,Implemented,See Comments,1,12/00/2020,2/00/2021,Acres,1042,Seeding,Aerial Seeding,Aerial Seeding: Rotor Wing,-1,Confirmed seed list,Stewart Canyon - Mix B,Seeds,Confirmed on Paper,Unknown,Species Specific,"APPROXIMATE PLS SEEDS per SQ FT for SEEDED ACRES - Values are based on BLM minimum PLS as opposed to actual lot PLSs.\r\nApplication Rate (lbs./acre) for Seeded Acres: 13.88, Calculated based on approximate acres for seeding and the mixed seed weight (14,452 pounds) which was slightly different to the input weights. The RSW weighs its' mixed bags to the closest half pound.\r\n200 pounds of the kochia was contributed by NDOW and was delivered blended - 1/2 snowstorm, 1/2 Immigrant. I broke it out here for ease of viewing the relative species breakdown and approximate rates.","The aerial seeding treatment will be deemed effective if the following objectives are met. 1) An average of at least 15% cover of desirable perennial plants permanently established in the burned area within two to five growing seasons post-fire. 2) The aerial seeding results in the establishment of 1 seeded species per square meter in the burned area. 3) On average, at least 0.2 shrubs per square meter become established in the seeded area","Approximately 11,176 acres would be aerially seeded with a mixture of perennial native and non-native grasses, forbs, and shrubs.","The seed mix B was aerially applied to the 2020 Stewart Canyon Fire covering a total of 2,083 acres during the winter of 2020/2021. The helicopter seeded every other swath over the 2,083 acres for an approximate 1,042 seeded acres.","2022 Monitoring Report\r\nFollowing the second growing season post-fire, the Stewart Canyon Fire is dominated by a mix of invasive annuals and native perennials, and in some areas native annuals are common (Table 4). Invasive annual grasses, namely cheatgrass, is most abundant in the higher elevations where the A Mix was applied. The invasive warm season annual Russian thistle (Salsola tragus) has become very dominant on the lower elevation west side of the burned area, especially in the B, C, D and E Mixes, with greater than 20% cover on eight plots. One plot, BISH-EMIX-57, appears to be located in an infestation of prostrate pigweed (Amaranthus albus) with 27% cover. The native annual rib-seed sandmat (Chamaesyce glyptosperma) is also abundant and dominant in some areas. These annual forbs are establishing following the wet summer monsoon in 2022, and monitoring plots completed in September/October are capturing this phenomenon.\r\nDespite the dominance of invasive annual plants over much of the burned area, perennial plants, especially grasses and shrubs are regenerating well on the burned area. With over 20% cover of perennial plants on average within the burn, the first S3 Aerial Seeding objective of establishing 15% desirable perennial cover has been met. At the higher elevations, resprouting shrubs such as Gambel\u2019s oak (Quercus gambellii), Sonoran scrub oak (Quercus turbinella), cliffrose (Purshia stansburiana) and desert bitterbrush (Purshia glandulosa) are common. Perennial grasses are common in much of the burned area, and on average make up close to 15% cover. At higher elevations, in mountainous areas, purple three-awn (Aristida purpurea), thickspike wheatgrass (Elymus lanceolatus), and crested wheatgrass (Agropyron cristatum) are abundant. At lower elevations on alluvial fan landforms, galleta grass (Pleuraphis jamesii) is common.\r\nThe second and third objectives of the aerial seeding treatment are to establish one seeded species per square meter and 0.2 shrubs per square meter on average. The first of these objectives have been met following the second growing season post-burn for the burned area as a whole (Table 5 and 6). The livestock closure objective of establishing 1-3 desirable perennial plants per square meter has been exceeded with an average of 3.5 firmly rooted perennials per square meter (Table 5). While resprouting shrubs are common and make up close to 5% cover on average, their densities remain low at a mean density of 0.082 plants per square meter. Since resprouting shrubs are often large, cover might be a better metric than density for reestablishment.\r\nWith an average of 1.4 seeded species per square meter, the objective of establishing one seeded species per square meter on average across the burned area has been met. This is due to primarily to perennial grass species, namely Siberian wheatgrass, bottlebrush squirreltail, thickspike wheatgrass, muttongrass, Sandberg\u2019s bluegrass, and sand dropseed that all exceeded an average density of 0.1 plants per square meter. Most of the individuals recorded in the density frames were described as seedlings rather than fire survivors, indicating that they could be establishing from the seeding treatment. Interestingly, given the overall average density of 5.6 perennial plants per square meter on the burn, the perennial plant density objective would have been met without the seeding treatment. Of the 26 species used in the 5 seed mixes combined, 19 were observed in at least one plot and 7 of the species were observed on 50% or more of the plots. Some of the species with the highest average densities (e.g. Agropyron fragile, Elymus lanceolatus) were only found at 22% and 11% of the plots respectively, indicating that their establishment is limited across the entire burn, but these species are very abundant in the locations that they are establishing. Non-native crested wheatgrass (Agropyron cristatum) is common on some portions of the A Mix, which was not seeded as part of this project, is likely establishing due to the legacy treatment of the Non-Wilderness PJ Mix applied to the 2005 Delamar Fire, which overlaps with the A Mix.",Polygon,Confirmed,"Digitized by BLM field office personnel, using an aircraft GPS unit",None,2082.85,2082.85,,Unknown,"Erosion, Establishment of seeded species",Stabilize soils and promote habitat recovery.,,,,,,11:48:00
Model 26,Central Basin and Range,Post-burn aerial seeding,69691,24739,Implemented,See Comments,2,2/19/2021,2/19/2021,Acres,1000,Seeding,Aerial Seeding,Aerial Seeding: Rotor Wing,-1,Confirmed seed list,Twin Overseed - Mix B,Seeds,Confirmed on Paper,Unknown,Species Specific,"APPROXIMATE PLS SEEDS per SQ FT for SEEDED ACRES - Values are based on BLM minimum PLS as opposed to actual lot PLSs.\r\nApplication Rate (lbs./acre) for Seeded Acres: 3.12, Calculated based on approximate acres for seeding and the mixed seed weight (3,115 pounds) which was slightly different to the input weights. The RSW weighs its' mixed bags to the closest half pound.\r\n150 pounds of the kochia was contributed by NDOW and was delivered blended - 1/2 snowstorm, 1/2 Immigrant. I broke it out in the table for ease of viewing the relative species breakdown and approximate rates.",For the purposes of Biotic integrity and establish seeded species to promote soil stability and burned are recovery within 3 Years.,"Approximately 9,500 acres would be aerially seeded with a mixture of perennial native and non-native\r\ngrasses, forbs, and shrubs.  Approximately 8,000 acres of the South Pahroc Range Wilderness Area would be aerially seeded with a mixture of perennial native grasses, forbs, and shrubs.","The seed mix B was aerially applied to the 2020 Twin Fire covering a total of 3,000 acres during the winter of 2020/2021. The helicopter seeded every third swath over the 3,000 acres for an approximate 1,000 seeded acres.\r\nDates and acreage verified by Seed Application Info document.","2022 Monitoring Report\r\nFollowing the second growing season post-fire, the Twin Fire is dominated by a mix of invasive annuals and native perennials (Table 5). Following a strong summer monsoon, native annual forbs, especially ribseed sandmat (Chamaesyce glyptosperma) are also abundant in many areas. Invasive annual grasses, namely cheatgrass (Bromus tectorum) had greater than 20% cover on 9 of 25 plots, with an average cover of close to 18%. Cheatgrass was present on all plots. The warm season invasive annual forb Russian thistle (Salsola tragus) has become very abundant on two plots and is generally present throughout much of the burned area. Despite an abundance of invasive plants, the Twin Fire has had strong perennial recovery, with on average close to 15% perennial plant cover. This cover includes an even mix of perennial grasses, forbs, and shrubs. There does not appear to be a negative correlation between invasive annual cover and perennial cover; perennials do not appear to be out-competing invasive annuals where they are establishing. Sites with high covers of perennials may also have high covers of invasive annuals. \r\n\r\nThe objective of the aerial seeding and drill seeding treatments was to establish seeded species within the burned area. This objective appears to have been met, as seeded species were found on every plot, and on average make up greater than 60% of the total perennial plant density with 1.7 out of 2.7 plants per square meter.\r\nWhile seeded species make up most of the perennial plant density on the Twin Fire, it is uncertain whether the establishing plants are from the seeding treatments or from natural regeneration. Crews make a distinction between plants establishing from seed (seedlings) versus resprouting and unburned (fire survivors) individuals, but this distinction is subjective. That some seeded species were only used in some mixes also allows for comparisons of their presence and abundance in areas where they were seeded and not seeded. For instance, the native forb Showy goldeneye (Heliomeris multiflorus) is a common fire follower species and was found more often in plots that it wasn\u2019t seeded than where it was. Native perennial Galleta grass (Pleuraphis jamesii) was only seeded in the drill mix but was abundant throughout the burn and found at slightly higher average densities outside of where it was seeded (0.18 seedlings/sq m\r\nand 0.15 survivors/sq m, data not shown in table). Most of the 31 species used in seed mixes collectively are showing up at very low densities or not at all. The most common seeded species that make up more than half of the seeded species density across all seed mixes are desert globemallow (Sphaeralcea ambigua) and bottlebrush squirreltail (Elymus elymoides). Some species used in seed mixes are coming in at very high abundance but were not seeded across much of the burned area, e.g. muttongrass (Poa fendleriana) has a density of 6 plants per square meter but was only found in the one plot used for the 322 acre Aerial C Mix.",Polygon,Confirmed,"Digitized by BLM field office personnel, using an aircraft GPS unit",None,2999.71,2999.71,,Unknown,"Erosion, Establishment of seeded species",Stabilize soils and promote habitat recovery.,,,,,"The total planned cost for FY 2020 and 2021 aerial seedings is $2,384,762.  It's not specified what portion is planned for each seeding, so the total cost is reported in this treatment and the treatments are related.",42:09:00
Model 26,Central Basin and Range,Post-burn aerial seeding,69693,24739,Implemented,See Comments,2,2/19/2021,2/19/2021,Acres,392,Seeding,Aerial Seeding,Aerial Seeding: Rotor Wing,-1,Confirmed seed list,Twin Aerial - Mix D,Seeds,Confirmed on Paper,Unknown,Species Specific,"APPROXIMATE PLS SEEDS per SQ FT for SEEDED ACRES - Values are based on BLM minimum PLS as opposed to actual lot PLSs.\r\nApplication Rate (lbs./acre) for Seeded Acres: 18.20, Calculated based on approximate acres for seeding and the mixed seed weight (7,133 pounds) which was slightly different to the input weights. The RSW weighs its' mixed bags to the closest half pound.\r\n50 pounds of the kochia was contributed by NDOW and was delivered blended - 1/2 snowstorm, 1/2 Immigrant. I broke it out here for ease of viewing the relative species breakdown and approximate rates.",For the purposes of Biotic integrity and establish seeded species to promote soil stability and burned are recovery within 3 Years.,"Approximately 9,500 acres would be aerially seeded with a mixture of perennial native and non-native\r\ngrasses, forbs, and shrubs.  Approximately 8,000 acres of the South Pahroc Range Wilderness Area would be aerially seeded with a mixture of perennial native grasses, forbs, and shrubs.",The seed mix D was aerially applied to the 2020 Twin Fire covering a total of 784 acres during the winter of 2020/2021. The helicopter seeded every other swath over the 784 acres for an approximate 392 seeded acres.\r\nDates and acreage verified by Seed Application Info document.,"2022 Monitoring Report\r\nFollowing the second growing season post-fire, the Twin Fire is dominated by a mix of invasive annuals and native perennials (Table 5). Following a strong summer monsoon, native annual forbs, especially ribseed sandmat (Chamaesyce glyptosperma) are also abundant in many areas. Invasive annual grasses, namely cheatgrass (Bromus tectorum) had greater than 20% cover on 9 of 25 plots, with an average cover of close to 18%. Cheatgrass was present on all plots. The warm season invasive annual forb Russian thistle (Salsola tragus) has become very abundant on two plots and is generally present throughout much of the burned area. Despite an abundance of invasive plants, the Twin Fire has had strong perennial recovery, with on average close to 15% perennial plant cover. This cover includes an even mix of perennial grasses, forbs, and shrubs. There does not appear to be a negative correlation between invasive annual cover and perennial cover; perennials do not appear to be out-competing invasive annuals where they are establishing. Sites with high covers of perennials may also have high covers of invasive annuals. \r\n\r\nThe objective of the aerial seeding and drill seeding treatments was to establish seeded species within the burned area. This objective appears to have been met, as seeded species were found on every plot, and on average make up greater than 60% of the total perennial plant density with 1.7 out of 2.7 plants per square meter.\r\nWhile seeded species make up most of the perennial plant density on the Twin Fire, it is uncertain whether the establishing plants are from the seeding treatments or from natural regeneration. Crews make a distinction between plants establishing from seed (seedlings) versus resprouting and unburned (fire survivors) individuals, but this distinction is subjective. That some seeded species were only used in some mixes also allows for comparisons of their presence and abundance in areas where they were seeded and not seeded. For instance, the native forb Showy goldeneye (Heliomeris multiflorus) is a common fire follower species and was found more often in plots that it wasn\u2019t seeded than where it was. Native perennial Galleta grass (Pleuraphis jamesii) was only seeded in the drill mix but was abundant throughout the burn and found at slightly higher average densities outside of where it was seeded (0.18 seedlings/sq m\r\nand 0.15 survivors/sq m, data not shown in table). Most of the 31 species used in seed mixes collectively are showing up at very low densities or not at all. The most common seeded species that make up more than half of the seeded species density across all seed mixes are desert globemallow (Sphaeralcea ambigua) and bottlebrush squirreltail (Elymus elymoides). Some species used in seed mixes are coming in at very high abundance but were not seeded across much of the burned area, e.g. muttongrass (Poa fendleriana) has a density of 6 plants per square meter but was only found in the one plot used for the 322 acre Aerial C Mix.",Polygon,Confirmed,"Digitized by BLM field office personnel, using an aircraft GPS unit",None,784.18,784.18,,Unknown,"Erosion, Establishment of seeded species",Stabilize soils and promote habitat recovery.,,,,,,45:28:00
Model 26,Central Basin and Range,Post-burn aerial seeding,69694,24739,Implemented,Unknown,2,2/15/2021,2/17/2021,Acres,2248,Seeding,Aerial Seeding,Aerial Seeding: Rotor Wing,-1,Confirmed seed list,Twin Aerial - Mix E,Seeds,Confirmed on Paper,Unknown,Species Specific,"APPROXIMATE PLS SEEDS per SQ FT for SEEDED ACRES - Values are based on BLM minimum PLS as opposed to actual lot PLSs.\r\nApplication Rate (lbs./acre) for Seeded Acres: 24.66, Calculated based on approximate acres for seeding and the mixed seed weight (55,444 pounds) which was slightly different to the input weights. The RSW weighs its' mixed bags to the closest half pound.",For the purposes of Biotic integrity and establish seeded species to promote soil stability and burned are recovery within 3 Years.,"Approximately 9,500 acres would be aerially seeded with a mixture of perennial native and non-native\r\ngrasses, forbs, and shrubs. Approximately 8,000 acres of the South Pahroc Range Wilderness Area would be aerially seeded with a mixture of perennial native grasses, forbs, and shrubs.","The seed mix E was aerially applied to the 2020 Twin Fire covering a total of 8,993 acres during the winter of 2020/2021. The helicopter seeded every fourth swath over the 8,993 acres for an approximate 2,248 seeded acres.\r\nDates and acreage verified by Seed Application Info document.","2022 Monitoring Report\r\nFollowing the second growing season post-fire, the Twin Fire is dominated by a mix of invasive annuals and native perennials (Table 5). Following a strong summer monsoon, native annual forbs, especially ribseed sandmat (Chamaesyce glyptosperma) are also abundant in many areas. Invasive annual grasses, namely cheatgrass (Bromus tectorum) had greater than 20% cover on 9 of 25 plots, with an average cover of close to 18%. Cheatgrass was present on all plots. The warm season invasive annual forb Russian thistle (Salsola tragus) has become very abundant on two plots and is generally present throughout much of the burned area. Despite an abundance of invasive plants, the Twin Fire has had strong perennial recovery, with on average close to 15% perennial plant cover. This cover includes an even mix of perennial grasses, forbs, and shrubs. There does not appear to be a negative correlation between invasive annual cover and perennial cover; perennials do not appear to be out-competing invasive annuals where they are establishing. Sites with high covers of perennials may also have high covers of invasive annuals. \r\n\r\nThe objective of the aerial seeding and drill seeding treatments was to establish seeded species within the burned area. This objective appears to have been met, as seeded species were found on every plot, and on average make up greater than 60% of the total perennial plant density with 1.7 out of 2.7 plants per square meter.\r\nWhile seeded species make up most of the perennial plant density on the Twin Fire, it is uncertain whether the establishing plants are from the seeding treatments or from natural regeneration. Crews make a distinction between plants establishing from seed (seedlings) versus resprouting and unburned (fire survivors) individuals, but this distinction is subjective. That some seeded species were only used in some mixes also allows for comparisons of their presence and abundance in areas where they were seeded and not seeded. For instance, the native forb Showy goldeneye (Heliomeris multiflorus) is a common fire follower species and was found more often in plots that it wasn\u2019t seeded than where it was. Native perennial Galleta grass (Pleuraphis jamesii) was only seeded in the drill mix but was abundant throughout the burn and found at slightly higher average densities outside of where it was seeded (0.18 seedlings/sq m\r\nand 0.15 survivors/sq m, data not shown in table). Most of the 31 species used in seed mixes collectively are showing up at very low densities or not at all. The most common seeded species that make up more than half of the seeded species density across all seed mixes are desert globemallow (Sphaeralcea ambigua) and bottlebrush squirreltail (Elymus elymoides). Some species used in seed mixes are coming in at very high abundance but were not seeded across much of the burned area, e.g. muttongrass (Poa fendleriana) has a density of 6 plants per square meter but was only found in the one plot used for the 322 acre Aerial C Mix.",Polygon,Confirmed,"Digitized by BLM field office personnel, using an aircraft GPS unit",None,9422.83,9422.82,,Unknown,"Erosion, Establishment of seeded species",Stabilize soils and promote habitat recovery.,,,,,,47:04:00
Model 26,Central Basin and Range,Post-burn aerial seeding,69725,24746,Implemented,See Comments,1,3/00/2021,00/00/2022,Acres,2553,Seeding,Aerial Seeding,Aerial Seeding: Rotor Wing,-1,Confirmed seed list,Big Rocks - Mix A,Seeds,Confirmed on Paper,Unknown,Species Specific,"Mixed at the Regional Seed Warehouse on:\r\nNovember 11, 2021","The selected species would promote stabilize soils, promote vegetative diversity, compete with invasive annual grasses, stabilize habitat for a multitude of species, and mitigate the risk of unacceptable degradation to the watershed.","Approximately 2,553 acres of non-wilderness would be aerially seeded with a mixture of perennial grasses, forbs, and shrubs.","Treatments were limited to the non-wilderness portion of the fire and consisted of aerial seeding of a mixture of native and non-native grasses, forbs, and shrub species.","2022 Monitoring Report\r\nFollowing the first full growing season, the Big Rocks Fire is dominated by invasive annual grasses, namely cheatgrass (Bromus tectorum). Cheatgrass cover is variable, ranging from 5% to 51% on the recent burned area (Table 4). Invasive annual forbs, especially Russian thistle (Salsola tragus) and tall tumblemustard (Sisymbrium altissimum) make up the second most abundant group of plants on the burned area. Perennial plant cover is quite low, with a combined average for grasses, forbs and shrubs of 5% on the burned area. A majority of the perennial plant cover consists of resprouting shrub species, especially desert bitterbrush (Purshia glandulosa), Nevada ephedra (Ephedra nevadensis) and green ephedra (Ephedra viridis).\r\nThe plots aerially seeded in the 2021 Big Rocks Fire, the natural regeneration plots, and the reference plots from the 2006 Hambly Fire all appear quite similar and consist of annual grass dominance, low covers of perennials, and resprouting shrubs. This finding is consistent with the 2016 ten-year ESR monitoring report for the Hambly Fire. Interestingly, the Big Rocks Fire has much lower perennial cover than the nearby 2020 Twin Fire (approx. 15% perennial cover on average) although both areas have reburned and primarily consist of the same Ecological Sites. Data collection on the Twin Fire occurred in September and October following a strong summer monsoon. Big Rocks data collection occurred prior to the summer monsoon in June.\r\nThe objective of the aerial seeding treatment is to establish seeded species. Following the 2022 season, one seeded species makes up most of the perennial plant density on the Big Rocks Fire. There are just over two perennial plants per square meter on average, and on the seeded plots, 1.8 plants per square meter consist of species used in the seed mix.\r\nAs with cover, perennial density between the seeded plots, the natural regeneration plots, and the previously burned reference plots are all quite similar. One minor difference is that perennial grasses are more common on the previously burned reference plots, and perennial forbs are more common on the Big Rocks plots (Table 5).\r\nWhile seeded species make up the bulk of the perennial plant density on the Big Rocks Fire, it is unclear that their establishment is due to the seeding treatment versus natural regeneration. Twelve species were used in the Big Rocks Aerial Seed Mix. Five of these species were observed on monitoring plots (Table 6). None of the non-native species used in the mixes were observed by crews. Most of the seeded species seen were approximately as common in the areas they were seeded compared to the areas where they were not seeded. This is indicative of establishment via natural regeneration. There are two seeded species establishing at an abundance that is ecologically meaningful \u2013 desert globemallow and Sandberg\u2019s bluegrass. Crews indicated that the Sandberg\u2019s bluegrass establishing on seeded plots were fire survivors and not from the seed mix. This is a challenging distinction to make, especially for a small, shallowly rooted grass such as Sandberg\u2019s bluegrass. Crews indicated that desert globemallow establishment was primarily from seedlings at an average density of 1.44 plants per square meter in the seeded plots. However, globemallow is abundant on both seeded and unseeded plots. Its mean density is essentially the same at 1.48 plants/sq m on the natural regeneration plots burned by the Big Rocks Fire, and lower at 0.41 plants/sq m in the reference plots not burned by Big Rocks Fire. Desert globemallow is a vigorous fire follower and is likely starting to fade out on the reference plots, which are now 16 years post-burn.\r\nRECOMMENDATIONS/CONCLUSIONS\r\nConditions on the Big Rocks Fire since its containment have been hotter and drier than normal. These conditions are generally not conducive to the establishment of seeded species. The Big Rocks Fire is dominated by cheatgrass, and perennial plant establishment is generally quite low. Most of the perennial plant cover on the fire consists of resprouting shrub species. The seeded species Desert globemallow is by far the most abundant perennial plant in terms of density, but it is found at a very similar density in the natural regeneration plots as compared to the seeded plots. This is indicative of a natural regeneration effect rather than a seeding treatment effect. Lastly, the Big Rocks burned area looks very similar to adjacent areas that burned in the 2006 Hambly Fire, and these areas look similar to how they looked in 2016 (See 10-year Hambly ESR Monitoring Report). This landscape appears to have experienced minimal change over time.",Polygon,Confirmed,"Digitized by BLM field office personnel, method unknown",None,2552.99,2552.99,,Unknown,"Erosion, Establishment of seeded species, Habitat for wildlife",Stabilize soils and promote habitat recovery.,,,,,,54:14:00
Model 26,Central Basin and Range,Post-burn aerial seeding,71672,25267,Implemented,Unknown,2,1/8/2020,1/8/2020,Acres,75,Seeding,Aerial Seeding,Aerial Seeding: Rotor Wing,-1,Confirmed seed list,Shallow Calcareous Slope,Seeds,Confirmed on Paper,No control areas present,Species Specific,Total cost for Indian Ricegrass is estimated (# of lbs differ between actual seed list and receipts).,"On public lands, establish, maintain, and enhance a resistant and resilient sagebrush vegetative community and restore sagebrush vegetation communities to reduce GRSG habitat fragmentation and maintain or reestablish GRSG habitat connectivity over the long term","Approximately 422 acres would be aerially seeded with a mixture of native grasses, forbs and shrubs which are intended to protect and stabilize habitat for a multitude of species including greater sage-grouse, mule deer, pronghorn, and elk. The seeding would promote vegetative diversity, and compete with invasive annual grasses.",Aerial seeding of 135 acres completed. 75 acres actually seeded. Implementation verified by GIS attribute table and seed list. Shapefiles provided to BLM by Reeder.,unknown,Polygon,Confirmed,"Digitized by BLM field office personnel, using an aircraft GPS unit",None,74.6,74.6,,Contractor,"Establishment of seeded species, Habitat for greater sage grouse, Habitat for elk, Habitat for mule deer, Habitat for antelope, Habitat for wildlife, Invasive species, Loss of desirable species, Loss of native vegetation, Loss of vegetation, Noxious weeds, Rangeland health, Watershed health","The White Cloud Fire started on August 28th, 2019, and burned 422 acres in Spring Valley, approximately 34 miles northeast of Ely, NV in northern White Pine County. The fire burned within public lands administered by the BLM. The entirety of the burned area lies within greater sage-grouse (Centrocercus urophasianus) Other Habitat Management Area (OHMA). The fire also burned within pronghorn (Antilocapra americana) year-round habitat, and elk (Cervus elaphus) year-round habitat. Other resource concerns include the invasion of non-native annual grasses, forbs and noxious weeds~ soil erosion, and reduced watershed function.",,,,,,31:29:00
Model 26,Central Basin and Range,Post-burn aerial seeding,72406,25507,Implemented,Unknown,1,10/1/2021,9/30/2022,Acres,2322,Seeding,Aerial Seeding,Aerial Seeding,-1,No seed list,,Seeds,No Seed List,Unknown,Unknown,,For the purposes of Soil and Site Stability Increase Native Shrubs From 0-30 Count per Acre Cover Establish shrubs across the burned area. Within 1-5 Years.,"Revegetation - seeding aerial broadcasting. This action requires ELFO to submit an Aerial Seeding Contract to allow seed to be applied by either a helicopter or a fixed wing aircraft. Accelerating planting in areas above the community of Doyle, CA would help to re-establish vegetation, which would enhance wildlife habitat, increase soil stability, and reduce wind and water erosion. Four polygons have been identified as appropriate sites for seeding and will cover approximately 3,000 acres. In addition, two dozer lines were created during fire suppression efforts. These sites are north of Vinton, CA and Chilcoot, CA. Both dozer lines would be seeded to enhance vegetation re-establishment. This action would take place in the winter of early January through late February of 2022. Exact dates and times would depend on appropriate conditions and contractor availability.","Four polygons were identified and aerial seeded at 2322 acres, confirmed by monitoring report.",Unknown,Polygon,Confirmed,Digitized by LTDL data entry personnel using a confirmed map,3/12/2024,2224.91,2092.98,,Unknown,"Loss of native vegetation, Establishment of seeded species",Resource concerns within the burned area include restoration and management of native plant communities.,,,,,,43:03:00
Model 26,Central Basin and Range,Post-burn aerial seeding,72613,21901,Implemented,Successful,2,2/23/2019,3/1/2019,Acres,6598.4,Seeding,Aerial Seeding,Aerial Seeding,-1,Confirmed seed list,Road Fires Sage-grouse,Seeds,Confirmed on Paper,Unknown,Species Specific,"Rates may have been approximate, as Job Report shows that 6,870 lbs were used which is less than the 7,258.24 lbs that would have been used based on the rate by acreage.\r\n\r\nShared seed list with related aerial seeding treatment. Bulk & PLS Lbs adjusted by acres based on the Bulk/acre and PLS rate from seed list auto calculated using treatment acres.",Roads Complex Sage Grouse Mix Reseeding.,Unknown.,"Aerial Reseeding completed, verified by RIPS Report and Aerial Reseeding Record. As Built Map does not clarify the time of treatment and so is used for both aerial seedings.","S3 Aerial Seeding\r\n2020 Density Results: \r\nThe rehab objectives of 0.3 native shrubs and 1 native forb per square meter has not been met for seeded species. However, seeded Wyoming big sagebrush and western yarrow were observed on the plots. Most of the grass regrowth was composed of Sandberg bluegrass (Poa secunda).\r\n2020 AIM Data Results:\r\nCover: Average foliar canopy cover was moderate (32.8%) with Sandberg bluegrass (Poa secunda) and cheatgrass (Bromus tectorum) making up the majority of cover at 15% and 9.8% cover, respectively. Next most commonly encountered species were Squirreltail (Elymus elymoides) spiny phlox (Phlox hoodia) and tall annual willowherb (Epilobium brachycarpum) at 2.8%, 2.0, and 1.7% cover, respectively. Perennial grasses and forbs collectively had more cover than annual species on the plots, indicating overall recovery in the monitoring sites.\r\nGaps and Erosion\r\nRoads Complex AIM Plot 01 is located in a Rangeland South Slope 8-12\u201d P.Z. site in a former / Artemisia tridentata sbsp wyomingensis / Pseudoroegneria spicata ( / Wyoming big sagebrush / bluebunch wheatgrass) vegetation community on the shoulder of a hill. Soils were determined to be 414 \u2013 Vanwyper-Loomis association (Vanwyper). No rills, gullies, or sheet erosion were observed on AIM Plot 01, although an common deposition/runoff, common pedestalling (with occasional root exposure), and moderately long, common water flow patterns were observed. This is a moderate departure of expected conditions on the R025XY015NV site, indicating some wind and water erosion.\r\n\r\nRoads Complex AIM Plots 02 and 03 are located in a Rangeland Loamy 10-12\u201d P.Z. site in a former / Artemisia tridentata / Pseudoroegneria spicata \u2013 Achnatherum thurberianum (/ big sagebrush / bluebunch wheatgrass \u2013 Indian ricegrass ) site on a fan piedmont. Soils were determined to be 414 \u2013 Vanwyper-Loomis association (Quarz) on both sites. No rills, gullies, deposition/runoff, or sheet erosion were observed on AIM Plot 02, although some pedestalling and water flow patterns were observed. No signs of erosion were observed in AIM Plot 03. These were a slight departure of expected conditions on the R025XY014NV site, indicating some water and wind erosion.\r\nRoads Complex AIM Plot 04 is located in a Rangeland Loamy 8-10\u201d P.Z. site in a former / Artemisia tridentate sbsp wyomingensis / Achnatherum thurberianum \u2013 Achnatherum hymenoides ( / Wyoming big sagebrush / Thurber\u2019s needlegrass \u2013 Indian ricegrass) vegetation community on a floodplain/basin. Soils were determined to be 491 \u2013 Orovada-Puett association (Orovada). No rills, deposition/runoff, or sheet erosion were observed on AIM Plot 04, although an inactive gully, common pedestalling (with rare root exposure), and long, common water flow patterns were observed. These are a slight departure of expected conditions on the R025XY019NV site, indicating some water and wind erosion.\r\nApproximately 63.4% of the transects had canopy gaps on the four plots. The most frequently occurring gaps were > 200 centimeters in length and these occupied 6.1 average meters (24.4%) of the 25 meter transects.\r\nSpecies Richness: An average of twenty-seven (27.25) different plants species were observed within the four 2,827.4 square meter monitoring plots. AIM Plot 01 had twenty-one (21) species, AIM Plot 02 had thirty-four (34) species, AIM Plot 03 had twenty-six (26) species, and AIM Plot 04 had twenty-eight (28) species.\r\n\r\n2020 S2 Drill and S3 Aerial Seeding, and S14 Imazapic Recommendations:\r\nThe ESR rehabilitation objectives of the aerial and drill seedings have not been fully met, although some seeded species have been observed and recovery of perennial species is apparent. There was a grazing closure issued for the Roads Complex fire area. The objective of three perennial grasses per square meter has been met (primarily through Sandberg bluegrass) in the aerial seeding and imazapic treatment areas but were not observed in the drill area.",Polygon,Confirmed,Digitized by LTDL data entry personnel using a confirmed map,3/25/2024,7000.43,6994.84,Treatment acres lower than feature acres.,BLM,"Establishment of seeded species, Habitat for wildlife, Invasion by cheatgrass, Loss of desirable species, Noxious weeds, Vegetal cover","Intensities were high enough to kill sagebrush which does not resprout following fire. Because, many wildlife species, including greater sage-grouse, mule deer and pronghorn depend on sagebrush and forbs for cover and forage, they will be severely impacted, if sagebrush species are not reestablished back into the ecosystem. The biggest concern for this fire is the conversion to cheatgrass in the absence of herbicide and seeding treatments.",,,,,"Initially planned was one aerial seeding, however RIPS report shows that their was a aerial reseeding of the sage grouse mix.\r\nRelated treatment is the initially planned aerial seeding.",34:01:00
Model 26,Central Basin and Range,Post-burn aerial seeding,73261,25793,Implemented,Partially Successful,1,11/1/2011,12/31/2011,Acres,1055,Seeding,Aerial Seeding,Aerial Seeding,-1,Confirmed seed list,,Seeds,Confirmed on Paper,Unknown,Species Specific,Species confirmed but not rates.,"Apply and Cover the seed to the burned area prior to winter and spring precipitation to establish seeded species, reduce invasive weeds, increase forage base, and reduce erosion.",Aerial seed 1055 acres using a native seed mix specifically prescribed for the ecological site to stabilize the exposed steep slopes of the fire.,Seed was purchased and mixed. Aerial seeding was done by contract on 1055 acres at 14 lbs. /acre.,"S3-Aerial Seed- The data shows that there is 35.6% relative frequency of perennials which is real close to the objective of 40% - Partially Successful. In growing season three, there was composition/relative frequency of 35.6% and 6.6% is seeded. There was 3.25% live perennial cover from the point data, 23 % bareground and 73% litter. The results for growing season one was 19 % relative frequency of perennial vegetation and 4.4% was seeded species. The point data for live perennial cover was 2.25 %, 47.5% for bare ground, and litter was 50.25%. In the fifth growing season, the relative frequency of perennial species was 26.2% and 9% was seeded species. Additionally, the total perennial species frequency has decreased from 72 % to 41.5%. Seeded species frequency has stayed stable at 14%. Re-established perennials have decreased. Furthermore, annuals had a high relative frequency of 83.8% and cheatgrass was 61%. Also the percent cover from litter was 70% which suggests that a high presence of annual species. Consequently, live cover from pace transect data was only 2% and there was 19% bare ground.",Polygon,Confirmed,Exported from an internal USGS Fire Perimeter Layer,6/5/2024,1127.74,1127.74,,Contractor,"Establishment of seeded species, Invasive species, Noxious weeds, Erosion",Seeding would re-establish vegetative cover destroyed during the fire. Squarrose knapweed has been a problematic noxious weed in and around Little Sahara Recreation Area. Squarrose knapweed has been shown to increase logarithmically after fires.,,,,,Sheep trampling was not completed post seeding.,40:46:00
