Model,Ecoregion,Treatment,Trt_ID,Prj_ID,Plan_Imp,Success,Dates_Confirmed,Init_Date,Comp_Date,Units,Num_Units,Trt_Type_Major,Trt_Type_Sub,Treatment_Type,Treatment_Seeded,Seed_List,Seed_Mix_Name,Seeds_or_Seedlings,Seed_List_Confirmed,Control_Areas,Seed_Application_Rate,Seed_Notes,Objectives,Planned_Implementation,Actual_Implementation,Treatment_Effect_and_Results,Trt_Feature_Type,Feature_Status,How_Feature_Created,Feature_Creation_Date,Total_Acres,BLM_Acres,GIS_Notes,Initiated_By,Trt_Concerns,Trt_Concerns_Desc,Problems_Apply_Trt,Problems_Apply_Trt_Desc,Conditions_At_Trt,Conditions_At_Trt_Desc,Trt_Notes,User_Updated
Model 20,Nothern Basin and Range,Post-burn drill seeding,18,9,Implemented,None,2,10/11/1971,12/10/1971,Acres,6940,Seeding,Drill Seeding,Ground Seeding: Drill,-1,Confirmed seed list,Abert Lake Fall Seeding,Seeds,Confirmed in Field,Unknown,Species Specific,"Small Burnet was listed in the Completion report at .8 lbs./ac, but no indication of where it was seeded or which seeding treatment it was combined with. Also, the confirmed treatment map mentions Small burnet and Four-wing, but no indication of where or how much.",Fall Seeding:\r\nimmediately to stabilize the area\r\nfrom wind and water erosion,,"Fall- October 11 to December 10, 1971. 41 days of drilling, 12 rangeland drills with four D-7 cat hook ups.",,Polygon,Confirmed,Digitized by LTDL data entry personnel using a map of unknown origin,3/29/2010,6203.328768,6203.342064,,,"Erosion, Habitat for antelope, Habitat for mule deer, Habitat for sage grouse, Invasion by Cheatgrass, Loss of vegetation, Provide forage for wildlife, Provide cover for wildlife",,"Application Method could not reach all areas, Mechanical Problems during seed application, Seed Application took a longer than expected, Tires Blowing Out",High winds up to 50 mph blinded the crew to 5 days shutdown during the seeding period. Probably adverse effect on many sites of significant acreage. Seed may have become airborne or drill rows covered too deep. Heavy rocky areas could have caught and held some seed. Some germination occurred in the north end during March. In all probability it was killed by sand blasting.,"Windy, Drought, Snow on Ground",,,00:32:00
Model 20,Nothern Basin and Range,Post-burn drill seeding,19,9,Implemented,None,2,3/6/1972,4/17/1972,Acres,9160,Seeding,Drill Seeding,Ground Seeding: Drill,-1,Confirmed seed list,Abert Lake Spring Seedingq,Seeds,Confirmed on Paper,Unknown,Species Specific,"Small Burnet was listed in the Completion report at .8 lbs./ac, but no indication of where it was seeded or which seeding treatment it was combined with. Also, the confirmed treatment map mentions Small burnet and Four-wing, but no indication of where or how much.",Spring Treatment:\r\nimmediately to stabilize the area\r\nfrom wind and water erosion,,"Spring- March 6 to April 17, 1972. 32 days drilling, 15 rangeland drills with five D-7 cat hookups to April 5/ Four outfits to the 17th.\r\n\r\n\r\ndrilled because of the large surface rocks. Another 2000 acres probably should not have been drilled for the same reason. Early aerial broadcasting may have sufficed had time and man power been available to delineate the sites. Aerial seeding followed by chaining is, and was as recommended,\r\nthe better treatment practice for the rocky areas. The south spring seeding area should have a number of check dams for wildlife water as well as catching sediment & minimizing spring runoff velocity. Many large sites at the higher elevation show a good come back of native grasses. This is encouraging because considering the severe wind erosion and cheatgrass competition, seeding success is not optimistically anticipated. I expect large areas of complete failure with only a 40% catch on the better sites in the spring operation. Yet, crested wheatgrass\r\ncontinues to amaze me in it's ability to grab, hold and go.",,Polygon,Confirmed,Digitized by LTDL data entry personnel using a map of unknown origin,3/29/2010,7912.897841,7789.47366,,,Erosion,,"Application Method could not reach all areas, Mechanical Problems during seed application, Tires Blowing Out","Wind shut down operations for 4 days from April5 to 17. Heavier soil in the south end held good, but drill rolls filled up, covering seed 2 to 3 inches.","Windy, Cold, Drought, Snow on Ground",,,11:11:00
Model 20,Nothern Basin and Range,Post-burn drill seeding,1015,383,Implemented,Unknown,1,7/22/2002,9/31/2005,Acres,2558,Seeding,Drill Seeding,Ground Seeding: Drill,-1,Planned seed list,,Seeds,Plan,Unknown,Species Specific,"The seed mix did not indicate whether bulk or PLS rates were used, therefore, unknown has been listed and all seed mix information has been entered into the Bulk category.","A combination of broadcast, hand and drill planting methods would be used. Sagebrush and bitterbrush\r\nseed would be broadcast aerially by either helicopter or fixed wing aircraft (Map 2). Harrow seed mixtures\r\nwould be broadcast and covered by harrowing with draft animal or rubber tired vehicle (Map 3). Drill seed\r\nmixtures would be applied with rangelands drills pulled by tractors or dozers (Map 4). Bitterbrush\r\nseedlings will be hand planted in select locations on approximately 1,100 acres (Map 5) at a rate of 100\r\nplants/acre.",,,Unknown,Polygon,Confirmed,"Digitized by BLM field office personnel, method unknown",,2560.544422,2554.950948,,BLM,"Invasion by non-native annuals, Provide cover for wildlife, Threatened Species, Loss of cultural sites, Noxious Weeds, Provide forage for wildlife","Vegetation- Reestablishing perennial vegetation before invasive grass species such as cheatgrass and medusahead ryegrass invade and dominate newly disturbed range sites.\r\nLivestock- Implementing adequate rest from livestock grazing to allow vegetation to adequately establish and recover to levels which may sustain livestock grazing and provide site stability.\r\nWildlife- loss of prey species for raptors such as golden eagles and ferruginous hawks, loss of food and cover for mule deer, bighorn sheep and pronghorn, loss of nesting habitat for loggerhead shrike, sage sparrow, Brewer&$s sparrow, sage thrasher, western meadowlark, lark sparrow, mourning dove, mallard, ring-necked pheasant, chukar, and gray partridge, loss of cover for great basin rattlesnake, striped whipsnake, racer, gopher snake, long-nosed snake, western ground snake, common garter snake, and Mojave collared lizard, whiptail, leopard lizard, side-botched lizard, sagebrush lizard and fence swift and a loss of cover and feeding area for many migratory songbirds.\r\nSensitive Plant Species- Habitat for the numerous special status plant species that occur in the burned area could be compromised if invasive species dominate or if over-aggressive rehabilitation treatments are used.  Four special plants have been identified within or near the burn area:  grimy ivesia, Ertter&$s senecio, sterile milkvetch, and Owyhee clover.\r\nCultural Resources- Short and long term integrity of cultural sites and artifacts.\r\nWatershed and soils- The proper hydrologic function of upland watersheds to capture, store, and safely release rainfall and snowmelt and the ability of streams to meet State of Oregon water quality standards may be impaired, as a result of the wildfire.\r\nNoxious Weeds and Invasive Species- Reestablishing perennial vegetation before noxious weeds such as Scotch thistle, Russian knapweed, yellow starthistle, halogeton, rush skeletonweed and perennial pepperweed and whitetop and invasive grass species such as cheatgrass and medusahead ryegrass invade and dominate these newly disturbed range sites.\r\nSpecial Management Areas- Wildnerness Study Areas and Areas of Critical Environmental Concern- Minimize impacts to values for which special management areas were designated from wildfire and rehabilitation activities.",None,,None,,"Non-Native Drill Seeding\r\nThe area seeded is different than that listed in the report.  This area, 3100 acres, matches the area of the shapefile.  Date listed in GIS Attribute table lists project taking place 12/2001--2/2002, both dates prior to the fire taking place. Dates have been estimated to closer meet project timeframe.",15:46:00
Model 20,Nothern Basin and Range,Post-burn drill seeding,2575,945,Implemented,None,1,00/00/1967,00/00/1967,Acres,3000,Seeding,Drill Seeding,Ground Seeding: Drill,-1,Confirmed seed list,,Seeds,Confirmed on Paper,Unknown,Species Specific,,,,The total area was seeded to crested wheatgrass by Carl Whitmore at the rate of seven pounds per acre.,,Polygon,Confirmed,"Digitized by BLM field office personnel, method unknown",,3103.99005,3083.534036,,BLM and Cooperators,Provide forage for livestock,,None,,None,,,24:03:00
Model 20,Nothern Basin and Range,Post-burn drill seeding,5666,2078,Implemented,None,1,10/00/1998,12/00/1999,Acres,1730,Seeding,Drill Seeding,Ground Seeding: Drill,-1,Planned seed list,Catlow Drill Mix,Seeds,Plan,,Overall,,"The proposed action for the Catlow Fire (M-590) is to seed approximately 1,730 acres of public land with a rangeland drill.",,Seeding completed. \r\n\r\nGIS is the implementation data.,Unknown,Polygon,Confirmed,"Digitized by BLM field office personnel, method unknown",,2976.056476,1700.350549,"The plan stated that only a portion of the burn would be seeded, but this polygon was located in the BLM GIS as the actual area seeded.",BLM and Cooperators,"Invasion by Cheatgrass, Erosion","The proposed seeding sites are in a low seral stage and lack perennial grasses and forbs with a dominant\r\nunderstory before the burn of cheatgrass. The site has annual precipitation of 10 inches or less and is susceptible to cheatgrass and other exotic annuals occupying the site.\r\nNaturalized species, such as hycrest crested wheatgrass, would be dominant in the mix because of cheatgrass competition, and low annual precipitation levels. The proposed seed mix is adapted to site potential with native species being incorporated where feasible.\r\n\r\nThe proposed seeding would establish a perennial vegetation cover with a\r\ndeveloped rooting system to hold the soil in place and protect the soil from\r\nraindrop impact and reduce overland flows and potential erosion hazards.",None,,None,,This treatment is marked as Implemented because the GIS attribute table listed it as being completed.  There is no other paperwork to show this treatment was completed.,22:00:00
Model 20,Nothern Basin and Range,Post-burn drill seeding,5874,2148,Implemented,None,2,3/25/1986,4/9/1986,Acres,7685,Seeding,Drill Seeding,Ground Seeding: Drill,-1,Confirmed seed list,Areas D and E,Seeds,Confirmed on Paper,,,The seed mixture consisted of some leftover seed from the BOP seeding near Grand View (F260) plus some other added seed. The alfalfa was inoculated with Dormal dry inoculant and all seed was pre-mixed.,"The project consisted of 1,685 acres of rangeland drill seeding.","Areas D & E - Consisted of 3,875 acres of rangeland drill seeding south of the Three Creek Highway.","6/20/88:  The seedings (the Siberian Wheatgrass and the Intermediate wheatgrass) looked poor to fair to me. Some Nomad alfalfa was found, but no fourwing saltbush were found.\r\n\r\nIn the spot were I took a photo plot, the native bluebunch wheatgrass and Idaho Fescue looked very good. Other native species were Sandberg bluegrass, squirreltail, a little rabbitbrush, and some Wyoming sagebrush. Also, the soils were more rocky. This may have been the problem with the drilling, in this site.\r\n\r\nThe cheatgrass competition is still light.",,Polygon,Confirmed,"Digitized by BLM field office personnel, method unknown",,7539.133067,7207.447362,,Contractor,"Erosion, Provide cover for wildlife, Provide forage for wildlife, Loss of Perenials, Invasion by Cheatgrass, Habitat for antelope, Habitat for mule deer, Habitat for sage grouse, Watershed degradation","The seed mixtures for the seeding consisted of seed that was available at the time and seed left over from other seedings since this was the last seeding to be approved for the extremely busy season. Therefore, many of the seed mixtures contained small quantities of seed not originally planned for House Creek. The project was divided into six areas to cover different prescriptions for the variation in soil types, precipitation and other needs. Some were combined during seeding due to lack of seed.\r\n\r\nIn the first year, wind erosion would increase slightly on the treatment areas compared to the protection only and no action alternatives because of the added surface disturbance caused by drilling. However, by the end of two years, grazing tolerant, fire resistant vegetation would be established on the treatment areas, and long-term soil stability would be much improved over either of the alternatives. Within three years, a 50-60% canopy cover is expected. By the end of four growing seasons, soil cover would be essentially complete, and bare ground would be much reduced compared to the pre-burn vegetation on the treated areas. Pollution and sedimentation of the Cedar Creek Reservoir would be much reduced compared to the two alternatives. The sediment would be trapped in the Black Canyon and Rocky Canyon drainages. Wind and water erosion on existing seedings would be minimal.\r\n\r\nOn the drilled treatment areas, a mixture of perennial grasses, forbs, and shrubs will be established rather than a predominance of cheatgrass. The perennial grasses which have been emphasized in the seed mix will be compatible with existing seeded grasses. Intermediate wheatgrass has been emphasized on suitable sites where it would be used during the summer. Crested wheatgrass has been emphasized where use is predominantly in spring and fall. The fourwing saltbush would restore a shrub component which would be valuable both for late summer cattle grazing and for winter deer grazing. The alfalfa would enrich the dietary protein content of both livestock and wildlife, especially during the critical late summer period. A low incidence of reburns would be maintained, further depletion of perennial species would be prevented, and big sagebrush could return in time to provide wildlife habitat. Overstocking and low vigor of perennial grasses based upon\r\ndrastic increases in cheatgrass production would be prevented. Forage production would be greatly increased compared to pre-burn levels.\r\n\r\nOn the aerially seeded wildlife habitat areas, sagebrush canopy cover and suitable stand height would be reestablished far more rapidly and uniformly than natural successions and variability in sagebrush seed survival would allow. The crucial mule deer wintering habitat and sage grouse nesting and brooding habitat would be out of production for a much shorter period. The Magnar wildrye, because of its tall stature, would enhance wildlife cover as well as forage availability. The burnet, alfalfa, and pubescent wheatgrass would greatly improve crude protein availability for pregnant mule deer does in early spring on a major wintering area.\r\n\r\nThe proposed action would allow existing seedings to regain their vigor, with little long-term impact upon plant density or productivity. Minor areas of burned native range would have an increased composition of cheatgrass.\r\n\r\nBecause of limitations of time and equipment availability and delays caused by the budgetary process, this seeding will probably not be completed before May 1, 1986. While this greatly increases the probability of seeding failure, the project is located in a 12+ inch precipitation area, and has a better chance of growing season moisture and ultimate success than any of the other Jarbidge RA fire rehabilitation plans for 1985 fires. Failure to seed will result in a vegetation, i.e., cheatgrass, which will meet only one of the special objectives of this plan and will irreversibly foreclose future range management and wildlife habitat options.",None,,None,,,09:20:00
Model 20,Nothern Basin and Range,Post-burn drill seeding,6844,2492,Implemented,Unknown,2,10/18/1995,11/20/1995,Acres,9273,Seeding,Drill Seeding,Ground Seeding: Drill,-1,Confirmed seed list,North Clover Drill Mix 1,Seeds,Confirmed on Paper,Unknown,Species Specific,,"Drill seed (Seed mixture No. 1) 43,175 acres, no earlier than October 1, 1995 and ending by December 15, 1995.","Seeding Equipment to be Supplied by the Government: Twelve rangeland drills\r\non four three-drill carts.\r\nLocation of Seeding Equipment to be Supplied by the Government: Drills and\r\ncarts will be located within eight miles of the work site. The Contractor\r\nwill be required to pull the drills the remaining distance to the work site.\r\nThe Contractor will also be required to begin work on the west end of\r\nwork site and work east to accommodate cultural clearances.\r\nLocation of Seed: Seed will be located within 10 miles of the worksite in a\r\nGovernment-furnished van trailer.\r\nKind of Seed: Crested Wheatgrass - 6 lb/acre, Fourwing Saltbush - 0.5 lb/acre\r\nThe Fourwing saltbrush seed shall be seeded in separate rows by partitioning\r\noff one drill row opening in the seed hopper of each drill. The Contractor\r\nwill be required to stop the equipment and check on the rangeland drills a\r\nminimum of once per hour to clean out seed tubes and feeder openings and\r\nassure that the Fourwing saltbush seed as well as the other seed is flowing\r\nproperly through the drills.\r\nRate of Application: 6.5 lb/acre Average depth of Seeding: 3/4 inch\r\nOther Requirements: The Contractor shall supply four tractor units with operators\r\nat the work site. Upon completion of the project, \xb7the Contractor shall\r\npull the drills and carts to the Clover-Three Cr. Road to a location designated\r\nby the Contract Inspector.\r\nRemarks: Some islands of unburned sagebrush exist within the burned area.\r\nThese areas shall not be seeded and will not be measured for payment.","The drill seedings were separated into several contracts to get the drill seeding completed before the winter weather would prevent access. The North Clover Drill Seeding Contract (9,273 acres) was done on 10/18/95 to 11/20/95. It was done using 9 standard rangeland drills in a three drill cart configurations pulled behind 3 wheeled farm tractors.",Unknown,Polygon,Confirmed,Digitized by LTDL data entry personnel using a planned map,7/24/2019,9963.36,9342.64,This is the area marked as drill seeded in the BLM GIS data. Neither the paper maps nor the GIS distinguish which areas received which seed mix.,Contractor,"Erosion, Habitat for wildlife, Invasion by non-native annuals",Rehabilitation Objectives:\r\n1. Stabilize soils\r\n2. Provide vegetative cover and reduce invasion of cheatgrass\r\n3. Restore important wildlife habitat,None,,Dry,The weather was warm and dry in the beginning turning colder and moisture toward the end.,"North Clover Drill Seeding.\r\nSeed Cost: $92,266.35\r\nEstimated Contract Cost: $3.40/ac - $31,528.20",00:47:00
Model 20,Nothern Basin and Range,Post-burn drill seeding,6882,2499,Implemented,Unknown,2,7/31/1973,12/27/1974,Acres,3930,Seeding,Drill Seeding,Ground Seeding: Drill,-1,Confirmed seed list,Clover Flat Mix 1,Seeds,Confirmed on Paper,Unknown,Species Specific,,Seed 4000 acres in northern portion of the burn where cheatgrass and weeds are the predominate vegetation.,"Seeding will commence as soon as possible preferably by October 1 and must be completed prior to December 1. Normally after December 1, the ground is frozen and seed coverage is not possible.","JDR shows 3,930 acres completed.",Unknown,Polygon,Confirmed,"Digitized by BLM field office personnel, method unknown",,4071.71,4069.99,,BLM,"Loss of vegetation, Noxious Weeds, Habitat for wildlife, Livestock in treated area, Forage for livestock, Erosion, Hazardous fuels reduction","Seeding the 4000 acres in the north end of the burn would provide a perennial cover which would enhance watershed protection, wildlife habitat, and livestock forage production. Future fire suppression cost would be reduced substantially. This alternative is much more costly than alternative #1. After establishment of the seeding and adequate rest for the balance of the burn, the fences would allow full implementation of the Devil Creek AMP.\r\n\r\nThe seeding will stabilize soil and restore vegetation to the burned area. Also, the perennial grasses will reduce future fire hazards to this area. The area is susceptible to cheatgrass invasion.\r\n\r\nThe establishment of perennial grass would provide multiple use benefits\r\nto all resource uses on the national resource lands.\r\nThe proposed perennial grass mixture will enhance wildlife habitat\r\nand improve quantity and quality of livestock forage.\r\nThe fine textured soils that are very susceptible to wind erosion will\r\nbe protected from the high winds which frequent the area.\r\nThe seeding will create a fire break and greatly reduce the chances of\r\nfuture fires in this area.",,,,,"Material Costs: $11,200\r\nLabor/Equipment Cost: $12,840.",22:05:00
Model 20,Nothern Basin and Range,Post-burn drill seeding,6885,2499,Implemented,Unknown,1,11/22/1974,11/22/1974,Acres,11750,Seeding,Drill Seeding,Ground Seeding: Drill,-1,Confirmed seed list,Clover Flat Mix 2,Seeds,Confirmed in GIS,Unknown,Species Specific,,Prevent erosion and further establishment of undesirable vegetation.,"10,000 acres should be seeded while surface soils are mostly in place","JDR 5405 shows an 11,750 acre seeding as completed. There is also a ""as seeded"" map showing the area was completed with the reported seed list.",Unknown,Polygon,Confirmed,Digitized by LTDL data entry personnel using a confirmed map,2/13/2019,8968.33,3554.44,VTRT is available in the GIS folder. The LTDL digitized shapefile was used because it shows greater detail.on seeded/unseeded areas.,Contractor,"Erosion, Loss of vegetation, Noxious Weeds, Habitat for wildlife, Forage for livestock, Forage quality, Livestock in treated area","Seeding the 10,000 acres of the burn would provide a perennial cover which would enhance watershed protection, wildlife habitat, and livestock forage production. Future fire\r\nsuppression cost would be reduced substantially. This alternative is much more costly than alternative #1. After establishment of the seeding and adequate rest for the balance of the burn, the fences would allow full implementation of the Devil Creek AMP.",Unknown,,Unknown,,"The map showing areas seeded was georeferenced and a digital shapefile was created for the area reported seeded with the species reported in the seed list. The acres calculated for this treatment area is 8,968.3 acres. There is a separate area shown on this map that is reported seeded with AGCR and the calculated acres for this treatment is 2,558 acres. The total acres seeded using the georeferenced area is 11,526 acres. \r\n\r\nThe Seeded Species Information documents shows 2 areas ""as seeded"" 1 areas acreage total is 9,190 and is assumed to be this seed treatment.",32:03:00
Model 20,Nothern Basin and Range,Post-burn drill seeding,7964,2867,Implemented,None,1,00/00/1974,00/00/1975,Acres,650,Seeding,Drill Seeding,Ground Seeding: Drill,-1,Planned seed list,,,Plan,,Species Specific,No variety is listed in the scanned documents for Hard Fescue.  No rate is listed for Stream bank Wheatgrass.,Add 250 AUMs livestock forage.,,,,Polygon,Confirmed,Digitized by LTDL data entry personnel using a map of unknown origin,3/18/2010,605.538604,587.3828859,,,Other (See Trt Notes),Add livestock forage,None,,None,,,16:30:00
Model 20,Nothern Basin and Range,Post-burn drill seeding,8140,2926,Implemented,Unknown,2,11/8/1965,3/17/1966,Acres,60,Seeding,Drill Seeding,Ground Seeding: Drill,-1,Planned seed list,Crazy Canyon,Seeds,Plan,Unknown,Species Specific,"The seed mix did not indicate whether bulk or PLS rates were used, therefore, unknown has been listed and all seed mix information has been entered into the Bulk category.",- - - - - Estimate - - - - -\r\n\r\nA seeding of 60 acres with Siberian wheatgrass...,- - - - - Estimate - - - - -\r\n\r\n...applied at 6# per acre with rangeland drill pulled by D-4 Cat.,"- - - - - Completion Report - - - - -\r\n\r\n60 acres that were burned over by the Crazy Canyon Fire, seeded at a rate of 6# per acre to Siberian Wheatgrass.",,Polygon,Confirmed,Digitized by LTDL data entry personnel using a confirmed map,1/29/2013,91.04147862,91.04159311,Based off Project Completion Report map.,BLM and Cooperators,Erosion,The purpose of the seeding is to stabilize the soil and prevent erosion on the Crazy Canyon Burn.,None,,None,,,04:08:00
Model 20,Nothern Basin and Range,Post-burn drill seeding,8351,3000,Implemented,Not Successful,2,11/4/1990,11/26/1990,Acres,5800,Seeding,Drill Seeding,Ground Seeding: Drill,-1,Confirmed seed list,Crow's Nest Redrill Mix,Seeds,Confirmed on Paper,Unknown,Species Specific,All seed was pre-mixed. The alfalfa was inoculated with dry inoculant.,,Seed 7700 acres to a mixture of perennial vegetation.,"The project consisted of reseeding approximately 5,800 acres with rangeland drills by the BLM Force Account Crew from 11/4/90 to 11/26/90. The area was seeded in 1985 but the seeding was not successful. An additional 600 acres was planned for seeding but was omitted due to heavy cheatgrass competition.",The area was seeded in 1985 but the seeding was not successful.,Polygon,Confirmed,"Digitized by BLM field office personnel, method unknown",,7729.31,7729.3,,Unknown,"Erosion, Invasion by Cheatgrass, Fire hazard, Loss of Perennials","Exceptional September rainfall in 1985 followed by exceptional rainfall and warm temperatures in late January, February, and early March, 1986, created exceptional conditions for spring cheatgrass germination and growth before drilling could begin. Deep-furrow drills were not available in adequate numbers, and, indeed, standard rangeland drills were not available in adequate numbers due to a large fire year in 1985 throughout the Intermountain area. For this reason grain drills had to be substituted for standard rangeland drills, Rangeland drills and especially the grain drills were not capable of removing adequate cheatgrass competition from the vicinity of the drill rows to allow use of the soil moisture by the seeded species.\r\n\r\nApril and May, 1986 were drier than normal and late May and early June were unseasonably warm, with temperatures in the 100s. It was apparent as early as July 1986, that the seeding had failed on the flatter basins and drainage bottoms where cheatgrass was abundant prior to the fire, while it was successful on uplands with sparse cheatgrass, particularly on north and east slopes. Thundershowers may have been a major factor in the success of those areas which did develop. Several years of below normal precipitation and unfavorable temperatures beginning in 1987 have greatly suppressed the cheatgrass on the failed portions of the 1985 seeding. The area now has much bare soil with a sparse mat of old weathered cheatgrass litter. The cheatgrass vegetation was not meeting either the original EFR objectives or Land Use Plan Objectives for the area. Now an opportunity to successfully replace the cheatgrass vegetation is at hand. Similar successful reseeding were done in the fall of 1977 on long-term cheatgrass areas which had been burned in the Bicentennial Fire on 1976 and had failed to germinate in 1977 due to severe drought.\r\n\r\nSpecific Objectives\r\n1. Provide long-term soil stability with a perennial canopy cover of 50-60% within three years on 7700 acres of public land. The canopy cover should consist of perennial grasses and forbs.\r\nNeeds: Practically all of the proposed seeding area was dominated by cheatgrass after the failure of the initial rehabilitation attempt. Scattered alfalfa and crested wheatgrass did establish, but not in sufficient amounts to suppress the annuals. Some natural sagebrush recruitment has also occurred. Much of the soil surface is now bare or with a sparse cover of old cheatgrass litter. A permanent perennial ground cover is needed to protect these sites during periodic droughts.\r\n\r\n2. Provide a greater diversity of plant species in the area consisting of perennial grasses and forbs within three years.\r\nNeeds: This burn lies in Multiple Use Area 7 (See Ecological Condition II.A.) A lack of species diversity characterizes the cheatgrass burn which is basically a three species community consisting of cheatgrass with lesser amounts of squirreltail and Sandberg bluegrass. Seedings should improve species diversity and site stability and increase multiple-use management options.\r\n\r\n3. Reduce fire hazard by reducing the composition of annual grasses. Establish a perennial vegetation canopy cover of 50-60% within three years.\r\nNeeds: Annual plants species dominate this area and have the potential of reburning every 2-5 years as has been observed in similar areas in this vicinity. A perennial plant community is needed to prevent the complete dominance of the site by annuals.",,,Dry,Conditions were fairly dry.,,31:54:00
Model 20,Nothern Basin and Range,Post-burn drill seeding,8630,3087,Implemented,Successful,2,12/21/2012,12/21/2012,Acres,2300,Seeding,Drill Seeding,Ground Seeding: Drill,-1,Confirmed seed list,Native Seed Mix,Seeds,Confirmed on Paper,Unknown,Species Specific,,The objective of this treatment was to prevent erosion by reducing bare ground with a drill seeding of perennial grasses.  The specific objective is that by the end of the third growing season following treatment that there will be a density of at least 1.5 plants/m2 within the treatment area.,"Ground seeding would primarily be done in those areas that prior to the fire contained sagebrush and antelope bitterbrush, these areas burned at a higher fire severity than other portions of the burn. The site had a scattered canopy of yellow rabbitbrush and antelope bitterbrush, and was dominated by basin big sagebrush with intermixed islands of Wyoming\r\nbig sagebrush and little sagebrush. The site had a perennial herbaceous understory containing bluebunch wheatgrass, Idaho fescue, crested wheatgrass, Thurber\u2019s needlegrass, bottlebrush squirreltail, Cusick\u2019s bluegrass and Sandbergs bluegrass.\r\nApproximately 3,500 acres of public land in the burned area would be seeded using rangeland drills during the fall of 2012 or spring of 2013 with a mixture of native and non-native perennial grasses and big sagebrush species. Evaluation of suitability for seeding occurred over the entire burned area using data collected in preparation of an Order 3 Soil Survey and Ecological Site Inventory. This data was primarily collected in 2007 and was used to determine pre-burn ecological condition and vegetative composition. Areas which were in late-potential natural communities (PNC's) ecological status were not considered for ground seeding, because they were determined to be at a lower risk for conversion to a system dominated by annual invasive grasses. Vegetation communities in late-PNC seral stage express a mosaic of species composition and structure consistent with site potential and should meet the objectives of the LUP. \r\nMost of the burn area is at a moderate risk for cheatgrass conversion. The site is moderately to highly suited for seeding using the rangeland drill, but prior treatments in the burn area have been successful. Areas not suited for rangeland seeding were identified and were not considered for treatment. Seed would be applied using rangeland drills which would be trailed by a cultipacker to compress the sagebrush seed into the soil surface. An additional 200 acres would be seeded using a UTV seeder during the fall of 2012 or the spring of 2013. \r\nTwo seed mixes have been designed for the Danner Loop 2 fire; they will contain bluebunch wheatgrass, snake river wheatgrass (Elymus wawawaiensis), Idaho fescue, bottlebrush squirreltail, Thurber\u2019s needlegrass, Siberian wheatgrass (Agropyron sibericum), and crested wheatgrass. The two seed mixes are a strictly native mix and a non-native/native mix. The non-native/native mix will contain crested wheatgrass and/or Siberian wheatgrass, bluebunch wheatgrass and/or Snake River wheatgrass, and Idaho fescue with bottlebrush squirreltail completing the seed mix. This mix will primarily be used in existing land treatment areas. However, there will be approximately 200 acres of native range which will be seeded using the non-native/native mix. Cheatgrass and medusahead rye have been spreading into this area from adjacent private land, and the potential expansion of these annual invasive grasses into the rest of the burn area is a concern of the IDT. The native mix will contain bluebunch wheatgrass and/or snake river wheatgrass, Idaho fescue and bottlebrush squirreltail with certain areas being selected for seeding with Thurber\u2019s needlegrass. The use of locally collected seed exists for bottlebrush squirreltail, Thurber\u2019s needlegrass and bluebunch wheatgrass. Although some of this seed is currently available, additional seed is currently in production under contract grow out and will be available this fall, assuming that the seed meets contract specifications. The demand for native seed on this project and others on the\r\nVale District exceeds the capacity of the native plant program so additional seed for these species will be acquired through other sources, like the Boise Seed Warehouse.",The drill seeding was implemented in December 2012 and into January of 2013.  The seed mixes utilized on this project are listed at the end of this table.,S-2 Ground Seeding\r\nThe specific objective of the ground seeding treatment is that by the end of the third growing season following treatment that the density of deep rooted perennial grasses (seeded or natural recovery) will be at least 1.5 plants/m2.  Two seed mixes were utilized as shown above in Part 5.\r\n\r\nIn FY13 a total of 3 vegetation monitoring plots were established to measure plant germination and density within the seeding areas.  \r\n\r\nResults of the monitoring indicate that current density as measured in FY 13 is 2.5 plants/m2.\r\n\r\nData measured in FY 14 indicate that average total cover was 66% inside the burn area\r\nand 78.6% outside the burn area. This equates to a 84% similarity. Based on this data\r\nthe objective for these two treatments has been achieved.\r\n2015 monitoring by Range personnel found that the success of regrowth was adequate for\r\nthe return of grazing and grazing was resumed.,Polygon,Confirmed,"Digitized by BLM field office personnel, method unknown",,2348.153051,2341.342628,,BLM,"Habitat for greater sage grouse, Loss of sagebrush, Loss of vegetation, Rangeland health, Erosion, Invasion by non-native annuals, Invasion by cheatgrass","The area burned by the Danner Loop 2 Fire is in need of treatment to ensure desirable vegetation will stabilize the site and prevent invasion by annual grasses and noxious weeds. This can be met by seeding competitive perennial vegetation on 3,716 acres and planting approximately 1030 acres of sagebrush and antelope bitterbrush seedlings. The treatment area will be closed to livestock grazing. This closure will allow for the rehabilitated area to be rested from grazing for one full year and through a second growing season at a minimum, or until monitoring data or professional judgment indicate that the health and vigor of desired vegetation has recovered to levels adequate to support and protect upland function. The minimum two growing season closure will be in effect until BLM personnel determine that residual perennial plant species have reached adequate levels of recovery to re-authorize livestock grazing use. Construction of ten miles of temporary fencing is needed to protect the burn area, minimize soil movement, and reduce the invasion of undesirable annual plants and noxious weeds. A cattleguard will also need to be installed along the Lower Cow Lakes Road. The site will be inventoried for the establishment of noxious weeds. If found, they would be treated in accordance with national and district guidelines for noxious weed treatment.",None,,None,,"The cost of the total seeding was 1,086,000, but the cost was not broken down between seed lists.",22:07:00
Model 20,Nothern Basin and Range,Post-burn drill seeding,8631,3087,Implemented,Successful,0,12/21/2012,12/21/2012,Acres,600,Seeding,Drill Seeding,Ground Seeding: Drill,-1,Confirmed seed list,Nonative/Native Mix,Seeds,Confirmed on Paper,Unknown,Species Specific,,The objective of this treatment was to prevent erosion by reducing bare ground with a drill seeding of perennial grasses.  The specific objective is that by the end of the third growing season following treatment that there will be a density of at least 1.5 plants/m2 within the treatment area.,"Ground seeding would primarily be done in those areas that prior to the fire contained sagebrush and antelope bitterbrush, these areas burned at a higher fire severity than other portions of the burn. The site had a scattered canopy of yellow rabbitbrush and antelope bitterbrush, and was dominated by basin big sagebrush with intermixed islands of Wyoming\r\nbig sagebrush and little sagebrush. The site had a perennial herbaceous understory containing bluebunch wheatgrass, Idaho fescue, crested wheatgrass, Thurber\u2019s needlegrass, bottlebrush squirreltail, Cusick\u2019s bluegrass and Sandbergs bluegrass.\r\nApproximately 3,500 acres of public land in the burned area would be seeded using rangeland drills during the fall of 2012 or spring of 2013 with a mixture of native and non-native perennial grasses and big sagebrush species. Evaluation of suitability for seeding occurred over the entire burned area using data collected in preparation of an Order 3 Soil Survey and Ecological Site Inventory. This data was primarily collected in 2007 and was used to determine pre-burn ecological condition and vegetative composition. Areas which were in late-potential natural communities (PNC's) ecological status were not considered for ground seeding, because they were determined to be at a lower risk for conversion to a system dominated by annual invasive grasses. Vegetation communities in late-PNC seral stage express a mosaic of species composition and structure consistent with site potential and should meet the objectives of the LUP. \r\nMost of the burn area is at a moderate risk for cheatgrass conversion. The site is moderately to highly suited for seeding using the rangeland drill, but prior treatments in the burn area have been successful. Areas not suited for rangeland seeding were identified and were not considered for treatment. Seed would be applied using rangeland drills which would be trailed by a cultipacker to compress the sagebrush seed into the soil surface. An additional 200 acres would be seeded using a UTV seeder during the fall of 2012 or the spring of 2013. \r\nTwo seed mixes have been designed for the Danner Loop 2 fire; they will contain bluebunch wheatgrass, snake river wheatgrass (Elymus wawawaiensis), Idaho fescue, bottlebrush squirreltail, Thurber\u2019s needlegrass, Siberian wheatgrass (Agropyron sibericum), and crested wheatgrass. The two seed mixes are a strictly native mix and a non-native/native mix. The non-native/native mix will contain crested wheatgrass and/or Siberian wheatgrass, bluebunch wheatgrass and/or Snake River wheatgrass, and Idaho fescue with bottlebrush squirreltail completing the seed mix. This mix will primarily be used in existing land treatment areas. However, there will be approximately 200 acres of native range which will be seeded using the non-native/native mix. Cheatgrass and medusahead rye have been spreading into this area from adjacent private land, and the potential expansion of these annual invasive grasses into the rest of the burn area is a concern of the IDT. The native mix will contain bluebunch wheatgrass and/or snake river wheatgrass, Idaho fescue and bottlebrush squirreltail with certain areas being selected for seeding with Thurber\u2019s needlegrass. The use of locally collected seed exists for bottlebrush squirreltail, Thurber\u2019s needlegrass and bluebunch wheatgrass. Although some of this seed is currently available, additional seed is currently in production under contract grow out and will be available this fall, assuming that the seed meets contract specifications. The demand for native seed on this project and others on the\r\nVale District exceeds the capacity of the native plant program so additional seed for these species will be acquired through other sources, like the Boise Seed Warehouse.",The drill seeding was implemented in December 2012 and into January of 2013.  The seed mixes utilized on this project are listed at the end of this table.,S-2 Ground Seeding\r\nThe specific objective of the ground seeding treatment is that by the end of the third growing season following treatment that the density of deep rooted perennial grasses (seeded or natural recovery) will be at least 1.5 plants/m2.  Two seed mixes were utilized as shown above in Part 5.\r\n\r\nIn FY13 a total of 3 vegetation monitoring plots were established to measure plant germination and density within the seeding areas.  \r\n\r\nResults of the monitoring indicate that current density as measured in FY 13 is 2.5 plants/m2.\r\n\r\nData measured in FY 14 indicate that average total cover was 66% inside the burn area\r\nand 78.6% outside the burn area. This equates to a 84% similarity. Based on this data\r\nthe objective for these two treatments has been achieved.\r\n2015 monitoring by Range personnel found that the success of regrowth was adequate for\r\nthe return of grazing and grazing was resumed.,Polygon,Confirmed,"Digitized by BLM field office personnel, method unknown",,668.92,668.92,,,"Habitat for greater sage grouse, Loss of sagebrush, Loss of vegetation, Rangeland health, Erosion, Invasion by non-native annuals, Invasion by cheatgrass","The area burned by the Danner Loop 2 Fire is in need of treatment to ensure desirable vegetation will stabilize the site and prevent invasion by annual grasses and noxious weeds. This can be met by seeding competitive perennial vegetation on 3,716 acres and planting approximately 1030 acres of sagebrush and antelope bitterbrush seedlings. The treatment area will be closed to livestock grazing. This closure will allow for the rehabilitated area to be rested from grazing for one full year and through a second growing season at a minimum, or until monitoring data or professional judgment indicate that the health and vigor of desired vegetation has recovered to levels adequate to support and protect upland function. The minimum two growing season closure will be in effect until BLM personnel determine that residual perennial plant species have reached adequate levels of recovery to re-authorize livestock grazing use. Construction of ten miles of temporary fencing is needed to protect the burn area, minimize soil movement, and reduce the invasion of undesirable annual plants and noxious weeds. A cattleguard will also need to be installed along the Lower Cow Lakes Road. The site will be inventoried for the establishment of noxious weeds. If found, they would be treated in accordance with national and district guidelines for noxious weed treatment.",None,,None,,"The cost of the total seeding was 1,086,000, but the cost was not broken down between seed lists. 600 acres were drill seeded, 200 ATV seeded.",41:55:00
Model 20,Nothern Basin and Range,Post-burn drill seeding,9085,3247,Implemented,None,2,2/11/2000,3/31/2000,Acres,14161,Seeding,Drill Seeding,Ground Seeding: Drill,-1,Confirmed seed list,,Seeds,Confirmed on Paper,Unknown,Species Specific,,,,"The drill seeding was completed by three contractors to complete 25,268 acres. Contractor Bill Doty, Contract No.NDC000010, Task Order No.FCD000010 #6 completed 14,161 acres drill\r\nseed. Work started on 2/11/00. The contractor used four rangeland tractors, four drill carts and twelve rangeland drills. The completion was 3/31/00. The seed mixture used on above drill seeding was the Dust Control mix. Distribution was 8.2lb/acre for a total of 116,000 pounds of seed. This project took place in the East Denio - Bilk Creek Allotment. The project Inspector on this was Gil Rivas.",,Polygon,Confirmed,"Digitized by BLM field office personnel, method unknown",,16854.29823,16798.6845,,Contractor,None,,None,,None,,,21:55:00
Model 20,Nothern Basin and Range,Post-burn drill seeding,9828,3497,Implemented,Unknown,1,6/1/1974,9/30/1974,Acres,9224,Seeding,Drill Seeding,Ground Seeding: Drill,-1,Confirmed seed list,,Seeds,Confirmed on Paper,Unknown,Species Specific,,Contract - Drill,Unknown,9224 acres of the total 9554 acre project area was drill seeded with AGCR at 6 lb./ac.\r\n\r\nThe JDR also states a total of 9284 acres was seed to AGCR but it is not clear if that was all drill/aerial. Both treatments reported in the estimate are being reported for this project since the completion info is not clear.,Unknown,Polygon,Confirmed,"Digitized by BLM field office personnel, method unknown",,9731.005834,9088.634231,"It is unclear which area received the aerial seeding, and which received the drill seeding.",Contractor,"Establishment of seeded species, Loss of desirable species, Loss of vegetation, Vegetal cover, Unprotected treatment area, Livestock in treated area",Wildfire Rehabilitation.,None,,None,,"The whole project area was used for this treatment because most of the area was slotted for drilling but 330 acres of this area was aerial seeded. The maps do not break up the area by treatment applications methods.\r\n\r\nContract Cost - $27,672.\r\nSeed Cost - $29,978.",13:05:00
Model 20,Nothern Basin and Range,Post-burn drill seeding,9977,3557,Implemented,None,2,00/00/1976,00/00/1976,Acres,1964,Seeding,Drill Seeding,Ground Seeding: Drill,-1,Confirmed seed list,,Seeds,Confirmed on Paper,Unknown,Species Specific,,,,,,Polygon,Confirmed,"Digitized by BLM field office personnel, using paper map",,1956.693712,1916.88148,,Contractor,Rangeland health,,None,,None,,,27:53:00
Model 20,Nothern Basin and Range,Post-burn drill seeding,9985,3560,Implemented,None,1,6/3/1965,6/30/1965,Acres,3195,Seeding,Drill Seeding,Ground Seeding: Drill,-1,No seed list,,Seeds,Unknown Seed List Origin,Unknown,Unknown,"The seed mix did not indicate whether bulk or PLS rates were used, therefore, unknown has been listed and all seed mix information has been entered into the Bulk category.",,,,,Polygon,Confirmed,"Digitized by BLM field office personnel, using paper map",,3543.366684,3543.372112,,BLM,Unknown,,None,,None,,,36:40:00
Model 20,Nothern Basin and Range,Post-burn drill seeding,10691,3813,Implemented,None,1,00/00/1984,00/00/1984,Acres,700,Seeding,Drill Seeding,Ground Seeding: Drill,-1,Confirmed seed list,Drill Seed Mix,Seeds,Confirmed on Paper,Unknown,Unknown,,Seed to improve livestock forage.,,,,Polygon,Confirmed,"Digitized by BLM field office personnel, method unknown",,672.0513481,671.5070383,,,"Fire hazard, Invasion by Cheatgrass, Provide forage for livestock","The project is needed to produce livestock forage adequate to sustain the cooperations preference is the this portion of the East. Warm springs allotment. Eventually enabling a shift along his presence to the area and establishing an individual allotment. The seeding will also reduce future burns occurring because expected reinvasion of cheatgrass, a flash fuel.",None,,None,,,38:11:00
Model 20,Nothern Basin and Range,Post-burn drill seeding,10804,3855,Implemented,None,2,9/00/1983,00/00/1984,Acres,39210,Seeding,Drill Seeding,Ground Seeding: Drill,-1,Confirmed seed list,East Sharp Top Rehab Mix,Seeds,Confirmed in Field,No control areas present,Species Specific,,,"The area to be seeded would be planted with rangeland drills this fall and early winter. Past experience has shown that, given a normal fall, the annual cereal ryegrass will germinates and reach a heights of 3 to 5 inches before winter. The crested wheatgrass will most likely germinate the following spring, and both species will be set seeded by that fall, one year from the time the area was seeded.",,,Polygon,Confirmed,Digitized by LTDL data entry personnel using a confirmed map,1/30/2012,42389.53847,42020.68276,,,None,,None,,None,,"The final summary reports states that 39210, however the JDR and a hand written memo shows different completed acres. The final acreage number was pulled from the summary report.",14:37:00
Model 20,Nothern Basin and Range,Post-burn drill seeding,11170,3964,Implemented,Unknown,1,10/19/1983,11/19/1983,Acres,1000,Seeding,Drill Seeding,Ground Seeding: Drill,-1,Confirmed seed list,Elk Butte Seeding Mix,Seeds,Confirmed on Paper,Unknown,Species Specific,,"The main objective of the fire rehabilitation is to hold the soil on the burn site with vegetative cover.\r\n\r\nDue to the sparse cover of understory grass species and the fact that the high intensity of the fire killed all the brush and most perennial species, natural regeneration will consist primarily of cheatgrass, which will continue to be a fire hazard and will provide a wide variance of cover depending upon soil and prevent invasion of undesirable weeds.","Artificially reseed the burn area to provide a soil holding, forage producing cover of perennial grass species. The established plants combined with contour dilling would both slow down overland flow of water, thus reducing potential erosion damage.",,,Polygon,Confirmed,Digitized by LTDL data entry personnel using a map of unknown origin,3/24/2010,2175.837301,1973.346734,,,"Erosion, Loss of Perenials","Without artificial revegetation, little natural recovery of perennial grasses would be expected for two reasons:\r\n1. The burn was fairly intense and hot burning into the crowns of all grasses, killing, most perennial grasses which may have\r\nnaturally revegetated the area.\r\n2. The light pumice soils create a severe abrasive action on young grass seedlings during windy periods. This condition favors\r\nperennial shrubs that have more durable seedlings. Crown sprouters, such as green rabbitbrush are usually the first to survive. Annual rye develops rapidly and is being used to develop quick soil holding where the revegetation by cheatgrass may be sparse and minimize the affects of blowing pumice on the slower developing perennial species.",None,,None,,,49:05:00
Model 20,Nothern Basin and Range,Post-burn drill seeding,11892,4247,Implemented,None,2,00/00/1975,00/00/1975,Acres,1730,Seeding,Drill Seeding,Ground Seeding: Drill,-1,Confirmed seed list,,Seeds,Confirmed on Paper,Unknown,Species Specific,,,,,,Polygon,Confirmed,"Digitized by BLM field office personnel, using paper map",,2318.440715,2186.7464880000002,,Contractor,Rangeland health,,None,,None,,,10:52:00
Model 20,Nothern Basin and Range,Post-burn drill seeding,11896,4249,Implemented,None,2,00/00/1973,00/00/1973,Acres,5043,Seeding,Drill Seeding,Ground Seeding: Drill,-1,Confirmed seed list,,Seeds,Confirmed on Paper,Unknown,Species Specific,,"The project will improve the watersheds of both Whitehorse and Fish\r\nCreeks and will provide higher quality water and decreased sediment\r\nyield downstream .\r\nAdditional forage created by the project will be used to relieve\r\nlivestock grazing pressure on the surrounding native range, which is\r\nin poor condition . It will be used to improve public land management\r\nin the 15 Mile Community Allotment .",,,,Polygon,Confirmed,"Digitized by BLM field office personnel, method unknown",,5395.531726,5392.292595,,Contractor,"Erosion, Overgrazing, Watershed degradation, Provide forage for livestock","Presently livestock grazing along Whitehorse Creek is damaging the\r\nhabitat for the rare and endangered Alvord trout , an inhabitant of\r\nthe stream . The development is needed to reduce livestock impact on\r\nstreamside browse during the early fall when cattle feed heavily upon\r\nthe willows .\r\nThe project will improve the watersheds of both Whitehorse and Fish\r\nCreeks and will provide higher quality water and decreased sediment\r\nyield downstream .\r\nAdditional forage created by the project will be used to relieve\r\nlivestock grazing pressure on the surrounding native range, which is\r\nin poor condition . It will be used to improve public land management\r\nin the 15 Mile Community Allotment .",None,,None,,,46:50:00
Model 20,Nothern Basin and Range,Post-burn drill seeding,13682,4920,Implemented,None,2,10/00/1989,10/31/1989,Acres,1100,Seeding,Drill Seeding,Ground Seeding: Drill,-1,Planned seed list,Drill Seed mix,Seeds,Plan,Unknown,Species Specific,"The seed mix did not indicate whether bulk or PLS rates were used, therefore, unknown has been listed and all seed mix information has been entered into the Bulk category.","Increase perennial fibrous-rooted vegetative cover to minimize non-geologic accelerates soils movement, increase water retention and improve site productivity. Establish and maintain a perennial vegetative cover of thirty percent within three years of rehabilitation. \r\n\r\nReestablish lost wildlife habitat and increase forage for wildlife. Establish and maintain a perennial forb composition of twenty percent by ocular estimate within 3 years.",The proposed action would be to contour drill seed all the oils within the burned areas except for the Chusk very stony loam. Work would be done in the fall of 1989 before the ground freezes. No drill seeding would occur on slopes exceeding twenty percent.,"Fire was spread over large area, had to stay out of archeological areas. Plays and drainages decreased because of sensitive soils. Did approx. 1100 acres. \r\n\r\nMore ground got dill seeded than was called for in the DRR of the Rehab EA for this effort. No Drainage ways were drilled. The drilling got as close as 50 yards from both playas. Neither of the arch sites got drilled. The existing seeding wasn\u2019t redrilled.",Unknown,Polygon,Confirmed,"Digitized by BLM field office personnel, method unknown",,1215.65,1203.59,,Force,"Erosion, Habitat for wildlife, Invasion by Cheatgrass, Invasion by non-native annuals, Loss of Perennials, Loss of vegetation, Provide cover for wildlife, Provide forage for wildlife, Watershed degradation","The Twin Falls Management Framework Plan, completed in 1981, identifies the need to maintain or improve the area for wildlife and watershed values. The fire occurred in a yearlong antelope range and in sage grouse critical winter and yearlong ranges as well as in critical nesting and brood reading areas. Other MFP objectives include, but are not limited to, maintain existing perennial forage plants, maintain and protecting soil stability and increasing the availability of perennial forage plants.\r\n\r\nSince the perennial vegetative was lost due to fire, annuals will colonize this 2000 acre site. Without competition from perennials, Halogeton, tumble mustard and cheatgrass will establish themselves to the exclusion of more desirable perennials. Reseeding the feasible areas with perennials will achieve more effectively the objectives of reducing soil erosion, increasing available water holding of the soil and increasing the short and long term productivity.",None,,None,,,03:42:00
Model 20,Nothern Basin and Range,Post-burn drill seeding,14638,5283,Implemented,None,2,9/1/2005,10/25/2005,Acres,1125,Seeding,Drill Seeding,Ground Seeding: Drill,-1,Planned seed list,,Seeds,Plan,Unknown,Overall,"There was only a general rate listed for all species combined indicated here, specific rates for each species were not possible. The seed mix did not indicate whether bulk or PLS rates were used, therefore, unknown has been listed and all seed mix information has been entered into the Bulk category.","The specific objectives of the proposed action would be to replace the existing annual vegetation\r\nand restore adapted perennial grasses, forbs and shrubs. In addition, the establishment of\r\nperennial grasses, forbs and shrubs is expected to reduce wildland fire frequency and associated\r\nsuppression costs and allow more natural ecological functions to occur.","The Fall following the burn and spray treatment, the treated area would be seeded with a\r\nmixture of adapted perennial grasses, forbs and shrubs. Both native and nonnative seed\r\nmixes would be utilized. Native plants would be used to the extent possible in areas\r\nwhich retain remnant native herbaceous species and have the potential for reestablishment\r\nof native species with available plant material. Based on availability and site suitability,\r\nspecies may include the following: bluebunch wheatgrass, bottlebrush squirreltail, great\r\nbasin wildrye, Lewis flax, western yarrow, scarlet globemallow, big sagebrush, four-wing\r\nsaltbrush or other adapted natives. The perimeter of these treatment blocks may be lined\r\nwith strips from 100 to 300 feet (greenstripping) with nonnative species more resistant to\r\nwildfire to break up fuel continuity and protect these areas from future wildfire and\r\nreinvasion by annual weedy species. Nonnative plants will be used in areas that are more\r\nheavily infested with invasive annual species, in areas where suitable adapted natives are\r\n5\r\nnot available, and in areas to provide fuel breaks to reduce the size, spread and\r\noccurrence of wildfire both in wildland urban interface areas and transitional areas\r\nadjacent to more intact shrub habitat. Species mixtures may include plants such as\r\ncrested wheatgrass, great basin wildrye, bluegrass, bottlebrush squirreltail, forage kochia,\r\nfour-wing saltbrush and big sagebrush. Depending upon individual species' seeding\r\nrequirements, the seeding/planting would be done using a rangeland drill and/or broadcast\r\napplication. Anticipated native and nonnative seed mix areas are identified on map 3. As\r\nmore native plant material becomes available either through release of new cultivars or\r\ncollection and propagation of locally adapted species, these may be substituted and used\r\non areas identified for seeding with nonnative mixes.\r\nFollowing treatment, the area would be closed from livestock grazing for a minimum\r\nperiod of two growing seasons. Approximately eight miles of temporary fence (map 4)\r\nbuilt to BLM specifications to allow for wildlife movement would be constructed to keep\r\nlivestock off of treated areas.",,,Polygon,Confirmed,"Digitized by BLM field office personnel, using a GPS unit on the ground",,2103.295802,2103.295891,,BLM and Cooperators,"Fire hazard, Rangeland health","The specific objectives of the proposed action would be to replace the existing annual vegetation\r\nand restore adapted perennial grasses, forbs and shrubs. In addition, the establishment of\r\nperennial grasses, forbs and shrubs is expected to reduce wildland fire frequency and associated\r\nsuppression costs and allow more natural ecological functions to occur.",None,,None,,,16:56:00
Model 20,Nothern Basin and Range,Post-burn drill seeding,16007,5805,Implemented,None,2,00/00/1974,00/00/1975,Acres,16745,Seeding,Drill Seeding,Ground Seeding: Drill,-1,Confirmed seed list,,Seeds,Confirmed on Paper,Unknown,Species Specific,"seeding rates are confirmed, acreage is planned.",,,,,Polygon,Confirmed,"Digitized by BLM field office personnel, using paper map",,20004.11703,20004.19912,,Contractor,"Provide forage for livestock, Rangeland health",,None,,None,,,16:36:00
Model 20,Nothern Basin and Range,Post-burn drill seeding,16538,5971,Implemented,Unsuccessful,2,12/28/2001,2/28/2002,Acres,35287,Seeding,Drill Seeding,Ground Seeding: Drill,-1,Planned seed list,,Seeds,Plan,Unknown,Species Specific,,"1. Stabilize soils and reduce future fire hazards in cheatgrass dominated areas by\r\nreducing the re-establishment of annual grasses and weeds, through seeding adapted nonnative\r\nspecies. Protect the rehabilitation effort by excluding livestock grazing in the\r\nnative and seeded burned areas within the pastures for at least two growing seasons (i.e.\r\nfirst full year and until seed ripe the second year). Allow limited livestock grazing on\r\nestablished crested wheatgrass seedings that were burned after seed ripe the first year if\r\nvigor and health of the seeding has recovered by that time.\r\n2. Restore vegetative structure, increase effective precipitation by capturing and holding\r\nsnow during the winter months by establishing a deep rooted shrub component in some\r\nselected areas in the plant community.","The proposed action would be to seed approximately 1,500 acres of the Jordan Creek\r\nFire and 33,787 total acres in the Jackies Butte Fire for a total of 35,287 acres with a\r\nnon-native seed mix using rangeland drills","Drilled 35,287 acres for an average cost of $16.49/acre.","During the summer of 2004 the rehabilitation project was monitored to determine success of\r\nseeding efforts, weed infestations, and the recovery of areas burned, but unseeded. Sixteen\r\ndifferent areas were monitored within the rehab area of which 13 are located on the Jackie Butte\r\nFire and 3 are located on the Jordan Creek Fire. At each area, one transect of 25 plots was taken\r\nwith a 3 foot diameter hoop. At each plot the number of seeded plants and natural regenerating\r\nplants were recorded, as well as the presence or absence of noxious weeds.\r\nMonitoring results for 2004 showed exceptional regeneration in all areas burned, including\r\nseeded and non-seeded areas. Of the three transects on the Jordan Creek Fire, 14% of the\r\nmonitoring sites had 1-5 plants existing. Of the 13 sites monitored on the Jackie Butte Fire, 10%\r\nhad 1-5 seeded grass plants and 1% had 6 or more seeded grass plants. In all 16 sites monitored\r\nno sagebrush seedlings were found.\r\nTo date, the success of the seeded areas is poor. We determined if over half the plots in one\r\ntransect had 6 or more plants the seeding would be considered successful. At best there were\r\nonly 3 plots that had hits in the \u201c6 or more\u201d category. Some of these seedlings will not survive\r\nto be mature plants. We have been in a drought the last several years which may account for the\r\npoor germination; however we need to continue monitoring for another year to determine the\r\neffectiveness of the treatment type.\r\nWhat didn\u2019t work: Seeding\r\nLessons learned: Drought was considered the biggest factor in the success/failure of the areas we\r\nseeded. Also the time of year seed was set into the ground. Lawsuits delayed implementation of\r\nthe seeding contract until late December. Ground conditions were unfavorable for seeding at\r\nthat time. Our monitoring data was consistent in showing that native and non-native grass\r\nspecies that were established before the fire re-established themselves. This is what monitoring\r\nshowed uniformly over the entire rehab area.",Polygon,Confirmed,"Digitized by BLM field office personnel, method unknown",1/1/1900 0:00,27256.3184,27134.35846,,BLM,"Erosion, Watershed degradation, Loss of vegetation, Loss of Perennials","Objectives for the Jackies Butte/Jordan Creek Fire Rehabilitation Plan are as follows:\r\n1. Stabilize soils and reduce future fire hazards in cheatgrass dominated areas by\r\nreducing the re-establishment of annual grasses and weeds, through seeding adapted nonnative\r\nspecies. Protect the rehabilitation effort by excluding livestock grazing in the\r\nnative and seeded burned areas within the pastures for at least two growing seasons (i.e.\r\nfirst full year and until seed ripe the second year). Allow limited livestock grazing on\r\nestablished crested wheatgrass seedings that were burned after seed ripe the first year if\r\nvigor and health of the seeding has recovered by that time.\r\n2. Restore vegetative structure, increase effective precipitation by capturing and holding\r\nsnow during the winter months by establishing a deep rooted shrub component in some\r\nselected areas in the plant community.\r\n3. Restore the boundary fence for protection of the seedings and burned area.\r\n4. Repair 50 miles of damaged road for public access, safety, and decreased soil erosion.\r\nThis would be accomplished by grading the surface in the spring of the year after the\r\ndisturbed soil has settled from the winter precipitation. Also due to the underlying\r\nsilty-loam soils&* gravel would have to be imported to certain portions of the road to fill\r\nand cover these highly erosive soils.",None,,None,,,56:48:00
Model 20,Nothern Basin and Range,Post-burn drill seeding,18010,6529,Implemented,None,2,3/24/2000,3/24/2000,None,,Seeding,Drill Seeding,Ground Seeding: Drill,-1,Unknown seed list,Drill Seed Mix,Seeds,Unknown Seed List Origin,Unknown,Species Specific,,To rehab burned area and restore vegetation.,,,"This area was seeded to perennial shrub and grass species in the spring of 2000. Inspections over the last couple of years reveal that few perennial plants survived the first couple years of the project.\r\nThere is a limited amount of Great Basin wildrye, crested wheatgrass, Four wing saltbush and forage kochia in the seeding. Otherwise the seeding has been overcome with a thick stand of cheatgrss.",Polygon,Confirmed,Not Determined,,2840.596553,2464.618012,,,None,,None,,None,,It is unknown where the original data entry personell got the monitoring information for this project. Not included in project folder.,42:36:00
Model 20,Nothern Basin and Range,Post-burn drill seeding,18945,6887,Implemented,None,2,11/15/2012,12/15/2013,Acres,925.1,Seeding,Drill Seeding,Ground Seeding: Drill,-1,Confirmed seed list,Mix 1,Seeds,Confirmed on Paper,Unknown,Species Specific,,"The objectives for cover will be to obtain 70% of all perennial plant cover found in the associated reference site, or, when not possible, achieve 50% of the lowest value for perennial cover associated with the appropriate ecological or range site by the end of the third year. Density objectives for aerially seeded areas will be based on having three seeded species firmly rooted per square meter by first or second growing season following seeding.","Drill seed or broadcast and harrow seed a total of 2,948 acres with competitive perennial\r\ngrasses and forbs. This activity will be coordinated with chemical control of invasive\r\nannual plant species.\r\nApproximately 2,538 (of the 2,948 acre total) acres will be seeded within former cheatgrass\r\ndie-off areas, with the remaining 410 acres to occur in areas which were identified as\r\nhaving a high potential for wind erosion and non-native species invasion. Establishment of\r\nperennial grasses/shrubs will be necessary to stabilize soils in these identified areas.","Drill seeding occurred within historic cheatgrass ""die-off&& areas utilizing Siberian Wheatgrass, Sandberg\u2019s bluegrass Indian ricegrass, and 4-wing saltbush mix. Entire area was then broadcast seeded (on snow) with Wyoming sagebrush.","T4-A2-LOCY-13\r\nTreatment: aerially seeded with A. tridentata ssp. vaseyana, P. secunda, and A.\r\nmillefolium\r\n2015: The plot meets the ESR objective for perennial cover. It does not meet the\r\nlivestock closure objective. The plot meets the objective for density of seeded species.\r\nThe flora is relatively diverse in this plot. B. tectorum is common to codominant and\r\noccupies much of the understory. Some soil degradation has occurred, as shown by\r\nconnected water-flow patterns, reduced soil stability, and pedestalling on perennial\r\nplants.",Polygon,Confirmed,"Digitized by BLM field office personnel, method unknown",,925.7453481,925.7240451,,,"Habitat for antelope, Habitat for desert bighorn sheep, Habitat for greater sage grouse, Habitat for mule deer, Loss of perennials, Loss of native vegetation, Loss of riparian vegetation, Loss of sagebrush, Loss of vegetation, Invasive species",,None,,None,,,05:13:00
Model 20,Nothern Basin and Range,Post-burn drill seeding,18947,6887,Implemented,None,2,11/15/2012,12/15/2013,Acres,690,Seeding,Drill Seeding,Ground Seeding: Drill,-1,Confirmed seed list,Broadcast Mix,Seeds,Confirmed on Paper,Unknown,Species Specific,,"The objectives for cover will be to obtain 70% of all perennial plant cover found in the associated reference site, or, when not possible, achieve 50% of the lowest value for perennial cover associated with the appropriate ecological or range site by the end of the third year. Density objectives for aerially seeded areas will be based on having three seeded species firmly rooted per square meter by first or second growing season following seeding.","Drill seed or broadcast and harrow seed a total of 2,948 acres with competitive perennial\r\ngrasses and forbs. This activity will be coordinated with chemical control of invasive\r\nannual plant species.\r\nApproximately 2,538 (of the 2,948 acre total) acres will be seeded within former cheatgrass\r\ndie-off areas, with the remaining 410 acres to occur in areas which were identified as\r\nhaving a high potential for wind erosion and non-native species invasion. Establishment of\r\nperennial grasses/shrubs will be necessary to stabilize soils in these identified areas.","Drill seeding occurred within historic cheatgrass ""die-off&& areas utilizing Siberian Wheatgrass, Sandberg\u2019s bluegrass Indian ricegrass, and 4-wing saltbush mix. Entire area was then broadcast seeded (on snow) with Wyoming sagebrush.",,Polygon,Confirmed,"Digitized by BLM field office personnel, method unknown",,1637.272587,1637.248035,,BLM,"Habitat for antelope, Habitat for desert bighorn sheep, Habitat for greater sage grouse, Habitat for mule deer, Loss of perennials, Loss of native vegetation, Loss of riparian vegetation, Loss of sagebrush, Loss of vegetation, Invasive species",,None,,None,,,08:52:00
Model 20,Nothern Basin and Range,Post-burn drill seeding,18957,6892,Implemented,None,1,11/16/2012,12/30/2012,Acres,41875.92,Seeding,Drill Seeding,Ground Seeding: Drill,-1,Confirmed seed list,Nonnative Mix,Seeds,Confirmed on Paper,Unknown,Species Specific,,The objective of this treatment was to prevent erosion by reducing bare ground with a drill seeding of perennial grasses. The specific objective is that by the end of the third growing season following treatment that there will be a density of at least 1.5 plants/m2 within the treatment area.,"Approximately 78,546 acres of public land in the burned area would be seeded using rangeland drills and multiple seed mixes (see map 4). Specific treatments and seed mixes are discussed in detail below. All treatments will be completed during the fall of 2012.",The drill seeding was implemented during October through\r\nDecember 2012. The seed mixes utilized on this project are listed at the end of this table.,"The specific objective of the ground seeding treatment is that by the end of the third growing season following treatment that the density of deep rooted perennial grasses (seeded or natural recovery) will be at least 1.5 plants/m2. Three seed mixes were utilized as shown above in Part 5. The objective of the sagebrush application treatments is by the end of the third growing season there is 1.5 live sagebrush plants per 50 square meters.\r\nThe table listed below shows the FY13 monitoring data. Results of this data are inconclusive at this point, and need continued monitoring information to further evaluate treatment results.\r\n\r\n2022 Monitoring Data\r\nNonnative Grass Drill Seeding\r\nAreas that had been previously drilled with nonnative grasses, from the era of Vale Projects of chaining and nonnative drill seedings, we reseeded with a nonnative mix of Siberian and crested wheatgrass. This treatment was widely successful except for the density objective of 3 plants per squared meter. Combined Siberian and crested wheat grass have a foliar cover of 21.8%.",Polygon,Confirmed,"Digitized by BLM field office personnel, method unknown",,41878.66685,41827.78991,,BLM,"Habitat for greater sage grouse, Loss of sagebrush, Loss of vegetation, Erosion, Invasion by cheatgrass, Invasion by non-native annuals, Rangeland health","Restore, protect, and enhance the diversity and distribution of desirable vegetation communities including perennial native and desirable introduced plant species. Provide for their continued existence and normal function in nutrient, water, and energy cycles.",None,,None,,"Total cost of the drill seeding treatment was $6,433,000.00, but it was not broken down by each seed list.",34:31:00
Model 20,Nothern Basin and Range,Post-burn drill seeding,18958,6892,Implemented,None,0,11/16/2012,12/30/2012,Acres,16326.1,Seeding,Drill Seeding,Ground Seeding: Drill,-1,Confirmed seed list,Native Mix,Seeds,Confirmed on Paper,Unknown,Species Specific,,The objective of this treatment was to prevent erosion by reducing bare ground with a drill seeding of perennial grasses. The specific objective is that by the end of the third growing season following treatment that there will be a density of at least 1.5 plants/m2 within the treatment area.,"Approximately 78,546 acres of public land in the burned area would be seeded using rangeland drills and multiple seed mixes (see map 4). Specific treatments and seed mixes are discussed in detail below. All treatments will be completed during the fall of 2012.",The drill seeding was implemented during October through\r\nDecember 2012. The seed mixes utilized on this project are listed at the end of this table.,"The specific objective of the ground seeding treatment is that by the end of the third growing season following treatment that the density of deep rooted perennial grasses (seeded or natural recovery) will be at least 1.5 plants/m2. Three seed mixes were utilized as shown above in Part 5. The objective of the sagebrush application treatments is by the end of the third growing season there is 1.5 live sagebrush plants per 50 square meters.\r\nThe table listed below shows the FY13 monitoring data. Results of this data are inconclusive at this point, and need continued monitoring information to further evaluate treatment results.\r\n\r\n2022 Monitoring Data\r\nSagebrush Aerial Seeding & Native Grass Drill Seeding\r\nPart of the area that was aerial seeded with sagebrush was also drill seeded with a native grass mix to not only bring back the sagebrush, but to also reestablish bunch grasses to stabilize soils post fire. According to the data collected in 2022, the sagebrush has not made much progress in reestablishing the burn scar and currently has a foliar cover percentage of 0.66 (Table 7-7). The data shows the native drill seeding as successful for all objectives set, except for the density per meter squared. The grass in the seed mix for the drill seeding was primarily bluebunch wheatgrass (Psuedoroegneria spicata) and the seeded areas have that species at 21.78% foliar cover.",Polygon,Confirmed,"Digitized by BLM field office personnel, method unknown",,15907.2492,15907.10958,,BLM,"Habitat for greater sage grouse, Loss of sagebrush, Loss of vegetation, Erosion, Invasion by cheatgrass, Invasion by non-native annuals, Rangeland health","Restore, protect, and enhance the diversity and distribution of desirable vegetation communities including perennial native and desirable introduced plant species. Provide for their continued existence and normal function in nutrient, water, and energy cycles.",None,,None,,"Total cost of the drill seeding treatment was $6,433,000.00, but it was not broken down by each seed list.",36:58:00
Model 20,Nothern Basin and Range,Post-burn drill seeding,19525,7114,Implemented,Unknown,2,10/18/1966,11/31/1966,Acres,6590,Seeding,Drill Seeding,Ground Seeding: Drill,-1,Confirmed seed list,Drill Mix,Seeds,Confirmed on Paper,Unknown,Overall,"There was only a general rate listed for all species combined indicated here, specific rates for each species were not possible.\r\nThe documentation also refers to ""seedlings"" but this is interpreted as a misstatement: Seedlings were treated pre-planting with Dow Latex No. 512R\r\n4.1 lbs./acre","To reseed Public Domain areas intermingled with private ground that were burned in Magic Fire 14E. Seeding of burned over area to crested wheatgrass, to stabilize soil, prevent erosion and provide suitable forage for livestock and wildlife.",Unknown,"Reseeding started in October 18 and completed November 31, 1966. Species planted were crested wheatgrass and intermediate wheatgrass. All of the area was reseeded with drills at the rate of 4.1 lbs. per acre.",Unknown,Polygon,Confirmed,"Digitized by BLM field office personnel, method unknown",,13581.51736,12539.88468,,BLM and Cooperators,"Habitat for mule deer, Provide cover for wildlife, Provide forage for wildlife, Habitat for sage grouse","About 3,000 acres of critical mule deer habitat was burned by the fire.\r\nMuch of this is on private and State land but about 480 acres of BLM administered\r\nland important as deer winter range was burned.\r\nThe primary browse species in the area are bitterbrush and serviceberry.\r\nMore important deer winter range is located east of Shoshone Creek, out\r\nof the fire area. Both the eastern unburned area and the burned area\r\nprovide year round range for local deer and winter range for higher\r\nelevation deer populations of both Idaho and Northern Nevada.\r\nAlso within the burned area, habitat for sage grouse was destroyed.\r\nThe area formerly supported large numbers of sage grouse but during the\r\nlast decade there has been a steady decline in numbers. Numerous sage\r\ngrouse strutting grounds formerly occupied by 50-60 males are now used\r\nby only 6-10 males.\r\nConfirmed and unconfirmed reports of a total of about 20 deer killed by\r\nthe fire have been received. Idaho Fish and Game Department personnel\r\nhave photographs showing sage grouse killed by the fire.\r\nThe U. S. Forest Service has already devised plans for restoring wildlife\r\nhabitat destroyed by fire on the land they administer., In all certainty,\r\nwildlife habitat losses will not be recognized in the rehabilitation of\r\nState and private lands, thus adding even more importance to restoring\r\nwildlife habitat on BLM-administered lands.\r\nRehabilitation of wildlife habitat in the BLM-administered area should\r\nhave two objectives: (1) restore shrub species in areas significant as\r\nwinter deer habitat&* and (2) attempt to determine successful species\r\nand methods of propagation that could be used with confidence on other\r\ncrucial areas that will surely burn in the future. Lack of seed sources\r\nor planting stock will limit the various species that should be used.\r\nOn those areas where fire completely removed the sagebrush, there is\r\nno reason to consider forbs or legumes for sage grouse except on those\r\nburned areas contiguous to remaining sage stands. In these areas,\r\nLadak or nomad alfalfa would be beneficial for sage grouse and other\r\nwildlife species, providing subsequent livestock use of the area could\r\nbe managed closely enough to permit establishment and maintenance of\r\nthe alfalfa.\r\nFor rehabilitation of deer habitat it is recommended that 200 acres in\r\nthe S~, 833, T15S, R16E.,BH be seeded at the rate of three pounds of\r\nbitterbrush and four pounds of yellow sweet clover per acre. It is\r\nalso believed cliff rose will do well in this area. About nine acres\r\nshould be seeded at the rate of three pounds of cliff rose and four\r\npounds of yellow sweet clover per acre.\r\nPrior to planting, the bitterbrush seed should be treated with various\r\nchemicals to repel rodents and birds. A mixture of 0.5 percent Endrin,\r\n2.0 percent Arasan, and a coating of aluminum powder should be used.\r\n- A diluted latex solution serves as an adherent. After treatment, the\r\nseed should be allowed to dry before planting. The sweet clover should\r\nbe inoculated with nitrogen-fixing bacteria prior to planting.\r\nThe area planted should be fenced to exclude all livestock use for\r\nperhaps as long as three years. Livestock use should be carefully\r\ncontrolled as to time and amount of use subsequent to establishment\r\nof the browse species. This should not be too difficult to achieve with\r\nthe highly productive 5l,OOO-acre Berger Resource Conservation Area so\r\nclosely adjacent to the burned area.",Unknown,,Unknown,,"The purpose of this memo is to describe the materials and procedures\r\nused in seeding that portion of the BLM lands that were determined to\r\nbe deer winter range. Due to the broken land pattern in the area,\r\nonly about 480 acres of the burned over winter range is BLM administered;\r\nof this 480 acres, only 160 acres were seed able. The entire seed able\r\narea was seeded in late October and early November, 1966.",24:52:00
Model 20,Nothern Basin and Range,Post-burn drill seeding,21772,7940,Implemented,None,2,10/00/1986,2/00/1987,Acres,8800,Seeding,Drill Seeding,Ground Seeding: Drill,-1,Planned seed list,,Seeds,Plan,Unknown,Species Specific,,1. Prevent loss of additional vegetative cover.\r\n2. Prevent loss of soil through erosion (wind and water) and on-site\r\nproductivity of ecological sites.\r\n3. Prevent the loss of water control and deterioration of water quality.\r\n4. Prevent damage to property on and off-site.\r\n5. Prevent the invasion of burned areas by highly flammable plants which\r\nproduce a high potential for a reburn and additional site\r\ndeterioration.\r\n6. Prevent loss of 100 acres of bitterbrush dominated sites providing\r\nmule deer winter habitat.,"The method of rehabilitation to be used is rangeland drills, date of proposed\r\naction is September, 1986. Seed prescription three was selected which is 6\r\nPLS lbs.. Siberian wheatgrass, .5 PLS lb. small burnet, .5 PLS lbs. sainfoin.\r\nSainfoin was substituted for alfalfa, the Quinn River Valley is an alfalfa\r\nseed producing area. Alfalfa in the seed mixture could be a potential host\r\nfor the alfalfa seed chalcid Bruchophogue roddi. The bitterbrush seed will be\r\nhand broadcast at a rate of three pounds per acre in specific areas, where\r\nannual precipitation is greater than 12 inches. Total acres proposed for\r\nseeding are 9,245 (see map of treatment areas).",,,Polygon,Confirmed,"Digitized by BLM field office personnel, method unknown",,16148.01882,14084.07313,,Contractor,"Erosion, Watershed degradation, Loss of vegetation","Fire left the area void of vegetation. Vegetation cover is necessary to protect the\r\nwatershed, prevent erosion, and prevent invasion by less desirable annual species.",None,,None,,"The EA states that the bitterbrush was to be hand broadcast, but there is no documentation that says how it was applied so it is included in the drill seeding.",34:49:00
Model 20,Nothern Basin and Range,Post-burn drill seeding,22209,8106,Implemented,None,1,1/1/1999,12/31/2000,Acres,413,Seeding,Drill Seeding,Ground Seeding: Drill,-1,Confirmed seed list,,Seeds,Confirmed on Paper,Unknown,Species Specific,,"Reduce future me hazards and provide for establishment m' perennial grasses\r\nand shrubs by significantly reducing the re-establishment of annual grasses and\r\nweeds, through seeding adapted non-native species and protect the\r\nrehabilitation effort through excluding grazing.","The proposed action is to seed 413 acres using rangeland drills. The 413 acres of the area\r\ndrilled would be aerial broadcasted with Wyoming big sagebrush, given seed availability, at a\r\nrate of one pound per acre (8-10% Pure Live Seed) with three pounds of nitrogen fertilizer or\r\nfiller during aerial broadcasting.",,,Polygon,Confirmed,"Digitized by BLM field office personnel, method unknown",,378.9958504,378.9958504,,BLM,"Erosion, Watershed degradation, Loss of vegetation, Rangeland health","Objectives for the North Caviatta Fire Rehabilitation Plan are as follows:\r\n1. Reduce future me hazards and provide for establishment m&$ perennial grasses\r\nand shrubs by significantly reducing the re-establishment of annual grasses and\r\nweeds, through seeding adapted non-native species and protect the\r\nrehabilitation effort through excluding grazing.\r\n2. Establish a deep rooted shrub component in the plant community to reduce\r\nsoil erosion, restore perennial cover, restore vegetative structure for wildlife,\r\nincrease effective precipitation by capturing and holding snow during the winter\r\nmonths",None,,None,,,09:23:00
Model 20,Nothern Basin and Range,Post-burn drill seeding,23109,8446,Implemented,None,2,10/00/1964,11/00/1964,Acres,9265,Seeding,Drill Seeding,Ground Seeding: Drill,-1,Confirmed seed list,,Seeds,Confirmed on Paper,Within Treatment,Species Specific,,,,"The area was drilled by Force Account Crews using Rangeland Drills, to\r\nCrested Wheatgrass, at a rate of 8.3 pounds per acre.",The area received an\r\nunusually heavy spring rain and now has a very good stand of Crested Wheatgrass.\r\nSignature Title,Polygon,Confirmed,"Digitized by BLM field office personnel, method unknown",,9893.550213,9854.832161,,BLM,None,,None,,None,,,55:06:00
Model 20,Nothern Basin and Range,Post-burn drill seeding,23960,8784,Implemented,None,2,00/00/1977,00/00/1978,Acres,150,Seeding,Drill Seeding,Ground Seeding: Drill,-1,Confirmed seed list,Drill Seed Mix,Seeds,Confirmed on Paper,Unknown,Species Specific,,To increase wildlife and livestock forage and reduce watershed erosion.,,,,Polygon,Confirmed,Digitized by LTDL data entry personnel using a map of unknown origin,8/4/2010,196.6600499,182.5213439,,,None,,None,,None,,"Areas that cannot be drilled will be areial seeded. However, there is no indication if there was any aerial seeding or where it happened.",14:55:00
Model 20,Nothern Basin and Range,Post-burn drill seeding,24080,8833,Implemented,Successful,1,00/00/2002,00/00/2003,Acres,3800,Seeding,Drill Seeding,Ground Seeding: Drill,-1,Planned seed list,,Seeds,Plan,Unknown,Species Specific,,"Drill seed to reestablish adaptive perennial bunch grasses before invasive grass species such as Cheatgrass, Medusahead Ryegrass, Whitetop and Scotch Thistle invade and dominate these newly disturbed range sites.","Seed approximately  3,800 acres of the Pinto Horse Fire with an adapted perennial seed mix using rangeland drills for the grass seed.  Use of drills on the 1,800 acres in the WSA (see map 3) would be done in such a manner as to not produce a row appearance of seeded species or have lasting surface disturbance evidence.   The passing of the drills over the land \u201cerases\u201d the tracks made by the machinery pulling the drills.  A manufactured multi-positional harrow drag would be pulled behind the drills to obscure the visual appearance of their passing as well as to displace seed over an area beyond the furrow created by the drills. Chains with a six inch ring would be attached to and pulled behind each disc arm to obscure any furrow created by the drill.","As of 2004,  57% of the plots had at least 1 seeded grass species germinate.  Monitoring also showed a moderate survival rate of seeded grasses recorded in 2003.  The seeded grasses seem to be successful.",,Polygon,Confirmed,"Digitized by BLM field office personnel, method unknown",,2911.164433,2825.555583,,,"Invasion by Cheatgrass, Provide forage for wildlife, Erosion, Invasion by non-native annuals, Other (See Trt Notes)","Establish adapted perennial plant species to stabilize soils, prevent re-invasion of cheatgrass, reduce fire frequency and future fire hazards, maintain and/or restore ecological integrity and habitat, and establish a perennial forage base for wildlife and livestock.  Stabilize soils from wind and water erosion by augmenting native range with adapted, perennial plant species.  Reduce future fire hazards in cheatgrass dominated areas by seeding adapted, perennial plant species.  Maintain or restore ecological integrity and function to the ESR area.  Restore vegetative structure, in order to capture and hold snow during the winter months and manage moisture on site more effectively.",None,,None,,Plan called for site specifically adapted perennial plant species seed mixes and Wyoming big sagebrush.,09:32:00
Model 20,Nothern Basin and Range,Post-burn drill seeding,24515,8996,Implemented,None,2,12/1/2013,1/1/2014,Acres,100,Seeding,Drill Seeding,Ground Seeding: Drill,-1,Confirmed seed list,,Seeds,Confirmed on Paper,Unknown,Species Specific,,"1. Obtain an average of 0.25 sagebrush plant per meter2 by the end of the third year from fire containment, which occurred on 06/10/2013.\r\n2. Obtain an average of 1 perennial, seeded species per meter2 by the end of the third year from fire containment, which occurred on 06/10/2013.\r\n3. Obtain 50% or greater perennial cover of the low potential perennial plant cover for the appropriate rangeland ecological site by the end of the third year from fire containment.\r\n4. The ground seeding would result in lower abundance (density and cover) of invasive annual plant species and a higher abundance of desirable perennial plant species when compared with unseeded control areas (if controls are available).\r\n5. Seeded species are well established. Grasses are reproductive.\r\n6. Obtain the above results by the end of the third year after fire containment, which occurred on 6/10/2013.",,"Drill seeded with Artemisia tridentata ssp. wyomingensis, Poa secunda, Atriplex canescens, and Pseudoroegneria spicata.","T26-D1Peterman-PORC-14\r\nTreatment: Drill seeded with Artemisia tridentata ssp. wyomingensis, Poa secunda, Atriplex\r\ncanescens, and Pseudoroegneria spicata.\r\n2016: This plot meets all objectives for density, ESR perennial cover, and livestock closure\r\nperennial cover. Deep-rooted bunchgrasses are common to dominant. P. spicata is healthy and\r\ncoming up in drill rows (Figure 1). The understory is dominated by B. tectorum and dense cover\r\nof Erodium cicutarium.\r\n\r\nC26-Peterman-PORC-14\r\nTreatment: N/A, control for T26-D1Peterman-PORC-14\r\n2016: This plot meets all objectives for ESR perennial cover, and livestock closure perennial\r\ncover. Site dominated by invasive annuals B. tectorum, S. altissimum, E. cicutarium, and\r\nCeratocephala testiculata. Perennial grasses and shrubs are a minority but common on plot.\r\nSome herbivory noticed and cows and fresh cow pies seen on/close to the plot.\r\n(Figure 4).\r\n\r\nFirst-year monitoring indicates that drill seeding successfully established P. secunda, A. canescens, and P. spicata on the treated plot (Figure 3).",Polygon,Confirmed,"Digitized by BLM field office personnel, method unknown",,156.36,156.36,,BLM,"Habitat for sage grouse, Habitat for mule deer, Habitat for desert bighorn sheep, Habitat for antelope, Loss of perennials,, Loss of sagebrush, Loss of vegetation",,None,,None,,,14:02:00
Model 20,Nothern Basin and Range,Post-burn drill seeding,24996,13617,Implemented,See Comments,1,10/00/1996,2/00/1997,Acres,5285,Seeding,Drill Seeding,Ground Seeding: Drill,-1,Unknown seed list,Drill Seed Mix,Seeds,Unknown Seed List Origin,,Species Specific,,1. Restore habitat for wildlife\r\n2. Prevent loss of soil through erosion\r\n3. prevent invasion of annual species,"Drill seed 5285 acres with a grass/shrub/forb mix, using rangeland drills.",,1998 Photos and line intercept exist for this project. Please contact the LTDL for access to these documents.,Polygon,Confirmed,"Digitized by BLM field office personnel, method unknown",,5264.336951,5249.113673,,BLM and Cooperators,"Loss of Perenials, Other (See Trt Notes), Erosion, Invasion by non-native annuals","Natural recovery of Wyoming big sagebrush communities\r\nis 50 to 75 years. Drill and aerial seeding is proposed\r\nto hasten shrub recovery. This area is crucial habitat\r\nfor sage grouse, antelope, mule deer and chukar. Areas\r\nproposed for seeding were in mid seral ecological\r\nstatus.",None,,None,,,49:32:00
Model 20,Nothern Basin and Range,Post-burn drill seeding,25768,9484,Implemented,None,1,00/00/1999,00/00/2000,Acres,960,Seeding,Drill Seeding,Ground Seeding: Drill,-1,Planned seed list,,Seeds,Plan,,Species Specific,,"Reduce invasion of cheatgrass and other noxious weeds, prevent erosion, establish perennial grasses and forbs.","Naturalized species, such as hycrest crested wheatgrass, would be dominant in the proposed seed mix because of cheatgrass competition and low precipitation levels.  Seeding would establish a perennial vegetation cover with varied species and shrubs providing structural diversity. Cheatgrass, other annuals, and possibly noxious weeds would compete strongly during the first 3 years\r\nfollowing seeding. The plant species mix, with species such as hycrest crested wheatgrass, was selected for drought tolerance and germination\r\ncharacteristics with the potential to outcompete cheatgrass, other\r\nintroduced annuals, and noxious weeds.  Equipment used for seeding such as rangeland drills, tractors, and vehicles\r\nto transport seed, would be based at the Burns District. To prevent\r\nintroduction of noxious weed seed by equipment, it would be cleaned of\r\nvegetative material (seed, debris, etc.) before working on-site and prior to\r\nreturning to Burns.",,"This area will be monitored for three growing seasons to determine if rehabilitation objectives are being met. Monitoring will be conducted to determine establishment of seeded species as well as response in any unseeded areas that were burned, including the presence of noxious weeds.  Rangeland monitoring will include upland trend, use supervision, and utilization.\r\nAdditional photo trend points and trend monitoring would be implemented to evaluate if\r\nemergency fire rehabilitation objectives are met. This would be funded for a minimum of\r\n3 years.",Polygon,Confirmed,"Digitized by BLM field office personnel, method unknown",00/00/1999,959.3191972,959.3152974,The entire burned area was seeded.,,"Invasion by Cheatgrass, Erosion, Fire hazard",,None,,None,,This treatment is noted as done in the attribute table for the GIS map that was created by the Burns Field Office.,33:41:00
Model 20,Nothern Basin and Range,Post-burn drill seeding,25920,9542,Implemented,See Comments,2,10/31/1961,6/25/1962,Acres,2370,Seeding,Drill Seeding,Ground Seeding: Drill,-1,Confirmed seed list,Riddle Mountain Drill Mix,Seeds,Confirmed on Paper,Unknown,Species Specific,,,,"Burned over rangeland seeded at 6 lb/acre of crested wheatgrass, by rangeland and farm drills pulled by wheel tractors, for soil and moisture protection.",Increased watershed protection to a fire rehabilitation area.  Stocking rate will also be increased by seeding.,Polygon,Confirmed,Digitized by LTDL data entry personnel using a map of unknown origin,10/21/2010,2075.006027,730.253264,,,"Erosion, Provide forage for livestock, Establishment of seeded species",,None,,None,,,25:06:00
Model 20,Nothern Basin and Range,Post-burn drill seeding,25976,9562,Implemented,See Comments,2,10/15/2016,11/1/2016,Acres,4500,Seeding,Drill Seeding,Ground Seeding: Drill,-1,Planned seed list,Ground Low Elevation High Risk,Seeds,Plan,Unknown,Species Specific,,"Drill seed desirable perennial vegetation in order to compete with medusahead, an invasive annual\r\ngrass, and accelerate recovery within the burn perimeter.","This treatment consists of drill seeding 7078 acres on the Riley Field Fire (Map 9). The seeding will be done utilizing rangeland drills. Seeding will occur in the winter/spring of 2015/2016. A desirable non-native seed mix comprised of crested wheatgrass (Agropyron cristatum), forage kochia (Bassia prostrate) and Ladak alfalfa (Medicago sativa) will be utilized in order to compete with the moderate to heavy infestation of medusahead. Plant guides can be found in the Attachments. These species were selected by the I.D. team which include ODFW and USFWS: 1) given the sites risk for invasive annual grass\r\nestablishment, 2) the potential to reduce the risk of an increased fire frequency to protect and assist in the reestablishment of key plant species such as sagebrush by maintaining ecologic functions, and 3) the low potential for native seed survival in ecological sites that support Wyoming big sagebrush steppe communities and are at risk to invasive annual grasses (James et al. 2011; Davies et al. 2011; and Dr. Kirk Davies preliminary results with study sites near the Riley Field Fire comparing native to non-native germination and establishment of deep rooted bunchgrasses in treated medusahead sites). This treatment will\r\ntake place one year post-aerial weed treatment application Crested wheatgrass possesses a deep root system with early growth giving it an advantage when competing in an area threatened by annual grasses. The drought tolerance, fibrous\r\nroot systems, good seedling vigor, and ability to quickly stabilize soils and slow runoff makes this species ideal for rehabilitation in areas with low-moderate annual precipitation that is threatened by invasive annual grasses. Crested wheatgrass will fill in niche space created by the fire, however there are potential costs with the establishment of this plant into those open sites and that is a reduction in potential establishment of native long lived perennial bunch grasses such as blue bunch wheatgrass (Davies et al. 2011 ). This cost by using crested wheatgrass is outweighed by the threat of not being able to successfully occupy those open sites in the 2-3 year window before medusahead and cheatgrass either reclaim or invade and dominate the plant community (Young 1992; Davies et al. 2010; and Davies et al. 2011 ). This would result in a failed system that no longer provides the structure, function, and processes needed to allow plant community succession to move in a positive trajectory needed for wildlife habitat.\r\nForage Kochia has been shown to compete extremely well against aggressive, exotic annual weeds such as cheatgrass, Russian thistle and medusahead. Plantings of forage kochia can decrease densities of annual weeds, thus decreasing fire intervals of degraded rangelands while providing valuable forage to livestock, and forage and cover for wildlife and upland\r\ngame birds. While research is still very limited on forage kochia use by sage-grouse, observations of sage-grouse using forage kochia have been made (Waldron, 2002). Forage . kochia is also high in protein, testing at over 20% in July, which can help wildlife meet protein requirements later in the year (Smith, 2006).\r\nLadak alfalfa is a legume used in may desirable non-native seed mixes as a supplement for wildlife forage. Alfalfa is an excellent food for antelope, deer, elk, Canada goose, and sage and sharp tail grouse. It is fair food for sandhill crane, mallard, Hungarian partridge, and  pheasant. Additionally, it is relatively drought tolerant and does not easily burn during wildfire. This competes well against invasive annual grasses and is relatively fire resistant. Additionally, conversations with US Fish and Wildlife Service (USFWS) and Oregon Department of Fish and Wildlife (ODFW) have indicated that in areas where invasive annual grasses are in danger of dominating the site and converting the area to an annual grassland thereby reducing biodiversity and habitat for wildlife species, they would support the use of desirable non-native species such as crested wheatgrass, forage kochia and Ladak alfalfa to prevent critical habitat loss (Sage-Grouse Specific Prioritization Criteria PDF in\r\nAttachments). Planting Wyoming big sagebrush seedlings into crested wheatgrass seedings has been successful, and is planned for under ES Issue 2. Preventing the degradation of ecosystem functions by utilizing the non-native seed mix is the first priority. Without functioning systems, planting sagebrush will be unsuccessful.\r\nDiscs on the drills will be dropped to achieve full depth up to 3 inches; no chains will be pulled behind. This will leave the furrows created by the discs open and with clayey soils and rock discs will most often not penetrate more than 1/2 in to 1 in. This method has been used by private land owners and Burns District with good results. Proposed restoration activities especially those involving drill seeding are considered undertakings warranting review and compliance with Section 106 of the National Historic Preservation Act. This work needs to be conducted in consultation with the State Historic Preservation Officer, affected Indian tribes and others as appropriate. BLM is developing specific plans for conducting archaeological survey and site identification services focusing on emergency stabilization of burned areas including ground seeding and aerial seeding where these  activities have the potential to affect cultural properties. It is estimated that 7078 acres of proposed ground seeding will require cultural resources inventory prior to drill seeding in the Riley Field Fire area. Cultural clearances will be conducted prior to seeding.","Because of issues with timing and available labor, drill seeding was\r\naccomplished by the permittee for one of the allotments. We\r\nprovided the seed and the drills and they provided the labor.\r\nWeed treatments were delayed due to funding and","2017 - From looking at the series of photos, one can see that the infestation of medusahead rye has not\r\nbeen adequately addressed. It is of the opinion that because the infestation was to dominant and\r\nwe were not able to treat immediately after the fire, we lost our ability to suppress this invasive\r\nannual grass. In the areas where spraying was semi-successful, Coleman Creek allotment, and\r\nthe permittee was able to drill see, we started seeing desirable vegetation come back. However,\r\ndepending on weather patterns and precipitation amounts, this may or may not be successful into\r\nthe future.\r\nAdditionally, the Upton Mountain Allotment has been part of a winter grazing study to reduce\r\ninvasive annual grasses, specifically medusahead rye, and has shown impressive natural recovery\r\npost fire as a result.\r\nWhere aerial seeding of a desirable native/non-native grass mix, plus mountain big sagebrush,\r\noccurred in the Mountain Allotment, which is at a higher elevation and receives more\r\nprecipitation than the lower elevations, recovery and reestablishment is deemed successful.\r\nOverall, the lower elevations which would have benefitted from an immediate treatment post fire\r\nof imazapic to suppress medusahead rye have not recovered and medusahead rye has become\r\nmore dominant.",Polygon,Confirmed,"Digitized by BLM field office personnel, method unknown",,8025.75,8025.43,,See Cooperators List,"Habitat productivity, Invasion by non-native annuals, Invasive species, Loss of desirable species","Compete with medusahead, an invasive annual\r\ngrass, and accelerate recovery within the burn perimeter.",Delayed,Issues with timing and available labor.,None,,Data obtained from this treatment's GIS Attribute Table,30:57:00
Model 20,Nothern Basin and Range,Post-burn drill seeding,26311,9688,Implemented,None,1,00/00/1985,00/00/1986,Acres,1800,Seeding,Drill Seeding,Ground Seeding: Drill,-1,Confirmed seed list,Drill Seeding,Seeds,Confirmed on Paper,Unknown,Unknown,,"Drill 1,900 acres with crested wheatgrass. Proposal is to supply seed and rangeland drills; range users will supply tractors and labor.",Successful establishment of perennial grass cover will substantially reduce soil erosion.,,,Polygon,Confirmed,"Digitized by BLM field office personnel, method unknown",,1474.982357,1471.976534,,,None,,None,,None,,,57:35:00
Model 20,Nothern Basin and Range,Post-burn drill seeding,26360,9710,Implemented,Unknown,1,8/9/1996,8/20/1996,Acres,3500,Seeding,Drill Seeding,Ground Seeding: Drill,-1,Confirmed seed list,Rocky Drill Mix 1,Seeds,Confirmed in Field,Unknown,Unknown,in addition to the above mix:\r\n600 bulk Lbs.,"To minimize soil loss, retain or regain site productivity and stabilize overall ecosystem function on public lands within the fire.","Range drill seed approximately 3,500 acres",unknown,unknown,Polygon,Confirmed,"Digitized by BLM field office personnel, method unknown",,3386.444315,3214.230607,,Contractor,"Erosion, Provide cover for wildlife, Provide forage for livestock, Provide forage for wildlife","Both the drilling and aerial seeding would provide timely stabilization of the soil and retain or help regain site productivity while natural revegetation occurs. Approximately one-half of the burned area would be seeded. This would provide for rehabilitation of vegetative cover on erodible soils and also provide for reestablishment of important shrubs and forbs.\r\n\r\nForage quality, quantity, and diversity in the form of grasses, forbs, and browse would be accelerated. Aerial broadcasting of sagebrush would provide for much faster reestablishment of the browse and thermal cover component for wintering deer and antelope as well as for small\r\nmammals.",None,,None,,,59:17:00
Model 20,Nothern Basin and Range,Post-burn drill seeding,26427,9741,Implemented,Unknown,2,10/7/1966,1/11/1967,Acres,432,Seeding,Drill Seeding,Ground Seeding: Drill,-1,Confirmed seed list,Drill Seed Mic,Seeds,Confirmed on Paper,Unknown,Unknown,,Rehabilitation.,Reseed area burned by wildfire,Four hundred and thirty-two acres of Federal land burned by wildfire in the summer of 1966 and were seeding to crested wheatgrass to prevent soil erosion and restore vegetation to the area. This project was completed by Force Account.,Unknown,Polygon,Confirmed,"Digitized by BLM field office personnel, method unknown",,690.6,688.81,,Force,"Erosion, Loss of vegetation, Establishment of seeded species, Loss of desirable species, Vegetal cover",Four hundred and thirty-two acres of Federal land burned by wildfire in the summer of 1966 were seeded to crested wheatgrass to prevent soil erosion and restore vegetation to the area.,None,,None,,,24:10:00
Model 20,Nothern Basin and Range,Post-burn drill seeding,26658,9824,Implemented,None,2,00/00/1974,00/00/1975,Acres,4600,Seeding,Drill Seeding,Ground Seeding: Drill,-1,Confirmed seed list,,Seeds,Confirmed on Paper,Unknown,Species Specific,,"The planned action will provide an adequate perennial\r\ncover within a reasonable time . Anticipated positive impacts\r\ninclude: improved watershed soil protection, replacement of\r\nwildlife forage destroyed by the fire, and an increase of\r\nlivestock forage of from 600 to 2800 AUMs. No negative impacts\r\nare anticipated.","seeding approximately 8,500 acres with a\r\nmixture of crested wheatgrass, small burnet, whitmar wheatgrass, and\r\nnomad alfalfa;",,,Polygon,Confirmed,Digitized by LTDL data entry personnel using a confirmed map,2/21/2013,4402.636663,4402.636663,,Contractor,"Provide forage for livestock, Provide forage for wildlife, Erosion","The planned action will provide an adequate perennial cover within a reasonable time . Anticipated positive impacts\r\ninclude: improved watershed soil protection, replacement of wildlife forage destroyed by the fire, and an increase of\r\nlivestock forage of from 600 to 2800 AUMs. No negative impacts are anticipated.",None,,None,,,54:39:00
Model 20,Nothern Basin and Range,Post-burn drill seeding,26854,13642,Implemented,,1,00/00/2013,00/00/2013,Acres,2558.3,Seeding,Drill Seeding,Ground Seeding: Drill,-1,Planned seed list,,Seeds,Plan,Unknown,Species Specific,"Some seeded species are listed twice in the seed list, but are only entered once. Some species are planned for 1000 acres of seeding, and some are planned for 2000 acres. See seed list for further information. Seed rates are based off 2000 acres due to lack of information for this treatment.","The objectives are to:\r\n1. Establish a vegetative component of native species that coincides with the ecological site\r\ndescriptions for each seeded area.\r\n2. To establish and enhance sage-grouse habitat that provides effective cover and forage for\r\nbrooding, leking and nesting activities.\r\n3. To establish effective ecological processes that support soil stabilization associated with\r\nwind and water erosion processes.","The ELFO has identified approximately 5,000 acres for drill seeding this fall. Given the time\r\nconstraints and the lack of seed available seeding area will focus on Sage-grouse Priority\r\nHabitat areas. Drill seed 5000 acres using rangeland drills and a TruAx drill. A smaller ATV\r\nsized Dew Drop Drill Seeder will be used to drill seed 100 acres. Seeding will be conducted\r\nin late fall prior to any predicted significant snowfall. Drilling will be accomplished by BLM\r\nstaff. Seeding areas have been mapped by BLM.\r\nDue to the very rocky topography of the ELFO three different sized drill seeders will be\r\nused. Two rangeland drills, a Truax drill and a Dew Drop, ATV sized drill. The ELFO\r\ncurrently has two large Rangeland drills and a Truax drill. All three can be pulled by a rubber\r\ntire tractor or a Caterpillar. A rubber tire tractor will be used when pulling a single drill and a\r\nCaterpillar will be used when pulling tandem drills. Areas appropriate for using large drills\r\nRush - G5Z8 - 09/20/2012 - Page 21 of 69\r\nwere selected by close proximity to roads, which allows for large equipment access. Most\r\nof these places are relatively flat with slopes less than 15 percent with moderately rocky\r\nterrain and some rock outcrops.\r\nThe Dew Drop Drill is a small drill seeder that can be pulled behind an ATV or UTV vehicle.\r\nThe ELFO is requesting the purchase of one of these drills in order to seed areas where the\r\nlarger rangeland drills cannot access or maneuver. Drill seeding at this scale will allow the\r\nELFO to include areas with slopes greater than 15 percent and to maneuver between the\r\nmany talus slopes and rock outcrops that are prevalent in this region.\r\nDrill seeding will occur in areas that have been identified by ELFO personnel as appropriate\r\nfor this activity. There are three general sagebrush variation systems identified as requiring\r\nsoil stabilization, these sites are spread throughout the fire perimeter. The type of drill used\r\nin seeding will be very site specific.\r\nMountain sagebrush (Artemisia tridentata var. vaseyana) communities are generally located\r\nin elevations above 2,600 feet. Species to be seeded in these areas include Mountain big\r\nsagebrush (Artemisia tridentata var. vaseyana), antelope bitterbrush (Prushia tridentata),\r\nbluebunch wheatgrass (Pseudoroegneria spicata), Idaho fescue (Festuca Idahoensis) and\r\nhawksbeard (crepis sp.) Within the perimeter of the Rush Fire six areas have been identified,\r\nand encompass 2052 acres located in T35, R17, Sec. 25; T35, R18, Sec. 25, 32; T34, R18,\r\nSec. 5, 8, 11, 14, 23. In these areas it is estimated that 1000 acres will be seeded with the\r\nrangeland drills.\r\nBasin big (Artemisia tridentata var. tridentata) communities are generally located at elevations\r\nranging from 1,900 to 6,900 feet and are often found in valleys comprised of deep soils.\r\nSpecies to be seeded in these areas include Basin big (Artemisia tridentata var. tridentata),\r\nantelope bitterbrush (Prushia tridentata), bluebunch wheatgrass (Pseudoroegneria spicata),\r\nGreat Basin wild rye (Leymus cinereus) and yarrow (Achillea millafolium). Within the\r\nperimeter of the Rush Fire nine areas have been identified, and encompass 2708 acres\r\nlocated in T32, R16, Sec. 21, 22, 28; T31, R16, Sec. 23. In these areas it is estimated that\r\n1200 acres will be seeded with the rangeland drills.\r\nWyoming sagebrush (Artemisia tridentata var. wyomingensis) communities are generally\r\nlocated in lower to intermediate elevations ranging from 2,600 to 7,200 feet. This species\r\noccurs in areas with shallower soils than Basin big varieties but can be found in the same\r\nelevation bands. Species to be seeded in these areas include Wyoming big sagebrush\r\n(Artemisia tridentata var. wyomingensis), antelope bitterbrush (Prushia tridentata),\r\nbluebunch wheatgrass (Pseudoroegneria spicata), bottlebrush squirreltail (Elymus\r\nelymoidies), Sandberg\u2019s bluegrass (Poa secunda), and Lewis flax (Linum Lewisii). Within\r\nthe perimeter of the Rush Fire ten areas have been identified and encompass 4454 acres\r\nlocated in T31, R17, Sec. 22,23,27,28; T30, 17, Sec. 28,29,30; T29, R18, Sec. 16, 17, 20,\r\n21. In these areas it is estimated that 2600 acres will be seeded with the rangeland drills.",,,Polygon,Confirmed,"Digitized by BLM field office personnel, method unknown",,2558.3308,2560.026579,,,"Habitat for sage grouse, Habitat for mule deer, Habitat for antelope, Habitat for wild horses, Public safety, Erosion","The purpose of the Proposed Action is to stabilize and rehabilitate lands burned by the Rush Wildfire.  The wildfire created burn impacts on 315,577 acres that require emergency stabilization and rehabilitation actions for the next two to five years.  Vegetation was completely consumed on approximately 243,747 acres within the fire perimeter&* the remaining 71,830 acres contain islands of vegetation that were either not burned or slightly burned.  The fire consumed approximately 77% of the total native vegetation that had previously provided forage for wildlife species, wild horses and burros, and permitted livestock grazing.  The fire consumed a very large portion of the Buffalo Skedaddle Population Management Unit for Greater sage-grouse, and important habitat areas for mule deer and pronghorn.  The fire burned approximately 39% of the Twin Peaks Herd Management Area (HMA), 9% of the Buckhorn HMA, and also burned through nine livestock grazing allotments.\r\n\r\nThe emergency stabilization and rehabilitation measures are needed to reduce soil erosion&* provide watershed stability&* rehabilitate wildlife habitat&* improve water quality&* prevent off-highway vehicle incursions in the burn area&* monitor and protect newly exposed cultural sites&* monitor and prevent invasive plant infestations&* facilitate regeneration of endemic plant species burned in the fire&* and prevent human safety hazards.  Livestock grazing needs to be temporarily closed within the burned portions of nine grazing allotments to allow native and seeded vegetation to recover from fire effects.  The populations of wild horses and burros within the Twin Peaks and Buckhorn Herd Management Areas need to be reduced to prevent the horses and burros from succumbing to starvation, detrimental loss of body condition, and/or injury and disease, and to prevent damage to native rangelands, planned seedings, and priority sage-grouse habitat.  The Rush Fire perimeter and the Burned Area Reflectance Classification for the fire are shown on the following map.",None,,None,,Only 2558.3 acres appear to have been drill seeded. See GIS attribute tables for seed mix used.,53:52:00
Model 20,Nothern Basin and Range,Post-burn drill seeding,27214,10017,Implemented,See Comments,2,11/18/2006,4/7/2007,Acres,3475,Seeding,Drill Seeding,Ground Seeding: Drill,-1,Confirmed seed list,Drill Mix,Seeds,Confirmed on Paper,Unknown,Species Specific,,Objective: To re-vegetate a burned and highly disturbed native rangeland area with essentially a native seed mixture of grasses and a shrub in order to stabilize the soils and maintain the area for the betterment of\r\nwildlife habitat and watershed enrichment.,Drill seed grasses and forbs,"Implementation Monitoring: About 3,475 acres of the fire was drill seeded with a grass/shrub seed mix by contractor Greg Jarolimek of Filer, Idaho using five of his own rangeland drills. The seed was premixed by Shoshone operation staff with the assistance of the fire crew. The drill seeding operation was done in two phases because of a winter shutdown caused by frozen ground. The first phase of 934 acres was drilled into dry soils between November 18 and November 29, 2006. The second phase of the remaining 2,541 acres, was done in the spring of 2007 between March 17 and April 7, and was done when soils were moist.\r\n\r\nIn November of 2006 a grass/shrub seed mix was drill seeding in 934 acres of the burn. In the spring of 2007 the remaining 2,541 acres were drill seeded. The 2007 monitoring reports indicated that the seeding was off to a good start. Many of the seeded plants had germinated and were producing seed stalks. The drill seeded Wyoming sagebrush was less apparent, but still present. The drawback to this seeding was that most of the area was re-burned in 2007 by the Murphy Complex. In January of 2007 18,722 acres was aerial seeding with Wyoming sagebrush. In the summer of 2007 monitoring crews observed seedlings in the areas that had been seeded.","Monitoring Results: Inspection by the Shoshone Operation staff found this drill seeding project to have been successfully completed by the contractor to BLM specifications and completed as best and fast that it could based on weather conditions. For a first year analysis, by field surveys and study sites in mid July 2007, it\r\nwas determined and observed that the drill seeding on the 3,475 acre site of the middle area of the Sailor Cap Fire appeared to be off to a very good start for mostly the grasses. Lots of drill seeded grass plants had germinated, were making good growth and production, and many plants had developed some seed stalks.\r\n\r\nEffectiveness Monitoring: Inspection of the jobs found that the work had been done effectively, the seed drilled in the proper areas and at the correct rates, and the entire job completed as best as weather would allow.\r\nFor a first year analysis, it was observed, by field surveys and transect studies installed at a few sites, that the drill seeding appears to be off to a very good start for mostly the grasses. Lots of drill seeded grass plants\r\nhad germinated, were making good growth and production, and many plants had developed some seed stalks. The observation of the seeded shrub of Wyoming sagebrush was less apparent, but there were a few to be seen. And most appeared to be healthy and doing well. Time will tell. The main drawback of all this\r\nwas that most of the drill seeding areas were re-burned again this year by the Murphy Complex fire, but pretty much at a light intensity for the most part. Next year's surveys will better tell conditions and results.",Polygon,Confirmed,"Digitized by BLM field office personnel, method unknown",,3475.398261,3475.401706,,Contractor,"Erosion, Habitat for wildlife, Invasion by Cheatgrass",The objective of the treatment is to re-establish desirable perennial plant communities that would help reduce the competition from non-native invasive species such as cheatgrass. The proposed action would also aid in improving wildlife habitat within the burned area.,Other (See Trt Notes),The contract was placed into winter shutdown due to frozen ground.,"Dry, Other (See Trt Notes)",Seed was applied to dry to moist ground until a November 27th storm and colder temperature. Seed was applied to moist ground during the spring seeding.,,12:23:00
Model 20,Nothern Basin and Range,Post-burn drill seeding,28200,10406,Implemented,See Comments,2,10/22/1967,12/22/1967,Acres,250,Seeding,Drill Seeding,Ground Seeding: Drill,-1,Confirmed seed list,,Seeds,Confirmed on Paper,Unknown,Species Specific,,Rehabilitate area after a wildfire.,Unknown,"This project consists of planting with a rangeland drill directly into a burn at the following rates per acre: Bitterbrush l#, 4-wing Saltbush 1#, Sainfoin 2#, Nomad Alfalfa 1#, Crested wheatgrass 2#, for a total cost of $10.00/acre.",Inspection Record 1971 - Success is Good,Polygon,Confirmed,Digitized by LTDL data entry personnel using a map of unknown origin,10/22/2010,299.2386818,299.0100642,,Contractor,"Erosion, Establishment of seeded species, Loss of desirable species, Loss of perennials, Vegetal cover, Unprotected treatment area",Wildfire rehab seeding.,None,,None,,,55:41:00
Model 20,Nothern Basin and Range,Post-burn drill seeding,28315,10430,Implemented,Unknown,2,10/9/1986,11/17/1986,Acres,1911,Seeding,Drill Seeding,Ground Seeding: Drill,-1,Confirmed seed list,,Seeds,Confirmed on Paper,Unknown,Species Specific,"The fourwing saltbush was seeded at first by blocking off one seed box per drill.  This was using too much seed so it was seeded intermittently during the last half of the seeding.  Therefore, more fourwing saltbush was planted in the south half of the seeding than the north.  The alfalfa was inoculated with Dormal dry inoculant.","Provide long term soil stability, promote perennial vegetation for multiple benefits","Reseed approximately 1,900 acres of public land, using deep furrow rangeland drills in the Three Creek Allotment (1099) during the fall of 1986.","The project consisted of 1911 acres of deep furrow drill seeding done from 10/9/86 to 11/17/86. Deep furrow drills were\r\nused to help reduce cheatgrass competition. Drilling conditions were good\r\nwith mild weather and not very much rock.\r\nThe fourwing saltbush was seeded at first by blocking off one seed box per\r\ndrill. This was using too much seed so it was seeded intermittently during\r\nthe last half of the seeding. Therefore, more fourwing saltbush was planted\r\nin the south half of the seeding than the north.\r\nThe alfalfa was inoculated with Dormal dry inoculant. The contractor did a\r\ngood job.",Unknown,Polygon,Confirmed,Digitized by LTDL data entry personnel using a confirmed map,6/28/2011,2138.426128,2123.488166,,Contractor,"Erosion, Invasion by Cheatgrass, Loss of vegetation, Loss of perennials","Short-term (fall of 1986) losses of surface soil could increase slightly due to drilling, depending upon the length of time the soil surface remains dry following the drilling. However, by May 1987, the seeded grasses would be established and holding the soil in place, and contour deep-furrowing would also reduce or prevent water erosion.\r\n\r\nThe proposed mixture of perennial grass, forb, and shrub species would provide more plant diversity than planting a monoculture of one or two species and would benefit both livestock and wildlife. An Allotment Management Plan will eventually be developed and a grazing system established on this allotment. The proposed seeding could make an important contribution to an AMP because it is far more productive and more easily managed than native range.\r\n\r\nEstablishing perennial plants on this site would effectively inhibit the invasion of annual grasses. A stable forage base for livestock and wildlife would exist. The possibility of future fires would be greatly reduced. Recovery of most of the seeded perennial species planted on this site would be expected if a future fire did occur.\r\n\r\nDeep furrow drills were used to help reduce cheatgrass competition.\r\n\r\nThe remaining 6,500 acres of public land, not proposed for reseeding were found to be unsuitable for reseeding, as a result of low soil capability, the near-complete dominance of cheatgrass on the site prior to the burn or the extremely patchy configuration in which the fire burned.",Seed Mix Applied at Unknown Rates,"The fourwing saltbush was seeded at first by blocking off one seed box per drill.  This was using too much seed so it was seeded intermittently during the last half of the seeding.  Therefore, more fourwing saltbush was planted in the south half of the seeding than the north.","Other (See Trt Notes), Dry",Drilling conditions were good with mild weather and not very much rock.,Average depth of seeding: 1.5 inches.,06:39:00
Model 20,Nothern Basin and Range,Post-burn drill seeding,29913,11036,Implemented,Unknown,1,10/15/1990,00/00/1990,Acres,406,Seeding,Drill Seeding,Ground Seeding: Drill,-1,Confirmed seed list,Spring Creek Drill Mix,Seeds,Confirmed in GIS,Unknown,Species Specific,Seeding rates are planned,"Seed 406 acres of public land, using a standard rangeland drill in the fall of 1990.","Seed 406 acres of public land, using a standard rangeland drill in\r\nthe fall of 1990. Bert and Chet Brackett, livestock permittees\r\nhave agreed to pull the drills.\r\n\r\nThe bitterbrush will be mixed with rice hulls to yield\r\napproximately 2#/acre of bitterbrush in the end drill rows, when\r\nthe grass mix is applied at 8#/acre. The end drill rows will be\r\npartitioned off separately.\r\n\r\nDrilling will be done on the\r\ncontour, as much as practical, to minimize erosion caused by\r\nbreaking the soil crust.","Fire Rehab drill seeding 1990\r\nSpecies seeded: Intermediate Wheatgrass, Secar Bluebunch Wheatgrass, Orchardgrass, Ladak Alfalfa, Bitterbrush, Rice Hulls",Unknown,Polygon,Confirmed,"Digitized by BLM field office personnel, method unknown",,615.95,615.95,,BLM,"Erosion, Noxious Weeds, Provide forage for livestock, Habitat for wildlife","Provide long-term soil stability with a perennial canopy cover of 50-60% within three years on 406 acres of public land. The canopy cover should consist of grasses, forbs and shrubs. A minimum of 20% total ground cover (includes litter and rocks) will be obtained by next year in the fall.",None,,None,,,45:19:00
Model 20,Nothern Basin and Range,Post-burn drill seeding,31287,11534,Implemented,None,2,12/1/2012,1/31/2013,Acres,2300,Seeding,Drill Seeding,Ground Seeding: Drill,-1,Planned seed list,Non-Native Seed Mix,Seeds,Plan,Outside of Treatment,Species Specific,Two vegetation monitoring plots were installed in the natural recovery area.,The objective of this treatment was to prevent erosion by reducing bare ground with a drill seeding of non-native perennial grasses.  The specific objective is that by the end of the third growing season following treatment that there will be a density of at least 1.5 plants/m2 within the treatment area.,"Drill seeding would only occur in a portion of the Ten Mile fire. Drill seeding using a seed mix of Siberian wheatgrass and crested wheatgrass, would be implemented in the fall of 2012(FY13) on approximately 2,300 acres of public lands within the burn perimeter . These areas were seeded in the 1960 with crested wheatgrass. Seed would be applied using a tractor/dozer pulling rangeland drills. The proposed seed mix and rate is discussed in Part 5 of this plan . Reestablishment of sagebrush, through the scattering of sagebrush inflorescence ( proposed as a BAR treatment), coupled with reestablishment of the\r\nunderstory, desirable nonnative grass species, would be an improvement over the likelihood of the site being completely dominated be cheatgrass if no post season treatments occur. Although the site has been previously drill seeded communications with SHPO will determine the necessity of additional inventories.",The drill seeding was implemented in December 2012 and into January of 2013.  The seed mix utilized on this project is listed at the end of this table.,"The specific objective of the ground seeding treatment is that by the end of the third growing season following treatment that the density of deep rooted perennial grasses (seeded or natural recovery) will be at least 1.5 plants/m2.  The seed mix utilized is shown above in Part 5.\r\nIn FY13, a vegetation monitoring plot was installed within the seeded area.  Germination of seed was generally poor as density of perennial grasses within the seeding treatment area was measured to be 0.33 plants/ m2.  At this time the objective for this treatment is not being achieved.\r\n\r\nData measured in FY 14 indicate that total cover was 81.1% for natural recovery inside\r\nthe burn area 68.7% in the seeded area inside the burn area, with total cover of 94%\r\noutside the burn area. This equates to a 79.7% similarity. While the density appears\r\nlower than optimal, foliar cover appears to be almost at the 80 percentile mark. Based on\r\nthis data the objective for this treatment has been achieved.\r\n2015 monitoring by Range personnel found that the success of regrowth was adequate for\r\nthe return of grazing and grazing was resumed.",Polygon,Confirmed,"Digitized by BLM field office personnel, method unknown",,1175.133103,1175.127915,,BLM,"Habitat for greater sage grouse, Loss of vegetation, Loss of sagebrush, Invasion by cheatgrass, Invasion by pinyon-juniper, Erosion","The area burned by the two Ten Mile Complex fires is in need of treatment to ensure desirable vegetation will stabilize the site and prevent invasion of undesirable and or noxious weeds. This can be met by seeding adapted perennial grasses on 900 acres and protecting the area from grazing during a period necessary for establishment and recovery of health and vigor of desired vegetation. An additional 4,960 acres will be seeded with Wyoming big sagebrush using the lop and scatter method, to improve the habitat for sagebrush obligate species such as the Greater sage-grouse.\r\nReconstruction of 16 miles of management fencing is needed to protect the burn area and minimize soil movement, preserve on-site productivity, reduce the invasion of undesirable flammable annual plants, and reduce the potential for noxious weeds. The site will be monitored for the establishment of noxious weeds. If found, they would be treated in accordance with national and district guidelines for noxious weed treatment.",None,,None,,Claimed treatment acreage is inconsistent with BLM-supplied shapefile acreage.,37:57:00
Model 20,Nothern Basin and Range,Post-burn drill seeding,31554,13719,Implemented,Unknown,2,10/21/1995,10/31/1995,Acres,1490,Seeding,Drill Seeding,Ground Seeding: Drill,-1,Confirmed seed list,Seed Mixture No. 1,Seeds,Confirmed on Paper,Unknown,Species Specific,The Fourwing Saltbush was collected in the Fall of 1995 near Marsing and Grandview by Ford Seed Company. There was considerable confusion with this contractor thus the Fourwing may be heavy in some areas and missing in others.,Drill seeding,"Drill seed (Seed mixture No. 1) 1488 acres, no earlier than October 1, 1995 and ending by December 15, 1995.",The drill seeding was part of the Sheepshead Draw Contract. The drill seeding was done from 10-21-[95] to 10-31-[95].  This contract called for Fourwing Saltbush to be partitioned off in one drill row opening per drill.,Unknown,Polygon,Confirmed,"Digitized by BLM field office personnel, method unknown",,1210.83,1208.45,,Contractor,"Erosion, Habitat for wildlife, Invasion by Cheatgrass",Rehabilitation Objectives:\r\n1. Stabilize soils\r\n2. Provide vegetative cover and reduce invasion of cheatgrass\r\n3. Restore important wildlife habitat in area,Seed mix applied at unknown rates,There was considerable confusion with this contractor thus the Fourwing may be heavy in some areas and missing in others.,Dry,"The weather was clear and cool, with highs in the 50-60&$s and lows in the 20&$s. The ground conditions were dry during most of the seeding.","The summary report shows the treatment year as 1997, but it is assumed that this is a typo as there is no mention of the treatment being completed later than planned.",33:52:00
Model 20,Nothern Basin and Range,Post-burn drill seeding,32292,11941,Implemented,None,1,00/00/2006,00/00/2007,Acres,1201,Seeding,Drill Seeding,Ground Seeding: Drill,-1,Confirmed seed list,,Seeds,Confirmed on Paper,Unknown,Species Specific,,,,,"S2-Drill seeding- Drill seeding to control invasive annuals and restore forage had the following results after 2 growing seasons. The seeding proved partially successful- mean Density and Cover 0.03/m\xb2 and 24.0%. Even though density was never met, the cover has exceeded the objective-10.0% perennial cover.",Polygon,Confirmed,Digitized by LTDL data entry personnel using a map of unknown origin,3/4/2010,742.231084,738.3276206,,,"Invasion by non-native annuals, Erosion, Invasion by Cheatgrass",,None,,None,,"I drew this shapefile, but it is copied from a GIS map.  Cannot locate the original GIS map.",57:31:00
Model 20,Nothern Basin and Range,Post-burn drill seeding,34343,12763,Implemented,None,1,10/30/2000,12/15/2000,Acres,10135.83,Seeding,Drill Seeding,Ground Seeding: Drill,-1,Confirmed seed list,,Seeds,Confirmed on Paper,Unknown,Species Specific,,"Reduce soil erosion, restore perennial cover, restore vegetative structure\r\nfor wildlife, increase effective precipitation by capturing and holding snow\r\nduring the winter months by establishing a deep rooted shrub component in\r\nthe plant community.","The proposed action would be to seed approximately 8,151 total acres (5 ,673 non-native mix, 2,478\r\nnative mix) using rangeland drills. Two seed mixes would be used in the rangeland drills, a nonnative\r\nplant mix and a native plant mix. A native/non-native worksheet assessing the seed mixes is\r\nattached as Appendix 1.",,"All actions listed above were successful except the new seedings. Monitoring showed\r\nboth native and non-native seeded areas resulted as failures. Reasons for failure are\r\nunknown while some contributing factors could be low precipitation levels, seed\r\nviability, seed species, competition from non-native annuals, and time of season seed was set in ground",Polygon,Confirmed,"Digitized by BLM field office personnel, method unknown",,10143.09261,10117.64064,,BLM,"Erosion, Watershed degradation, Rangeland health","Objectives for the White Mule Fire Rehabilitation Plan are as follows:\r\n1. Stabilize soils and reduce future fire hazards in cheatgrass dominated\r\nareas by reducing the re-establishment of annual grasses and weeds, through\r\nseeding adapted non-native species. Protect the rehabilitation effort by\r\nexcluding livestock grazing in the Dry Creek Pasture for at least two\r\ngrowing seasons (i .e., first full year and until seed ripe the second year).\r\n2. Reduce soil erosion, restore perennial cover, restore vegetative structure\r\nfor wildlife, increase effective precipitation by capturing and holding snow\r\nduring the winter months by establishing a deep rooted shrub component in\r\nthe plant community.\r\n3. Preclude cheatgrass invasion by augmenting the native plant community\r\n(Wyoming big sagebrush, bluebunch wheatgrass, bottlebrush squirreltail) via\r\nseeding native perennial species.\r\n4. Protect the seedings and burned area by reducing the Wild Horse\r\npopulation numbers from 219 to between 50 and 75 animals to insure the\r\nhealth and vigor of the remaining horses in the HMA.\r\n5. Reduce future burned acreage by establishing a 200 foot green strip along\r\nthe northern perimeter and the two-track road bisecting the burned area.\r\nThe green strip would buffer weed invasion and most importantly, buffer\r\nfuture wildland fire spread.\r\n6. Restore the boundary fence for protection of the seedings and burned\r\narea.\r\n7. Repair the road damage for public access and decreased soil erosion.",None,,None,,,59:24:00
Model 20,Nothern Basin and Range,Post-burn drill seeding,34476,12812,Implemented,Unknown,2,10/24/1986,11/19/1986,Acres,1675,Seeding,Drill Seeding,Ground Seeding: Drill,-1,Confirmed seed list,,Seeds,Confirmed on Paper,Unknown,Species Specific,,"Establishment and maintenance of perennial vegetation to minimize soil losses, resulting from wind and water erosion.  Every effort should be made to deter the invasion of annual plant species by reseeding this area to perennial species.  Another objective of EFR is to minimize the possibility of fire recurrence and the associated adverse effects on the vegetative-soil resource.","Contour seed 3400 acres of public land, using rangeland drills, in the Center allotment #0809 during the fall of 1986.",,,Polygon,Confirmed,Digitized by LTDL data entry personnel using a confirmed map,1/3/2012,1964.284872,1722.677812,,BLM,None,,None,,None,,,11:11:00
Model 20,Nothern Basin and Range,Post-burn drill seeding,34479,12812,Implemented,Unknown,2,10/24/1986,11/19/1986,Acres,1525,Seeding,Drill Seeding,Ground Seeding: Drill,-1,Confirmed seed list,,Seeds,Confirmed on Paper,Unknown,Species Specific,,"Establishment and maintenance of perennial vegetation to minimize soil losses, resulting from wind and water erosion.  Every effort should be made to deter the invasion of annual plant species by reseeding this area to perennial species.  Another objective of EFR is to minimize the possibility of fire recurrence and the associated adverse effects on the vegetative-soil resource.","Contour seed 3400 acres of public land, using rangeland drills, in the Center allotment #0809 during the fall of 1986.",,,Polygon,Confirmed,Digitized by LTDL data entry personnel using a confirmed map,1/3/2012,1521.774885,1521.775332,,BLM,None,,None,,None,,,27:16:00
Model 20,Nothern Basin and Range,Post-burn drill seeding,35101,13031,Implemented,Fully Successful,1,9/00/2006,12/00/2007,Acres,20586,Seeding,Drill Seeding,Ground Seeding: Drill,-1,Confirmed seed list,Drill Seeding,Seeds,Confirmed on Paper,Unknown,Unknown,"Drill-seeded areas were widely separated.  On some drill-seeded areas \u201cAnatone\u201d Bluebunch Wheatgrass seed was substituted for \u201cSecar\u201d Snake River Wheatgrass seed, and Sandberg\u2019s Bluegrass seed was substituted for \u201cSherman\u201d Big Bluegrass seed.  Exact determination of where modified seed mixtures were applied is not possible.\r\n\r\nSee also the attached seed list.","The primary objective is to seed burned areas at high risk for significant erosion and non-native species invasion.  \r\nEstablish three to five seeded plants per square meter rooted firmly in soil with consideration for site selection factors of soils, topography, native release of desirable species, and potential for seedling establishment.   Reduce bare ground within the burn to decrease chance of cheatgrass establishment.  Stabilize the site by protecting the soil and reducing wind and water erosion.  Enhance public safety by reducing driving hazards caused by blowing dust.","Because of these risks coupled with moderate annual precipitation (8-10 inches), a mix of native species was selected.  Seed approximately 20,586 acres with a native drill seed mixture of \u201cSherman\u201d Big Bluegrass, Sandberg\u2019s Bluegrass, \u201cRimrock\u201d Indian Ricegrass, \u201cBannock\u201d Thickspike Wheatgrass, \u201cSecar\u201d Snake River Wheatgrass, and \u201cToe Jam\u201d Bottlebrush Squirreltail. \r\n\r\nDrill seed approximately 21,628 acres of moderate to high vegetation mortality and burn severity in order to maintain ecological stability, minimize invasion of cheatgrass and noxious weeds (bull thistle, hoary cress, and Canada thistle), and stabilize areas identified as having high wind erosion hazard in order to minimize topsoil loss and fugitive dust.  Seed mixes utilize species that are adapted to the sites and are detailed in the specification (part F).  To maximize probability of success, seed will be applied concurrent with fall/winter moisture period between October and December 2006.  First year effectiveness includes stabilization of the soil surface, reducing topsoil loss, improving soil infiltration of moisture, providing competition for invasive non-native species and replacing any organic litter which was consumed by fire.  First season vegetation establishment will be by perennial native and non-native grasses, shrubs and forbs.  It is expected that vegetation establishment will be successful on all sites although the presence or absence of timely moisture could be a limiting factor.  Treatment effectiveness will be monitored (see specification 15).  Specification 12, Cultural Resource Treatment Clearance, has been written to provide for cultural clearance on any ground disturbing activities.  Clearance will be obtained before any treatments proceed.","The area received cultural clearance by BLM archeologists prior to treatment implementation. Drilling was implemented using both BLM personnel (with either BLM equipment or rented equipment) and contracted personnel.  Drill-seeded areas were widely separated.  On some drill-seeded areas \u201cAnatone\u201d Bluebunch Wheatgrass seed was substituted for \u201cSecar\u201d Snake River Wheatgrass seed, and Sandberg\u2019s Bluegrass seed was substituted for \u201cSherman\u201d Big Bluegrass seed.  Exact determination of where modified seed mixtures were applied is not possible.  Seeding proceeded as ground conditions allowed.  Drilling was monitored to ensure disks were cutting into soil. Toward the end of December, the seeding area had accumulated about 4 inches of snow with some drifting.  Conditions were adequate to complete the project.  A project inspector ensured treatment met contract specifications.","BLM monitoring personnel assess the seeding areas yearly to evaluate treatment success.  Effectiveness is based on establishment of three seeded plants per square meter rooted firmly in the soil with consideration to site selection factors such as soils, topography, native release of desirable species, and the potential for seedling establishment. Monitoring data is shared with range staff to provide comparisons with unburned reference sites.\r\n\r\nNOTE: Where monitoring summary refers to ""see below&&, refer to the 2009 closeout summary.\r\n\r\nThe Native Drill Seeding was monitored using permanent modified Freqdens transects at eight separate locations widely distributed across the burn on disjunct drilled areas (monitoring plot WNND \u2013 03 was established on a portion of the Winters burn in the Winnemucca District where these Native Drill seedings were implemented, and is not evaluated here.)  Density numbers may suggest whether the original or modified seed mixtures were applied at any specific monitoring location, but all species applied during the implementation are listed for every monitoring plot. \r\n\r\nMonitoring Results:\r\n2007 \u2013 Success varied from location to location across the widely separated disjunct drill seedings, with the seeded patch monitored at WNND \u2013 01 the least successful (density of 0.07 seeded species per square meter) and WNND \u2013 03 the most successful (density of 7.96 seeded species per square meter.)  It important to note that at these two monitoring points (and in general across all the drill seeding monitoring plots) there appears to be an inverse relationship between the density of preexisting Sandberg\u2019s Bluegrass and the germinating density of total seeded species.  The established community of Sandberg\u2019s Bluegrass at WNND \u2013 01 was recorded at 30.64 plants per square meter: at WNND \u2013 03 Sandberg\u2019s Bluegrass density was recorded at only 1.22.  These numbers constitute evidence that the presence of a dense community of Sandberg\u2019s Bluegrass at any given location scheduled for drill seeding is likely to render that seeding ineffective. \r\nDensity numbers recorded at individual monitoring plot locations are presented above for interpretation, but the large array of densities for all monitoring sites confounds convenient analysis.  Unknown environmental factors (in addition to preexisting Sandberg\u2019s Bluegrass), could have influenced disparate results recorded at different monitoring locations.  For convenience, an amalgamation of some results may be desirable because eight of the nine monitoring locations were established on Loamy 8-10 inch range sites (the most common range site across the large drill-seeded area.)  To encourage a general understanding of drill seeding success on Loamy 8-10 inch range sites across the treated area, density numbers for all seeded species (only) at all monitoring locations, are averaged below.  \r\nTotal average densities for seeded species on drilled areas of Loamy 8-10 inch range sites indicate that \u201con average,\u201d the drill seeding was approaching the lower end of the objective density of three plants per square meter after the first year of growth.  This average should be interpreted very cautiously, especially with regard to results for Snake River Wheatgrass and Bluebunch Wheatgrass; and for results for Big Bluegrass and seeded Sandberg\u2019s Bluegrass, since these species were substituted for each other on indeterminate seeded patches.  \r\nThe ninth monitoring plot for the Winters burn Native Drill Seeding (WNND \u2013 10) was established on a Sandy 8-10 inch range site, so comparisons with other results are less useful.  On the sandy site, seeded species had exceeded the objective density of three to five plants per square meter by the end of the first monitoring season, with Indian Ricegrass making the greatest contribution.   The Crested Wheatgrass and Russian Wildrye recorded at WNND \u2013 07 during the second and final monitoring years are probably \u201corphans\u201d stuck in the drilling apparatus and unintentionally introduced into the site. \r\n\r\n2008 \u2013 On the sandy site seeded species continued to exceed the objective density of three to five plants per square meter by the end of the second monitoring season, with Thickspike Wheatgrass making the greatest contribution.  The trade-off of Indian Ricegrass for Thickspike Wheatgrass, which appeared to occur between the first and second year of monitoring is perplexing.  It is possible the Indian Ricegrass seedlings recorded the first year failed to establish and were replaced by slow-starting Thickspike Wheatgrass seedlings during the second year.  Misidentifications are unlikely because the same technician read the plots both years, and seedlings of these species are easy to differentiate.  Average densities for all Native Drill Seeding monitoring plots are presented below. \r\nTotal average densities for seeded species on drilled areas of Loamy 8-10 inch range sites indicate that \u201con average,\u201d the drill seeding remained relatively constant, still approaching the lower end of the objective density of three plants per square meter after the second year of growth.  \r\n\r\n2009 \u2013 Average densities for all Native Drill Seeding monitoring plots are presented below. \r\nTotal average densities for seeded species on drilled areas of Loamy 8-10 inch range sites indicate that \u201con average,\u201d the drill seeding doubled in density the final year of monitoring, well exceeding the target density for total seeded species.  The numerous disjunct patches composing the Winters Native Drill Seeding are marked by subtle differences in environmental factors of soils, topography, and grazing history.  Under such divergent conditions, the drill seeding responded slightly differently over the three growing seasons on each seeded area. \r\nThe Native Drill Seeding also exceeded the target density where it was applied on the Sandy 8-10 inch range site (WNND \u2013 10). \r\nThe native drill seed mixture included numerous species, including commonly seeded Big Bluegrass, Indian Ricegrass, Thickspike Wheatgrass, Snake River Wheatgrass, and rarely seeded Sandberg\u2019s Bluegrass and Bottlebrush Squirreltail.  Success of each seeded species varied on disjunct patches with environmental conditions.  The large number of species applied appears to have provided a built-in flexibility to the response of the mixture to variation of environmental conditions across treated areas.  Thickspike Wheatgrass and Indian Ricegrass were most successful on the sandy site.  Bluebunch Wheatgrass and Snake River Wheatgrass were most successful on loamy sites that may have been in better range condition prior to the burn.  The rarely seeded Sandberg\u2019s Bluegrass and Bottlebrush Squirreltail were most successful on clayey sites that may have been in poorer range condition prior to the burn. \r\nThe Winters Native Drill seeding was fully successful across wide areas, probably attributable to the numerous species with unique ecological tolerances that made up the seed mixture.",Polygon,Confirmed,"Digitized by BLM field office personnel, method unknown",,20602.37271,20544.43911,,,"Impact on Cultural Resources, Habitat for sage grouse, Habitat for antelope, Habitat for desert bighorn sheep, Habitat for mule deer, Erosion, Habitat for wild horses, Livestock in treated area, Watershed degradation, Special Status Species",The purpose of these ES and BAR Plans is to determine the need for and to prescribe and implement emergency treatments (specifications) to minimize threats to life or property or to stabilize and prevent further unacceptable degradation to natural and cultural resources resulting from the effects of a fire.,None,,None,,Drill Seeding.\r\n\r\nTreatment date until 12/2007 due to attached photos.,38:09:00
Model 20,Nothern Basin and Range,Post-burn drill seeding,35489,13177,Implemented,Successful,2,9/12/1952,10/15/1952,Acres,2446,Seeding,Drill Seeding,Ground Seeding: Drill,-1,Confirmed seed list,Crested Wheatgrass,Seeds,Confirmed on Paper,Unknown,Species Specific,"The seed mix did not indicate whether bulk or PLS rates were used, therefore, unknown has been listed and all seed mix information has been entered into the Bulk category. \r\n\r\nCost of seed is planned cost.",Reseeding to Crested Wheatgrass... to control Halogeton.,,"The seed was sown by means of Van Brandt grain drills. The seed being placed as shallow in the soil as the equipment would allow, 1 to 2 inches at the most, when possible.\r\n\r\nThe drilling was completed in the early fall with the hope of establishing a stand; however, due to an excessive, long, dry fall no sprouting occurred.",This is one of the most successful reseeding projects known.\r\n\r\nThis project is located within an area entirely surrounded by Halogeton with some invasion of this noxious weed into the area plowed. Inspection of this reseeding in the summer of 1953 showed it to be one of the most successful stands in the state.,Polygon,Confirmed,"Digitized by BLM field office personnel, method unknown",,2821.78326,2787.434591,,Contractor,Noxious Weeds,...to control Halogeton.,None,,Dry,The soil was very dry at seeding time and the seed bed consisted of 3-4 inches of powder dry dust.,Partial cost is for seed only.,30:57:00
Model 20,Nothern Basin and Range,Post-burn drill seeding,42981,16749,Implemented,Unknown,2,10/30/2016,10/30/2016,Acres,360,Seeding,Drill Seeding,Ground Seeding: Drill,-1,Confirmed seed list,R5 - Ground Seeding,Seeds,Confirmed on Paper,Not Applicable,Species Specific,,The objectives of the drill seeding is to prevent erosion by reducing bare ground and\r\nestablishing desirable perennial vegetation. The specific monitoring objective is that by the\r\nend of the third growing season following implementation of the seedings the density of\r\nperennial seeded species is at least 1.5 plants per square meter.,Planned for FY16,FY 2016 Completed post Imazapic treatment.\r\nFY 2017 - Completed FY17\r\nData Inquiry Email 2018: Jace Reservoir was drill seeded 10/1/2016 - 11/30/2017 (360 ac).,"Native Drill Seeding:\r\nIn FY 2017 the initial monitoring for the native drill seeding site had 13.4% invasive annual grasses, 12.4%\r\ndeep-rooted perennial grasses and 11.1% shallow-rooted bunchgrasses (Table 8-3). The plots overall had\r\nmedian basal diameter of 1.97 inches and a density of 2.49 plants per m2 shown in Table 8-1. Further\r\nmonitoring of these plot is required to determine the effectiveness of the treatment.\r\n\r\nNatural Recovery:\r\nIn FY 2017 the initial monitoring for the natural recovery site had 1.8% invasive annual grasses, 12.9% deep-rooted\r\nperennial grasses and 33.3% shallow-rooted bunchgrasses (Table 8-6). The plots overall had median\r\nbasal diameter of 1.97 inches and a density of 3.13 plants per m2 shown in Table 8-4. Though the site lacked a\r\nhigh percentage of DRPGs, it may likely increase to an objective percentage within a few years of growth. The\r\nplot has an established percentage of shallow-rooted bunchgrasses that provide forage for grazing. Further\r\nmonitoring of these sites is required to determine the recovery of DRPG and bunchgrasses in the area.\r\n\r\nIn FY 2020 the initial monitoring for the native drill seeding site had 31.8% invasive annual grasses, 18.4%\r\ndeep-rooted perennial grasses and 10.9% shallow-rooted bunchgrasses (Table 7-2). The plots overall had\r\nmedian basal diameter of 1.57 inches and a density of 3.17 plants per m2\r\nshown in Table 7-1. Further\r\nmonitoring of these plot is required to determine the effectiveness of the treatment. This treatment meets the\r\ndensity objective for the treatment but has not met the objectives for DRPG size and foliar cover.\r\n\r\nIn FY 2020 the initial monitoring for the natural recovery site had 12% invasive annual grasses, 24.7% deep-rooted perennial grasses and 15.8% shallow-rooted bunchgrasses (Table 7-4). The plots overall had median\r\nbasal diameter of 2.36 inches and a density of 3.93 plants per m2\r\nshown in Table 7-3. Though the site lacked a\r\nhigh percentage of DRPGs, it may likely increase to an objective percentage within a few years of growth. The\r\nplot has an established percentage of shallow-rooted bunchgrasses that provide forage for grazing. Further\r\nmonitoring of these sites is required to determine the recovery of DRPG and bunchgrasses in the area.\r\nAll of the objectives for the natural recovery plots have been meet 5 years post fire except for the basal diameter\r\nof deep-rooted perennial bunchgrass is short by about \xbe of an inch.",Polygon,Confirmed,Digitized by LTDL data entry personnel using a confirmed map,11/5/2017,358.8803162,358.8803162,,BLM,"Cover for wildlife, Decreased productivity, Establishment of seeded species, Habitat for sage grouse, Habitat for wildlife, Habitat productivity, Habitat quality, Invasion by non-native annuals",Habitats for sagebrush obligate species were adversely impacted by the fire. Seeding areas\r\nthat are Greater sage-grouse habitat that previously had intact sagebrush would prevent those\r\nareas from conversion to annual grasslands and being lost as sagebrush habitat. Planting\r\nsagebrush seedlings in areas where the fire has consumed sagebrush would also speed the\r\nrecovery of the plant community.,Unknown,Unknown,Unknown,Unknown,"Seed Cost: $33,069.00.\r\nRSW surcharge $950.\r\nMixing surcharge $570.",27:35:00
Model 20,Nothern Basin and Range,Post-burn drill seeding,42988,16750,Implemented,Unknown,1,10/16/2017,11/21/2017,Acres,2563,Seeding,Drill Seeding,Ground Seeding: Drill,-1,Confirmed seed list,Drill Seed Mix 1 - Mix A,Seeds,Confirmed on Paper,Outside of Treatment,Overall,"There was only a general rate listed for all species combined indicated here, specific rates for each species were not possible. \r\n\r\nSeed Issue - 57616, 57615, 57594.\r\n\r\n5.70 lb./ac.",For the purposes of biotic integrity establish native grasses to 3 per square meter density within the\r\ndrill seeded area within 3 years. For the purposes of biotic integrity establish native grasses to 20 percent cover\r\nwithin the drill seeded area within 3 years.,Drill seeding will occur in October 2017 (FY18).,"Drill seeding was completed in November 2017 (FY18)\r\n9,759 acres drill seeding completed with fire staff utilizing a\r\ncontract for heavy equipment. Acres unseeded due to rocky terrain\r\nand steep slopes. Broadcast remaining seed over 559 acres. Focused\r\non areas that were not drill seeded due to terrain and equipment\r\nlimitations.\r\n\r\nData Inquiry Email 2018: Owyhee Canyon was drill seeded 10/16/2017 - 11/21/2017 (9759 ac).\r\n\r\nData obtained from this treatment's GIS Attribute Table - Drill Seed Mix #1 Native Grass/Forbes/Sagebrush (2,562 ac).\r\n\r\nSeed buy, storage, cultural survey and cadastral survey\r\nSeed purchased 07/13/2017, cadastral survey complete 08/04/2017","Drill Seeding:\r\nIn FY 2017 the initial monitoring for the drill seeding site had 0% invasive annual grasses, 2% deep-rooted\r\nperennial grasses and 10.2% shallow-rooted bunchgrasses (Table 8-6). The plots overall had median basal\r\ndiameter of 1.57 inches and a density of 0.67 plants per m2 shown in Table 8-4.\r\nIn FY 2018 monitoring the drill seeding site there was 0.2% invasive annual grasses, 1.5% deep-rooted\r\nperennial grasses and 10% shallow-rooted bunchgrasses (Table 8-15). The plots overall had a median basal\r\ndiameter of 1.87 inches and a density of 1.16 plants per m2 shown in Table 8-13.\r\nIn FY 2019 monitoring the drill seeding site there was 3.1% invasive annual grasses, 13.1% deep-rooted\r\nperennial grasses and 5.6% shallow-rooted bunchgrasses (Table 26). The plots overall had a median basal\r\ndiameter of 1.57 inches and a density of 1.73 plants per m2 shown in Table 8-24. Russian thistle exploded this\r\nyear with a 46.2% cover increase from previous years. The drill seeding had the highest amount of foliar cover\r\nfor Russian thistle compared to the other treatments.\r\nThe subsequent years following the fire and herbicide treatments in comparison showed an increase of invasive\r\nannual grasses by 3.1%. The shallow-rooted bunchgrasses decreased by 4.6% to a value of 5.6%. The\r\nmonitoring in FY 2018 showed a slight decrease in deep-rooted perennial grasses by 0.5% to a value of 1.5%.\r\nThe median basal diameter between the subsequent years remained relatively stable increasing to a value of\r\n1.87 inches, the density of plants per m2 also increased slightly by 0.49 to a total of 1.16. The monitoring in FY\r\n2018 showed an increase in deep-rooted perennial grasses by 11.1% to a value of 13.1%. The median basal\r\ndiameter between the subsequent years remained relatively stable at 1.57 inches, the density of plants per m2\r\nalso increased by 1.06 to a total of 1.73.\r\n\r\nTargeted Control AIM:\r\nIn FY 2018 monitoring the natural recovery site there was 0.3% invasive annual grasses, 4.3% deep-rooted\r\nperennial grasses and 23% shallow-rooted bunchgrasses (Table 8-20). The targeted AIM control plot was setup\r\nto provide additional monitoring information that will be used to assess the plot treatment effectiveness and\r\nassist in future land management decisions for the site.",Polygon,Confirmed,"Digitized by BLM field office personnel, method unknown",5/7/2021,9959.27,9950.05,,BLM and Cooperators,"Habitat productivity, Habitat quality",Biotic integrity,,,,,"The GIS obtained from the BLM breaks the drill seeding treatment into two different seed mix areas. The 9,759 ac drill seeding treatment was broken apart based on the different seed list used for each area. But the whole area representing this treatment may not have all been treated with this seed mix.\r\n\r\nAn approximate point was created for Drill Seeding Mix 1 seeded areas because the acres reported treated are less that the GIS shapefile acres.",45:22:00
Model 20,Nothern Basin and Range,Post-burn drill seeding,43012,16758,Implemented,See Comments,2,10/15/2015,4/30/2016,Acres,15178,Seeding,Drill Seeding,Ground Seeding: Drill,-1,Confirmed seed list,Mix B,Seeds,Confirmed on Paper,Not Applicable,Species Specific,See Appendix A: Seed Mix Tables.,"Mix B\r\n1. Foliar cover of large statured perennial grasses (excluding Sandberg bluegrass) is an average of\r\ngreater than or equal to 20%.\r\n\r\n2. Density of drill seeded large stature perennial grasses (excluding Sandberg bluegrass) is an\r\naverage of greater than or equal to 3 plants per m2.\r\n\r\n3. Basal diameter of large statured seeded grasses (bluebunch wheatgrass, Snake River\r\nwheatgrass, Siberian wheatgrass, and/or crested wheatgrass) has a median value of greater\r\nthan or equal to 3 inches, excluding Sherman big bluegrass and thickspike wheatgrass.\r\n\r\n4. A qualitative assessment of the fitness and vigor of native and seeded perennial grass species\r\ndetermines those species to be established. The assessment would include at a minimum the\r\nfollowing factors: 1) Seed head and seed production, 2) Root mass, and lateral and vertical\r\ngrowth","Approximately 20,841 acres, spread throughout multiple areas, will be drill seeded using standard\r\nrangeland drills without depth bands in the fall 2015. These are areas outside of the fall 2015 herbicide/all\r\n2016 drill seeding treatments. The areas are in soils identified as highly erosive and thus were excluded\r\nfrom the initial fall imazapic herbicide treatment. These areas contain various densities of annual invasive\r\ngrasses and will be evaluated for seeding success in approximately two years. Based on the seeding\r\nsuccess a follow-up treatment of imazapic or other suitable herbicide may be necessary to reduce the\r\namount of annual grass on site and release remaining native vegetation and drill seeded species; this could\r\ninclude broadcast or spot treatments based on evaluation results.\r\nAll drill seeding areas would have a Class III cultural inventory completed prior to drill seeding. Identified\r\ncultural resources would be avoided during seeding operations.","[11/6/2015 - 12/6/2015] Soda Fire ESR Drill Seeding Contract: [7,198 Total Acres (Mix B)].\r\nSpecies, pure live seed (PLS), and bulk seed statistics are\r\npresented in Appendix A: Table A-2. \r\nContractor Branch Enterprises drill seeded 7,198 BLM acres using Metal Master rangeland drills\r\nwithout depth bands. All 7,198 acres were seeded with seed mix B. Four sets of three drills were\r\npulled using John Deere tractors. Seed was provided by the BLM pre-mixed. Seed mixing and\r\ndelivery was completed by the Twin Falls District ESR crew. Weather during the contract was\r\nvery wet and soil was muddy for the entire contract. Occasional frost was encountered but it was\r\nshallow and the drills were able to cut through and continue seeding. The actual completed acres\r\nare less than the planned acres due to terrain limitations.\r\n\r\n[10/15/2015 - 12/9/2015] In-house BLM Drill Seeding: [Seed Mix B - 7,601 ac]\r\n Species, pure live seed (PLS), and bulk seed statistics are presented\r\nin Appendix A: Tables A-1 and A-2. \r\nBLM Fire Crew (Boise and Vale) completed 9,760 acres of drill seeding on both BLM and Idaho\r\nDepartment of Lands (IDL) lands. Approximately 2,159 acres (1,924 BLM and 235 IDL)\r\nconsisted of seed mix A and the remaining 7,601 acres (5,866 BLM and 1,735 IDL) consisted of\r\nseed mix B. Standard rangeland drills were used without depth bands. Eight sets of three drills\r\neach were pulled using seven John Deere tractors and one Caterpillar bulldozer. Seed was\r\nprovided by the BLM and IDL, pre-mixed. BLM seed mixing and delivery was completed by the\r\nTwin Falls District ESR crew. Weather during the project was very wet and seeding operations\r\nwere suspended multiple times due to muddy or frozen site conditions. The actual completed\r\nacres are less than the planned acres due to terrain limitations.\r\n\r\n[11/15/2015 - 04/30/2016] IDL Completed Drill Seeding on BLM 2015: [Acres 379 Total Acres (Mix B)]\r\nDate(s) 11/15/2015 - 04/30/2016 Species, pure live seed (PLS), and bulk seed statistics are presented\r\n in Appendix A: Table A-2.\r\nAs part of an Interagency Agreement the IDL completed drill seeding on 379 acres of BLM land.\r\nThis treatment took place in the Jackson Creek and Joint allotments where the IDL was already\r\nseeding adjacent state lands. These areas were seeded by an IDL employed contractor with\r\nstandard rangeland drills provided by the IDL. All 3 79 acres of BLM consisted of seed mix B.\r\nOf the 379 acres, approximately 83 acres had to be completed in spring 2016 due to inclement\r\nweather in the fall. The IDL was credited the 379 acres when the BLM billed the IDL for drill\r\nseeding completed on IDL lands to minimize invoicing.","In 2020 the perennial grass foliar cover objective for this treatment was met. Mean foliar cover of all perennial grasses excluding Sandberg bluegrass for Drill Mix B across all allotments/pastures was 22.2% (Table 8-3). In 2016 Pastures 3 and 4 in the Joint allotment had mean perennial grass foliar cover of 21.70% and 26.63% respectively; it was later determined that these numbers included rhizomatous perennial grass foliar cover. The foliar cover for these pastures in 2017, 2018, and 2019 reflects only perennial bunchgrass cover. In 2020 perennial bunch grass foliar cover ranged from 2.1% in Pasture 1 of the Juniper Springs allotment to 32.1% in Pasture 1 of the Blackstock Springs allotment. The high foliar cover within the Joint allotment is an anomaly and is likely due to low number and the location of the plots. Foliar cover fluctuated between years for most pastures, this is likely due to yearly fluctuations in precipitation, competition and other environmental factors, differences in the number of plots monitored throughout the five years of monitoring, and livestock grazing once resumed. The overall trend was an increase in perennial grass foliar cover for all but two pastures, Sands Basin 3 and Shares Basin 2 which had less than 1% decreases each. Perennial grass foliar cover has increased by 14.9% since 2016.\r\nIt is likely that portions of all pastures seeded with Drill Mix B were also drill seeded in either the 1960s or 1980s with introduced grass species such as crested wheatgrass. In 2020 Sandberg bluegrass foliar cover across areas treated with Drill Mix B was 8.1%, perennial forb cover was 1.8%, shrub cover was 1.4%, and exotic annual grass cover was 18.9%.\r\n///\r\n1. Mean foliar cover of all perennial grasses excluding Sandberg bluegrass for Drill Mix B Fall\r\n2015 -Introduced across all allotments/pastures was 16.5% (Table 8-3). In 2016 Pastures 3 and\r\n4 in the Joint allotment had mean perennial grass foliar cover of 21.70% and 26.63%\r\nrespectively; it was later determined that these numbers included rhizomatous perennial grass\r\nfoliar cover. The foliar cover for these pastures in 2017 reflects only perennial bunchgrass\r\ncover. In 2017 perennial bunch grass foliar cover ranged from 1.9% in Pasture 1 of the Juniper\r\nSprings allotment to 25.2% in Pasture 1 of the Blackstock Springs allotment. Two pastures,\r\nPasture 1 of the Juniper Springs allotment and Pasture 4 of the Rockville allotment met the foliar\r\ncover objective. Foliar cover in Pasture 2 of Shares Basin and Pasture 6 of the Rockville\r\nallotment decreased from 2016 to 2017, this is likely a result of a decrease in the number of plots\r\nfrom 6 to 1 and 10 to 1 respectively. This treatment objective was not met in 2017.\r\n\r\nIt is likely that portions of all pastures seeded with Drill Mix B were also drill seeded in either\r\nthe 1960s or 1980s with introduced grass species such as crested wheatgrass. In 2017 Sandberg\r\nbluegrass foliar cover across areas treated with Drill Mix B was 16.8%.\r\n\r\n2. In 2017 the density of drill seeded grass species was evaluated in 57 plots for Drill Mix B.\r\nAcross the entire treatment area for Drill Seed Mix B the density of drill seeded grasses met the\r\nobjective at 3.8 plants per m2 (Table 8-8). Density ranged from 0.2 to 8.9 plants per m2\u2022\r\nDensity of seeded grass species in 2016 was measured in 105 total plots for Drill Mix B. Unlike\r\nvalues from 2017, results include all grass species as the drill seeded plots were sampled before\r\ngrasses attained reproductive maturity making identification to species difficult. The density of\r\ndrill seeded grasses was 8.6 plants per m2 over all pastures in Drill Mix B (Table 8-8). Densities\r\nare expected to be high for the first 1-3 years following a new drill seeding. Newly seeded\r\nperennial grasses exhibit high densities and small basal diameters; as grasses mature, basal\r\ndiameter will increase and density will decrease through competition for resources.\r\n\r\n3. Basal diameter was measured on 629 individual perennial grasses in the Reynolds Creek and\r\nHardtrigger allotments within the Drill Mix B treatment area; measured individuals included both\r\nexisting and newly seeded grasses (Table 8-10). Median basal diameter of all large statured\r\nperennial grasses was 2.2 in. ranging from 1.0 to 3.3 in. This objective was not met for the Drill\r\nMix B treatment area but was met within some individual pastures and/or allotments.\r\n\r\n4. Reproductive status of large-statured bunch grasses was evaluated in 420 plots within Drill Mix\r\nB. Greater than 75% of the grasses were producing seed heads in 283 of the 420 plots, grasses in\r\n13 plots exhibited no reproduction, at 61 plots <50% of the grasses were reproductive and at 63\r\nplots between 50 and 75% of the grasses producing seed heads in 2017.\r\nIn 2016, 30 of the 35 points sampled for root growth in Drill Mix B had perennial roots that were\r\ndeeper than the annual roots in the same area. In five points within Pasture 1 of the Blackstock\r\nSprings allotment annual roots were deeper than perennial roots. These data included existing\r\nperennial grasses, not just seeded perennial grasses. In 2017, 3 of the 42 plots contained\r\nperennial grass roots that were deeper than annual grass roots.\r\nSeed head production and roots were not assessed for areas drill seeded in fall of 2016.\r\n\r\n\r\nWhile portions of the 2015 drill seeding were very successful there were still patches where medusahead persisted.",Polygon,Confirmed,"Digitized by BLM field office personnel, method unknown",1/1/1900 0:00,15639.90556,13341.91414,,BLM and Cooperators,"Habitat for wildlife, Habitat productivity, Habitat quality, Habitat for sage grouse, Invasion by non-native annuals, Invasion by cheatgrass, Invasive species, Loss of desirable species, Noxious weeds, Vegetal cover, Wildlife in treated area","The goal of ground seeding was to establish deep rooted perennial-dominated plant communities\r\nthat will resist invasive species and noxious weed establishment, are critical for sage-grouse and\r\nbig game, and will help stabilize soils.","Application method could not reach all areas, Delayed","[11/6/2015 - 12/6/2015]\r\nThe actual completed acres\r\nare less than the planned acres due to terrain limitations.\r\n\r\n[10/15/2015 - 12/9/2015]\r\nWeather during the project was very wet and seeding operations\r\nwere suspended multiple times due to muddy or frozen site conditions.\r\nThe actual completed\r\nacres are less than the planned acres due to terrain limitations.\r\n\r\n[11/15/2015 - 04/30/2016]\r\nOf the 379 acres, approximately 83 acres had to be completed in spring 2016 due to inclement\r\nweather in the fall.","Cold, Frozen Soil, Muddy Ground, Wet","[11/6/2015 - 12/6/2015] \r\nWeather during the contract was\r\nvery wet and soil was muddy for the entire contract. Occasional frost was encountered but it was\r\nshallow and the drills were able to cut through and continue seeding.\r\n\r\n[10/15/2015 - 12/9/2015]\r\nWeather during the project was very wet and seeding operations\r\nwere suspended multiple times due to muddy or frozen site conditions.\r\n\r\n[11/15/2015 - 04/30/2016]\r\nOf the 379 acres, approximately 83 acres had to be completed in spring 2016 due to inclement\r\nweather in the fall.",Boise District Office,06:15:00
Model 20,Nothern Basin and Range,Post-burn drill seeding,43094,16758,Implemented,See Comments,1,9/21/2016,12/21/2016,Acres,365,Seeding,Drill Seeding,Ground Seeding: Drill,-1,Confirmed seed list,Soda Seed Mix #2 (Native),Seeds,Confirmed on Paper,Unknown,Species Specific,,"Soda Seed Mix #2 (Native)\r\n\r\nObjective 1: Foliar cover of large statured perennial grasses (excluding Sandberg bluegrass) is an\r\naverage of greater than or equal to 20%.\r\n\r\nObjective 2: Density of large stature perennial grasses (excluding Sandberg bluegrass) is an average of\r\ngreater than or equal to 3 plants per m2\u2022\r\n\r\nObjective 3: Basal diameter of large statured seeded grasses (bluebunch wheatgrass, Snake River\r\nwheatgrass, Siberian wheatgrass, and/or crested wheatgrass) has a median value of greater than or equal\r\nto 3 inches, excluding Sherman big bluegrass and thickspike wheatgrass.\r\n\r\nObjective 4: A qualitative assessment of the fitness and vigor of native and seeded perennial plant species\r\ndetermines those species to be established. The assessment would include at a minimum the following\r\nfactors:\r\n\r\n\u2022 Seed head and seed production\r\n\u2022 Root mass, and lateral and vertical growth\r\n\u2022 Precipitation during germination and growing season","Approximately 4,215 acres will be drill seeded using standard rangeland\r\ndrills, without depth bands, in the fall 2016 following a 2015 fall Imazapic treatment","BLM personnel drill seeded a total of 4,215 acres with a standard rangeland drill. Drill Seeding occurred portions of 3\r\ndifferent pastures, all of which were monitored. The goal of the ground seeding was to establish deep rooted perennial dominated\r\nplant communities that will resist invasive species and noxious weed establishment, that will provide critical\r\nhabitat for sage-grouse and big game, and that will help stabilize soils.","1. Mean foliar cover across the three pastures drill seeded was 4.83% across 24 plots (Table 8-3). This number\r\nreflects the foliar cover of all perennial bunch grasses, as per the objective, not just the foliar cover of the\r\nspecies drill seeded in fall 2016. In 2017, Sandberg bluegrass foliar cover across the drill seeded areas was\r\n5.34.\r\n\r\n2. Density of seeded species will not be measured until 2 growing seasons, post-implementation. Density of the\r\ndrill seedings implemented in fall of 2016 will be measured during the FY18 monitoring season.\r\n\r\n3. The basal diameter of 118 plants were measured within the drill seedings during the 2017 monitoring season\r\n(Table 8-4). Median basal diameter ranged from 0.8 (in) to 3.1 (in) across the three drill seeded pastures. The\r\nSheaville pasture in the Spring Mountain Allotment had the largest median basal diameter, 3.1 inches.\r\n\r\n4. Perennial grass reproduction was assessed at 24 plots within the drill seeding. At 13 of the plots sampled, greater\r\nthan 75% of perennial bunchgrasses were producing seed heads. In general, seeded species were reproductive. At\r\n10 of the sampling locations none of the perennial grasses were producing seed heads. Where perennial grasses\r\nwere not reproductive, early phenological status may be the cause of lack of reproductive material, rather than\r\nlack of vigor; the majority of the plots lacking reproductive material were sampled in mid-May. Root mass, and\r\nlateral and vertical root growth were not measured in any of the grass drill seedings in Oregon in 2017. Details\r\nregarding precipitation during the germination and growing season are described in Part 6- Weather.",Polygon,Confirmed,"Digitized by BLM field office personnel, method unknown",1/1/1900 0:00,365.2879491,365.2879491,,BLM,"Erosion, Habitat for wildlife, Habitat productivity, Habitat for sage grouse, Habitat quality","The goal of the ground seeding was to establish deep rooted perennial dominated\r\nplant communities that will resist invasive species and noxious weed establishment, that will provide critical\r\nhabitat for sage-grouse and big game, and that will help stabilize soils.",,,,,"Vale District Office\r\nThis treatment was created using a proposed treatment shapefile that matches the 3,100 acres reported accomplished in the rehabilitation section of the ESR but does not report acres of each seed mix used.",24:31:00
Model 20,Nothern Basin and Range,Post-burn drill seeding,43355,16811,Implemented,Unknown,2,10/1/2016,11/30/2016,Acres,7026,Seeding,Drill Seeding,Ground Seeding: Drill,-1,Planned seed list,Non Native Grass Mix,Seeds,Plan,Outside of Treatment,Species Specific,,For the purposes of biotic integrity establish native/non-native grasses to 1.5 per square meter density within the drill seeded area within 2 years.,"Native Ground-based Seedings (See Seeding Map). Ground seeding is proposed using rangeland drill methods due to burn severity, soil type, and invasive annuals. The rangeland drills would allow grass, forb, and sagebrush seeds to be separated and/or mixed and seeded at different depths and rates as appropriate to seed type. Approximately 4,320 acres of moderately burned area with fewer native perennial root crowns remaining would be drill seeded using Wyoming big sagebrush (Artemisia tridentata Nutt. subsp. wyomingensis, bluebunch wheatgrass (Pseudoroegneria spicata), Sandberg bluegrass (Poa secunda), bottlebrush squirreltail (Elymus elymoides) and sage-grouse preferred perennial forbs based on seed availability. The current proposed forb species are taper tip hawksbeard (Crepis acuminata), Wyeth's buckwheat (Eriogonum heracleoides), western yarrow (Achillea millefolium ), and gooseberryleaf globemallow (Sphaeralcea grossulariifolia). Seeded varieties and species may be adjusted based on seed availability.\r\nThis seeding mix is intended to boost cover of perennial native grasses, forbs, and sagebrush, and infill gaps between recovering plants. The seed mix will also provide competition with cheatgrass and medusahead rye. Establishment of fire resistant perennial grass species in the burned area is critical to interrupt the fire and invasive species cycle and protect adjacent sagebrush habitat.\r\nDrill seeding is planned to begin in early Fall 2018. If regrowth of existing perennial grasses and forbs occur, the total proposed ground seeding acres would be reduced to appropriate sizes. The size of treatment would be determined after the 2018 growing season by field visits and extensive mapping of recovering vs non-recovering areas within the burned area. Additionally, natural recovery success would be evaluated by species to determine if adjustments to proposed seed mixes are needed. For example, if Sandberg bluegrass recovers naturally it may be removed from the seed mix and the seed mixes will be adjusted appropriately.","Drill Seeding was completed in Fall of 2016 using tractors and a drag method to reduce visual appearance of drill rows.\r\nSpecial status plants and Arc surveys were completed prior to seeding.\r\n\r\n7,026 acres non-native drill seeded.\r\n11/28/2016 thru 12/19/2016\r\n\r\nFY2017: Seed purchase, mixing, storage, testing, and cultural clearances. 2 seed mixes, native\r\nand non-native.\r\nNon-native Drill Seeding was completed in Fall of 2016 using tractors and a drag\r\nmethod to reduce visual appearance of drill rows due to the WSA.\r\nSpecial status plants and Arch surveys were completed prior to seeding.\r\nMonitoring future years will determine success of this treatment. We did have\r\nabundant snow this winter to facilitate growing condition","In FY 2020, monitoring data from the non-native drill seeding plot showed there was 11.8 % invasive annual\r\ngrasses, 23.4% deep-rooted perennial grasses and 8.7% shallow-rooted bunchgrasses (Table 7-4). The plots\r\noverall had a median basal diameter of 2.36 inches and a density of 5.18 plants per m2 shown in Table 7-3.\r\n\r\nWeather following treatments: There was drill seeding that took place in the fall of 2016, and rains were average. The winter of 2016/2017 was\r\na higher year for precipitation and this precipitation carried over into the spring of 2017.\r\n\r\nNon-native Drill Seeding:\r\nIn FY 2017, the initial monitoring for the non-native drill seeding plot had 42% invasive annual grasses, 2.9%\r\ndeep-rooted perennial grasses and 8.2% shallow-rooted bunchgrasses (Table 8-9). The plots overall had median\r\nbasal diameter of 3.54 inches and a density of 1.80 plants per m2 shown in Table 8-7.\r\nIn FY 2018, monitoring data from the non-native drill seeding plot showed there was 34% invasive annual\r\ngrasses, 15.7% deep-rooted perennial grasses and 14% shallow-rooted bunchgrasses (Table 8-18). The plots\r\noverall had a median basal diameter of 3.15 inches and a density of 3.13 plants per m2 shown in Table 8-16.\r\nThe subsequent years following the fire and herbicide treatments in comparison showed a decrease of invasive\r\nannual grasses by 8%. There was an increase of shallow-rooted bunchgrasses by 5.8%. The monitoring in FY\r\n2018 showed deep-rooted perennial grasses increased by 12.8% to a value of 15.7%. The median basal diameter\r\nbetween the subsequent years remained stable with a value of 3.15 inches, while the density of plants per m2\r\nincreased slightly to 3.13.\r\n\r\nTargeted Plot Results\r\nNon-native Drill Seeding:\r\nIn FY 2017, the initial targeted AIM monitoring for the non-native drill seeding plots had 45.7% invasive\r\nannual grasses, 12.3% deep-rooted perennial grasses and 9.3% shallow-rooted bunchgrasses (Table 8-23).\r\nIn FY 2018, monitoring the non-native drill seeding plots there was 15.3% invasive annual grasses, 19.8%\r\ndeep-rooted perennial grasses and 16% shallow-rooted bunchgrasses (Table 8-18).\r\nThe subsequent years following the fire and herbicide treatments in comparison showed a decrease of invasive\r\nannual grasses by 30.4%. There was an increase of shallow-rooted bunchgrasses by 7.5%. The monitoring in\r\nFY 2018 showed deep-rooted perennial grasses increased by 6.7% to a value of 16%. The significant decrease\r\nof invasive annual grasses by 30% is likely attributed to the imazapic treatments, further monitoring of the sight\r\nwill help assess the recovery and establishment of DRPGs and shallow-rooted bunchgrasses within the site.\r\nNatural Recovery:\r\nIn FY 2018, the initial targeted AIM monitoring for the natural recovery plot had 6% invasive annual grasses,\r\n11.6% deep-rooted perennial grasses and 22.4% shallow-rooted bunchgrasses (Table 8-27).\r\nNative Drill Seeding:\r\nIn FY 2018, the initial targeted AIM monitoring for the native drill seeding plot had 14% invasive annual\r\ngrasses, 10% deep-rooted perennial grasses and 40% shallow-rooted bunchgrasses (Table 8-25).",Polygon,Confirmed,"Digitized by BLM field office personnel, method unknown",9/14/2016,7034.094503,7033.822522,,Unknown,Establishment of seeded species,Establish vegetation,,,,,,31:51:00
Model 20,Nothern Basin and Range,Post-burn drill seeding,43358,16811,Implemented,Not Applicable,2,10/15/2018,11/16/2018,Acres,4320,Seeding,Drill Seeding,Ground Seeding: Drill,-1,Confirmed seed list,Native Grass Mix,Seeds,Confirmed on Paper,Outside of Treatment,Species Specific,,For the purposes of biotic integrity establish native/non-native grasses to 1.5 per square meter density\r\nwithin the drill seeded area within 2 years.,"Planned Ground Seeding for  11,299 acres FY18 Costing $119,000.\r\nDrill seeding is planned to begin in early Fall 2018. If regrowth of existing perennial grasses and forbs occur, the total proposed ground seeding acres would be reduced to appropriate sizes. The size of treatment would be determined after the 2018 growing season by field visits and extensive mapping of recovering vs non-recovering areas within the burned area. Additionally, natural recovery success would be evaluated by species to determine if adjustments to proposed seed mixes are needed. For example, if Sandberg bluegrass recovers naturally it may be removed from the seed mix and the seed mixes will be adjusted appropriately.","4,320 acres of Native drill seeding is scheduled for fall 2018\r\n4,320 acres of native drill seeding and dragging has been accomplished by the fire\r\ncrew.","Weather following the treatment: The native drill\r\nseeding was done in the fall of 2018 and the following spring had higher than normal precipitation which could\r\nonly benefit the grass seedling establishment.\r\n\r\nNative Drill Seeding:\r\nAll 2017 and 2018 monitoring data was collected prior to the native drill seeding that took place in the fall of\r\n2018.\r\nIn FY 2017, the initial monitoring for the native drill seeding plot had 10.2% invasive annual grasses, 7.1%\r\ndeep-rooted perennial grasses and 22.7% shallow-rooted bunchgrasses (Table 8-3). The plot overall had median\r\nbasal diameter of 3.15 inches and a density of 2.02 plants per m2 shown in Table 8-1.\r\nIn FY 2018 monitoring data form, the native drill seeding plots showed there was 14.2% invasive annual\r\ngrasses, 9.1% deep-rooted perennial grasses and 25.8% shallow-rooted bunchgrasses (Table 8-12). The plots\r\noverall had a median basal diameter of 2.76 inches and a density of 1.97 plants per m2 shown in Table 8-10.\r\n(Native drill seeding completed in fall of 2018)\r\nIn FY 2019 monitoring data form, the native drill seeding plots showed there was 3.1% invasive annual grasses,\r\n6.9% deep-rooted perennial grasses and 34.1% shallow-rooted bunchgrasses (Table 8-21). The plots overall had\r\na median basal diameter of 1.97 inches and a density of 4.11 plants per m2 shown in Table 8-19.\r\nThe subsequent years following the fire and herbicide/seeding treatments in comparison showed a decrease of\r\ninvasive annual grasses by 70% and an increase of shallow-rooted bunchgrasses by 50%. The monitoring in FY\r\n2019 showed deep-rooted perennial grasses decreased by 2% to a value of 6.9%. The median basal diameter\r\nbetween the subsequent years decreased slightly to a value of 1.97 inches, while the density of plants per m2\r\nincreased to 4.11.\r\n\r\nNatural Recovery:\r\nIn FY 2017, the initial monitoring for the natural recovery plot had 10.4% invasive annual grasses, 10.9% deep-rooted\r\nperennial grasses and 13.6% shallow-rooted bunchgrasses (Table 8-6). The plots overall had median\r\nbasal diameter of 3.94 inches and a density of 2.67 plants per m2 shown in Table 8-4.\r\nIn FY 2018, monitoring data from the natural recovery plots showed there was 14.2 % invasive annual grasses,\r\n19.6% deep-rooted perennial grasses and 16.7% shallow-rooted bunchgrasses (Table 8-15). The plots overall\r\nhad a median basal diameter of 1.77 inches and a density of 5.02 plants per m2 shown in Table 8-13.\r\nThe subsequent years following the fire in comparison showed an increase of invasive annual grasses by 3.8%\r\nand an increase of shallow-rooted bunchgrasses by 3.1%. The monitoring in FY 2018 showed deep-rooted\r\nperennial grasses increased by 8.7% with a value of 19.6%. The median basal diameter between the subsequent\r\nyears dropped by 2.17% with a value of 1.77 inches, while the density of DRPG plants increased by 2.35% to\r\n5.02.",Polygon,Confirmed,"Digitized by BLM field office personnel, method unknown",,3273.26,3273.26,,BLM,Establishment of seeded species,Establish vegetation,,,,,,03:11:00
Model 20,Nothern Basin and Range,Post-burn drill seeding,49046,19815,Implemented,Unknown,2,10/5/2012,12/3/2012,Acres,3990,Seeding,Drill Seeding,Ground Seeding: Drill,-1,Confirmed seed list,Mix 2,Seeds,Confirmed on Paper,Unknown,Species Specific,,"Objective: The objective of the seeding treatment is to establish perennial-dominated plant communities within 3 years. The\r\nfollowing grass, forb, and shrub density objectives are based on ecological site potential.\r\nThe drill seed treatments would be considered successful if:\r\nThe seeded grass and forb species reach densities of:\r\n? 3 plants per square meter for grasses\r\n? 0.25 plants per square meter for forbs","Drill Seed Mix #2 would be used in areas that were previously burned and did not recover well from past fire. This seed mix was designed to address an increased potential for cheatgrass expansion and dominance, provide cover and food for sage-grouse and other sagebrush-steppe obligate wildlife, and provide structural and compositional diversity to decrease fine fuel continuity.","Three seed mixes were used in four drill seeding areas:\r\nBruneau River Drill Seeding \u2013 The project consisted of drill\r\nseeding 5,289 acres within the Kinyon Road Fire near the Bruneau\r\nRiver with two different seed mixes, Mix 1 and the Bruneau\r\nScenic Overlook mix (listed below, see Map 1). Two rangeland\r\ndrills and three contractor-furnished Oliver drills were used and all\r\ndiscs had depth bands. Seed was applied in dry to moist conditions.\r\nThe contractor for the project was Jarolimek Farm and Rangeland\r\nDrill Seeding of Twin Falls, Idaho. The seed was pre-mixed by\r\nESR staff. The project was started on October 7, 2012, and\r\ncompleted on November 13, 2012.\r\n\r\nDevil Creek Drill Seeding \u2013 This project consisted of drill seeding\r\n6,395 acres within the Kinyon Road Fire near Devil Creek with\r\nSeed Mix One (listed below, see Map 2). Four rangeland drills were\r\nused and all discs had depth bands. Seed was applied in dry to\r\nmoist conditions. The last block by Tuana Butte was completed in\r\nvery wet to muddy conditions. The contractor for this area was Loy\r\nPehrson of Buhl, Idaho. The seed was pre-mixed by ESR staff. The\r\nproject was started on October 9, 2012, and completed on\r\nNovember 26, 2012.\r\n\r\nCoonskin Drill Seeding \u2013 This project consisted of drill seeding\r\n6,285 acres within the Kinyon Road Fire in the Coonskin Butte /\r\nKinyon Road area with two seed mixes, Mix 1 and Mix 2 (listed\r\nbelow, see Map 2). Six rangeland drills were used and all discs had\r\ndepth bands. Seed was applied in dry to moist conditions most of\r\nthe time; the last of the seeding was done in wet to muddy\r\nconditions. The ground was frozen early in the morning on the last\r\ntwo days. The seed was pre-mixed by ESR staff. The contractor for\r\nthe project was Absaroka Construction, Inc., of Buhl, Idaho. The\r\nprojects was started on October 5, 2012, and completed on December 3, 2012.\r\n\r\nJuniper Draw Drill Seeding \u2013 The project consisted of drill seeding\r\n3,813 acres within the Kinyon Road Fire in the Coonskin Butte /\r\nKinyon Road area with two seed mixes, Mix 1 and Mix 2 (listed\r\nbelow, see Map 2). Up to 14 rangeland drills were used and all but\r\ntwo of the drills did not have discs with depth bands. The project\r\nwas completed by ESR and Fire staff. These areas had been\r\ncontracted, but due to issues with the contractor, these acres were\r\nremoved from the contract. Seed was applied in very wet to muddy\r\nconditions. There were early mornings when the ground was\r\nfrozen; conditions improved later in the morning. The seed was premixed\r\nby ESR staff. The project was started on November 28,\r\n2012, and completed on December 8, 2012.","Drill Mix 2\r\nDrill Mix 2 was used in areas with higher potential for cheatgrass establishment; these areas also\r\ncontained past seedings that had poor establishment of seeded species and high cheatgrass cover\r\npre-fire. Areas seeded with Drill Mix 2 showed some establishment of seeded species as well as\r\nrecovery of on-site native plants and remnants of past seedings. Subsequent to the Kinyon Road\r\nFire, some past seedings responded well to additional rest and became better established. This\r\nestablishment was supplemented with the Kinyon Road drill seeding.\r\nAs with Drill Mix 1, use of depth bands tended to result in inconsistent burial and spotty\r\nestablishment. Sagebrush seedlings were observed during site visits by the fire ecologist. Patchy\r\ndistribution of sagebrush seedlings resulted in non-detection in belt transects.\r\n\r\nMONITORING RESULTS\r\nThe fire ecologist examined the seeded areas on multiple dates in spring and summer 2013, 2014, and 2015.\r\nQuantitative objectives identified for drill and aerial seeding are:\r\n\u2022 For drill seed areas \u2013 establish seeded grasses at densities of 3 plants/m2, seeded forbs at 0.3 plants/m2, and 0.10 plants /m2 for shrubs (bitterbrush).\r\n\u2022 For aerial grass and forb areas \u2013 establish seeded grasses and forbs at densities of 3 plants /m2 for grasses and 0.2 plants/m2 for forbs.\r\n\u2022 For sagebrush aerial seed areas \u2013 0.10 plants/m2.\r\n\u2022 The amount of bare mineral soil (i.e., soil lacking cover of plants, litter, or biological soil crust) is within 10% of what would be expected for the site based on an adjacent unburned site or the ecological site description.\r\nQualitative objectives identified for drill and aerial seeding are:\r\n\u2022 Most desired herbaceous perennial plants are producing seed.\r\n\u2022 The plants must also have developed root systems that are extensive enough to provide soil stabilization and prevent uprooting when grazed, especially when soils are moist.\r\n\r\nFY 17\r\nMonitoring plots were revisited for the 5th year monitoring by Chicago Botanical interns in the summer of 2017. Qualitative assessments were completed and included a general plot description, species inventory, and photo documentation. For the 5th year monitoring year, seven plots were revisited for qualitative assessments. Plots visited include 001, 002, 004, 006, 009, 010, and 012.\r\nThe Kinyon Road rehabilitation can be addressed geographically, as the treatments were divided separately into the eastern and western burned areas. The focus of this summary will be on the west side, also known as the Bruneau Overlook area, as heavy noxious weed infestations and unsuccessful drill seedings here were concerning. Due to the good establishment of the drill seed treatments on the eastern side, attention and resources should be focused on the Bruneau Overlook area in future treatments.\r\nOn the eastern side of Kinyon, drill seedings were highly successful. Perennial grasses, particularly bluebunch wheatgrass and Siberian wheatgrass, dominate the landscape, and the bare ground among them supports a high diversity of forbs with relatively low cheatgrass establishment. Though sagebrush seedlings were either not found or found in extremely low amounts in these areas, many sagebrush islands were seen near monitoring points, and could potentially re-seed the area regardless of the success of shrub seedings. Invasive weeds such as rush skeletonweed, halogeton, and Russian thistle are present, but are not an imminent threat, especially considering the health and expanse of the perennial grasses. It would be valuable for future projects to assess why the eastern Kinyon plantings were so successful compared to the Bruneau Overlook area.\r\nThe Bruneau Overlook seeding treatments have been moderately successful but present several challenges. In some areas, drill-seeded perennial bunchgrass populations are vigorous and extensive with good forb diversity, but cheatgrass density is still high. Most areas on this side of the Kinyon fire are cheatgrass-Sandberg\u2019s bluegrass dominated sites with low forb diversity, and drill-seeded perennials are not competing as well. Few to no sagebrush seedlings were seen across the area, and sagebrush islands were also rarer. Noxious and invasive weed populations also present a problem.\r\nA main concern for this area is extremely dense invasive weed populations, particularly Russian thistle. The Bruneau Overlook area is being overtaken by this dominant weed, and full hillsides of robust Russian thistle were found near monitoring points (Photo 1). The eastern monitoring area also showed some large Russian thistle populations. Russian thistle is likely to continue dominating the Kinyon Road area unless significant control measures are taken. Rush skeletonweed is also present across the Kinyon Road fire area, though to a much lesser extent than the thistle. It has the potential to continue spreading and impeding the advancement of perennial bunchgrasses. Chemical treatments in the Bruneau Overlook area on Russian thistle and rush skeletonweed would be most efficient in stopping the spread of these two species, though mechanical treatments on extremely dense Russian thistle patches could also be valuable.\r\nKinyon Road Fire (G1CH) FY2022 Monitoring \u2013 10th Year 33\r\nPrecipitation data is from the Twin Buttes and Horse Butte RAWS stations, which are northeast of the burned area and southwest of the burned area, respectively. Monitoring reports at the first, second- and third-year mark illuminate a trend towards higher precipitation following treatment years, along with later summer and fall rains. This factor may have contributed to higher weed establishment and lower drill seed success. Previous reports also mention soil movement that filled in drill rows and lessened the establishment rate at Bruneau Overlook sites. Compounding this was the inefficient depth band use on the shrub seedings, consequently the first three years of monitoring found no shrub establishment in the monitoring sites. Upon qualitative monitoring at the five-year mark, scattered immature Wyoming big sagebrush were found in only half of the monitoring sites for all of Kinyon. Multiple factors led to both the low shrub establishment throughout Kinyon and the partial success of drill seed treatments in Bruneau Overlook.\r\n\r\nFY22\r\nMonitoring plots were revisited by TFD Fuels technicians during the summer of 2022 for the 10th year monitoring. Qualitative assessments were completed which included a general plot description, species inventory, and photo documentation.\r\nThe following photo points are representative of the entire treated area of the Kinyon Road fire. For the 10th year monitoring year, 14 plots were revisited for qualitative assessments. Plots visited include 002, 003, 004, 005, 007, 008, 009, 010, 011, 013, 015, 019 021, and 023. Data collected included a general plot description, species inventory, and photo documentation.",Polygon,Confirmed,"Digitized by BLM field office personnel, method unknown",None,3487.08,3481.5,,Contractor,"Habitat for wildlife, Habitat productivity, Habitat quality","Improve lands in poor ecological condition (pp. II-28, II-31, II-40, II-47, and II-50).\r\nMaintain existing vegetative improvements (pp. II-28, II-31, II-40, II-47, and II-50).\r\nMaintain existing lands that are in good and excellent ecological condition (II-40).\r\nManage big game habitat to support mule deer and antelope (pp. II-28, II-31, II-40, II-48, and II-50).\r\nMaintain present levels of upland game nesting and cover habitat (pp. II-28, II-31, and II40)\r\nImprove sage-grouse habitat through seeding and rehabilitation (p. II-40 and II-48).\r\nMaintain present areas of sage-grouse nesting habitat (p. II-51).",Unknown,,Unknown,,,25:47:00
Model 20,Nothern Basin and Range,Post-burn drill seeding,52479,16750,Implemented,Unknown,2,12/7/2020,1/14/2021,Acres,1653,Seeding,Drill Seeding,Ground Seeding: Drill,-1,No seed list,,Seeds,No Seed List,Unknown,Unknown,,"For the purposes of biotic integrity establish native grasses to 3 per square meter density within the drill seeded area\r\nwithin 3 years. For the purposes of biotic integrity, establish native grasses to 20 percent cover within the drill seeded area\r\nwithin 3 years.","Re-seeding is recommended if funding allows, low emergence success due to poor seasonal precipitation\r\nand low spring rain events in FY19.","Drill Seedling of native mix began December 7, 2020. Was postposed on December 10th due to the Vale office shutdown for COVID-19 concerns and quarantine. Implementation renewed on 01/04/2021 and was completed 01/14/2021.",None,Polygon,Confirmed,Digitized by LTDL data entry personnel using a confirmed map,1/15/2021,1754.67,1754.67,,BLM,Loss of desirable species,Low emergence success due to poor seasonal precipitation\r\nand low spring rain events in FY19.,Unknown,No documentation.,Unknown,No documentation.,,16:19:00
Model 20,Nothern Basin and Range,Post-burn drill seeding,52795,5582,Implemented,Unknown,2,10/16/1974,11/19/1974,Acres,3895,Seeding,Drill Seeding,Ground Seeding: Drill,-1,Confirmed seed list,South Mix,Seeds,Confirmed on Paper,Unknown,Species Specific,,Increase ground cover and usable forage,"Mix Ladak and small Burnett use 3 drills for forb and 3 drills for browse.\r\nSeeding to be accomplished by formal contract with seed\r\nfurnished by the BLM\r\nSeeding will commence as soon as possible, preferable by\r\nOctober 1 and must be completed prior to December 1.\r\nNormally, after December 1 the ground is frozen and seed\r\ncoverage is not possible.","3 units pulling 3 drills each.\r\nMixed rice hulls in with bitterbrush to keep it from flowing too quickly through the drills.\r\nHalfway through drilling, inspector checked bitterbrush seed in approx. 10 spots. In 1-ft drill rows, found 1 with 10 seeds, 1 with 8 seeds, 3 with 6 seeds, 2 with 3 seeds, and 3 with no seeds.",Contractor has done a good job,Polygon,Confirmed,"Digitized by BLM field office personnel, method unknown",None,4898.43,4883.7,,Contractor,"Erosion, Livestock in treated area, Aesthetics, Forage for wildlife, Forage for livestock",Protect soil.\r\nThe short and long-term productivity will be improved by the cultivation and mixing effects of the drilling operation. The ashes will tend to accumulate in the furrow. The combination of fertilized soil and concentration of precipitation in the bottoms of the furrow will increase productivity for a 3-year period. Long-term productivity will be less than the short-term but greater than the sagebrush-cheatgrass type which dominated the site prior to the burn. Anticipated soil loss prior to the\r\ngrass establishment should not affect the long-term productivity of the sites to any significant degree.\r\nPositive impacts include such items as reduction of air pollution by\r\ncontrolling wind erosion and improvement of natural beauty.,Delayed,"On 10-22-74, contractor had to shut down due to storm.\r\nOn 10-23-74 ground was frozen. Could not work til 10am. Then it started to snow, ground thawed out, then rained, contractor could not work today because storm lasted all day, ground was wet down to 4"" to 6""\r\nStorms prevented work on 10/27-30/74 and 11/1-3/74",Other (See Trt Notes),"Multiple storms passed through, and the ground conditions changed from frozen, to snowy, to wet, to adequate seeding conditions. Work was halted when conditions were not adequate.",,39:50:00
Model 20,Nothern Basin and Range,Post-burn drill seeding,54032,21213,Implemented,See Comments,2,10/1/2018,4/1/2019,Acres,10000,Seeding,Drill Seeding,Ground Seeding: Drill,-1,Confirmed seed list,S2 - Ground Seeding,Seeds,Confirmed on Paper,Unknown,Not Available,,"The objectives for cover will be to obtain 70% of all perennial plant cover found in the associated reference site, or, when not possible, achieve 50% of the lowest value for perennial cover associated with the appropriate ecological or range site by the end of the third year. Density objectives for aerially seeded areas will be based on having three seeded species firmly rooted per square meter by first or second growing season following seeding.","Approximately 30,000 acres of BLM administered lands would be drill seeded with the \u2018Drill\u2019 seed mix made up of a mixture of fourwing saltbrush, bottlebrush squirreltail, Siberian wheatgrass, Sandberg bluegrass, and bluebunch wheatgrass. Drill seeding would take place in areas of gentle topography where moderate to high intensity burns were observed. Drill seeding would occur","Seeded with Vavilov Siberian wheatgrass (Agropyron fragile), Sandberg bluegrass (Poa secunda), bluebunch wheatgrass (Pseudoroegneria spicata), basin wild rye (Leymus cinereus), bottlebrush squirreltail (Elymus elymoides), and fourwing saltbrush (Atriplex canescens).","T117-D1Willestock-MAR-19\r\nTreatment: Drill seeded A. fragile, P. secunda, P. spicata, L. cinereus, E.elymoides, Atriplex canescens, A. tridentata ssp. Wyomingensis\r\n2019: This plot exceeded the ESR objective, as well as the plant density objective. The site was drill seeded in fall of 2018. The area can be characterized by a variety of native perennial (28%) and native annual plants (27%) with large bare soil interspaced areas (58%). Sandberg bluegrass, squirreltail bottlebrush, and pinyon groundsmoke (Gayophytum ramosissimum) were the most common species within the plot. Cheatgrass and tall tumblemustard are present but were dwarfed in presence by the 29 species found on plot. The density of seeded species is 33.67 plants per Meter squared. For an overview of line one see, Figure #5.\r\n\r\nT117-D2WillStock-MAR-19\r\nTreatment: Drill seeded Agropyron fragile, P. secunda, P. spicata, L. cinereus, E.elymoides, A. canescens, A. tridentata ssp. Wyomingensis.\r\n2019: This plot did pass the ESR perennial objective but the density objective was met. The most common plants found were pre-burn grasses like Sandburg bluegrass. While a majority of the plot was bare soil (67%), the plant community diversity was impressive (34 species recorded). None of the common invasive plants were found on the plot, but cheatgrass was seen along the access road .2 miles away. 2 or more sagebrush seedlings were found on plot. For an overview of line one see, Figure #11.\r\nT118-DWillStock-MAR-19\r\nTreatment: Drill seeded Agropyron fragile, P. secunda, P. spicata, L. cinereus, E.elymoides, A. canescens, A. tridentata ssp. Wyomingensis.\r\n2019: This plot passed the ESR perennial objective as well as the density of seeded species objective. Although it would seem to be high soil disturbance from the 2018 fall drill seeding, the plot was comprised of only native perennial (30%) and annual plants (5%). The majority of the plot was a mix of established grasses and seedling Siberian wheatgrass (Agropyron fragile) in-between large bare soil interspaces (54%). There was no cheatgrass but there was a single tall tumble mustard on site. The plot is .1 miles away from a road and old corral. This in the most likely conduit to introduce new species to the area. For an overview of line one see, Figure #12.\r\n\r\n2022 ESR Monitoring Results\r\nMonitoring Results Summaries\r\nEcological Site R024XY005NV\r\nName: Loamy 8-10\u201d P.Z.\r\nDominant vegetation in reference state: Indian ricegrass, little sagebrush, Wyoming big sagebrush\r\nPotential vegetative composition (by weight): 55% grasses, 10% forbs, 35% shrubs\r\nPotential perennial cover: 20-35%\r\nPlot T124-A1Fairbanks-MAR-21\r\nTreatment: aerially seeded\r\nPlot T124-A1Fairbanks-MAR-21 was established in 2021 and monitored for the second time in 2022. This site is not meeting the 3-year ESR objective for percent perennial cover (14%); in 2022, this site had 7.3% perennial cover.\r\nThis site is meeting the 3-year ESR objective for density; the site had an average of 2.3 plants/sq. meter and the objective was 1 plant/sq. meter. Sandberg bluegrass was the only seeded species observed in the plot; there was an abundance of 101-500 individuals.\r\nEcological Site R024XY020NV\r\nName: Droughty Loam 8-10\u201d P.Z.\r\nDominant vegetation in reference state: Indian ricegrass, Thurber\u2019s needlegrass, big sagebrush, spiny hopsage\r\nPotential vegetative composition (by weight): 45% grasses, 10% forbs, 45% shrubs\r\nPotential perennial cover: 15-25%\r\nPlot T125-Fairbanks-MAR-20\r\nTreatment: drill seeded\r\nPlot T125-Fairbanks-MAR-20 was established in 2020 and monitored for the third time in 2022. This site is not meeting the 3-year ESR objective for percent perennial cover (15%). Percent perennial cover decreased from 27% in 2021, to 3.3% in 2022.\r\nDensity decreased from 7 plants/sq. meter in 2021 to 4.5 plants/sq. meter in 2022. Despite the decrease, the site is still meeting the 3-year ESR objective for density (3 plants/sq. meter). Sandberg bluegrass, squirreltail, and Siberian wheatgrass were the only seeded species observed in the plot. There was 101-500 Sandberg bluegrass individuals and 11-100 individuals for both squirreltail and Siberian wheatgrass.\r\nPlot T124-A3TwinValley-MAR-21\r\nTreatment: aerially seeded\r\nPlot T124-A3TwinValley-MAR-21 was established and monitored for the first time in 2021. This site is not meeting the 3-year ESR objective for percent perennial cover (10.5%); in 2022, this site had a recorded 7.3% perennial cover.\r\n27 | P a g e\r\nThis site is meeting the 3-year ESR objective for density; in 2022 the site had an average of 5.8 plants/sq. meter, while the objective was 1 plant/sq. meter. Sandberg bluegrass was the only seeded species observed in the plot; there was an abundance of 501-1000 individuals.\r\nPlot WM-Shade-170\r\nTreatment: aerially seeded\r\nPlot WM-Shade-170 was established as an ESR monitoring plot and monitored for the first time in 2021. This site is not meeting the 3-year ESR objective for percent perennial cover (10.5%). Percent perennial cover in 2022 was 6%.\r\nThis site is not meeting the 3-year ESR objective for density (1 plant/sq. meter), it only has 0.5 plant/sq. meter. Wyoming big sagebrush and squirreltail were the only seeded species observed, there were 101-500 individuals for both seeded species in the plot.\r\nPlot T124-A4Buttermilk-MAR-21\r\nTreatment: aerially seeded\r\nPlot T124-A4Buttermilk-MAR-21 was established and monitored for the first time in 2021. This site is not meeting the 3-year ESR objective for both percent perennial cover and density. The 3-year objective was 17.5%, the site had a recorded 4.7% for 2022, putting it in the low-range of the potential percent perennial cover of the ESD reference state.\r\nThe site does not meet the density objective; the recorded average density was 0.6 plant/sq. meter and the objective was 1 plant/sq. meter. Seeded species observed in the plot included Sandberg bluegrass and Siberian wheatgrass, there were 101-500 individuals for Sandberg bluegrass and 11-100 individuals for Siberian wheatgrass.\r\nEcological Site R025XY019NV\r\nName: Loamy 8-10\u201d P.Z.\r\nDominant vegetation in reference state: Bluebunch Wheatgrass, Thurber\u2019s Needlegrass, Wyoming Big Sagebrush\r\nPotential vegetative composition (by weight): 65% grasses, 5% forbs, 30% shrubs\r\nPotential perennial cover: 20-30%\r\nPlot T125-LakeCK-MAR-20\r\nTreatment: drill seeded\r\nPlot T125-LakeCK-MAR-20 was established in 2020 and monitored for the third time in 2022. This site is not meeting the 3-year ESR objective for percent perennial cover (20%). In 2022 this site had 14% perennial cover, which was a decrease from 2021 (15% perennial cover).\r\n28 | P a g e\r\nThis site is meeting the 3-year ESR objective for density (3 plants/sq. meter). However, the site saw a decrease in density from 2021 (8 plants/sq. meter) to 2022 (5.5 plants/sq. meter). Seeded species observed included squirreltail and Siberian wheatgrass, there were 101-500 individuals for both seeded species in the plot.\r\nPlot T124-A2TwinValley-MAR-21\r\nTreatment: aerially seeded\r\nPlot T124-A2TwinValley-MAR-21 was established and monitored for the first time in 2021. This site is meeting the 3-year ESR objective for percent perennial cover (14%); in 2022, this site had 24% cover.\r\nThis site is meeting the 3-year ESR objective for density (1 plant/sq. meter). In 2022, this site had an average density of 3 plant/sq. meter. Sandberg bluegrass was the only seeded species observed in the plot; there was an abundance of 101-500 individuals\r\nMonitoring Conclusions\r\nTwelve AIM monitoring plots were established in 2019 and were not monitored in 2022.\r\nTwo AIM monitoring plots were established in 2020. Both plots (T125-Fairbanks-MAR-20 and T125-LakeCK-MAR-20) are not meeting the perennial cover objective. Both plots are meeting the 3-year ESR objective for density.\r\nFive AIM monitoring plots were established in 2021. The only plot not meeting the 3-year ESR objective for percent perennial cover is T124-A2TwinValley-MAR-21 the rest are meeting the objective. Likewise, two of the sites (WM-Shade-170 and T124-A4Buttermilk-MAR-21) are not meeting the 3-year ESR objectives for density, the rest are meeting the objective.\r\nOne major takeaway in the Monitoring Results Summary section is that Sandberg bluegrass was a seeded species that was seen at multiple sites. Thus, it could indicate that Sandberg bluegrass is well established and adapted to these sites, has high vigor and reproductive capability, and may be coming back naturally in addition to the supplemental aerial and drill seeding.",Polygon,Confirmed,Digitized by LTDL data entry personnel using a confirmed map,5/29/2020,11485.47,11472.86,,BLM and Cooperators,"Cover for wildlife, Erosion, Establishment of seeded species, Forage for wildlife, Habitat for antelope, Habitat for mule deer, Habitat for greater sage grouse, Habitat for wildlife, Habitat productivity, Habitat quality, Invasion by cheatgrass, Invasion by non-native annuals, Noxious weeds, Wildlife in treated area",Establish perennial cover.,,,,,"West - DOI-BLM-NV-W010-2018-0060-DNA.\r\n\r\nIt is assumed that only 10,000 acres were treated and  NDOW helped with 5,000 acres of the 10,000.\r\n\r\nTable 5. of Part 12 in the Monitoring Summary 2019 is a seeded species list for a different fire.",40:54:00
Model 20,Nothern Basin and Range,Post-burn drill seeding,54164,21251,Implemented,Unknown,1,11/29/2010,11/29/2010,Acres,2872.34,Seeding,Drill Seeding,Ground Seeding: Drill,-1,No seed list,,Seeds,No Seed List,Unknown,Not Available,,,,Area drill seeded,Unknown,Polygon,Confirmed,"Digitized by BLM field office personnel, method unknown",None,2872.34,2867.26,,BLM and Cooperators,"Fire hazard, Hazardous fuels accumulation, Hazardous fuels reduction, Invasion by cheatgrass, Invasion by non-native annuals, Noxious weeds, Vegetal cover",Fuel Break,Unknown,,Unknown,,,15:50:00
Model 20,Nothern Basin and Range,Post-burn drill seeding,54869,21374,Implemented,See Comments,2,10/4/2012,10/22/2012,Acres,1390,Seeding,Drill Seeding,Ground Seeding: Drill,-1,Confirmed seed list,,Seeds,Confirmed on Paper,Unknown,Species Specific,,The objective of the seeding treatments is to establish a perennial dominated plant community within three years. The results are based on site potential. The drill seed treatment would be considered successful if: \u2022 The seeded grass species reach densities of 3 plants per square meter for grasses.,"This treatment will aid in the establishment of a desirable perennial grass community that closely matches the structure, species composition, and diversity of the potential native plant community to help achieve a healthy functioning rangeland. Accelerating the rate of re-establishment of native grasses and reducing the risk of cheatgrass establishment is important to maintaining the value of the area as Sage-grouse breeding and winter habitat.","This project consisted of drill seeding 1,390 acres of the Rabbit Springs Fire. Seed was applied in dry to moist conditions. Two rangeland drills were used. The project was completed by John Ricketts of Jerome Idaho. The seed was premixed by ESR Staff. The project was started on October 4, 2012 and completed on October 22, 2012.","FY13: The percent cover of annual grass is more than the perennial grasses. The amount of vegetation was very low in this treatment. The percent cover of bare ground is considerably high for this treatment. These results are expected after only one growing season and in this low precipitation zone. No forbs or shrubs were planted in the seeding effort. Because of the neighboring sagebrush stands, it was determined that natural recovery will be adequate for the recruitment of sagebrush. The Burley Field Office typically gets good establishment of forbs from natural recovery. The results after the first year monitoring are not supporting this statement. Further monitoring is needed to defend or reject this statement. The seeded species have not expressed themselves fully except for the Siberian wheatgrass. This area had no previous fire history on record. Additional monitoring in needed to determine success or failure of this treatment.\r\n\r\nFY14: The percent cover of annual grass is more than the perennial grasses. The amount of vegetation was very low in this treatment. The percent cover of bare ground is considerably high for this treatment. These results are expected after only one growing season and in this low precipitation zone. No forbs or shrubs were planted in the seeding effort. Because of the neighboring sagebrush stands, it was determined that natural recovery will be adequate for the recruitment of sagebrush. The Burley Field Office typically gets good establishment of forbs from natural recovery. The results after the first year monitoring are not supporting this statement. Further monitoring is needed to defend or reject this statement. The seeded species have not expressed themselves fully except for the Siberian wheatgrass. This area had no previous fire history on record. Additional monitoring in needed to determine success or failure of this treatment.\r\n\r\nFirst year monitoring showed patchy but reasonably good establishment of some seeded species.\r\nExtremely dry conditions and possibly wind scouring resulting in low germination in most areas. Additional establishment could occur if moist conditions occur in fall 2013/spring 2014.\r\nBecause of the high percent cover of bare ground and the low percent cover of perennial grasses, forbs and shrubs, it is essential to continue monitoring the seeding and noxious weeds.\r\nThe amount of perennial grasses did improve from first year monitoring to the second year. The amount of perennial grasses did increase but only by a small percent. The amount of bare ground is a concern due to the presence of cheatgrass and noxious weeds in close proximity to the area. The low amounts of precipitation could be the major factor in the lack of cover. The need to monitor in FY15 is essential to track the progress or decline of the treatments. Also, it is imperative that noxious weed monitoring and treatments continue because of lack of cover.",Polygon,Confirmed,"Digitized by BLM field office personnel, method unknown",None,1390.35,1390.35,,Contractor,"Brush control, Establishment of seeded species, Habitat for sage grouse, Loss of desirable species, Loss of farming structures, Loss of native vegetation, Loss of sagebrush, Loss of vegetation, Noxious weeds, Vegetal cover, Loss of native species",The objective of the seeding treatments is to establish a perennial dominated plant community within three years. The results are based on site potential. The drill seed treatment would be considered successful if: \u2022 The seeded grass species reach densities of 3 plants per square meter for grasses.,,,,,,15:49:00
Model 20,Nothern Basin and Range,Post-burn drill seeding,55009,21399,Implemented,Unknown,2,12/9/2019,12/12/2019,Acres,976,Seeding,Drill Seeding,Ground Seeding: Drill,-1,Planned seed list,Drill,Seeds,Plan,Unknown,Not Available,"Seed List was provided, but not in amounts of seed.",The objective is to prevent sagebrush communities to transitioning into an annual plant state\r\nand restoring essential forage and cover for greater sage grouse.,"Application of seed by aerial or ground broadcasting methods would occur with species appropriate for the site based on resistance resilience and ecological site descriptions. Approximately 976 acres of BLM administered lands would be drill seeded. The seed mix would be made up of a mixture of Siberian wheatgrass (Agropyron fragile), Forage kochia (Bassia prostrata), Sandberg bluegrass (Poa secunda), and Wyoming big sagebrush (Artemisia tridentate wyomingensis). Drill seeding would take place in areas of gentle topography where moderate to high intensity burns were observed. Drill seeding would occur beginning in fall 2019 (FY2020). 976 acres would be treated with Imazapic in fall 2018, prior to treatment and allowed to fallow.","Drill seed 976 acres with POSE, AGFR, ACHY, and BAPR5","FY22 Results\r\nESR Objectives\r\nObjectives for aerial seeding are as follows:\r\n1. Obtain an average of 1 desirable perennial plant per square meter by the end of the fifth year from fire ignition.\r\n2. Obtain 70% or greater perennial cover of the low potential perennial plant cover for the appropriate Rangeland Ecological Site by the end of the third year following fire containment.\r\n3. The aerial seeding would result in lower abundance (density and cover) of invasive annual plant species, and a higher abundance of desirable perennial plant species than the unseeded control areas.\r\n\r\nDrill seeding objectives are as follows:\r\n1. Obtain an average of 3 seeded plant per meter\xb2 by the end of the third year following fire.\r\n2. Obtain 100% or greater perennial cover of the low potential perennial plant cover for the appropriate ecological site by the end of the third year following fire containment.\r\n3. The aerial seeding would result in lower abundance (density and cover) of invasive annual plant species, and a higher abundance of desirable perennial plant species than the unseeded control area.\r\n4. Seeded species would be well established and reproducing.\r\nMonitoring Results\r\nPercent Perennial Cover\r\nLine point intercept (LPI) data was used to calculate the percent perennial cover of each AIM monitoring plot. For each AIM plot, the percent foliar cover calculated for each transect was averaged to arrive at an overall percent perennial cover for the plot.\r\n\r\nDensity\r\nThe AIM monitoring crew recorded the number of seeded species and their age class within a 1 meter by 1 meter quadrant every 2.5 meters along a 25 meter transect. The density was calculated by totaling the number of individual plants of every species and age class, and then dividing the total number of plants by 30 sq. meters (3 transects/plot, each contains 10 1x1 meter quadrants) to arrive at the density (plants/sq. meter) of each AIM plot.\r\n\r\nMonitoring Results Summaries\r\nEcological Site R023XY057NV\r\nName: Granitic Loam 10-12\u201d P.Z.\r\nDominant vegetation in reference state: Thurber\u2019s needlegrass, bluebunch wheatgrass, Wyoming big sagebrush\r\nPotential vegetative composition (by weight): 60% grasses, 10% forbs, 30% shrubs\r\nPotential perennial cover: 20-30%\r\nPlot WM-WySage1-252\r\nTreatment: aerially seeded\r\nPlot WM-WySage1-252 was established as an AIM monitoring plot in 2017 (before the fire) and was monitored for ESR purposes in 2019. The plot was not re-visited in subsequent years because it was not fully burned, as indicated in the 2019 report.\r\nIn 2019, this site was meeting the 3-year ESR objective for percent perennial cover (14%) and for density (1 plant/sq. meter). In 2019, the site had 43% perennial cover and an average density of 14 plants/sq. meter. The percent perennial cover recorded in 2019 is beyond the high end of the potential perennial cover identified in the ESD (30%). This plot was not monitored in 2022.\r\nPlot T112-Boghot-ANT-20\r\nTreatment: aerially seeded\r\nPlot T112-Boghot-ANT-20 was established as an AIM monitoring plot in 2017 (before the fire) and was monitored for ESR purposes in 2020, 2021, and 2022.\r\nThis site is meeting the 3-year ESR objective for percent perennial cover (14%). In 2022, this site had 25.3% perennial cover, down from 41.7% in 2021. This site had an average density of 3.9 plants/sq. meter and was meeting the 3-year ESR objective (1 plant/sq. meter). Seeded species recorded at the site included Sandberg bluegrass and Siberian wheatgrass. Species richness in the plot was highly attributed to Sandberg bluegrass; there was 101-500 Sandberg bluegrass and 11-100 Siberian wheatgrass individuals.\r\nPlot T126-Antelope-ANT-20\r\nTreatment: drill seeded\r\nPlot T126-Antelope-ANT-20 was established as an AIM monitoring plot in 2017 (before the fire) and was monitored for ESR purposes in 2020, 2021, and 2022.\r\nThis site is meeting the 3-year ESR objective for percent perennial cover (20%). In 2022, this site had 31.3% perennial cover, up from 5.3% in 2021. In 2022, this site had an average density of 4.5 plants/sq. meter and was meeting the 3-year ESR objective of 3 plants/sq. meter. Seeded species recorded at the site included Sandberg bluegrass and Siberian wheatgrass. Species richness was highly attributed to Siberian wheatgrass; there was greater than 1000 Siberian wheatgrass and 501-1000 Sandberg bluegrass individuals.\r\nMonitoring Conclusions\r\nAll three monitoring plots on the Antelope Fire were established as AIM plots in 2017, before the fire. The pre-determined AIM plots were used as ESR monitoring plots after the fire, with Plot WM-WySage1-252 being monitored only once in 2019, and plots Plot T112-Boghot-ANT-20 and Plot T126-Antelope-ANT-20 being monitored in 2020, 2021, and 2022. Even with precipitation significantly below the 30-year average, all three sites are meeting the 3-year ESR objective for both percent perennial cover and density and both sites had two seeded species recorded, Sandberg bluegrass and Siberian wheatgrass.",Polygon,Confirmed,Digitized by LTDL data entry personnel using a confirmed map,9/10/2020,1025.08,985.4,,Unknown,"Cover for wildlife, Establishment of seeded species, Habitat for greater sage grouse, Habitat for sage grouse, Habitat for wildlife, Habitat productivity, Habitat quality, Invasion by cheatgrass, Invasion by non-native annuals, Loss of desirable species, Loss of native vegetation, Loss of perennials, Nesting bird species, Noxious weeds, Vegetal cover, Wildlife in treated area",Application of seed by aerial or ground broadcasting methods would occur with species appropriate for the site based on resistance resilience and ecological site descriptions. Sagebrush seeding would be focused in GHMA and in some higher elevation areas where success is likely. Some of the areas would have Siberian wheatgrass supplemented in the mix to compete with cheatgrass.,,,,,This treatment is a coordination of herbicide treatment with a seeding treatment to advantage germination and seedling establishment of native or selected non-native perennials,18:21:00
Model 20,Nothern Basin and Range,Post-burn drill seeding,56030,21563,Implemented,See Comments,1,11/1/1961,6/1/1962,Acres,1040,Seeding,Drill Seeding,Ground Seeding: Drill,-1,Confirmed seed list,,Seeds,Confirmed on Paper,Unknown,Species Specific,,Unknown,Drilling of crested wheatgrass.,Seeded area drilled with rangeland drill at the rate of 5# Crested Wheatgrass seed/ac.\r\n\r\nOnly the better sites were drilled.,Case History Narrative (post treatments) - Present indicators are that the seeded areas will be successful and no more maintenance seeding or sagebrush control will be required.,Polygon,Confirmed,Digitized by LTDL data entry personnel using a confirmed map,12/14/2020,4995.03,4959.15,,Unknown,Establishment of seeded species,Proper management and soil protection.,,,,,"Acres Discrepancy: The completion report map was used to create the feature for this treatment. The GIS acres do not match the reported completion acres.\r\n\r\nThere was only a confirmed date range for the Aerial Brush Control. The reported project completion date range was used and assumed the drilling took place sometime between the reported range but may not have taken the whole time to complete the drilling.\r\n\r\nThe total project cost is reported to be $12,334. The reported spraying cost was determined to cost $5,662.02. It is assumed the remainder of the total cost was used for drill seeding.",14:51:00
Model 20,Nothern Basin and Range,Post-burn drill seeding,56108,21574,Implemented,See Comments,2,10/1/2018,10/00/2018,Acres,6038,Seeding,Drill Seeding,Ground Seeding: Drill,-1,Planned seed list,Units 4 and 7 - Drill Seeding,Seeds,Plan,Unknown,Species Specific,"Forage kochia was not seeded at all\r\nin FY2018 because it did not pass seed viability tests and was not\r\ngoing to be available from the warehouse until the fall and was\r\nintended to be included in the FY2019 drilled acres. Ultimately,\r\nwe weren\u2019t able to obtain the forage kochia seed, so we traded for\r\nadditional crested wheatgrass seed which was used for the aerial\r\nbroadcast unit to cover additional acres.",For the purposes of soil and site stability increase desirable species by 5 per square meter frequency\r\nof deep rooted perennial bunchgrass for 5 years.,"This treatment consists of drill seeding 6,038 acres in the Cinder Butte Fire area.\r\nThe seeding will be done utilizing a rangeland drill. Seeding will occur in the fall of\r\nthe year (fiscal year 2018 and potentially 2019 depending upon weather/time\r\nconstraints). Timing is planned with snowfall to provide insulation for the seed\r\nduring the winter months; as the snow melts in the spring it will provide moisture\r\nthe seeds need to germinate. Siberian wheatgrass and crested wheatgrass were\r\nselected by the IDT as the main perennial bunchgrasses to be used and were\r\ndetermined as the species to compete with cheatgrass and establish on these\r\necological sites with low resistance and resilience based on the ecological\r\nsite description and conditions pre-fire and post fire. The Oregon GRSG Approved\r\nResource Management Plan Amendment (ARMPA) directs managers to not mix\r\ncrested wheatgrass with native grass species seed; that is why the crested/forage\r\nkochia mix with no native species included was selected to hold the site and resist\r\nannual invasive grasses. Forage kochia was selected for the seed mix to increase the\r\nnumber of functional groups present on the site to promote ecological function. An\r\nadditional benefit is deer and pronghorn antelope can utilize kochia for protein\r\nbrowse in the coming years prior to the timeframe when sagebrush could\r\nestablish. There are no native forbs in the seed mix. Trend monitoring completed\r\nbetween 2012-2017 for emergency stabilization and rehabilitation (ESR) in the\r\nMiller-Homestead and Buzzard Complex, in similar sites to Cinder Butte Fire\r\nTreatment Units 4 and 7, has shown that both perennial and annual forb response\r\nmeet sage-grouse habitat objectives the first 1-3 growing seasons post fire.\r\nPerennial forb species in the Northern Great Basin meristematic tissue are located\r\nbelow ground and current year above ground production is dormant prior to the fire\r\nseason, which greatly reduces the risk of mortality from fire. This makes forbs less\r\nvulnerable to wildland fire than perennial bunchgrasses that have meristematic\r\ntissue at the soil surface that is often associated with an accumulation of litter\r\nwithin the crown of the plant. Furthermore, high mortality rates on perennial\r\nbunchgrasses are associated with > 15 percent shrub and tree cover on the landscape\r\nwhereas forbs are less vulnerable to these high severity conditions. Vegetation\r\nmonitoring will document the recovery (species and percent cover) of native forbs\r\nin the area.\r\nIn Unit 4 there are two areas that total 1,730 acres where forage kochia will be\r\nexcluded from the seed mix. These areas are labeled as Unit 4a on the sagebrush\r\nseedling map and are slated for Wyoming big sagebrush plug planting because of\r\nthe 1-mile proximity to leks. This was an adjustment based off input from the Fish\r\nand Wildlife Service (FWS) during a meeting held on September 18, 2017.\r\nSeed Units 4 and 7 will include research plots 1 and 2. The Eastern Oregon\r\nAgricultural Research Center will conduct the study that will implement five\r\nreplicate drill row seedings that include non-native, native, non-native mixed with\r\nnative, drill with no seed, and a no drill control. The potential for revegetating after\r\nwildfire in Wyoming big sagebrush communities with native species alone is\r\nrelatively unknown because it has usually been co-seeded with non-native species\r\n(Boyd and Davies 2010; Davies et al. 2013a; Knutson et al. 2014) or not seeded at\r\nall. In other areas, some work has been done and found that seeding success using\r\nnatives has been low because the seed used was not climatically and/or genetically\r\nappropriate. In the meanwhile it is widely understood that non-native bunchgrasses\r\nestablish better than native bunchgrasses when they are co-seeded, but non-native\r\nbunchgrasses may have limited the success of co-seeded natives (Boyd and Davies\r\n2010; Knutson et al. 2014). Determining suitability of native vegetation to\r\nrevegetate rangelands after wildfire is important because the selection of plant\r\nmaterials to be seeded is crucial for successful revegetation. To evaluate the\r\neffectiveness of using native vegetation and to provide land managers with\r\nimportant information to assist them in selecting plant materials for revegetating\r\nsagebrush rangeland after wildfire, it is critical to compare seeding native with nonnative\r\nvegetation.","Weather and ability to complete Archeological clearance prevented\r\nentire unit from being drilled in FY2018, the remaining 3,000 acres\r\nwere drilled in Q1 of FY2019. Forage kochia was not seeded at all\r\nin FY2018 because it did not pass seed viability tests and was not\r\ngoing to be available from the warehouse until the fall and was\r\nintended to be included in the FY2019 drilled acres. Ultimately,\r\nwe weren\u2019t able to obtain the forage kochia seed, so we traded for\r\nadditional crested wheatgrass seed which was used for the aerial\r\nbroadcast unit to cover additional acres.","2020 - The number of perennial bunchgrass per square meter was determined by a study in the Miller\r\nHomestead Fire area (2012) that found that this density of deep-rooted perennial bunchgrasses\r\noccupied the site enough to suppress annual invasive grasses from and keep them from\r\npersisting. Seed Mix Table (note that these figures are for the entire Unit 4 and 7, part of which\r\nwas drill seeded in the calendar fall of 2017 and the remainder in the fall of 2018). While forage\r\nkochia was part of the original seed mix it was not applied and therefore is crossed out.\r\n\r\n2018 and 2019: \r\nMonitoring showed general success of seeding in the first and second season.\r\n\r\n2018 - 2019: monitoring showed that infestations of cheatgrass (at varying levels\r\nof foliar cover) were invading the drill seeded area. Infestations\r\nwere patchy, not continuous, but putting the long term success of\r\nthe treatments at risk.\r\n\r\n2018 and 2019 AIM Plot, ESR-CB-004 in Ground Seeded Unit 4\r\nSummary: Objective Met in 2019\r\nFoliar cover of deep-rooted perennial bunchgrasses across the plot was 26%, basal cover of the\r\nsame species averaged 6.6%. Although there is no easy way to compare density to cover, a study\r\nin a similar area (ecological sites) in the Miller Homestead Fire (2012) measured both. Between\r\nthe year 1 results and year 3 results the relationship between cover and density went from .5 to 1\r\nto 1.5 respectively. This indicates that in seeded areas there is thinning of deep-rooted perennial\r\nbunchgrasses (density or number of plants) over time as their cover increase. This may be\r\nattributed that each bunchgrass as it becomes establish requires more resources, such as water\r\nand nutrients per plant. If using the same principle for this site, cover which was near 7% basal in\r\n2018 should result in about 8 deep rooted perennial bunchgrass plants per meter squared in 2020\r\nif following the same cover: density trajectory. This takes into account self-thinning over a\r\nthree-year period. Density will be read at the AIM plot in 2019 to get a more accurate and real-time\r\naccount of the progress towards the objective.\r\n2019 AIM Plot, ESR-CB-013 in Ground Seeded Unit 7\r\nSummary: Objective Met in 2019\r\nIn 2019 the foliar cover of deep rooted perennial bunchgrasses across the plot was 4.7% and\r\n1.4% for basal cover for the same species. Crested wheatgrass, while present, only represented\r\n1.3% of the foliar cover. Sandberg\u2019s bluegrass, a shallow rooted perennial bunchgrass, was\r\n11.3% foliar cover and had the most basal cover of any species at 3.3%. Cheatgrass was a\r\nstaggering 54% foliar cover. This unit is slated for aerial herbicide treatment using imazapic to\r\ntarget invasive annual grass in August 2020.\r\nDensity plots were also taken in 2019 to measure against the objectives. Five square meter\r\nmeasurements, recorded at five meter intervals were taken per transect, for a total of 15 samples.\r\nThe density of crested wheatgrass averaged 4.6 plants per square meter across the plot, therefore\r\nby May 2019 the objective had been not been met for the seeded species. For all deep rooted\r\nperennial bunchgrasses, the average was approximately 9.5 plants per square meter, so overall\r\nthe objective had been met. It is important to note that the density measurement takes into\r\naccount all life stages of the grasses measured, many of the grass plants in these counts are\r\nseedling, to newly established, to 10+ cm in basal circumference suggesting they were not killed\r\nby the fire. This plot is anticipated to be reread in 2020. It is anticipated that the treatment of\r\ncheatgrass will free up resources for the perennial vegetation present at the plot, because the\r\naerial treatment of imazapic is after the 2020 AIM plots were likely read, the efficacy of the\r\nherbicide treatment considering the earlier seeding treatment won\u2019t be evaluated until after the\r\nplot is read in 2021.",Polygon,Confirmed,"Digitized by BLM field office personnel, method unknown",None,6036.67,5902.76,,Unknown,"Competition for resources, Cover for wildlife, Erosion, Establishment of seeded species, Forage for wildlife, Habitat for antelope, Habitat for elk, Habitat for greater sage grouse, Habitat for mule deer, Habitat for sage grouse, Habitat for wildlife, Habitat productivity, Habitat quality, Invasion by cheatgrass, Invasion by non-native annuals, Invasive species, Loss of desirable species, Loss of perennials, Loss of native species, Loss of sagebrush, Loss of vegetation, Nesting bird species, Noxious weeds, Sensitive species, Special status species, Vegetal cover, Wildlife in treated area","The treatments designed in the plan were done so to first stabilize soil, then address\r\nthe Greater Sage-grouse and wildlife (large ungulate) habitat concerns. A\r\ncomplicating factor is the presence of varying amounts of cheatgrass, competitive\r\nseeding with non-native species was planned to stabilize the soil in areas prone to\r\ncheatgrass conversion. The main area this was a concern was what was created as\r\nUnits 4 and 7. Future monitoring to track Units 4 and 7 would be valuable to 1.\r\nDetermine how much cheatgrass had gotten into the site, 2. Determine the level of\r\nnative species persisting in the area post-fire and track them over time, and 3.\r\nWildlife use or avoidance in the area. For a full accounting of the rationale behind\r\nthese treatments refer to the Full ESR Plan.","Delayed, Application method could not reach all areas",Weather and ability to complete Archeological clearance prevented\r\nentire unit from being drilled in FY2018,Other (See Trt Notes),Weather and ability to complete Archeological clearance prevented\r\nentire unit from being drilled in FY2018,"Seed Cost - $208,431.76",45:43:00
Model 20,Nothern Basin and Range,Post-burn drill seeding,56317,21564,Implemented,See Comments,2,00/00/2020,1/29/2021,Acres,1084,Seeding,Drill Seeding,Ground Seeding: Drill,-1,Confirmed seed list,,Seeds,Confirmed on Paper,Unknown,Species Specific,,The objectives of the ground seeding is to prevent erosion by reducing bare ground and establishing desirable perennial vegetation. The specific monitoring objectives to determine success are: 1) by the end of the third growing season following implementation of the seedings the density of perennial seeded species is at least 1.5 plants per square meter. The objective of the sagebrush application treatments is by the end of the third growing season there is 1.5 live sagebrush plants per 50 square meters.,"This EA proposes to incorporate seeding treatments as a component of the Vale District\u2019s Integrated Invasive Plant\r\nManagement. The objective of competitive seeding and planting is to provide a vegetative component to compete with invasive plants in treatment areas where existing native plants are unlikely to establish in sufficient quantity or quickly enough to prevent undesirable vegetation from taking over a site. In compliance with LM\u2019s Integrated Vegetation Management Handbook (USDI 2008a), native plants are given the first consideration for competitive seeding and planting. The Handbook states, \u201cDiverse, healthy, and resilient native plant communities provide the greatest opportunity to be successful in meeting multiple use objectives within BLM. [BLM is required to] set resource management objectives that can be met using native species for most situations. However, as a last resort, it may be necessary to introduce nonnative, non-invasive plant materials to break unnatural disturbance\r\ncycles or to prevent further site degradation by noxious or invasive plants\u201d (USDI 2008a.87)/\r\nReestablishing vegetation with native seed mixtures can be challenging depending on site conditions. One study in the Great Basin found nearly 50 percent of the sites seeded with native species failed to meet restoration objectives (Hull 1973). Other studies found poor results especially in lower precipitation zones (less than 11 inches annually), lower elevations (less than 4,000 feet), in drought years, and in areas that are already dominated by nonnative perennial grasses and weedy annual grass (i.e. high competition environments) (Knutson et al. 2014). Native seedings are more likely to meet management objectives in higher precipitation zones (greater than 11 inches), at higher elevations, in non-drought years when normal or above normal winter and spring precipitation results in increased germination and establishment, and in areas that had more intact native plant communities that existed prior to the treatment (i.e. not weedy sites).\r\nThere are potential treatment areas on the Vale District that have limited ecological site potential or are in such a degraded state that attempting to reintroduce exclusively native plants immediately following invasive plant treatments would be unsuccessful and would not meet the objective of the treatment. These sites tend to be low elevation, dry sites in Malheur County with less than eight inches of annual precipitation or in active or recently vacated mining areas.\r\nSome of the non-invasive, nonnative species like crested wheatgrass are effective competitors against invasive annual grasses, but also can outcompete native species that are sown in the same mix (Knutson et al. 2014) or native grasses and forbs that try to recolonize seeded sites (Miles and Karl 1995, Pellant and Lysne 2005). Areas seeded with nonnative grasses, especially forage species like Siberian and crested wheatgrass have largely been successful but can result in monocultures of nonnative forage grasses, usually with lowered species diversity than what was observed prior to the disturbance.\r\nThe development of efforts such as the Great Basin Restoration Initiative (1999) and the Great Basin Native Plant Project (2015) is improving the science and cultural practices of seeding native grasses and forbs and reestablishing shrubs like sagebrush. There is a high probability that native seeding in low elevation low precipitation areas with high levels of invasive annual grasses would continue to have mixed success. However, using selective herbicides like imazapic in these areas will reduce competition of invasive annual grasses and allow the native seed to establish.\r\nAreas burned by wildfire on the Vale District are assessed by an interdisciplinary team to identify whether and where there is a need to implement Emergency Stabilization and Rehabilitation projects. The assessment includes looking at the need to implement competitive seeding to prevent increases in (or spread from) existing invasive plants. Seeding objectives are identified and multiple factors are assessed to recommend seeding treatment needs. Factors analyzed include burn intensity, vegetative community, and risk of invasive plants. Seed mixes are developed by analyzing the pre-fire vegetation community; adjacent, unburnt vegetation communities; site potential; seed availability; and, annual precipitation. Seeding methods are chosen based on topography, rockiness, accessibility, and size of area to be seeded. These assessment considerations are noted in the Integrated Invasive Plant Management, Competitive Seeding and Planting Methods section of Chapter 2 (see below). The same process would be used before competitive seeding for invasive plant control purposes. Competitive seeding and planting occurs in conjunction with other treatments. Seeding is accomplished with hand spreaders, OHV spreaders, harrows, or drills, or is aerially seeded. Plugs or potted plants are planted using hand tools. Seeding with a rangeland drill entails the use of a tractor to pull a drill featuring a high-clearance reinforced frame, and single-disk openers that are independently suspended on trailing arms. The drill creates a shallow furrow, deposits seed and uses chains to drag soil to cover the seed. The depth of disturbance depends on the type of seed being planted. When drill seeding, it is critical to cover the seed properly and firm the soil once seed is placed between 0.25 and 0.50 inches below the surface (Shewmaker and Bohle 2004). It is difficult to control seed depth and soil firming with broadcast seeding or a harrow, but not all sites are conducive to a rangeland drill operation. To ensure best results when broadcast seeding, increasing the seed rate by 30 to 100 percent is suggested to offset for poorly placed seed. Broadcasting in two directions perpendicular to one another is suggested.","Drill Seedling of native seed mix will be conducted at a perpendicular pattern to mask the drill rows due to being located in the Bowden Hills WSA.\r\n\r\nDragging was a requirement due to entire fire located in Bowden Hills WSA, increasing overall cost of implementation. Drill seeding was implemented 11/26/2018 \u2013 12/19/2018. Dragging was attempted 02/04/2019 due to government shutdown. Cancelled due to weather and soil conditions\r\n\r\nNative seed purchase for Drill and Aerial Re-Treatment due to Russian Thistle invasion.\r\nDrummond Basin native seed was used in the native seed mix to reduce seed costs.","In the initial monitoring of the drill seeding site, two of the three plots lacked deep-rooted perennial grasses (DRPG) likely due to the severity of the fire in these areas. In FY 2021, there was 4.2% invasive annual grasses, a foliar cover of 32.5% for the invasive annual Russian thistle, 3.4% deep-rooted perennial grasses, and 7% shallow-rooted bunchgrasses (Table 7-3). The plots overall had a median basal diameter of 1.18 inches and a density of 1.89 plants per m2 (Table 7-1).\r\nIn FY 2022, there was 45.6% invasive annual grasses, a foliar cover of 5.1% for the invasive annual Russian thistle, 2.9% deep-rooted perennial grasses, and 8% shallow-rooted bunchgrasses (Table 7-3). The plots overall had a median basal diameter of 0.5 - 2 inches and a density of 0.85 plants per m2 (Table 7-1). Both monitoring teams found a sharp increase of cheatgrass (Bromus tectorum) cover in the drill seeding area in 2022 from 4.2% to 45.6% (Table 7-3) and 16.4% to 72.9% (Table 7-4). Both teams also found a drastic decrease in Russian thistle (Salsola tragus) by roughly 85% of the 2021 cover.\r\n\r\n\r\n \r\n\r\nIn FY 2018 monitoring the drill seeding plot, there was 7.8% invasive annual grasses, 0.9% deep-rooted perennial grasses and 6.7% shallow-rooted bunchgrasses (Table 7-2). The plots overall had a median basal diameter of 3.94 inches and a density of 0.24 plants per m2 shown in Table 7-1. The plots had a density of 0.24 m2 (Table 7-3), with the objective target to reach an average greater than or equal to 3 plants per m2. Further monitoring of these sites is required to determine the effectiveness of the treatment.   \r\n\r\n  \r\n\r\nIn FY 2019 monitoring the drill seeding plots, there was 1.8% invasive annual grasses, a foliar cover of 32.5% for the invasive annual Russian thistle, 3.5% deep-rooted perennial grasses, and 10% shallow-rooted bunchgrasses (Table 7-2). The plots overall had a median basal diameter of 3.15 inches and a density of 0.64 plants per m2 shown in Table 7-1.  \r\n\r\n \r\n\r\nIn FY 2020 monitoring the drill seeding plots, there was 8.8% invasive annual grasses, a foliar cover of 42.7% for the invasive annual Russian thistle, 6.1% deep-rooted perennial grasses, and 9% shallow-rooted bunchgrasses (Table 7-2). The plots overall had a median basal diameter of 0.79 inches and a density of 1.60 plants per m2 shown in Table 7-1.",Polygon,Confirmed,"Digitized by BLM field office personnel, method unknown",1/19/2021,3543.53,3543.53,,BLM,"Brush control, Establishment of seeded species, Habitat productivity, Habitat quality, Hazardous fuels accumulation, Hazardous fuels reduction, Loss of vegetation, Rangeland health","The proposed action is described in the Post-Fire Recovery Plan, Emergency Stabilization and Burned Area Rehabilitation, Bowden Fire (K7ZV), BLM Vale District Office, OREGON STATE OFFICE (hereafter called ESR Plan, July 26, 2017). Specifically, this Determination of National Environmental Policy Act (NEPA) Adequacy evaluates proposed actions for emergency stabilization and rehabilitation of burned areas within the Bowden fire. This document evaluates proposed actions in the ESR Plan for adequacy of existing NEPA analyses and conformance with the Final Environmental Impact Statement (FEIS, April 2001) for the Southeastern Oregon Resource Management Plan (SEORMP) Record of Decision (ROD, September 2002) as well as the 2015 FEIS for the Oregon Greater Sage-Grouse RMP (ARMPA, September 2015). In July of 2017, the Bowden fire (project area) burned 16,742 acres within the Bowden Hills Allotment. The fire area is completely within a designated sage-grouse General Habitat Management Area (GHMA). In order to rehabilitate the project area\u2019s native plant community, authorization and implementation of an Emergency Stabilization and Rehabilitation (ES&R) project occurred in 2017. The ES&R treatments included an aerial application of imazapic in the fall of 2017, followed by aerial and drill seeding of native perennial grass, forb and shrub species in the fall of 2018. In 2019, field visits and monitoring showed success of the seeding treatments as evidence by the establishment of drilled and aerial seeded species, with the west section of the fire having greater success than the northeast section. However, Russian thistle established throughout much of the project area with a dense monoculture of an average of 28 percent cover in the 2,550-acre northeast section due to the lack of established deep-rooted perennial grasses. Resource concerns within the burned area include maintenance of native perennial and desirable non-native plant species and expansion of existing weeds, especially cheatgrass and Russian thistle. Proposed re-treatments and actions include temporary fence construction, livestock grazing closures, herbicide treatment, aerial seeding, and monitoring. Class III cultural surveys were completed during 2017 and 2018; additional surveys would be required prior to any ground disturbing activities that have not been previously surveyed. Project Design Features Project Design Features (PDFs) were developed to aid in meeting project goals and objectives. These features are a component of BLM Adaptive Management process and are subject to change based on site-specific terrain characteristics (topography and vegetation). Changes, additions, or deletions would be made through coordination with appropriate BLM specialists and approved by the Malheur Field Office Manager.",Unknown,No documentation.,Unknown,No documentation.,,23:56:00
Model 20,Nothern Basin and Range,Post-burn drill seeding,57312,21213,Implemented,See Comments,2,11/1/2019,4/1/2022,Acres,14200,Seeding,Drill Seeding,Ground Seeding: Drill,-1,Confirmed seed list,,Seeds,Confirmed on Paper,Unknown,Not Available,"FY20 S2-Ground Seeding Seeded with: AGFR, POSE, PSSP6, and LECI4.\r\nFY21 S2-Ground Seeding Drill seeding. Seeded with: AGFR, ACHY, PASM, ELLA3, ELLAR, PSSP6, ACMI2, and LILE3.","The objectives for cover will be to obtain 70% of all perennial plant cover found in the associated reference site, or, when not possible, achieve 50% of the lowest value for perennial cover associated with the appropriate ecological or range site by the end of the third year. Density objectives for aerially seeded areas will be based on having three seeded species firmly rooted per square meter by first or second growing season following seeding.","Approximately 30,000 acres of BLM administered lands would be drill seeded with the \u2018Drill\u2019 seed mix made up of a mixture of fourwing saltbrush, bottlebrush squireltail, Siberian wheatgrass, Sandberg bluegrass, and bluebunch wheatgrass. Drill seeding would take place in areas of gentle topography where moderate to high intensity burns were observed. Drill seeding would occur over a three year period, beginning in fall 2018 (FY2019). Twenty thousand acres would be treated with Imazapic the year prior to treatment and allowed to fallow.","Seeded with Vavilov Siberian wheatgrass (Agropyron fragile), Sandberg bluegrass (Poa secunda), bluebunch wheatgrass (Pseudoroegneria spicata), basin wild rye (Leymus cinereus).","T125-LakeCK-MAR-20\r\nTreatment: Drill seeded A. fragile, P. secunda, P. spicata, L. cinereus.\r\n2020: This plot did pass the ESR perennial and did pass the density of seeded species objective. The perennial plants represented 10% of the flora found and this matches the ESR perennial objective at 10%. The seeded density objective was 3 and 5.3 seeded plants per meter were found. Most of the plot consisted of flat bare ground (62%) with a mix of seeded perennial grasses and invasive annual forbs like tall tumble mustard and clasping pepperweed (Leidium perfoliatum). Siberian wheat, bottlebrush squirreltail, and Sanburg bluegrass from the seeding may provide some water infiltration through snow catching and deep roots. For an overview of line one see, Figure #25\r\n\r\nT125-Fairbanks-MAR-20\r\nTreatment: Drill seeded A. fragile, P. secunda, P. spicata, L. cinereus.\r\n2020: This plot did not pass the ESR perennial objective, reaching 2.7% the first year after the fire. The density of seeded species objective was passed (10.2%), but some of the seeded species found may have been established pre-fire. Sanburg bluegrass, bottlebrush squirreltail, and sagebrush seedlings were found from the seeding. This area had been partially sprayed with herbicide and seeded the following year, and the bare soil (63%) may be a due to this. Cheatgrass, prickly lettuce, Sanburg bluegrass, and bottlebrush squirreltail were the only species found doing LPI. The grasses were all found within the drill rows and there were cow pies on the plot. A Montagnea family mushroom specie found on plot. For an overview of line one see, Figure #28.\r\n\r\n2022 ESR Monitoring Results\r\nMonitoring Results Summaries\r\nEcological Site R024XY005NV\r\nName: Loamy 8-10\u201d P.Z.\r\nDominant vegetation in reference state: Indian ricegrass, little sagebrush, Wyoming big sagebrush\r\nPotential vegetative composition (by weight): 55% grasses, 10% forbs, 35% shrubs\r\nPotential perennial cover: 20-35%\r\nPlot T124-A1Fairbanks-MAR-21\r\nTreatment: aerially seeded\r\nPlot T124-A1Fairbanks-MAR-21 was established in 2021 and monitored for the second time in 2022. This site is not meeting the 3-year ESR objective for percent perennial cover (14%); in 2022, this site had 7.3% perennial cover.\r\nThis site is meeting the 3-year ESR objective for density; the site had an average of 2.3 plants/sq. meter and the objective was 1 plant/sq. meter. Sandberg bluegrass was the only seeded species observed in the plot; there was an abundance of 101-500 individuals.\r\nEcological Site R024XY020NV\r\nName: Droughty Loam 8-10\u201d P.Z.\r\nDominant vegetation in reference state: Indian ricegrass, Thurber\u2019s needlegrass, big sagebrush, spiny hopsage\r\nPotential vegetative composition (by weight): 45% grasses, 10% forbs, 45% shrubs\r\nPotential perennial cover: 15-25%\r\nPlot T125-Fairbanks-MAR-20\r\nTreatment: drill seeded\r\nPlot T125-Fairbanks-MAR-20 was established in 2020 and monitored for the third time in 2022. This site is not meeting the 3-year ESR objective for percent perennial cover (15%). Percent perennial cover decreased from 27% in 2021, to 3.3% in 2022.\r\nDensity decreased from 7 plants/sq. meter in 2021 to 4.5 plants/sq. meter in 2022. Despite the decrease, the site is still meeting the 3-year ESR objective for density (3 plants/sq. meter). Sandberg bluegrass, squirreltail, and Siberian wheatgrass were the only seeded species observed in the plot. There was 101-500 Sandberg bluegrass individuals and 11-100 individuals for both squirreltail and Siberian wheatgrass.\r\nPlot T124-A3TwinValley-MAR-21\r\nTreatment: aerially seeded\r\nPlot T124-A3TwinValley-MAR-21 was established and monitored for the first time in 2021. This site is not meeting the 3-year ESR objective for percent perennial cover (10.5%); in 2022, this site had a recorded 7.3% perennial cover.\r\n27 | P a g e\r\nThis site is meeting the 3-year ESR objective for density; in 2022 the site had an average of 5.8 plants/sq. meter, while the objective was 1 plant/sq. meter. Sandberg bluegrass was the only seeded species observed in the plot; there was an abundance of 501-1000 individuals.\r\nPlot WM-Shade-170\r\nTreatment: aerially seeded\r\nPlot WM-Shade-170 was established as an ESR monitoring plot and monitored for the first time in 2021. This site is not meeting the 3-year ESR objective for percent perennial cover (10.5%). Percent perennial cover in 2022 was 6%.\r\nThis site is not meeting the 3-year ESR objective for density (1 plant/sq. meter), it only has 0.5 plant/sq. meter. Wyoming big sagebrush and squirreltail were the only seeded species observed, there were 101-500 individuals for both seeded species in the plot.\r\nPlot T124-A4Buttermilk-MAR-21\r\nTreatment: aerially seeded\r\nPlot T124-A4Buttermilk-MAR-21 was established and monitored for the first time in 2021. This site is not meeting the 3-year ESR objective for both percent perennial cover and density. The 3-year objective was 17.5%, the site had a recorded 4.7% for 2022, putting it in the low-range of the potential percent perennial cover of the ESD reference state.\r\nThe site does not meet the density objective; the recorded average density was 0.6 plant/sq. meter and the objective was 1 plant/sq. meter. Seeded species observed in the plot included Sandberg bluegrass and Siberian wheatgrass, there were 101-500 individuals for Sandberg bluegrass and 11-100 individuals for Siberian wheatgrass.\r\nEcological Site R025XY019NV\r\nName: Loamy 8-10\u201d P.Z.\r\nDominant vegetation in reference state: Bluebunch Wheatgrass, Thurber\u2019s Needlegrass, Wyoming Big Sagebrush\r\nPotential vegetative composition (by weight): 65% grasses, 5% forbs, 30% shrubs\r\nPotential perennial cover: 20-30%\r\nPlot T125-LakeCK-MAR-20\r\nTreatment: drill seeded\r\nPlot T125-LakeCK-MAR-20 was established in 2020 and monitored for the third time in 2022. This site is not meeting the 3-year ESR objective for percent perennial cover (20%). In 2022 this site had 14% perennial cover, which was a decrease from 2021 (15% perennial cover).\r\n28 | P a g e\r\nThis site is meeting the 3-year ESR objective for density (3 plants/sq. meter). However, the site saw a decrease in density from 2021 (8 plants/sq. meter) to 2022 (5.5 plants/sq. meter). Seeded species observed included squirreltail and Siberian wheatgrass, there were 101-500 individuals for both seeded species in the plot.\r\nPlot T124-A2TwinValley-MAR-21\r\nTreatment: aerially seeded\r\nPlot T124-A2TwinValley-MAR-21 was established and monitored for the first time in 2021. This site is meeting the 3-year ESR objective for percent perennial cover (14%); in 2022, this site had 24% cover.\r\nThis site is meeting the 3-year ESR objective for density (1 plant/sq. meter). In 2022, this site had an average density of 3 plant/sq. meter. Sandberg bluegrass was the only seeded species observed in the plot; there was an abundance of 101-500 individuals\r\nMonitoring Conclusions\r\nTwelve AIM monitoring plots were established in 2019 and were not monitored in 2022.\r\nTwo AIM monitoring plots were established in 2020. Both plots (T125-Fairbanks-MAR-20 and T125-LakeCK-MAR-20) are not meeting the perennial cover objective. Both plots are meeting the 3-year ESR objective for density.\r\nFive AIM monitoring plots were established in 2021. The only plot not meeting the 3-year ESR objective for percent perennial cover is T124-A2TwinValley-MAR-21 the rest are meeting the objective. Likewise, two of the sites (WM-Shade-170 and T124-A4Buttermilk-MAR-21) are not meeting the 3-year ESR objectives for density, the rest are meeting the objective.\r\nOne major takeaway in the Monitoring Results Summary section is that Sandberg bluegrass was a seeded species that was seen at multiple sites. Thus, it could indicate that Sandberg bluegrass is well established and adapted to these sites, has high vigor and reproductive capability, and may be coming back naturally in addition to the supplemental aerial and drill seeding.",Polygon,Confirmed,Digitized by LTDL data entry personnel using a confirmed map,3/24/2021,16663.49,16638.47,,BLM,"Cover for wildlife, Erosion, Establishment of seeded species, Forage for wildlife, Habitat for antelope, Habitat for mule deer, Habitat for greater sage grouse, Habitat for wildlife, Habitat productivity, Habitat quality, Invasion by cheatgrass, Invasion by non-native annuals, Noxious weeds, Wildlife in treated area",Establish perennial cover.,,,,,,44:43:00
Model 20,Nothern Basin and Range,Post-burn drill seeding,57622,22019,Implemented,Unknown,2,8/1/2002,8/28/2002,Acres,28429.71,Seeding,Drill Seeding,Ground Seeding: Drill,-1,Confirmed seed list,,Seeds,Confirmed in GIS,Unknown,Unknown,,To complete a drill seeding.,No documentation.,"A drill seeding was completed targeting bitterbrush, native grasses, and mixed sagebrush.",None,Polygon,Confirmed,"Digitized by BLM field office personnel, method unknown",4/8/2021,28429.71,28424.84,,Unknown,"Establishment of seeded species, Habitat productivity, Habitat quality, Rangeland health",Wildfire.,Unknown,No documentation.,Unknown,No documentation.,,50:37:00
Model 20,Nothern Basin and Range,Post-burn drill seeding,61938,22828,Implemented,See Comments,2,3/1/2022,11/15/2022,Acres,1051,Seeding,Drill Seeding,Ground Seeding: Drill,-1,Confirmed seed list,Native drill seed mix,Seeds,Confirmed on Paper,Unknown,Species Specific,Native drill seed mix was submitted for purchase in winter 2021 using MO FY21 funds. Boise Seed Warehouse.,"1. Foliar cover of perennial grasses (excluding Sandberg bluegrass) is an average of greater than or equal to 20%.\r\n2. Density of large stature perennial grasses (excluding Sandberg bluegrass) is an average of greater than or equal to 3 plants per m2.\r\n3. Basal diameter of large statured seeded grasses (bluebunch wheatgrass, Snake River wheatgrass, Siberian wheatgrass, and/or crested wheatgrass) has a median value of greater than or equal to 3 inches, excluding Sherman big bluegrass and thickspike wheatgrass.\r\n4. A qualitative assessment of the fitness and vigor of native and seeded perennial plant species determines those species to be established. The assessment would include at a minimum the following factors:\r\n- Seed head and seed production\r\n- Root mass, and lateral and vertical growth\r\n- Precipitation during germination and growing season",Approximately 850 acres of native seed drill seeding.,"Native drill seed mix was submitted for purchase in winter 2021 using MO FY21 funds. The initial cultural survey was completed in October 2021, for the proposed drill seeding acres. Site evaluations are still in progress and acreage adjustments will be made after final survey is completed. Approximately 850 acres of native seed was drill seeded in the fall of 2022. Rented a tractor for 2nd drill set up.","In the summer 2021, baseline monitoring plots were established in the southern parts of the Wildcat fire boundary prior to treatments to better determine the overall success of treatments. The treatments carried out on the southern side included aerial herbicide application of imazapic and drill seeding of native grasses and spiny hop sage (Grayia spinosa). The drill seeding project area covers the toe slope of an alluvial fan that experienced low fire severity (Sentinel Fire Severity: Wildcat ESR 2020 map).\r\n\r\nThe aerial herbicide application of imazapic in the fall of 2021 reduced cheatgrass foliar cover from 12.2% to 0.4% by summer of 2022 (Table 7-2). The reduction of cheatgrass to 0.4% meets our objective for the first year of the two-year objective for invasive annual grass aerial herbicide treatment. Either due to the fire or ongoing drought conditions, much of the area had a low density of deep-rooted perennial bunchgrasses throughout the treatment area. In 2021, the baseline data showed the area had 1.8% foliar cover for deep-rooted perennial bunchgrasses and shallow-rooted bunch grasses had 0.4% foliar cover prior to drill seeding. Deep-rooted perennial grasses showed no significant change between 2021 and 2022 and continue to be below all objective thresholds (Table 7-1).\r\n\r\nIn 2023, plots for the drill seeded area were revisited to gauge treatment success. In 2023 the median basal diameter is the only objective being met for the drill seeding. There is a slight increase in the deep-rooted perennial grass density from the previous year due to the new bunchgrasses establishing within the treatment area. There is a trace amount of cheatgrass in the drill seeding area which can be attributed to the aerial herbicide spraying and the rocky soil type. The soil may be influencing the low treatment success for the establishment of bunchgrasses.",Polygon,Confirmed,Digitized by LTDL data entry personnel using a confirmed map,1/13/2023,1078.3,1078.3,,BLM,"Loss of desirable species, Loss of native vegetation, Loss of vegetation",Drill seed native species,,,,,,10:14:00
Model 20,Nothern Basin and Range,Post-burn drill seeding,69504,21213,Implemented,Unknown,2,9/15/2019,9/25/2019,Acres,10666,Seeding,Drill Seeding,Ground Seeding: Drill,-1,No seed list,,Unknown,No Seed List,Unknown,Unknown,,Drill seeding of native and non-native species.,"Drill seeding. Unless otherwise directed by the COR, all seeding shall be done on the contour.","Drill seeding completed, verified by GIS attribute table.",Unknown.,Polygon,Confirmed,"Digitized by BLM field office personnel, method unknown",7/20/2020,10674.38,10634.28,Treatment acres slightly greater than feature acres,Unknown,Establishment of seeded species,Wildfire,,,,,,22:59:00
Model 20,Nothern Basin and Range,Post-burn drill seeding,70448,24976,Implemented,Unknown,2,10/8/2019,11/5/2019,Acres,1016,Seeding,Drill Seeding,Ground Seeding: Drill,-1,No seed list,,Seeds,No Seed List,Unknown,Unknown,,Burned area rehabilitation to restore native vegetation,"Drill seeding approximately 1,060 acres within the Hoppin Peak burn area in October 2019. A tractor will pull rangeland drill at a depth of one inch",Drill seeding in the Montana Mountains Restoration Block Seeding. Implementation verified using GIS attribute table.,Unknown,Polygon,Confirmed,"Digitized by BLM field office personnel, method unknown",None,1016.01,1016.01,,Unknown,"Establishment of seeded species, Habitat quality, Habitat for wildlife, Invasive species","Unfortunately previous efforts to spray weed and drill seed native plants was unsuccessful.\r\nThe BLM is proposing to drill seed the previous project area as well as an added 718 acres for\r\na total of 1,060 acres in order to stabilize soil, renew wildlife habitat, and reduce the\r\noccurrence of invasive annual species.",,,,,There are discrepancies between BLM GIS feature/acres and the BLM treatment map feature/acres. Used the GIS data for the implementation.,06:43:00
