Model,Ecoregion,Treatment,Trt_ID,Prj_ID,Plan_Imp,Success,Dates_Confirmed,Init_Date,Comp_Date,Units,Num_Units,Trt_Type_Major,Trt_Type_Sub,Treatment_Type,Treatment_Seeded,Seed_List,Seed_Mix_Name,Seeds_or_Seedlings,Seed_List_Confirmed,Control_Areas,Seed_Application_Rate,Seed_Notes,Objectives,Planned_Implementation,Actual_Implementation,Treatment_Effect_and_Results,Trt_Feature_Type,Feature_Status,How_Feature_Created,Feature_Creation_Date,Total_Acres,BLM_Acres,GIS_Notes,Initiated_By,Trt_Concerns,Trt_Concerns_Desc,Problems_Apply_Trt,Problems_Apply_Trt_Desc,Conditions_At_Trt,Conditions_At_Trt_Desc,Trt_Notes,User_Updated
Model 14,Nothern Basin and Range,Herbicide,364,143,Implemented,Unknown,2,5/18/1961,5/19/1961,Acres,800,Herbicide/Weeds/Chemical,Herbicide,Herbicide Application: Brush/Tree Control,0,,,,,,,,Eradication of big sagebrush.,Unknown,Eradicating big sagebrush with aerial application of herbicide.,Unknown,Polygon,Confirmed,"Digitized by BLM field office personnel, method unknown",,1301.551668,1245.265158,,BLM,"Invasion by non-native annuals, Livestock in treated area, Noxious Weeds, Other (See Trt Notes)",Eradicating big sagebrush,Unknown,,Unknown,,ESR/Rehab,20:51:00
Model 14,Nothern Basin and Range,Herbicide,494,171,Implemented,Successful,2,4/28/1961,4/30/1961,Acres,1380,Herbicide/Weeds/Chemical,Herbicide,Herbicide Application: Brush/Tree Control,0,,,,,,,,Brush control,It is proposed to spray sagebrush with herbicide to increase the native grass cover which is depleted.,Aerial spraying of big sagebrush on allotments.,Project considered a success with approximately a 95% kill on sagebrush.,Polygon,Confirmed,"Digitized by BLM field office personnel, method unknown",,1342.851241,1282.489546,,Unknown,Other (See Trt Notes),Brush control,Unknown,,Unknown,,,22:29:00
Model 14,Nothern Basin and Range,Herbicide,1258,468,Implemented,None,2,6/00/1972,6/00/1972,Acres,4760,Herbicide/Weeds/Chemical,Herbicide,Herbicide Application: Brush/Tree Control,0,,,,,,,,The benefits to be realized from this project are: \r\nA) increase the percent of vegetative cover and improve water quality and watershed condition\r\nB) increase forage production to enable a transfer of excess livestock demand to be from a low potential allotment into this area of use.,,,,Polygon,Confirmed,"Digitized by BLM field office personnel, method unknown",,6766.157059,6766.157083,,Contractor,"Watershed degradation, Provide forage for wildlife",The purpose of this job is to more readily facilitate the intensive management system employed on this area for use in keeping with the Vale Project Schedule.,None,,None,,,56:06:00
Model 14,Nothern Basin and Range,Herbicide,1675,624,Implemented,None,1,4/00/1967,5/00/1967,Acres,5300,Herbicide/Weeds/Chemical,Herbicide,Herbicide Application,0,,,,,,,,,"Spray 6599 acres with 2-4-D to eradicate Big Sagebrush, alternating 100 ft. spray strips with 100 ft. non sprayed strips.",Project consisted of 5300 acres sprayed in strips- 200 ft. eradicated and 100 ft. left as necessary for wildlife requirements.,,Polygon,Confirmed,Digitized by LTDL data entry personnel using a confirmed map,7/10/2012,6451.544684,6353.762267,,,"Watershed degradation, Loss of Perennials, Provide forage for livestock","The project will improve the stand of native perennial grasses to provide better protection of the watershed, improve the quantity of forage production and implement the management plan for the unit.",None,,None,,,43:26:00
Model 14,Nothern Basin and Range,Herbicide,3388,1212,Implemented,None,2,5/3/1965,5/18/1965,Acres,10000,Herbicide/Weeds/Chemical,Herbicide,Herbicide Application: Brush/Tree Control,0,,,,,,,,,,"This area of native rangeland. Atr. overstory, was sprayed with a low volatile ester of\r\n2,4-D a t a rate of 2 lbs. acid in a 4 gallon of water mixture per acre. The project\r\nwas sprayed under formal contract No. 14-11- 0001- 2800 by Roberts Aircraft Company, Mesa,\r\nArizona.\r\nThey furnished and applied the spray formulation at a cost of $2. 00 per acre. They used\r\none B- 18 to apply the spray formulation and flew at a height of 25-50 feet . The weather\r\nwas good 'and a 90% kill was obtained.",,Polygon,Confirmed,"Digitized by BLM field office personnel, method unknown",,9286.833107,9287.264351,,Contractor,"Overgrazing, Provide forage for livestock","The spray project is a continuation of the overall district development and\r\nconservation program. The project consisted of aerial spraying 10,000 acres\r\nof native rangeland in the McCain Springs allotment of the Mahogany Grazing\r\nUnit . This allotment is over obligated and spraying the area will increase\r\nthe available forage at least three times its past carrying capacity thus\r\nrelieving the over use and abuse of other range and allotment in the unit.",None,,None,,,01:35:00
Model 14,Nothern Basin and Range,Herbicide,3609,1276,Implemented,None,2,5/27/1963,6/4/1963,Acres,6000,Herbicide/Weeds/Chemical,Herbicide,Noxious Weeds: Weed Control - Herbicide Application,0,,,,,,,,To restore the potential carrying capactiy by forage improvement practices and better management.\r\n\r\nTo decrease competition with desirable plants for soil nutrients and moisture by elemination of sage.,,"The response of the native grasses, especially Giant Wild Rye, is very good on sprayed area due to the release from competition by the big sage brush. This is particularly true on the upper slopes where the native grasses were present but in a decadent state.",,Polygon,Confirmed,Not Determined,,7813.051416,7813.061594,,,None,,None,,None,,,25:34:00
Model 14,Nothern Basin and Range,Herbicide,4113,1468,Implemented,Unknown,2,5/27/1963,5/31/1963,Acres,11080,Herbicide/Weeds/Chemical,Herbicide,Noxious Weeds: Weed Control - Herbicide Application,0,,,,,,,,,,Spraying was done with twin engine PV-2 aircraft with 1500 gal tank capacity. Chemical application for 11080 acres @ $2.26 per acre.,,Polygon,Confirmed,Digitized by LTDL data entry personnel using a confirmed map,1/5/2012,10812.00646,10806.76949,,BLM and Cooperators,Unknown,,None,,None,,,58:35:00
Model 14,Nothern Basin and Range,Herbicide,4654,1668,Implemented,None,1,5/2/1961,5/16/1961,Acres,3380,Herbicide/Weeds/Chemical,Herbicide,Herbicide Application: Brush/Tree Control,0,,,,,,,,Brush eradication,,Aerial spraying of sagebrush with 2-4-D herbicide. This project consisted of spraying islands which were left on the Buhl-Clover Plowing and Drilling project. These islands were too rocky to plow so they were sprayed with helicopters. Success of the project was good.,Success of the project was good. The kill averaged out to approximately 95% of the sagebrush.,Polygon,Confirmed,Digitized by LTDL data entry personnel using a confirmed map,4/15/2011,18029.11916,16966.94428,,,Other (See Trt Notes),This project consisted of spraying islands were left on the Buhl-Clover Plowing and Drilling project.,None,,None,,,52:24:00
Model 14,Nothern Basin and Range,Herbicide,5175,1880,Implemented,Unknown,2,5/20/1963,11/16/1963,Acres,5434,Herbicide/Weeds/Chemical,Herbicide,Noxious Weeds: Weed Control - Herbicide Application,0,,,,,,,,Control sagebrush.,Aerially apply herbicide.,Spraying was done with twin engine Beech aircraft with 500 gal tank capacity.,,Polygon,Confirmed,Digitized by LTDL data entry personnel using a map of unknown origin,6/1/2010,7423.203512,7423.203512,,,None,,None,,None,,,26:16:00
Model 14,Nothern Basin and Range,Herbicide,7421,2680,Implemented,Unknown,2,5/13/1963,5/14/1963,Acres,2210,Herbicide/Weeds/Chemical,Herbicide,Herbicide Application: Brush/Tree Control,0,No seed list,,,,,,,The purpose for treatments was to increase the ground cover with more desirable plants and stabilize the soil in areas where considerable wind erosion is evident.,Unknown,"The area was sprayed with 2 pounds 2-4-D acid in 3 gallons diesel oil per acre. The application was done under contract to Herrod Aviation, Billings, Montana, for a total price of 2.25 per acre. BLM furnished flagmen and supervision only.Stearman and Beech Craft type aircraft were used for application.",Unknown,Polygon,Confirmed,Digitized by LTDL data entry personnel using a confirmed map,1/10/2011,2672.214279,2564.908041,,Contractor,"Erosion, Loss of vegetation",The purpose for treatments was to increase the ground cover with more desirable plants and stabilize the soil in areas where considerable wind erosion is evident.,None,,None,,,53:08:00
Model 14,Nothern Basin and Range,Herbicide,8118,2919,Implemented,Partially Successful,2,8/16/2007,8/16/2007,None,,Herbicide/Weeds/Chemical,Herbicide,Noxious Weeds: Weed Control - Herbicide Application,0,,,,,,,,The burned area was inventoried by the Harney County Strategic Weeds Attack Team (SWAT). The team inventories and spot treats weeds under a cooperative agreement with the BLM and Harney County.,,Early identification and treatment of weeds helped to limit the establishment and spread of noxious weeds within the fire perimeter. The utilization of the Harney County SWAT proved to be an effective use of funds and resources.,A small patch of knapweed was discovered on the site and treated in 2007. The initial treatment was effective at eliminating the knapweed. The fire boarders the Malheur National Wildlife Refuge and the BLM will continue to work with refuge staff to control noxious weeds along the BLM and refuge boundary.,Polygon,Confirmed,"Digitized by BLM field office personnel, method unknown",,16924.35155,16525.22582,,Contractor,Noxious Weeds,"Weed infestations consist of bull thistle, Canada thistle, Scotch thistle, diffuse knapweed, Russian knapweed, spotted knapweed, white top, medusahead rye, perennial pepperweed, puncture vine, dalmation toadflax, field bindweed, St. Johnswort, halogeton, Mediterranean sage, and cheatgrass.",None,,None,,,02:49:00
Model 14,Nothern Basin and Range,Herbicide,8684,3108,Implemented,None,2,6/2/1962,6/10/1962,Acres,6270,Herbicide/Weeds/Chemical,Herbicide,Noxious Weeds: Weed Control - Herbicide Application,0,,,,,,,,aerial spray sagebrush to ensure there will be grazing on halogeton infestations and preven spread,,,,Polygon,Confirmed,Not Determined,,12344.47173,12323.17154,The polygon provided is about double the acres of the reported acreage on the completion report,,None,,None,,None,,,40:56:00
Model 14,Nothern Basin and Range,Herbicide,10787,3847,Implemented,Not Successful,2,5/27/1963,6/12/1963,Acres,15200,Herbicide/Weeds/Chemical,Herbicide,Herbicide Application: Brush/Tree Control,0,,,,,,,,"Eradicate sagebrush, increase forage for livestock and deer.",Aerial herbicide application.,"Aerial spray for sagebrush eradication.  Immediately after the treatment, condition was rated good with much of the shrubs killed.  As of 1971, the condition was fair due to reinvasion of sage, apparently due to overuse.",,Polygon,Confirmed,Digitized by LTDL data entry personnel using a confirmed map,4/29/2011,18505.66786,18432.04207,The area of the uploaded shapefile is larger than that listed in the Project Completion Report.  This map was digitized using the Project Completion Report.,,"Provide forage for livestock, Provide forage for wildlife",,None,,None,Conditions during application ranged from clear and windy to calm and overcast.  See contract diary.,The area of the uploaded shapefile is larger than that listed in the Project Completion Report.,05:40:00
Model 14,Nothern Basin and Range,Herbicide,11572,4121,Implemented,None,2,00/00/1970,00/00/1970,Acres,395,Herbicide/Weeds/Chemical,Herbicide,Herbicide Application: Brush/Tree Control,-1,Confirmed seed list,,Seeds,Confirmed on Paper,Unknown,Species Specific,,,,395 acres was seeded to nomad alfalfa in the spring of 1970. One pound per acre by airplane.,,Polygon,Confirmed,"Digitized by BLM field office personnel, method unknown",,551.095251,543.4658059,,Contractor,"Provide forage for livestock, Watershed degradation",This seeding will provide on site watershed protection and will serve as a management base for improvement of the surrounding watershed in the allotment and an increase in grazing capacity.,None,,None,,,35:04:00
Model 14,Nothern Basin and Range,Herbicide,12054,4301,Implemented,None,2,5/30/1964,6/6/1964,Acres,5500,Herbicide/Weeds/Chemical,Herbicide,Herbicide Application,0,,,,,,,,,,"Applied 2 lbs. acid equivalent of low-volatile 2,4-D (6lb/gal. material) plus 2-2/3 gal diesel per acre. Used to Stearman planes, BLM flaggers. Rained heavily the day before the spray period. Contract #14-11-008-1617. 2.26/acre. Flew from strip in Bourke Seeding.",,Polygon,Confirmed,Digitized by LTDL data entry personnel using a confirmed map,6/17/2013,5323.509419,5144.656287,,Contractor,Unknown,,None,,None,,,55:00:00
Model 14,Nothern Basin and Range,Herbicide,12249,4385,Implemented,None,2,6/4/1961,6/9/1961,Acres,2200,Herbicide/Weeds/Chemical,Herbicide,Noxious Weeds: Weed Control - Herbicide Application,0,,,,,,,,Control rabbitbrush and big sagebrush invading the crested wheatgrass seedings.  A 50-100% increase in forage production is expected to result.,"The Fort Rock Community Reseeding area and two areas close by in R 13 E sections 22, 26, and 35 were sprayed by helicopter with 2-4-D to control rabbitbrush.",,,Polygon,Confirmed,Digitized by LTDL data entry personnel using a map of unknown origin,4/20/2010,2103.215446,34.62841877,,BLM and Cooperators,None,,None,,None,,,00:09:00
Model 14,Nothern Basin and Range,Herbicide,12412,4443,Implemented,See Comments,2,4/26/1960,6/8/1960,Acres,750,Herbicide/Weeds/Chemical,Herbicide,Noxious Weeds: Weed Control - Herbicide Application,0,,,,,,,,,,"Accomplished aerially with 2 aircraft with each covering a 100-ft. swath/pass. Chemical used was 2, 4-D herbicide.",5/17/1962:  Native grasses are coming back good.\r\nGood kill on sagebrush.,Polygon,Confirmed,"Digitized by BLM field office personnel, method unknown",,987.61,981.55,,BLM and Cooperators,"Noxious Weeds, Sagebrush, Competition for resources, Erosion, Loss of desirable species",Purpose of treatment: Release the perennial grasses from the dominant overstory of Big sagebrush.,,,,,,32:03:00
Model 14,Nothern Basin and Range,Herbicide,12415,4445,Implemented,None,2,00/00/1967,00/00/1967,Acres,2700,Herbicide/Weeds/Chemical,Herbicide,Herbicide Application: Brush/Tree Control,0,,,,,,,,"The area will be sprayed with a 2,4-D spray formulation to kill the sagebrush. The area must be seeded to Crested Wheatgrass because the native bunchgrasses have been depleted due to severe overgrazing. This will increase the grazing capacity of the area, help stabilize the soil, provide needed deferment of the adjoining range during the early stage of growth.",,,,Polygon,Confirmed,"Digitized by BLM field office personnel, method unknown",,3084.121604,3062.321913,,Contractor,"Overgrazing, Provide forage for livestock, Watershed degradation","The area must be seeded to crested wheatgrass because the native bunchgrasses have been depleted due to sever over grazing. This will decrease the grazing capacity of the area, help stabilize the soil, provide needed deferment of the adjoining range during the early stage of growth.",None,,None,,,12:03:00
Model 14,Nothern Basin and Range,Herbicide,12711,4542,Implemented,None,2,6/20/1973,6/21/1973,Acres,1360,Herbicide/Weeds/Chemical,Herbicide,Herbicide Application: Brush/Tree Control,0,,,,,,,,"To reduce the non native vegetation and allow for improved livestock grazing. Spraying was done at 3 lbs./acre using 2,4-D.","The selective herbicide 2,4-D is to be applied in the spring of 1973 to approximately 2000 acres of gray rabbitbrush-big sagebrush rangeland. Low volatile esters of 2,4-D will be the specific chemical used. Rate of application is 3 pounds/acres active ingredient. Formulation is water emulsion with a total application rate of five gallons per acre. Spray application will be accomplished by fixed wing aircraft.","1360 acres of brush was sprayed for the release of the native grasses. Major brush species are gray rabbitbrush, green rabbitbrush, and sagebrush. Major native grass species are Feid, Stipa, and Agsp. Soils are sandy and pumice.\r\n\r\nSpraying was done by Aero Range Service, Inc, of Lakeview, Oregon, using two airplanes. 2,4-D low volatile ester was applied at the rate of 3 pounds per acre mixed with 5 gallons of water. At the time of spraying, gray rabbitbrush was leafed out well and making good growth. Growth varied from about 2 inches to 4 inches. The growth on the green rabbitbrush and sagebrush was from a week to two weeks ahead of the gay rabbitbrush. Soil moisture was from 8 inches to 12 inches from the surface. At 12 inches the soil would make a good ball.\r\n\r\n\r\n6/28/73 - Soil moisture still at about 8 inches to 12 inches, but has dried out some since it was sprayed. All brush plants at this time showing good effects from the spray. Drift was found to be from 150\r\nfeet to 200 feet north of the power line. Checked nearby alfalfa fields and could not see where any had been effected by the 2,4-D spray.",,Polygon,Confirmed,Digitized by LTDL data entry personnel using a map of unknown origin,3/30/2010,1296.17838,28.67852594,,BLM and Cooperators,"Habitat for mule deer, Habitat for antelope",The main purpose is to increase livestock forage. This are is in an individual allotment and has been under an approved AMP since 1970. Three years under intensive livestock management has failed to show significant increases in key forage species. It is believed that existing brush competition is too severe to allow significant improvement in grass density.,None,,Windy,,,48:02:00
Model 14,Nothern Basin and Range,Herbicide,13180,4746,Implemented,,1,00/00/1984,00/00/1984,Acres,2033,Herbicide/Weeds/Chemical,Herbicide,Herbicide Application: Brush/Tree Control,0,,,,,,,,"The purpose of the proposed action is to increase the amount of desirable forage for livestock in six allotments. The objective is to decrease the percent composition of shrubs (particularly sagebrush, rabbitbrush and greasewood) in the treated are'5, thereby reducing the competition and increasing the amount of grasses.","The Salt Lake District, Bureau of Land Management (BLM) proposes to\r\nchemically treat approximately 10,000 acres of rangeland in Box Elder County\r\nwith a low volatile ester formulation of 2,4-D herbicide. (See Figure 1). The\r\n2,4-D will be applied with water as a carrying agent, and a drift control agent\r\nwill be used when it is determined necessary.",,,Polygon,Confirmed,"Digitized by BLM field office personnel, method unknown",,2925.984493,2884.275355,,BLM and Cooperators,Provide Forage for Livestock,"The purpose of the proposed action is to increase the amount of desirable forage for livestock in six allotments. The objective is to decrease the percent composition of shrubs (particularly sagebrush, rabbitbrush and greasewood) in the treated are&$5, thereby reducing the competition and increasing the amount of grasses.",None,,None,,,33:03:00
Model 14,Nothern Basin and Range,Herbicide,13377,4815,Implemented,None,2,5/25/1963,5/25/1963,Acres,660,Herbicide/Weeds/Chemical,Herbicide,Herbicide Application,0,,,,,,,,,,"Sprayed 660 acres of a 680 acre area to kill low sage to permit native grasses to\r\nspread and increase. Omitted spraying 20 acres along Indian Creek at behest of Nevada\r\nFish and Game Commission. Used Weedone LV-4, 2 lbs. active ingredient per acre in 3\r\ngallons per acre of dies~~l oil. Used aerial spray. TBM's. Area being fenced under\r\n10600-S20-231D and will be deferred during growing seasons of 1964 and 1965.",,Polygon,Confirmed,Digitized by LTDL data entry personnel using a confirmed map,6/13/2013,1030.259509,1010.047293,,Contractor,Unknown,Sprayed 660 acres of a 680 acre area to kill low sage to permit native grasses to\r\nspread and increase.,None,,None,,,11:38:00
Model 14,Nothern Basin and Range,Herbicide,14770,5331,Implemented,None,2,6/12/1963,6/15/1963,Acres,9190,Herbicide/Weeds/Chemical,Herbicide,Noxious Weeds: Weed Control - Herbicide Application,0,,,,,,,,,,,,Polygon,Confirmed,Digitized by LTDL data entry personnel using a confirmed map,1/4/2012,10326.77375,10241.80132,,Contractor,Noxious Weeds,,None,,None,,Herbicide was applied at the 3 pound rate.  2-4-D weighing 9.48 lbs per gallon of which 6 lbs was 2-4-D acid.  Chemical was mixed with 4 1/2 gallons of diesel to 1/2 gallon 2-4-D = 5 gallons/acre application mixture.  The private land in the area was sprayed by owners (MC Ranch) at 2 lb rate.,54:10:00
Model 14,Nothern Basin and Range,Herbicide,15273,5518,Implemented,Unknown,2,5/5/1967,5/8/1967,Acres,4000,Herbicide/Weeds/Chemical,Herbicide,Herbicide Application: Brush/Tree Control,0,,,,,,,,Purpose of treatment: Release the perennial grasses from the dominant overstory of big sagebrush.,,Method of application: Accomplished aerially with two Ag cats each covering a 50' swath per pass.,Unknown,Polygon,Confirmed,"Digitized by BLM field office personnel, method unknown",,4103.71,4063.78,,BLM and Cooperators,"Livestock in treated area, Brush control, Establishment of seeded species, Forage for livestock, Loss of desirable species, Seedbed preparation","The proposed project lies in T. 16 S., R. 10 E., B.M., Idaho, Owyhee County, in Sections 1, 2, 3, 10, 11, 12, and parts of 13, and 14. It is enclosed by fence lying east of Murphy Hot Springs road. It consists of 4,000 acres. The elevation is 5700 feet and receives 10 to 15 inches of rainfall in the winter-spring period.\r\n\r\nPurpose of this project will be to rehabilitate an area of Federal Range to protect the soil and moisture resources. Due to past overuse, this area has a low density of vegetation which contributed to loss of soil.",,,,,,25:22:00
Model 14,Nothern Basin and Range,Herbicide,15286,5525,Implemented,Partially Successful,2,6/9/1956,6/15/1956,Acres,2522,Herbicide/Weeds/Chemical,Herbicide,Herbicide Application: Brush/Tree Control,0,,,,,,,,Treat project area with herbicide to eradicate sagebrush and provide better grass cover for watershed protection.,Herbicide treatment,"Steep, rocky slopes sprayed to eradicate sagebrush and provide better grass cover for watershed protection.  As of 1957, results were a mix of poor to excellent.",,Polygon,Confirmed,Digitized by LTDL data entry personnel using a confirmed map,4/27/2011,3323.813579,3322.96792,This map was digitized from the Final Project Report.,,Erosion,,None,,None,,,06:53:00
Model 14,Nothern Basin and Range,Herbicide,16108,5837,Implemented,None,2,6/20/1967,6/20/1967,Acres,600,Herbicide/Weeds/Chemical,Herbicide,Herbicide Application: Brush/Tree Control,0,,,,,,,,To eliminate the Big sagebrush competition by spraying the area with 2-4-D.,The spraying will be done by helicopter. The area will be enclosed by fence.,"The purpose being to kill the Big Sagebrush and weeds so more moisture would be available to be utilized by the grass. The material was applied by helicopter. Two pounds of 2-4-D acid equivalent was applied per acre. This amounted to 2/3 gal. of 2-4-D in 2-1/3 gallons of diesel oil per acre, amounting to 3 gal. liquid per acre. The 2-4-D used consisted of 3 Lbs. acid equivalent per gallon. The vegetation was predominantly Big Sage with Wheatgrass and Poa understory. Cost of the chemical per acre was 3.78. Cost of application per acre was 1.19. Total cost of the project per acre was 4.97.",,Polygon,Confirmed,Digitized by LTDL data entry personnel using a confirmed map,1/2/2014,747.4003301,727.1193472,,,"Provide Forage for Livestock, Provide Forage for Wildlife",The objective is to eliminate the Big sagebrush competition and replace it with grass which has better surface soil holding capacity to help prevent erosion. This project will enhance the forage production for wildlife and game animals as well as for livestock use.,None,,None,,,47:00:00
Model 14,Nothern Basin and Range,Herbicide,18483,6709,Implemented,None,2,5/12/1982,5/15/1982,Acres,4679,Herbicide/Weeds/Chemical,Herbicide,Noxious Weeds: Weed Control - Herbicide Application,0,,,,,,,,This project is needed to implement the Little Basin A.M.P. It will provide a early spring use area for livestock. This early use will reduce spring competition on the native range.,,"The main treatment areas were evaluated in June of 1985 in an effort to determine success of the project. Evaluation consisted of running toe-pace frequency transects to determine frequency composition before and after treatment and to estimate percent of brush kill. Each transect consisted of 200 hits. Transects were not run prior to each treatment, therefore, transects were run adjacent to spray areas to represent untreated area. This evaluation reflects success of seeding and release of native vegetation. See hyperlink for evaluation results table.",,Polygon,Confirmed,Not Determined,,4777.543869,4777.546342,,,None,,None,,Windy,"Wind was the main factor for stopping the spray operation. One day during this period they could not fly at all, the earliest they stopped was 10 am and on a few days were able to fly untill 5 pm. On a few afternoons, temperature also became a problem.",,44:58:00
Model 14,Nothern Basin and Range,Herbicide,18687,6780,Implemented,None,2,9/27/2010,9/27/2010,Acres,502,Herbicide/Weeds/Chemical,Herbicide,Herbicide Application,0,,,,,,,,"The BLM has determined that vegetation on public lands in the project area are at\r\nsubstantial risk of wildfire due to drought and associated fuels build-up. The Bilk Creek,\r\nCoyote Hills, Wilder-Quinn, Kings River, Jordan Meadows, and Washburn grazing\r\nallotments are located within the Montana Mountains and contain areas of prime sage\r\ngrouse habitat .. The Little Owyhee Allotment is located within the Little Owyhee Desert .\r\narea. There are no known sage grouse leks located within the actual treatment areas;\r\nhowever these habitat types are vulnerable to large rapidly spreading wildland range fire.\r\nConstruction of fuel breaks would protect this valuable sagebrush habitat, while maintaining understory vegetation.","Tebuthiuron is available in small pellets so drift of the chemical off of the proposed treatment area would be limited. The herbicide would be applied at a rate of 2.0 or 2.5 lbs/ac (0.4/0.5 lbs of active ingredient per acre) depending on soil type and manufacture guidelines. Wind velocities for aerial chemical applications of herbicide must be 15 mph or less in all instances; in addition a BLM Project Inspector would be on site to monitor and record weather data to ensure compliance. Time of application would be September through November, with preference for the majority of the treatment occurring in September and October. Time of treatment depends on budgeting as well as the fact that the chemical should be applied before heavy fall and winter precipitation occurs. Application of Plateau would strictly follow label directions and would be applied in a manner to eliminate or minimize any offsite movement or drift of the herbicide. This would be accomplished using correct timing and other practices designed to reduce drift and offsite movement.",,,Polygon,Confirmed,"Digitized by BLM field office personnel, method unknown",,753.8911162,749.6796497,,BLM,"Habitat for sage grouse, Fire hazard","The BLM has determined that vegetation on public lands in the project area are at\r\nsubstantial risk of wildfire due to drought and associated fuels build-up. The Bilk Creek,\r\nCoyote Hills, Wilder-Quinn, Kings River, Jordan Meadows, and Washburn grazing\r\nallotments are located within the Montana Mountains and contain areas of prime sage\r\ngrouse habitat .. The Little Owyhee Allotment is located within the Little Owyhee Desert .\r\narea. There are no known sage grouse leks located within the actual treatment areas&*\r\nhowever these habitat types are vulnerable to large rapidly spreading wildland range fire.\r\nConstruction of fuel breaks would protect this valuable sagebrush habitat, while\r\nmaintaining understory vegetation.",None,,None,,,18:15:00
Model 14,Nothern Basin and Range,Herbicide,18693,6782,Implemented,None,2,9/00/2006,9/00/2006,Acres,210,Herbicide/Weeds/Chemical,Herbicide,Herbicide Application: Brush/Tree Control,0,,,,,,,,"The Bureau of Land Management (BLM), Winnemucca Field Office is proposing to decrease big sagebrush along roadsides in the Little Owyhee Allotment for fuels reduction and fire suppression purposes. The Little Owyhee Allotment contains some of the largest, most continuous sagebrush stands on the Winnemucca District. Fire has been aggressively suppressed within these allotments for over 30 years which has allowed the sagebrush to grow to large heights and the stands to become even-aged, with few naturally occurring mosaics remaining. This nearly continuous stand of vegetation would allow large wildfires to burn unchecked across nearly the entire area allowing it to destroy entire existing sagebrush stands, which in turn would destroy valuable wildlife habitat found in the area. By treating the sagebrush along the edges of the roads the BLM hopes to reduce the chance that a wildfire could spread uncontrolled and grow to large or even catastrophic size. Treating the edges of the road will break up fuel continuity and reduce overall fuel loading in specific areas creating breaks within the vegetation that will slow or stop an advancing wildfire.","The herbicide (BLM Approved) tebuthiuron (Trade Name: Spike) will be used to reduce the amount of sagebrush along the roadsides by approximately 50 to 75 percent to create a wider and more efficient fuelbreak by reducing living sagebrush vegetation. Generally for the Wyoming big sagebrush plant communities, basal and crown cover is 20 to 40 percent. The crown cover for the Wyoming big sagebrush communities would be reduced 15 to 30 percent overall. Tebuthiuron specifically targets the brush species while minimally affecting grasses and forbs in the treated areas. The chemical (tebuthiuron) moves through the soil and into sagebrush roots; it moves up into the plant and will completely kill the plant within 2-3 years (Specimen Label for Spike 20P, 2003). Treated areas will be specific to areas where the sagebrush is in a late or mid-seral stage (see attached maps).\r\n5\r\nTreatment areas would stop one-hundred feet away from any existing open water sources (creek, cattle trough, lakes, and ponds) and from areas of exposed bedrock. Likewise, all other label specific requirements will be adhered to, including the avoidance of areas where groundwater is expected at five feet or less below ground surface (bgs). These untreated areas would be left as is; there would be no mechanical, hand, or other treatments in these areas.",,,Polygon,Confirmed,"Digitized by BLM field office personnel, method unknown",,1471.888468,1442.657103,,Contractor,"Public Safety, Fire hazard","The Bureau of Land Management (BLM), Winnemucca Field Office is proposing to decrease big sagebrush along roadsides in the Little Owyhee Allotment for fuels reduction and fire suppression purposes. The Little Owyhee Allotment contains some of the largest, most continuous sagebrush stands on the Winnemucca District. Fire has been aggressively suppressed within these allotments for over 30 years which has allowed the sagebrush to grow to large heights and the stands to become even-aged, with few naturally occurring mosaics remaining. This nearly continuous stand of vegetation would allow large wildfires to burn unchecked across nearly the entire area allowing it to destroy entire existing sagebrush stands, which in turn would destroy valuable wildlife habitat found in the area. By treating the sagebrush along the edges of the roads the BLM hopes to reduce the chance that a wildfire could spread uncontrolled and grow to large or even catastrophic size. Treating the edges of the road will break up fuel continuity and reduce overall fuel loading in specific areas creating breaks within the vegetation that will slow or stop an advancing wildfire.",None,,None,,,07:58:00
Model 14,Nothern Basin and Range,Herbicide,21953,8006,Implemented,None,2,00/00/1984,00/00/1984,Acres,640,Herbicide/Weeds/Chemical,Herbicide,Herbicide Application,0,,,,,,,,,,,,Polygon,Confirmed,Digitized by LTDL data entry personnel using a confirmed map,1/9/2013,2615.807124,2572.857346,,Contractor,Provide forage for livestock,"Vegetative manipulation of sagebrush using 2-4,D",None,,None,,,42:54:00
Model 14,Nothern Basin and Range,Herbicide,24513,8994,Implemented,None,2,1/26/1968,6/5/1968,Acres,363,Herbicide/Weeds/Chemical,Herbicide,Herbicide Application,0,,,,,,,,The project purpose was to eradicate sagebrush and allow growth and increase density of forage species.,,"Helicopters were used, spaying an invert emulsion of 2-4-D, water and diesel.",,Polygon,Confirmed,Digitized by LTDL data entry personnel using a confirmed map,6/20/2013,330.1585373,301.6255595,,Contractor,Provide forage for livestock,The project purpose was to eradicate sagebrush and allow growth and increase density of forage species.,None,,None,,,17:26:00
Model 14,Nothern Basin and Range,Herbicide,24968,9186,Implemented,None,2,00/00/1969,00/00/1969,Acres,5045,Herbicide/Weeds/Chemical,Herbicide,Herbicide Application: Brush/Tree Control,0,,,,,,,,"Spraying with 2-4,D for control of big sage brush.",,,,Polygon,Confirmed,"Digitized by BLM field office personnel, method unknown",,5676.586224,5676.282144,,Contractor,Loss of vegetation,"Spraying with 2-4,D for control of big sage brush. There is an adequate understory of perennial bunch-grass that would respond to spraying.",None,,None,,,38:20:00
Model 14,Nothern Basin and Range,Herbicide,25917,9539,Implemented,None,2,6/16/1960,6/16/1960,Acres,750,Herbicide/Weeds/Chemical,Herbicide,Herbicide Application: Brush/Tree Control,0,,,,,,,,"Spray brush with 2, 4-D so that there will be less competition with the grass for available soil moisture.",A dense stand of sagebrush was sprayed with a low volatile iso-octo ester of 2-4D at a rate of 2 lbs per acres in a solution of 1/2 gallon of diesel fuel and four gallons of water for a total solution of 5 gallons per acre.,"Good kill on sagebrush in main area, about 90%. Grass is coming but rodents are keeping grass as fast as it would otherwise.",,Polygon,Confirmed,Digitized by LTDL data entry personnel using a confirmed map,1/4/2011,782.9117108,780.4489488,,,None,,None,,None,,,33:33:00
Model 14,Nothern Basin and Range,Herbicide,25971,9562,Implemented,See Comments,2,8/8/2015,9/4/2017,Acres,65453,Herbicide/Weeds/Chemical,Herbicide,Noxious Weeds: Weed Control - Herbicide Application,0,,,,,,,,"Weed treatments to prevent the spread of invasive and noxious weed species, including invasive\r\nannual grasses (medusahead rye and cheatgrass)","The SW AT crew will make site visits, prioritizing sites with high potential for noxious weed establishment, and treat any small establishing populations with the appropriate approved herbicides. Application of all herbicides will follow given products directions for appropriate application rates (specific to species being targeted). All located populations of noxious\r\nweeds will be recorded (GPS'd and logged into a database) to track effectiveness (see below).","During the FY2015 field season, 65,453 acres of the Riley Field fire\r\nwere sprayed with an aerial application of Imazapic at 6oz/acre in\r\norder to suppress the infestation of medusahead rye, which was,\r\nand is, abundant within the fire perimeter as well as outside. A\r\nbuffer was used to treat areas outside the fire perimeter in order\r\nto prevent reinfestation of the burned area after treatment.\r\nUnfortunately, the initial treatment was only moderately\r\nsuccessful due to weather variables requiring a second treatment\r\nduring the FY16 field season. Between 2016 and 2017, an\r\nadditional 60,000 were treated with imazapic to attempt to\r\nsuppress the medusahead rye.","This fire was originally on the former three-year plan format. Because policy at that time\r\nprohibited weed treatments for ES treatment of invasive annual grasses, this plan was not fully\r\nsuccessful. Having to postpone weed treatments due to on-the-ground conditions of heavy\r\nmedusahead infestations negated most drill seeding opportunities and any success we may\r\nhave had in combating the infestation and establishing desirable vegetation. Due to this, we\r\nopted to proceed under the established three-year plan rather than extend to five years under\r\nthe current plan structure.\r\nWe were able to utilize other funds outside of ESR to do our initial weed treatments necessary\r\nthe first fall after the fire (2015); however, those treatments were not as successful as hoped\r\nand were reapplied in 2016 in the areas deemed most likely to recover naturally due to\r\nremnant native and desirable perennial bunchgrasses and forbs.\r\nThe Environmental Assessment for the Riley Field ESR Plan was included with the combined\r\nBuzzard Complex EA. This EA was completed jointly between the Burns and Vale Districts which\r\nleft both Districts vulnerable to appeal and litigation on a larger scale. Additionally, because of\r\ndiffering resource priorities, the EA, with signed FONSI and DR, was more confusing than most\r\nESR EAs. I would recommend NOT doing joint ESR EAs or ESR Plans for this reason.\r\nAs stated above, in 2014 weed treatments for invasive annual grasses were not an Emergency\r\nStabilization priority and considered a pre-existing condition, which lead to less funding for the\r\ntreatments in, BAR. The Riley Field fire occurred in one of the most heavily infested\r\nmedusahead areas on the Burns District. The best time to treat this invasive annual grass, based\r\non research by the Burns USDA-ARS (research plots which were actually burned in the fire), is\r\nimmediately following fire, before the soil seed bank has a chance to germinate in the fall.\r\nUnfortunately, we were unable to conduct these treatments in a timely fashion we determined\r\nthat we\u2019d missed the windows for both aerial and drill seeding within most of designated\r\ntreatment areas.\r\nField season 2016 left us with no extra staff to conduct monitoring; however, in one year, and a\r\ndrought year, there were no significant changes in vegetation from 2015.",Polygon,Confirmed,"Digitized by BLM field office personnel, method unknown",,49502.08,47255.37,,Contractor,"Invasion by cheatgrass, Invasion by non-native annuals, Invasive species","Prevent the spread of invasive and noxious weed species, including invasive\r\nannual grasses (medusahead rye and cheatgrass).",None,,None,,,58:47:00
Model 14,Nothern Basin and Range,Herbicide,26802,9872,Implemented,None,2,00/00/1971,00/00/1971,Acres,11061,Herbicide/Weeds/Chemical,Herbicide,Herbicide Application: Brush/Tree Control,0,,,,,,,,,,,,Polygon,Confirmed,Digitized by LTDL data entry personnel using a confirmed map,11/14/2012,11069.59755,11022.32336,,Contractor,Unknown,,None,,None,,,46:44:00
Model 14,Nothern Basin and Range,Herbicide,27197,10009,Implemented,None,2,6/3/1960,6/13/1961,Acres,5700,Herbicide/Weeds/Chemical,Herbicide,Herbicide Application: Brush/Tree Control,0,,,,,,,,,,"This project was completed in two parts .\r\n1500 acres were sprayed in June of 1960 and 4200 acres were sprayed in June of 1961 .\r\nThe area will be fenced to control livestock. Both high and low volatile 2,4-D was\r\nused. application was at the rate of 2 pounds acid equivalent per acre in water\r\napplied aerially from Stearman Aircraft.",,Polygon,Confirmed,Digitized by LTDL data entry personnel using a confirmed map,6/11/2013,5193.85324,5193.875045,,Contractor,Provide forage for livestock,The purpose of this spray job is to destroy sage brush and liberate the native grass in the area.,None,,None,,,49:49:00
Model 14,Nothern Basin and Range,Herbicide,27464,10119,Implemented,None,2,5/6/1959,6/10/1959,Acres,1363,Herbicide/Weeds/Chemical,Herbicide,Noxious Weeds: Weed Control - Herbicide Application,0,,,,,,,,To eradicate sagebrush.,,,There is approximately a 85-90% kill on sagebrush. The project has increased plant vogor of the native grasses. As a result of increased plant vigor the grasses are stabilizing the soil. It is estimated that the carrying capacity is approximately 5-8 SA/AUM.,Polygon,Confirmed,Not Determined,,1466.237205,1348.792775,,,None,,None,,None,,,57:52:00
Model 14,Nothern Basin and Range,Herbicide,27819,10257,Implemented,None,2,6/18/1963,6/18/1963,Acres,1045,Herbicide/Weeds/Chemical,Herbicide,Noxious Weeds: Weed Control - Herbicide Application,0,,,,,,,,,,,,Polygon,Confirmed,Digitized by LTDL data entry personnel using a confirmed map,1/4/2012,1098.659049,1098.650481,,Contractor,Noxious Weeds,This project was for the control of low sagebrush and rabbitbrush.,None,,None,,,16:57:00
Model 14,Nothern Basin and Range,Herbicide,28327,10435,Implemented,None,2,5/15/1967,5/28/1967,Acres,5235,Herbicide/Weeds/Chemical,Herbicide,Herbicide Application: Brush/Tree Control,0,,,,,,,,,,See completion report.,,Polygon,Confirmed,"Digitized by BLM field office personnel, method unknown",,5599.069383,5599.126227,,Contractor,Provide forage for livestock,This area was sprayed to lower brush competition with perennial grasses.,None,,None,,,19:48:00
Model 14,Nothern Basin and Range,Herbicide,28478,10500,Implemented,None,2,5/9/1963,5/9/1963,Acres,1600,Herbicide/Weeds/Chemical,Herbicide,Herbicide Application: Brush/Tree Control,0,,,,,,,,It was felt that by killing the big sagebrush (Artemisia tridentata) the competition for moisture would be lessened and the native grasses would take over.,,"Planes used were a Stearman and a Grumman Ag .\r\nCat. The Stearman carried 120 gallons of solution and the Ag. Cat carried\r\n180 gallons. Nozzles were a '&$T"" type off the booms. Herbicide was a\r\nlow volatile 2-4-D ester supposedly applied at the rate of 2# of acid\r\nequivalent per acre. The herbicide was to be applied at the rate of 1/3\r\ngallon per acre, however, it was in actuality applied at the rate of\r\n3/10 of a gallon per acre.",,Polygon,Confirmed,Digitized by LTDL data entry personnel using a confirmed map,5/12/2011,1539.950104,1308.547489,,Contractor,None,It was felt that by killing the big sagebrush (Artemisia tridentata) the competition for moisture would be lessened and the native grasses would take over.,None,"The herbicide was to be applied at the rate of 1/3 gallon per acre, however, it was in actuality applied at the rate of 3/10 of a gallon per acre.",None,"Wind 0-6 mph, sky broken with storm clouds. Temp. 45 F- 59 F.\r\nThis has been most perfect day for spraying this season.",,34:26:00
Model 14,Nothern Basin and Range,Herbicide,31097,11463,Implemented,None,2,4/00/1962,4/00/1962,Acres,2500,Herbicide/Weeds/Chemical,Herbicide,Herbicide Application: Brush/Tree Control,0,,,,,,,,,,"sprayed with low volatile 6lb ester 2,4D at 2lbs/acre using steerman airplanes.",,Polygon,Confirmed,"Digitized by BLM field office personnel, method unknown",,2456.160407,2433.149976,,BLM,Rangeland health,,None,,None,,,05:53:00
Model 14,Nothern Basin and Range,Herbicide,31382,11573,Implemented,None,2,5/17/1966,5/19/1966,Acres,1800,Herbicide/Weeds/Chemical,Herbicide,Herbicide Application,0,,,,,,,,,,"The rate of application on this project was 5 gallons total mix with 2 lb. isocytl ester 2,4-D in 4 2/3 gallons of water. Work was done by Calicopters Inc. Of Stockton, California @ 1.95 acre. A T.B.M. was used to do the spraying. The area was covered by Big Sagebrush with an understory of Sitanion, Poa and some wheatgrass. Part of the spray is a crested wheatgrass seeding which was being invaded by Big Sagebrush.",,Polygon,Confirmed,Digitized by LTDL data entry personnel using a confirmed map,6/19/2013,2215.964184,2215.788738,,BLM,Unknown,,None,,None,,,24:43:00
Model 14,Nothern Basin and Range,Herbicide,34436,12793,Implemented,None,2,5/9/1961,5/16/1961,Acres,9100,Herbicide/Weeds/Chemical,Herbicide,Herbicide Application: Brush/Tree Control,0,,,,,,,,Spray area to remove competition from sage brush and allow native grasses more moisture and plant nutrients.,,"Spraying began on May 9th, 1961 and was completed on may 16th, 1961. 2,4-D, four pound equivalent acid was applied at a rate of two pounds per acre. The kill was very good, (see narrative).",,Polygon,Confirmed,"Digitized by BLM field office personnel, method unknown",,8703.103882,8703.11427,,BLM and Cooperators,Rangeland health,Spray area to remove competition from sage brush and allow native grasses more moisture and plant nutrients.,None,,None,,,37:50:00
Model 14,Nothern Basin and Range,Herbicide,34481,12814,Implemented,None,2,4/19/1966,4/26/1966,Acres,10250,Herbicide/Weeds/Chemical,Herbicide,Herbicide Application: Brush/Tree Control,0,,,,,,,,,,aerial spray with two TBM aircraft with each covering a 100 foot swath per pass.,,Polygon,Confirmed,Digitized by LTDL data entry personnel using a confirmed map,7/9/2012,10546.29874,9305.069832,,,"Loss of Perennials, Loss of vegetation",purpose of treatment is to release the perennial grasses from dominant overstory of big sagebrush and to allow reduced competition to crested wheat grass in the area.,None,,None,,,33:24:00
Model 14,Nothern Basin and Range,Herbicide,34595,12857,Implemented,None,2,5/11/1969,5/13/1969,Acres,6015,Herbicide/Weeds/Chemical,Herbicide,Herbicide Application: Brush/Tree Control,0,,,,,,,,Eliminate sage brush. competition on an area having a good bunch grass understory.,,,,Polygon,Confirmed,"Digitized by BLM field office personnel, method unknown",,6463.057831,6307.194768,,Contractor,Provide forage for livestock,Eliminate sage brush. competition on an area having a good bunch grass understory.,None,,None,,,18:32:00
Model 14,Nothern Basin and Range,Herbicide,35308,13105,Implemented,None,2,5/11/1982,5/11/1982,Acres,2140,Herbicide/Weeds/Chemical,Herbicide,Noxious Weeds: Weed Control - Herbicide Application,0,,,,,,,,To provide additioinal forage and also early spring use for livestock. This early use will reduce spring competition on the native range.,,,,Polygon,Confirmed,Not Determined,,1372.997616,1318.433721,,,None,,None,,None,,,53:21:00
Model 14,Nothern Basin and Range,Herbicide,43077,16758,Implemented,See Comments,2,10/5/2016,10/12/2016,Acres,32365,Herbicide/Weeds/Chemical,Herbicide,Herbicide Application,0,No seed list,,,,,,,Aerial Herbicide Application Fall 2016 (FYI 7) Boise BLM,Additional areas will be evaluated for future imazapic treatments.,"Based on adaptive management field assessments (See Part 6, S 13) and confirmed by\r\npreliminary data obtained during USGS monitoring, the following modifications were made\r\nregarding aerial Imazapic applications\r\n3,800 acres of Succor Creek allotment pastures 2, 3 and 4, and Pasture 1 of the Jackson Creek\r\nallotment were retreated because first herbicide application did not meet objectives and it was\r\ndetermined a second treatment was needed prior to the drill seeding. (See maps Appendix D, S5\r\nFY16).\r\n\u2022 8,060 acres of the areas drill seeded in fall of 2015 were treated in the Strodes Basin,\r\nSands Basin, Rockville, Blackstock Springs, Juniper Spring, Stateline, Jackson Creek,\r\nJoint, and Reynolds Creek allotments.\r\n\u2022 Approximately 8,900 acres drill seeded in 2015 were not treated with aerial herbicide in\r\n2016; either drill seedings were progressing adequately without herbicide such that the\r\ntreatment was not deemed necessary (Rockville 1, portions of Blackstock Springs 1,\r\nJuniper Spring 2, 3 and portions of 4, Stateline 1, Shares Basin 2, 6), or the annual grass\r\ncover was deemed too high for aerial herbicide to be successful (Juniper Spring 1 and\r\nSands Basin 4).\r\n\u2022 10,580 acres of the areas aerially seeded with grasses in winter of2016 were treated in\r\nthe Blackstock Springs, Bush Ranch FFR, Jackson Creek, Juniper Spring, Reynolds\r\nCreek, Rockville, Stanford FFR, Stateline, and Succor Creek allotments.\r\n\u2022 10,540 acres on steeper hillsides were treated to reduce annual invasive, release existing\r\nperennials, and open up areas to seed sagebrush. Alkali-Wildcat, Strodes Basin, Sands\r\nBasin, Shares Basin Juniper Spring, Blackstock Spring, Jackson Creek and Succor Creek\r\nallotments.","In 2020 the foliar cover objective for the Spring 2016 Herbicide Treatment was met; mean foliar cover of annual invasive grasses for across all allotments and pastures was 16.2% (Table 8-51). Pastures with greater than 20% annual invasive grass foliar cover had less than 10% large-statured perennial grass foliar cover. In pastures with higher annual invasive grasses, Sandberg bluegrass cover was also below 10%. The one plot within the Wilson pasture of Reynolds Creek Allotment had the highest annual invasive grass foliar cover with 92. 8%, this pasture also had no deep-rooted perennial grasses or Sandberg bluegrass. Within all plots in 2020 in the Spring 2016 Herbicide Treatment area, perennial bunchgrass cover was 17.6%, Sandberg bluegrass foliar cover was 8.6%, perennial forb cover was 2.1%, and shrub cover was 2.0%.\r\nIn 2020 the foliar cover objective for the Fall 2016 Herbicide Treatment was met; mean foliar cover of annual invasive grasses for across all allotments and pastures was 17.2% (Table 8-52). Similar to the Spring 2016 Herbicide Treatment, pastures with higher annual invasive grass cover tended to have lower deep rooter perennial grass and Sandberg bluegrass foliar cover, though the effect was not as pronounced as for the spring treatment. Within all plots in 2020 in the Fall 2016 Herbicide Treatment area, perennial bunchgrass foliar cover was 21.0%, Sandberg bluegrass foliar cover was 12.2%, perennial forb cover was 3.6%, and shrub cover was 2.1%.\r\n///\r\nMonitoring Report 2019: 1. Foliar cover of invasive annual grasses is an average of less than or equal to 20%.\r\nThis treatment objective was met in 2019; mean foliar cover of annual grasses for areas treated with herbicide in spring of 2016 across all allotments and pastures was 12.54, varying from 3.04 to 16.25% (Table 8-45). Pastures treated in the fall of 2016 had a mean foliar cover of annual grasses of 12.93% varying from 0 to 32.66% in 2018 (Table 8-46).\r\nIn 2018 this treatment objective was met; mean foliar cover of annual grasses for areas treated with herbicide in spring of 2016 across all allotments and pastures was 8.06, varying from 0.51 to 14.02% (Table 8-45). Pastures treated in the fall of 2016 had a mean foliar cover of annual grasses of 12.70% varying from 0 to 35.13% in 2018 (Table 8-46). Pastures that in 2017 had high invasive annual grass cover were not monitored in 2018 as the objectives were not met in these areas and were not likely to meet.\r\nIn 2017 the highest annual grass foliar cover was found in Pasture 3 (37%) of Elephant Butte, Pasture 2 (77%) and Pasture 3 (61%) of Hardtrigger, and Pasture 1 (65%) of Reynolds Creek. The herbicide treatment areas within these pastures were along proposed fuel breaks at elevations below 2,600 ft; areas dominated by annual grasses before the fire. These areas also experienced large amounts of annual grass germination prior to the herbicide treatment. This likely resulted in the low amount of annual grass control that was observed in 2016. The remaining areas treated with herbicide were above 3,200 ft elevation. Annual grass foliar cover in these pastures ranged from 0.51% in Pasture 4 of Hardtrigger, which is above 4,200 ft elevation, to 28% in Pasture 2 of Succor Creek, an area that is above 4,500 feet elevation but had high cheatgrass and medusahead cover before the Soda fire.\r\nBased on adaptive management field assessments (Appendix B) that were confirmed by preliminary data obtained from this monitoring, portions of Pastures 2, 3 and 4 of the Succor Creek allotment, and Pasture 1 of the Jackson Creek allotment were retreated with herbicide to control annual grasses during the early fall of 2016 (8-46). These areas were chosen for re-treatment, because the spring herbicide treatment appeared to be ineffective, and they also had adequate densities of perennials on site to compete with annuals or they were scheduled for drill seeding to establish adequate densities of perennials. Areas dominated by invasive annual grasses, such as those mentioned along the proposed fuel break routes, were not considered for re-treatment with aerial herbicide.\r\nWhen herbicide treatment areas were re-visited in 2017 it was observed that some of the areas that appeared to be failures were now showing clear signs of annual grass suppression. The most apparent example was along the fuel breaks within Pastures 2 and 3 of the Hardtrigger allotment. Treated areas had shown no signs of cheatgrass suppression in 2016, but suppression was very apparent in 2017. It is likely that the cheatgrass that had germinated prior to the herbicide application in spring 2016 was too developed to be suppressed by imazapic. However, the imazapic remained active in the soil and was clearly suppressing germination in 2017. It is possible that Jackson Creek Pasture 1 would have exhibit the \u201cdelayed control\u201d however, it was re-treated with imazapic in fall 2016 to ensure a clean seedbed prior to drill seeding in fall 2017.\r\n////\r\nThere were several important findings during inventory the first year post-fire:\r\nSeveral new small infestations ( <0.1 acre) of leafy spurge were found within a 250 acre area near\r\nCow Creek. These sites were immediately treated and will continue to be monitored. No other\r\nlocations of leafy spurge are known to occur. No new invaders (new to the area noxious weed\r\nspecies) were detected in the first year. Inventory provided a baseline of data for post-fire\r\npotential spread of noxious weeds.\r\nThe majority of the rush skeletonweed chemical treatments occurred west of Highway 95 toward\r\nthe state line. Isolated plants were scattered south of Highway 78. Scotch thistle patches were\r\nassociated with ponds and springs. Perennial pepperweed was noted in Dry and Sage Creek\r\ndrainages. Whitetop was found east of Highway 95 from mile marker 3-7 and in the Reynolds\r\nCreek area. Leafy spurge was noted east of Highway 95 near Succor Creek. Diffuse knapweed\r\nwas found at the old gravel pit near Highway 95 at mile marker 7 and Russian knapweed was\r\nfound at the bottom of the Poison Creek grade.\r\nRe-inventory and monitoring completed throughout 2017 showed chemical treatments completed\r\nin 2015 and 2016 were effective in most locations especially on small, new infestations.\r\nHerbicide efficacy is a function of timing and environmental conditions. Many treatments were\r\nvery effective at controlling that year's growth however the large amount of moisture during the\r\nfall, winter and spring led to ideal growing conditions for some species, especially plants that\r\ngerminated in the fall or the spring from an established ""seed bank"" like diffuse knapweed and\r\nscotch thistle. This led to a significant increase in the number of plants especially in areas\r\nwhere relatively few plants had been observed before. These ideal growing conditions were also\r\nvery favorable for deep rooted perennial species such as whitetop, perennial pepperweed and\r\nRussian knapweed. Overall, chemical treatment has been very effective however many\r\ninfestations still persist and will need continued treatment to maintain control.\r\n\r\nFollowing the all 2016 herbicide application the medusahead was controlled resulting in areas of bare ground.",Polygon,Confirmed,"Digitized by BLM field office personnel, method unknown",,32297.75,31447.78,,Contractor,"Invasion by cheatgrass, Invasion by non-native annuals, Invasive species, Noxious weeds","S5/R5 Inventory and Chemical Treatment-Noxious and Invasive Weeds.\r\nNoxious weeds are present in the burned area. Noxious weeds are now recognized worldwide as posing threats to\r\nbiological diversity, second only to direct habitat loss and fragmentation. Noxious weeds are known to alter\r\necosystem functions such as nutrient cycles, hydrology, and wildfire frequency; out-compete and exclude native\r\nplants and animals; and to hybridize with native species. The presence and abundance of noxious weeds in an\r\necosystem is highly dynamic subject to changes in the local environment (Whitson, T.D., et al. 1992, Cal-Ipc,\r\n2007). All natural communities are susceptible to invasion by noxious weeds.",,,,,"Boise District Office\r\nImazapic: 6 oz./ac\r\nMethylated seed oil: 24 oz./ac\r\nWater: minimum 2 gallons per acre vol, but not to exceed label\r\nMaximums",01:37:00
Model 14,Nothern Basin and Range,Herbicide,50868,20533,Implemented,Unknown,2,10/8/2017,10/8/2017,Acres,3486.37,Herbicide/Weeds/Chemical,Herbicide,Noxious Weeds: Weed Control - Herbicide Application,0,No seed list,,,,,,,"The objective of the weed treatments is to prevent the increase of existing weed populations and the\r\nestablishment of additional noxious weed species within the burn area until desirable vegetation can re-establish.\r\nInitial treatment should kill and/or control from 80-90% of targeted weed populations, depending upon the type of\r\nweed and/or density of the infestation.","Aerial Herbicide Treatment (see Herbicide Treatment Map). One aerial application of imazapic herbicide to reduce the threat of invasive annual grasses pose to priority greater sage-grouse habitat. The aerial herbicide application would be applied on the entire 1,432 acres of the burned area. Imazapic would be applied at a six ounce per acre rate and include appropriate adjuvants.","Aerial Herbicide Application completed in October 08, 2017\r\n(FY18).","ESR Monitoring report FY22\r\nAerial Herbicide (Treatment S5)\r\nIn FY 2018 monitoring the aerial herbicide site, there was 0.4% invasive annual grasses, 9.1% deep-rooted perennial grasses and 16.7% Sandberg bluegrass (Table 7-2). The plots had a density of 1.73 plants per m2 and median basal diameter of 1.97 (Table7-1). Though the plots lacked the objective percentage of DRPGs, there is an established percentage of shallow-rooted bunchgrasses that provide forage for grazing. Further monitoring of these sites is required to determine the effectiveness of the treatment.\r\nIn FY 2019 monitoring the aerial herbicide site, there was 2.2% invasive annual grasses, 21.1% deep-rooted perennial grasses and 20.2% Sandberg bluegrass (Table 7-2). The plots had a density of 2.38 plants per m2 and median basal diameter of 1.57 (Table7-1). The plots meet the objective percentage of DRPGs for successful natural recovery but fail to meet objectives for density and median basal diameter.\r\nIn FY 2022 monitoring the aerial herbicide site, there was 7.1% invasive annual grass cover, 10.2% deep-rooted perennial grass cover, and 12.2% Sandberg bluegrass (Table 7-2). The plots had a density of 3.6 plants per m2 including seedlings and median basal diameter of approximately 0.5 - 2 inches (Table7-1). Since monitoring in 2019, DRPG cover fell to roughly half the 2019 value, no longer meeting the 20% cover objective. DRPG density has exceeded the original objective of three plants per square-meter, but basal diameter has not noticeably increased since 2019. Reduction of DRPG cover may have been due to the increase of invasive annual grasses. 2021 was a drier than normal year, impacting the establishing DRPG population.\r\nInvasive annual grass cover has increased by 5% in 2022 and medusahead was detected for the first time in the Hawk fire boundary. Shallow-rooted bunchgrass cover has consistent since 2019. 2022 monitoring found that roughly half of this cover is made up of bulbous bluegrass (Poa bulbosa), a nonnative perennial grass with low forage value following early spring. Increases in bulbous bluegrass may be responsible for the loss of Sandberg bluegrass.",Polygon,Confirmed,"Digitized by BLM field office personnel, method unknown",None,3486.37,3481.04,,Contractor,"Establishment of seeded species, Loss of native vegetation, Loss of perennials, Invasive species, Noxious weeds",Prevent the increase of existing weed populations and the\r\nestablishment of additional noxious weed species within the burn area until desirable vegetation can re-establish.,Unknown,No documentation.,Unknown,No documentation.,"Only 1,432 treatment acres were reported as completed under the ESR for this fire at a funded cost of $39,585 but the Layer exported from the BLM public access treatment layer shows the entire fire area and the areas outside of the perimeter being treated.",55:32:00
Model 14,Nothern Basin and Range,Herbicide,52666,20937,Implemented,Unknown,2,5/26/1959,5/31/1959,Acres,2680,Herbicide/Weeds/Chemical,Herbicide,Herbicide Application,0,No seed list,,,,,,,Control sagebrush to increase livestock forage.,An aerial spraying of 1880 acres of sagebrush.,Sprayed 2680 acres of sagebrush.,Unknown,Polygon,Confirmed,Digitized by LTDL data entry personnel using a confirmed map,2/7/2020,2727.82,1858.44,,BLM and Cooperators,"Brush control, Forage for livestock","An aerial spraying of sagebrush in the Trout Creek Allotment. This area has a good growth of grass which is unavailable to livestock because of the dense growth of sagebrush. By killing the sagebrush the grass will be made available and also greatly increase in density, thereby increasing the carrying capacity.",Unknown,,Unknown,,BLM plus range users contributed funds to this project.,05:24:00
Model 14,Nothern Basin and Range,Herbicide,54285,21134,Implemented,Unknown,1,6/00/2017,6/30/2017,Acres,1523,Herbicide/Weeds/Chemical,Herbicide,Herbicide Application,0,No seed list,,,,,,,Invasive Species Removal,Planned for May 2017,Area was sprayed,Unknown,Polygon,Confirmed,"Digitized by BLM field office personnel, method unknown",,1523.02,1521.95,,Unknown,"Brush control, Noxious weeds, Fire hazard, Forage quality, Habitat for wildlife, Hazardous fuels reduction, Other (see related notes), Rangeland health, Wildland Urban Interface, Public safety, Habitat for sage grouse, Nesting bird species, Sensitive species","Fuels\r\nThe proposed action is to implement a herbicide treatment in the Cottonwood area (See Cottonwood Herbicide Treatment maps) as prescribed by the 2017 Twin Falls District Noxious Weed and Invasive Plant Treatment Environmental Assessment (EA) and outlined in the Cottonwood Herbicide Treatment Determination of NEPA Adequacy (DNA). The proposed action entails 2,888 acres of aerial herbicide treatment to control invasive annuals, ground detection and control of noxious weeds utilizing herbicides, bio-control and monitoring (See Cottonwood Herbicide Treatment DNA).",Unknown,,Unknown,,,54:14:00
Model 14,Nothern Basin and Range,Herbicide,54666,21333,Implemented,Unknown,2,00/00/2005,00/00/2005,Acres,5885.29,Herbicide/Weeds/Chemical,Herbicide,Herbicide Application,0,,,,,,,,,,Pesticide application,Unknown,Polygon,Confirmed,"Digitized by BLM field office personnel, method unknown",None,5885.29,2811.66,,Unknown,"Fire hazard, Habitat quality, Hazardous fuels reduction, Invasive species, Loss of desirable species",Fuels project,,,,,,44:04:00
Model 14,Nothern Basin and Range,Herbicide,54756,21355,Implemented,Unknown,1,6/15/1957,7/20/1957,Acres,382.75,Herbicide/Weeds/Chemical,Herbicide,Herbicide Application,0,,,,,,,,Eradicate sagebrush,,"Aerial application of 2,4-D",Unknown,Polygon,Confirmed,"Digitized by BLM field office personnel, method unknown",None,382.75,382.12,,Unknown,"Brush control, Sagebrush",Eradicate sagebrush,,,,,,31:01:00
Model 14,Nothern Basin and Range,Herbicide,56159,9562,Implemented,Unknown,2,4/16/2015,8/24/2015,Acres,76,Herbicide/Weeds/Chemical,Herbicide,Noxious Weeds: Weed Control - Herbicide Application,0,,,,,,,,Conduct weed treatments to limit the expansion of invasive species by treating\r\nmedusahead with a fall treatment of imazapic and conducting weed surveys to detect new weed\r\nsites and prevent old sites from expanding.,"Currently, medusahead is known to occur in the area burned by the Riley Field Fire. Large amounts\r\nof vegetation within the fire perimeter burned with moderate intensity, leaving areas of bare\r\nground, increasing the probability that noxious and invasive weeds, primarily medusahead, will\r\nspread into previously unoccupied areas. These species will need to be aggressively treated to\r\neliminate the spread and prevent new infestations as the vegetation recovers. Although it is\r\nunknown how suppression efforts or stabilization will affect the spread of invasive weeds, based\r\non observations following recent wildfires adjacent to the burn, invasive annual grasses establish\r\nquickly and aggressively. Chemical treatment of noxious weeds will be completed under the ESR\r\nPlan using separate NEPA that is in conformance with Vegetation Treatments Using Herbicides on\r\nBLM Lands in Oregon EIS, ROD 2010. It is estimated that these noxious weed areas will require\r\nthree years (the first year under emergency stabilization activities) of treatment to detect and\r\ncontrol these species. There are areas (Map 6) where annual grass infestation will reduce seedling\r\nestablishment for both pre-existing native vegetation and seeding treatments due to invasive\r\nannual weed competition. Sources that could spread weeds in the burned area are hunters or other\r\nrecreational users, wind, water, wildlife, and livestock.","Additionally, the SWAT crew treated an additional 1000 acres of\r\nspot treatments within the fire perimeter.",,Polygon,Confirmed,"Digitized by BLM field office personnel, method unknown",None,81965.36,72099.96,,Unknown,"Invasion by cheatgrass, Invasion by non-native annuals, Invasive species, Noxious weeds",Invasives Control,,,,,Data obtained from this treatment's GIS Attribute Table,43:05:00
Model 14,Nothern Basin and Range,Herbicide,56688,21666,Implemented,Unknown,2,4/27/2015,4/30/2015,Acres,4715.71,Herbicide/Weeds/Chemical,Herbicide,Noxious Weeds: Weed Control - Herbicide Application,0,,,,,,,,,,"Weeds with the following phenologies were chemically treated: bolt, rosette, and flower",Unknown,Polygon,Confirmed,"Digitized by BLM field office personnel, method unknown",None,4715.71,4715.71,,BLM,"Habitat quality, Invasive species, Noxious weeds, Rangeland health",,,,,,,57:41:00
Model 14,Nothern Basin and Range,Herbicide,56690,21666,Implemented,Unknown,2,6/2/2015,6/23/2015,Acres,5695.84,Herbicide/Weeds/Chemical,Herbicide,Noxious Weeds: Weed Control - Herbicide Application,0,,,,,,,,,,"Weeds with the following phenologies were chemically treated: bud, bolt, flower, rosette",Unknown,Polygon,Confirmed,"Digitized by BLM field office personnel, method unknown",None,5695.84,5695.84,,BLM,"Habitat quality, Invasive species, Noxious weeds, Rangeland health",,,,,,,02:00:00
Model 14,Nothern Basin and Range,Herbicide,56692,21666,Implemented,Unknown,2,8/31/2015,8/31/2015,Acres,549.3,Herbicide/Weeds/Chemical,Herbicide,Noxious Weeds: Weed Control - Herbicide Application,0,,,,,,,,,,Weeds with the following phenologies were chemically treated: rosette,Unknown,Polygon,Confirmed,"Digitized by BLM field office personnel, method unknown",None,549.3,549.3,,BLM,"Habitat quality, Invasive species, Noxious weeds, Rangeland health",,,,,,,06:06:00
Model 14,Nothern Basin and Range,Herbicide,57404,21964,Implemented,Unknown,2,1/1/1963,1/1/1964,Acres,23770.31,Herbicide/Weeds/Chemical,Herbicide,Herbicide Application,0,No seed list,,,,,,,To conduct a herbicide.,No documentation.,A herbicide was completed.,None,Polygon,Confirmed,"Digitized by BLM field office personnel, method unknown",3/29/2021,23770.31,23770.3,,Unknown,"Brush control, Fire hazard, Habitat productivity, Habitat quality, Hazardous fuels reduction, Rangeland health",Habitat improvement.,Unknown,No documentation.,Unknown,No documentation.,,36:42:00
Model 14,Nothern Basin and Range,Herbicide,57499,21999,Implemented,Unknown,2,6/2/2009,9/22/2009,Acres,23829.39,Herbicide/Weeds/Chemical,Herbicide,Herbicide Application,0,No seed list,,,,,,,To conduct a herbicide.,No documentation.,A herbicide was completed.,None,Polygon,Confirmed,"Digitized by BLM field office personnel, method unknown",4/29/2021,23829.39,17322.2,,Unknown,"Brush control, Habitat productivity, Habitat quality, Rangeland health",Habitat improvement.\r\n\r\nInvasive control.,Unknown,No documentation.,Unknown,No documentation.,Herbicide unknown.,34:23:00
Model 14,Nothern Basin and Range,Herbicide,57500,22000,Implemented,Unknown,2,7/20/2010,6/15/2016,Acres,1606.49,Herbicide/Weeds/Chemical,Herbicide,Herbicide Application,0,No seed list,,,,,,,To spread herbicide.,No documentation.,A herbicide was spread.,None,Polygon,Confirmed,"Digitized by BLM field office personnel, method unknown",5/5/2021,9718,8178.37,,Unknown,"Brush control, Habitat productivity, Habitat quality, Rangeland health",Invasive control.,Unknown,No documentation.,Unknown,No documentation.,Herbicide was spread at different frequencies at different locations.,18:11:00
Model 14,Nothern Basin and Range,Herbicide,57554,22008,Implemented,Unknown,2,5/4/2010,7/31/2013,Acres,872.13,Herbicide/Weeds/Chemical,Herbicide,Herbicide Application,0,No seed list,,,,,,,To conduct a herbicide.,No documentation.,A herbicide was completed.,None,Polygon,Confirmed,"Digitized by BLM field office personnel, method unknown",4/7/2021,872.13,812.95,,Unknown,"Brush control, Habitat productivity, Habitat quality, Rangeland health",Habitat improvement.,Unknown,No documentation.,Unknown,No documentation.,Multiple locations with multiple frequencies.,00:05:00
Model 14,Nothern Basin and Range,Herbicide,57566,22010,Implemented,Unknown,2,9/21/2015,9/27/2017,Acres,28835.35,Herbicide/Weeds/Chemical,Herbicide,Herbicide Application,0,No seed list,,,,,,,To conduct a herbicide.,No documentation.,A herbicide was completed.,None,Polygon,Confirmed,"Digitized by BLM field office personnel, method unknown",5/5/2021,55535.87,54916.28,,Unknown,"Brush control, Habitat productivity, Habitat quality, Rangeland health",None,Unknown,No documentation.,Unknown,No documentation.,,23:30:00
Model 14,Nothern Basin and Range,Herbicide,57571,22010,Implemented,Unknown,2,7/28/2010,11/13/2016,Acres,26522.31,Herbicide/Weeds/Chemical,Herbicide,Herbicide Application,0,No seed list,,,,,,,To conduct a herbicide.,No documentation.,A herbicide was completed.,None,Polygon,Confirmed,"Digitized by BLM field office personnel, method unknown",5/5/2021,28110.88,27184.58,,Unknown,"Brush control, Habitat productivity, Habitat quality, Rangeland health",None,Unknown,No documentation.,Unknown,No documentation.,,57:08:00
Model 14,Nothern Basin and Range,Herbicide,57577,22015,Implemented,Unknown,2,8/22/2011,11/12/2015,Acres,78961.76,Herbicide/Weeds/Chemical,Herbicide,Herbicide Application,0,No seed list,,,,,,,To conduct a herbicide.,No documentation.,A herbicide was completed.,None,Polygon,Confirmed,"Digitized by BLM field office personnel, method unknown",4/7/2021,78961.76,62273.71,,Unknown,"Brush control, Habitat productivity, Habitat quality, Rangeland health",Habitat improvement.,Unknown,No documentation.,Unknown,No documentation.,Multiple locations and rates.,39:03:00
Model 14,Nothern Basin and Range,Herbicide,57580,22015,Implemented,Unknown,2,5/4/2011,8/19/2016,Acres,25199.2,Herbicide/Weeds/Chemical,Herbicide,Herbicide Application,0,No seed list,,,,,,,To conduct a herbicide.,No documentation.,A herbicide was completed.,None,Polygon,Confirmed,"Digitized by BLM field office personnel, method unknown",4/7/2021,25199.2,22929.05,,Unknown,"Brush control, Habitat productivity, Habitat quality, Rangeland health",Habitat improvement.,Unknown,No documentation.,Unknown,No documentation.,Multiple locations and rates.,45:48:00
Model 14,Nothern Basin and Range,Herbicide,57581,22015,Implemented,Unknown,2,10/19/2009,10/17/2010,Acres,3019.8,Herbicide/Weeds/Chemical,Herbicide,Herbicide Application,0,No seed list,,,,,,,To conduct a herbicide.,No documentation.,A herbicide was completed.,None,Polygon,Confirmed,"Digitized by BLM field office personnel, method unknown",4/7/2021,3019.8,2596.89,,Unknown,"Brush control, Habitat productivity, Habitat quality, Rangeland health",Habitat improvement.,Unknown,No documentation.,Unknown,No documentation.,Multiple locations and rates.,48:49:00
Model 14,Nothern Basin and Range,Herbicide,58051,22043,Implemented,Unknown,2,7/18/2001,8/8/2018,Acres,1566.27,Herbicide/Weeds/Chemical,Herbicide,Herbicide Application,0,No seed list,,,,,,,To conduct a herbicide.,No documentation.,A herbicide was completed.,None,Polygon,Confirmed,Digitized by LTDL data entry personnel using a confirmed map,5/14/2021,8181.28,6232.39,,Unknown,"Brush control, Habitat productivity, Habitat quality, Rangeland health",Habitat improvement,Unknown,No documentation.,Unknown,No documentation.,Herbicide applied at different frequencies at different locations.,16:16:00
Model 14,Nothern Basin and Range,Herbicide,58089,22116,Implemented,Unknown,2,6/15/2010,10/6/2014,Acres,30266.61,Herbicide/Weeds/Chemical,Herbicide,Herbicide Application,0,No seed list,,,,,,,To conduct a herbicide.,No documentation.,A herbicide was completed.,None,Polygon,Confirmed,"Digitized by BLM field office personnel, method unknown",4/28/2021,30266.61,29782.76,,Unknown,"Brush control, Habitat productivity, Habitat quality, Rangeland health",Habitat improvement.,Unknown,No documentation.,Unknown,No documentation.,Herbicide applied at different frequencies at different locations.,46:19:00
Model 14,Nothern Basin and Range,Herbicide,58090,22116,Implemented,Unknown,2,6/9/2010,10/4/2014,Acres,57121.76,Herbicide/Weeds/Chemical,Herbicide,Herbicide Application,0,No seed list,,,,,,,To conduct a herbicide.,No documentation.,A herbicide was completed.,None,Polygon,Confirmed,"Digitized by BLM field office personnel, method unknown",4/28/2021,57121.76,56717.86,,Unknown,"Brush control, Habitat productivity, Habitat quality, Rangeland health",Habitat improvement.,Unknown,No documentation.,Unknown,No documentation.,Herbicide applied at different frequencies at different locations.,48:24:00
Model 14,Nothern Basin and Range,Herbicide,58121,22121,Implemented,Unknown,2,6/16/2010,7/1/2011,Acres,10930.21,Herbicide/Weeds/Chemical,Herbicide,Herbicide Application,0,No seed list,,,,,,,To conduct a herbicide.,No documentation.,A herbicide was completed.,None,Polygon,Confirmed,"Digitized by BLM field office personnel, method unknown",4/30/2021,10930.21,10490.4,,Unknown,"Brush control, Habitat productivity, Habitat quality, Rangeland health",Habitat improvement.,Unknown,No documentation.,Unknown,No documentation.,,00:01:00
Model 14,Nothern Basin and Range,Herbicide,58158,22134,Implemented,Unknown,2,8/9/2011,6/22/2016,Acres,1361.95,Herbicide/Weeds/Chemical,Herbicide,Herbicide Application,0,No seed list,,,,,,,To conduct a herbicide.,No documentation.,A herbicide was completed.,,Polygon,Confirmed,"Digitized by BLM field office personnel, method unknown",5/3/2021,1361.95,670.33,,Unknown,"Brush control, Habitat productivity, Habitat quality, Rangeland health",Habitat improvement.,Unknown,No documentation.,Unknown,No documentation.,Herbicide applied at different frequencies at different location.,22:15:00
Model 14,Nothern Basin and Range,Herbicide,58164,22134,Implemented,Unknown,2,7/26/2011,7/15/2015,Acres,4040.69,Herbicide/Weeds/Chemical,Herbicide,Herbicide Application,0,No seed list,,,,,,,To conduct a herbicide.,No documentation.,A herbicide was completed.,,Polygon,Confirmed,"Digitized by BLM field office personnel, method unknown",5/3/2021,4040.69,3471.99,,Unknown,"Brush control, Habitat productivity, Habitat quality, Rangeland health",Habitat improvement.,Unknown,No documentation.,Unknown,No documentation.,Herbicide applied at different frequencies at different location.,00:21:00
Model 14,Nothern Basin and Range,Herbicide,58165,22134,Implemented,Unknown,2,8/5/2009,8/5/2009,Acres,302.02,Herbicide/Weeds/Chemical,Herbicide,Herbicide Application,0,No seed list,,,,,,,To conduct a herbicide.,No documentation.,A herbicide was completed.,None,Polygon,Confirmed,"Digitized by BLM field office personnel, method unknown",5/3/2021,302.02,299.55,,Unknown,"Brush control, Habitat productivity, Habitat quality, Rangeland health",Habitat improvement.,Unknown,No documentation.,Unknown,No documentation.,Herbicide unknown.,02:45:00
Model 14,Nothern Basin and Range,Herbicide,58189,22139,Implemented,Unknown,2,5/23/2013,7/14/2015,Acres,2300.04,Herbicide/Weeds/Chemical,Herbicide,Herbicide Application,0,No seed list,,,,,,,To conduct a herbicide.,No documentation.,A herbicide was completed.,None,Polygon,Confirmed,"Digitized by BLM field office personnel, method unknown",5/4/2021,2300.04,2300.04,,Unknown,"Brush control, Habitat productivity, Habitat quality, Rangeland health",Habitat improvement.,Unknown,No documentation.,Unknown,No documentation.,,30:33:00
Model 14,Nothern Basin and Range,Herbicide,58190,22139,Implemented,Unknown,2,7/24/2011,7/24/2011,Acres,107.76,Herbicide/Weeds/Chemical,Herbicide,Herbicide Application,0,No seed list,,,,,,,To conduct a herbicide.,No documentation.,A herbicide was completed.,None,Polygon,Confirmed,"Digitized by BLM field office personnel, method unknown",5/4/2021,107.76,107.76,,Unknown,"Brush control, Habitat productivity, Habitat quality, Rangeland health",Habitat improvement.,Unknown,No documentation.,Unknown,No documentation.,,34:07:00
Model 14,Nothern Basin and Range,Herbicide,58194,22141,Implemented,Unknown,2,7/24/2011,7/9/2015,Acres,1071.77,Herbicide/Weeds/Chemical,Herbicide,Herbicide Application,0,No seed list,,,,,,,To conduct a herbicide.,No documentation.,A herbicide was completed.,None,Polygon,Confirmed,"Digitized by BLM field office personnel, method unknown",5/4/2021,1071.77,1071.77,,Unknown,"Brush control, Habitat productivity, Habitat quality, Rangeland health",Habitat improvement.,Unknown,No documentation.,Unknown,No documentation.,The herbicide was completed at different frequencies at different locations.,08:02:00
Model 14,Nothern Basin and Range,Herbicide,58198,22143,Implemented,Unknown,2,7/23/2011,7/23/2011,Acres,17910.81,Herbicide/Weeds/Chemical,Herbicide,Herbicide Application,0,No seed list,,,,,,,To conduct a herbicide.,No documentation.,A herbicide was completed.,None,Polygon,Confirmed,"Digitized by BLM field office personnel, method unknown",5/4/2021,17910.81,17910.8,,Unknown,"Brush control, Habitat productivity, Habitat quality, Rangeland health",Habitat improvement.,Unknown,No documentation.,Unknown,No documentation.,,34:28:00
Model 14,Nothern Basin and Range,Herbicide,58510,22182,Implemented,Unknown,2,9/1/2018,10/24/2018,Unknown,,Herbicide/Weeds/Chemical,Herbicide,Noxious Weeds: Weed Control - Herbicide Application,0,No seed list,,,,,,,,,GIS is implementation data,Unknown,Polygon,Confirmed,"Digitized by BLM field office personnel, method unknown",None,1056.9,952.74,,Unknown,"Brush control, Noxious weeds",,,,,,,09:18:00
Model 14,Nothern Basin and Range,Herbicide,58551,22182,Implemented,Unknown,1,00/00/2019,00/00/2019,Acres,2000,Herbicide/Weeds/Chemical,Herbicide,Herbicide Application,0,No seed list,,,,,,,,,Monitoring report noted this treatment,Unknown,Polygon,Confirmed,"Digitized by BLM field office personnel, method unknown",None,1056.9,952.74,,Unknown,"Brush control, Noxious weeds",,,,,,,37:47:00
Model 14,Nothern Basin and Range,Herbicide,60716,22517,Implemented,Unknown,2,8/6/2017,8/6/2017,Acres,3053.72,Herbicide/Weeds/Chemical,Herbicide,Herbicide Application,0,No seed list,,,,,,,To conduct a herbicide.,No documentation.,A herbicide was completed.,Unknown,Polygon,Confirmed,"Digitized by BLM field office personnel, method unknown",10/27/2021,3053.72,2615.33,,Unknown,"Brush control, Forest health, Habitat productivity, Habitat quality, Rangeland health",Habitat improvement.,Unknown,No documentation.,Unknown,No documentation.,,50:25:00
Model 14,Nothern Basin and Range,Herbicide,60922,22567,Implemented,Unknown,2,6/4/1996,4/1/2016,Acres,2902,Herbicide/Weeds/Chemical,Herbicide,Herbicide Application,0,No seed list,,,,,,,To conduct a herbicide.,No documentation.,A herbicide was completed.,Unknown,Polygon,Confirmed,"Digitized by BLM field office personnel, method unknown",11/30/2021,2902,649.57,,Unknown,"Brush control, Forest health, Habitat productivity, Habitat quality, Hazardous fuels accumulation, Hazardous fuels reduction, Rangeland health",Habitat improvement.,Unknown,No documentation.,Unknown,No documentation.,,42:54:00
Model 14,Nothern Basin and Range,Herbicide,60968,22242,Implemented,Unknown,2,9/5/2018,9/12/2018,Acres,2796.67,Herbicide/Weeds/Chemical,Herbicide,Herbicide Application,0,No seed list,,,,,,,To conduct a herbicide.,No documentation.,A herbicide was completed.,Unknown,Polygon,Confirmed,"Digitized by BLM field office personnel, method unknown",12/6/2021,2796.67,2781.41,,Unknown,"Aspen regeneration, Cover for wildlife, Encroaching vegetation, Establishment of seeded species, Fire hazard, Forage for wildlife, Forest health, Habitat for wildlife, Habitat productivity, Habitat quality, Hazardous fuels reduction, Invasion by pinyon-juniper, Invasive species, Loss of desirable species, Loss of riparian vegetation, Loss of vegetation, Nesting bald eagles, Nesting bird species, Noxious weeds, Overuse, Pinon-juniper, Rangeland health, Watershed degradation, Wildlife in treated area","The objective of the Camp Harney-Cow Creek Ecological Restoration Project is to remove western juniper and other conifers from vegetative communities where conifers are encroaching or have taken over desirable plant communities across the 16,201-acre Project Area. The conifer encroachment has led to losses of desirable vegetative communities, losses of wildlife habitat, degraded stream conditions, reduced productivity, and conditions that threaten the existence and perpetuation of bald eagle winter roost sites. Management action is needed to halt and reverse the impacts of juniper and to a lesser degree other conifer species encroachment.\r\nWith historic grazing practices (which removed fine herbaceous fuels) and the start of fire suppression activities at the turn of the century, the influence of fire in the Project Area was greatly reduced. Fire was the principal factor that controlled conifer encroachment into shrub-grassland communities in the Intermountain West prior to Euro-American immigration (110 to 130 years ago) (West 1999; Miller and Tausch 2001). As the frequency and size of fires across the landscape lessened, juniper expanded into shrub-grassland communities with an overall loss in ecosystem function and a dramatic alteration in historic biodiversity, hydrologic cycles, fauna, and nutrient cycling (Bates et al. 1998).",Unknown,No documentation.,Unknown,No documentation.,,23:58:00
Model 14,Nothern Basin and Range,Herbicide,61039,22596,Implemented,Unknown,2,6/22/2009,6/11/2015,Acres,901.62,Herbicide/Weeds/Chemical,Herbicide,Herbicide Application,0,No seed list,,,,,,,To conduct a herbicide.,No documentation.,A herbicide was completed.,Unknown,Polygon,Confirmed,"Digitized by BLM field office personnel, method unknown",12/17/2021,901.62,544.47,,Unknown,"Brush control, Forest health, Habitat productivity, Habitat quality, Rangeland health",Habitat improvement.,Unknown,No documentation.,Unknown,No documentation.,,27:23:00
Model 14,Nothern Basin and Range,Herbicide,61089,22608,Implemented,Unknown,2,8/30/2016,9/2/2016,Acres,19256.18,Herbicide/Weeds/Chemical,Herbicide,Herbicide Application,0,No seed list,,,,,,,To conduct a herbicide.,No documentation.,A herbicide was completed.,Unknown.,Polygon,Confirmed,"Digitized by BLM field office personnel, method unknown",1/6/2022,19256.18,18578.27,,Unknown,"Brush control, Forest health, Habitat productivity, Habitat quality, Rangeland health",Habitat improvement.,Unknown,No documentation.,Unknown,No documentation.,,22:35:00
Model 14,Nothern Basin and Range,Herbicide,61090,22608,Implemented,Unknown,2,7/17/2017,7/10/2018,Acres,19256.41,Herbicide/Weeds/Chemical,Herbicide,Herbicide Application,0,No seed list,,,,,,,To conduct a herbicide.,No documentation.,A herbicide was completed.,Unknown.,Polygon,Confirmed,"Digitized by BLM field office personnel, method unknown",1/6/2022,19256.41,18578.37,,Unknown,"Brush control, Forest health, Habitat productivity, Habitat quality, Rangeland health",Habitat improvement.,Unknown,No documentation.,Unknown,No documentation.,,25:51:00
Model 14,Nothern Basin and Range,Herbicide,61091,22608,Implemented,Unknown,2,8/4/2015,8/4/2015,Acres,19256.18,Herbicide/Weeds/Chemical,Herbicide,Herbicide Application,0,No seed list,,,,,,,To conduct a herbicide.,No documentation.,A herbicide was completed.,Unknown.,Polygon,Confirmed,"Digitized by BLM field office personnel, method unknown",1/6/2022,19256.18,18578.27,,Unknown,"Brush control, Forest health, Habitat productivity, Habitat quality, Rangeland health",Habitat improvement.,Unknown,No documentation.,Unknown,No documentation.,,28:28:00
Model 14,Nothern Basin and Range,Herbicide,61105,22610,Implemented,Unknown,2,5/12/2004,8/3/2010,Acres,9625.01,Herbicide/Weeds/Chemical,Herbicide,Herbicide Application,0,No seed list,,,,,,,To conduct a herbicide.,No documentation.,A herbicide was completed.,Unknown.,Polygon,Confirmed,"Digitized by BLM field office personnel, method unknown",1/7/2022,9625.01,8482.3,,Unknown,"Brush control, Habitat productivity, Habitat quality, Forest health, Rangeland health",Habitat improvement.,Unknown,No documentation.,Unknown,No documentation.,,01:55:00
Model 14,Nothern Basin and Range,Herbicide,61143,22616,Implemented,Unknown,2,5/30/2006,5/30/2006,Acres,8324.63,Herbicide/Weeds/Chemical,Herbicide,Herbicide Application,0,No seed list,,,,,,,To conduct a herbicide.,No documentation.,A herbicide was completed.,Unknown.,Polygon,Confirmed,"Digitized by BLM field office personnel, method unknown",1/13/2022,8324.63,6977.62,,Unknown,"Brush control, Forest health, Habitat productivity, Habitat quality, Rangeland health",Habitat improvement.,Unknown,No documentation.,Unknown,No documentation.,,58:16:00
Model 14,Nothern Basin and Range,Herbicide,61160,22622,Implemented,Unknown,2,7/16/1997,7/7/2010,Acres,4457.8,Herbicide/Weeds/Chemical,Herbicide,Herbicide Application,0,No seed list,,,,,,,To conduct a herbicide.,No documentation.,A herbicide was completed.,Unknown,Polygon,Confirmed,"Digitized by BLM field office personnel, method unknown",1/14/2022,4457.8,4064.9,,Unknown,"Brush control, Habitat productivity, Habitat quality, Rangeland health",Habitat improvement.,Unknown,No documentation.,Unknown,No documentation.,,21:34:00
Model 14,Nothern Basin and Range,Herbicide,61196,22630,Implemented,Unknown,2,9/21/2015,8/7/2017,Acres,5054.21,Herbicide/Weeds/Chemical,Herbicide,Herbicide Application,0,No seed list,,,,,,,To conduct a herbicide.,No documentation.,A herbicide was completed.,Unknown,Polygon,Confirmed,"Digitized by BLM field office personnel, method unknown",1/20/2022,5054.21,5011.22,,Unknown,"Brush control, Forest health, Habitat productivity, Habitat quality, Rangeland health",Habitat improvement.,Unknown,No documentation.,Unknown,No documentation.,,39:14:00
Model 14,Nothern Basin and Range,Herbicide,61244,22637,Implemented,Unknown,2,7/25/2004,8/28/2008,Acres,76074.34,Herbicide/Weeds/Chemical,Herbicide,Herbicide Application,0,No seed list,,,,,,,To conduct a herbicide.,No documentation.,A herbicide was completed.,Unknown,Polygon,Confirmed,"Digitized by BLM field office personnel, method unknown",1/26/2022,76074.34,69814.62,,Unknown,"Brush control, Forest health, Habitat productivity, Habitat quality, Rangeland health",Habitat improvement.,Unknown,No documentation.,Unknown,No documentation.,,31:06:00
Model 14,Nothern Basin and Range,Herbicide,61272,22639,Implemented,Unknown,2,4/23/1999,11/2/2011,Acres,5010.81,Herbicide/Weeds/Chemical,Herbicide,Herbicide Application,0,No seed list,,,,,,,To conduct a herbicide.,No documentation.,A herbicide was completed. Not applicable/ monitor.,Unknown,Polygon,Confirmed,"Digitized by BLM field office personnel, method unknown",1/27/2022,5010.81,4399.24,,Unknown,"Brush control, Forest health, Habitat productivity, Habitat quality, Rangeland health",Habitat improvement.,Unknown,No documentation.,Unknown,No documentation.,,39:26:00
Model 14,Nothern Basin and Range,Herbicide,61278,22641,Implemented,Unknown,2,7/12/2012,6/9/2015,Acres,9617.29,Herbicide/Weeds/Chemical,Herbicide,Herbicide Application,0,No seed list,,,,,,,To conduct a herbicide.,No documentation.,A herbicide was completed.,Unknown,Polygon,Confirmed,"Digitized by BLM field office personnel, method unknown",1/28/2022,9617.29,9125.75,,Unknown,"Brush control, Habitat productivity, Habitat quality, Rangeland health, Forest health",Habitat improvement.,Unknown,No documentation.,Unknown,No documentation.,,03:44:00
Model 14,Nothern Basin and Range,Herbicide,61305,22645,Implemented,Unknown,2,8/7/2012,8/7/2012,Acres,321.75,Herbicide/Weeds/Chemical,Herbicide,Herbicide Application,0,No seed list,,,,,,,To conduct a herbicide.,No documentation.,A herbicide was completed.,Unknown,Polygon,Confirmed,"Digitized by BLM field office personnel, method unknown",1/31/2022,321.75,321.75,,Unknown,"Brush control, Habitat productivity, Habitat quality, Rangeland health",Habitat improvement.,Unknown,No documentation.,Unknown,No documentation.,,53:49:00
Model 14,Nothern Basin and Range,Herbicide,61371,22661,Implemented,Unknown,2,7/18/2011,7/12/2012,Acres,3685.61,Herbicide/Weeds/Chemical,Herbicide,Herbicide Application,0,No seed list,,,,,,,To conduct a herbicide.,No documentation.,A herbicide was completed. Not applicable/monitor.,Unknown,Polygon,Confirmed,"Digitized by BLM field office personnel, method unknown",2/4/2022,3685.61,3601.82,,Unknown,"Brush control, Forest health, Habitat productivity, Habitat quality, Rangeland health",Habitat improvement.,Unknown,No documentation.,Unknown,No documentation.,,18:41:00
Model 14,Nothern Basin and Range,Herbicide,61382,22664,Implemented,Unknown,2,7/14/1995,9/5/2017,Acres,2436.85,Herbicide/Weeds/Chemical,Herbicide,Herbicide Application,0,No seed list,,,,,,,To conduct a herbicide.,No documentation.,A herbicide was completed.,Unknown,Polygon,Confirmed,"Digitized by BLM field office personnel, method unknown",2/7/2022,2436.85,2150.62,,Unknown,"Brush control, Forest health, Habitat productivity, Habitat quality, Rangeland health",Habitat improvement.,Unknown,No documentation.,Unknown,No documentation.,,33:50:00
Model 14,Nothern Basin and Range,Herbicide,61474,22697,Implemented,Unknown,2,8/21/2009,8/21/2009,Acres,1114.22,Herbicide/Weeds/Chemical,Herbicide,Herbicide Application,0,No seed list,,,,,,,To conduct a herbicide.,No documentation.,A herbicide was completed.,Unknown,Polygon,Confirmed,"Digitized by BLM field office personnel, method unknown",2/11/2022,1114.22,1114.22,,Unknown,"Brush control, Habitat quality, Forest health, Habitat productivity, Rangeland health",Habitat improvement.,Unknown,No documentation.,Unknown,No documentation.,,57:23:00
Model 14,Nothern Basin and Range,Herbicide,61488,22705,Implemented,Unknown,2,7/15/2009,7/15/2009,Acres,12395.86,Herbicide/Weeds/Chemical,Herbicide,Herbicide Application,0,No seed list,,,,,,,To conduct a herbicide.,No documentation.,A herbicide was completed. Herbicide not applicable/monitor.,Unknown,Polygon,Confirmed,"Digitized by BLM field office personnel, method unknown",2/14/2022,12395.86,11729.76,,Unknown,"Brush control, Forest health, Habitat productivity, Habitat quality, Rangeland health",Habitat improvement.,Unknown,No documentation.,Unknown,No documentation.,,25:02:00
Model 14,Nothern Basin and Range,Herbicide,61555,22724,Implemented,Unknown,2,7/10/2001,6/25/2015,Acres,1136.94,Herbicide/Weeds/Chemical,Herbicide,Herbicide Application,0,No seed list,,,,,,,To conduct a herbicide.,No documentation.,A herbicide was completed.,Unknown,Polygon,Confirmed,"Digitized by BLM field office personnel, method unknown",2/18/2022,1136.94,1007.39,,Unknown,"Brush control, Forest health, Habitat productivity, Habitat quality, Rangeland health",Habitat improvement.,Unknown,No documentation.,Unknown,No documentation.,,26:30:00
Model 14,Nothern Basin and Range,Herbicide,61583,22734,Implemented,Unknown,2,9/25/2014,9/14/2017,Acres,18797.06,Herbicide/Weeds/Chemical,Herbicide,Herbicide Application,0,No seed list,,,,,,,To conduct a herbicide.,No documentation.,A herbicide was completed.,Unknown,Polygon,Confirmed,"Digitized by BLM field office personnel, method unknown",2/22/2022,18797.06,18236.3,,Unknown,"Brush control, Forest health, Habitat productivity, Habitat quality, Rangeland health",Habitat improvement.,Unknown,No documentation.,Unknown,No documentation.,,39:08:00
Model 14,Nothern Basin and Range,Herbicide,61623,22750,Implemented,Unknown,2,7/3/2007,7/3/2007,Acres,1593.1,Herbicide/Weeds/Chemical,Herbicide,Herbicide Application,0,No seed list,,,,,,,To conduct a herbicide.,No documentation.,A herbicide was completed.,Unknown,Polygon,Confirmed,"Digitized by BLM field office personnel, method unknown",2/24/2022,1593.1,1550.42,,Unknown,"Brush control, Forest health, Habitat productivity, Habitat quality, Rangeland health",Habitat improvement.,Unknown,No documentation.,Unknown,No documentation.,,25:36:00
Model 14,Nothern Basin and Range,Herbicide,61658,22763,Implemented,Unknown,2,6/25/2018,6/25/2018,Acres,781.22,Herbicide/Weeds/Chemical,Herbicide,Herbicide Application,0,No seed list,,,,,,,To conduct a herbicide.,No documentation.,A herbicide was completed.,Unknown,Polygon,Confirmed,"Digitized by BLM field office personnel, method unknown",3/4/2022,781.22,781.22,,Unknown,"Brush control, Forest health, Habitat productivity, Habitat quality, Rangeland health",Habitat improvement.,Unknown,No documentation.,Unknown,No documentation.,,36:40:00
Model 14,Nothern Basin and Range,Herbicide,61660,22763,Implemented,Unknown,2,6/19/2014,6/17/2016,Acres,3807.25,Herbicide/Weeds/Chemical,Herbicide,Herbicide Application,0,No seed list,,,,,,,To conduct a herbicide.,No documentation.,A herbicide was completed.,Unknown,Polygon,Confirmed,"Digitized by BLM field office personnel, method unknown",3/4/2022,3807.25,3783.79,,Unknown,"Brush control, Forest health, Habitat productivity, Habitat quality, Rangeland health",Habitat improvement.,Unknown,No documentation.,Unknown,No documentation.,,40:21:00
Model 14,Nothern Basin and Range,Herbicide,61661,22764,Implemented,Unknown,2,8/19/2002,8/19/2002,Acres,3213.77,Herbicide/Weeds/Chemical,Herbicide,Herbicide Application,0,No seed list,,,,,,,To conduct a herbicide application.,No documentation.,A herbicide was completed.,Unknown,Polygon,Confirmed,"Digitized by BLM field office personnel, method unknown",3/7/2022,3213.77,2449.28,,Unknown,"Brush control, Forest health, Habitat productivity, Habitat quality, Rangeland health",Habitat improvement.,Unknown,No documentation.,Unknown,No documentation.,,15:38:00
Model 14,Nothern Basin and Range,Herbicide,61663,22766,Implemented,Unknown,2,10/22/2010,11/10/2011,Acres,1858.03,Herbicide/Weeds/Chemical,Herbicide,Herbicide Application,0,No seed list,,,,,,,To conduct a herbicide.,No documentation.,A herbicide was completed.,Unknown,Polygon,Confirmed,"Digitized by BLM field office personnel, method unknown",3/7/2022,1858.03,1386.66,,Unknown,"Brush control, Habitat productivity, Forest health, Habitat quality, Rangeland health",Habitat improvement.,Unknown,No documentation.,Unknown,No documentation.,,51:58:00
Model 14,Nothern Basin and Range,Herbicide,61669,22767,Implemented,Unknown,2,8/20/2017,8/22/2018,Acres,10832.33,Herbicide/Weeds/Chemical,Herbicide,Herbicide Application,0,No seed list,,,,,,,To conduct a herbicide.,No documentation.,A herbicide was completed.,Unknown,Polygon,Confirmed,"Digitized by BLM field office personnel, method unknown",3/7/2022,10832.33,10778.96,,Unknown,"Brush control, Forest health, Habitat productivity, Habitat quality, Rangeland health",Habitat improvement.,Unknown,No documentation.,Unknown,No documentation.,,11:38:00
Model 14,Nothern Basin and Range,Herbicide,61673,22768,Implemented,Unknown,2,6/29/2007,6/29/2007,Acres,4400.96,Herbicide/Weeds/Chemical,Herbicide,Herbicide Application,0,No seed list,,,,,,,To conduct a herbicide.,No documentation.,A herbicide was completed.,Unknown,Polygon,Confirmed,"Digitized by BLM field office personnel, method unknown",3/8/2022,4400.96,3683.34,,Unknown,"Brush control, Habitat productivity, Habitat quality, Forest health, Rangeland health",Habitat improvement.,Unknown,No documentation.,Unknown,No documentation.,,27:43:00
Model 14,Nothern Basin and Range,Herbicide,61678,22772,Implemented,Unknown,2,8/12/2018,8/12/2018,Acres,2252.67,Herbicide/Weeds/Chemical,Herbicide,Herbicide Application,0,No seed list,,,,,,,To conduct a herbicide.,No documentation.,A herbicide was completed.,Unknown,Polygon,Confirmed,"Digitized by BLM field office personnel, method unknown",3/8/2022,2252.67,2249.44,,Unknown,"Brush control, Forest health, Habitat productivity, Habitat quality, Rangeland health",Habitat improvement.,Unknown,No documentation.,Unknown,No documentation.,,53:27:00
Model 14,Nothern Basin and Range,Herbicide,61694,22779,Implemented,Unknown,2,7/3/2002,6/18/2014,Acres,24556.89,Herbicide/Weeds/Chemical,Herbicide,Herbicide Application,0,No seed list,,,,,,,To conduct a herbicide.,No documentation.,A herbicide was completed.,Unknown,Polygon,Confirmed,"Digitized by BLM field office personnel, method unknown",3/10/2022,24556.89,24369.96,,Unknown,"Brush control, Forest health, Habitat productivity, Habitat quality, Rangeland health",Habitat improvement.,Unknown,No documentation.,Unknown,No documentation.,,23:14:00
Model 14,Nothern Basin and Range,Herbicide,63894,23224,Implemented,Unknown,2,6/1/2013,6/1/2013,Acres,15.45,Herbicide/Weeds/Chemical,Herbicide,Noxious Weeds: Weed Control - Herbicide Application,0,,,,,,,,Invasives Control,,"Herbicide application was completed and targeted ACRE3, CADR, and ONAC. Spreader 90 adjuvant was used. \r\n\r\nGIS is the implementation data.",Unknown,Polygon,Confirmed,"Digitized by BLM field office personnel, method unknown",None,767.03,345.2,,Unknown,"Invasive species, Noxious weeds",Invasives Control,,,,,,26:12:00
Model 14,Nothern Basin and Range,Herbicide,63928,23229,Implemented,Unknown,2,9/5/2016,9/13/2016,Acres,3600,Herbicide/Weeds/Chemical,Herbicide,Noxious Weeds: Weed Control - Herbicide Application,0,,,,,,,,Invasives Control.,,Herbicide application was completed. Liberate adjuvant was used. TACA8 was targeted. \r\n\r\nGIS is the implementation data.,Unknown,Polygon,Confirmed,"Digitized by BLM field office personnel, method unknown",None,3600.53,3463.17,,Contractor,"Invasive species, Noxious weeds",Invasives Control.,,,,,,29:08:00
Model 14,Nothern Basin and Range,Herbicide,65062,23577,Implemented,See Comments,2,10/14/2021,10/14/2021,Acres,5770,Herbicide/Weeds/Chemical,Herbicide,Noxious Weeds: Weed Control - Herbicide Application,0,No seed list,,,,,,,"For the purposes of Biotic Integrity Decrease Invasive Annual Grass To 10 Percent Cover of North African Grass, medusahead, and cheatgrass For 1-5 Years.\r\nA total of approximately 5,770 acres of BLM-administered lands would be sprayed with a pre-emergent herbicide (Imazapic-ALS inhibitor) to prevent establishment of Cheatgrass, North African Grass, and medusahead within the burn perimeter (Map 2). If the herbicide application occurs after germination of cheatgrass, a low rate of a foliar herbicide (glyphosate- EPSPS inhibitor) could be added to the application. Invasive plant treatments are necessary to maintain site productivity of native plant species and prevent increased fire recurrences brought about by re-establishment of flashy fuels such as annual grasses. The herbicide treatment would suppress annual invasives in the short term (1-3 years) and promote quick recovery of existing plant communities","Approximately 5,770 acres of BLM lands are proposed to be sprayed with a re-emergent herbicide (imazapic-ALS inhibitor) in the fall/winter of 2021/2022 to prevent establishment of Ventenata dubia (North African Grass), Taeniatherum caput-medusae (medusahead), and Bromus tectorum (Cheatgrass) within the burned perimeter.",Herbicide imazapic was aerially applied directly after the fire burned in the fall of 2021/2022 to 5770 acres.,"This treatment greatly reduced the B. tectorum and T. caput-medusae emergence this spring and allowed some natural regeneration of existing vegetation. Several infestations of invasive species were observed during ground surveys. These infestations consist of small populations of Bromus tectorum, Taeniatherum caput-medusae, Salvia aethiopis, Centaurea maculosa and Cirsium spp. Future ground spot herbicide treatments will be necessary to eradicate the infestations and it is recommended to continue this treatment. Weed populations monitoring and spraying of these sites should continue to reduce the spread of invasive species in a vulnerable burned area. New observed weed sites should be sprayed and monitored.",Polygon,Confirmed,Digitized by LTDL data entry personnel using a planned map,11/8/2022,5787.76,5751.89,,Contractor,"Invasive species, Establishment of seeded species, Habitat quality","To prevent establishment of Cheatgrass, North African Grass, and medusahead within the burn perimeter",Unknown,,Unknown,,,22:33:00
Model 14,Nothern Basin and Range,Herbicide,70078,24833,Implemented,Unknown,1,6/21/2022,9/22/2022,Acres,15375.75,Herbicide/Weeds/Chemical,Herbicide,Herbicide Application,0,No seed list,,,,,,,Inhibit invasive annual grasses and improve habitat for native species.,Unknown,"Aerial herbicide application completed targeting invasive annual grass TACA8, Medusahead. Chemical Imazapic (Plateau) was used with Grounded and Quest surfactants mixed in. Implementation verified by GIS attribute table.",Unknown,Polygon,Confirmed,"Digitized by BLM field office personnel, method unknown",None,15382.72,15381.18,,BLM,"Competition for resources, Habitat quality, Invasive species, Habitat productivity, Loss of native vegetation","Inhibit invasives, Improve habitat for native species",,,,,Treatment completed in Summer 2022.\r\nFunded by BLM,26:00:00
Model 14,Nothern Basin and Range,Herbicide,70202,24874,Implemented,Unknown,2,10/22/2018,1/28/2019,Acres,1000,Herbicide/Weeds/Chemical,Herbicide,Herbicide Application,0,No seed list,,,,,,,"This project would also reduce fuel loading and additionally, fuel height by mowing vegetation along previously treated areas of roadside and allowing for maintenance treatments including the use of additional herbicides and broadcast seeding of native plants to control noxious/invasive weeds. The goal of this project is to protect intact sagebrush habitat important for a wide variety of special status species including greater sage-grouse. Fuelbreaks maintenance and improvement would slow down or reduce the intensity of wildfires along roadsides and provide a defensible location for firefighters to safely and effectively suppress wildfire.","Herbicide application using Imazapic where necessary, is also proposed to reduce the spread and establishment of noxious or invasive weeds.",Contract herbicide maintenance treatment of existing fuels breaks in Owyhee. Implementation verified by GIS attribute table.,Unknown,Polygon,Confirmed,"Digitized by BLM field office personnel, method unknown",None,999.59,998.88,,Unknown,"Habitat for greater sage grouse, Hazardous fuels reduction, Hazardous fuels accumulation, Public safety, Invasive species, Noxious weeds",Fuelbreaks maintenance and improvement would slow down or reduce the intensity of wildfires along roadsides and provide a defensible location for firefighters to safely and effectively suppress wildfire.,,,,,,59:57:00
Model 14,Nothern Basin and Range,Herbicide,70205,24874,Implemented,Unknown,2,10/1/2019,9/30/2020,Acres,2686,Herbicide/Weeds/Chemical,Herbicide,Herbicide Application,0,No seed list,,,,,,,"This project would also reduce fuel loading and additionally, fuel height by mowing vegetation along previously treated areas of roadside and allowing for maintenance treatments including the use of additional herbicides and broadcast seeding of native plants to control noxious/invasive weeds. The goal of this project is to protect intact sagebrush habitat important for a wide variety of special status species including greater sage-grouse. Fuelbreaks maintenance and improvement would slow down or reduce the intensity of wildfires along roadsides and provide a defensible location for firefighters to safely and effectively suppress wildfire.","The work shall consist of application of contractor-furnished herbicide within the potential project area as defined on the attached maps and government furnished adjuvant. Application will occur alongside existing roadways totaling 1,000 acres of treated area.",Contract herbicide maintenance treatment of existing fuels breaks in Owyhee. Implementation verified by GIS attribute table.,Unknown,Polygon,Confirmed,"Digitized by BLM field office personnel, method unknown",None,2723.35,2685.93,,Unknown,"Habitat for greater sage grouse, Hazardous fuels reduction, Hazardous fuels accumulation, Public safety, Invasive species, Noxious weeds",Fuelbreaks maintenance and improvement would slow down or reduce the intensity of wildfires along roadsides and provide a defensible location for firefighters to safely and effectively suppress wildfire.,,,,,,06:33:00
Model 14,Nothern Basin and Range,Herbicide,70354,24943,Implemented,Unknown,1,9/23/2022,12/21/2022,Acres,12153.89,Herbicide/Weeds/Chemical,Herbicide,Herbicide Application,0,No seed list,,,,,,,Inhibit invasive annual grasses and improve habitat for native species.,Parts of treatment area to restrict grazing for approximately 1 year following herbicide.,"Aerial herbicide completed using helicopter. Chemical Imazapic (Plateau) used with surfactant Grounded to target invasive annual grasses TACA8, VEDU, and BRTE. Implementation verified by GIS attribute table.",Unknown,Polygon,Confirmed,"Digitized by BLM field office personnel, method unknown",None,12158.19,11795.94,,BLM,"Habitat quality, Habitat productivity, Forage quality, Competition for resources, Invasive species, Loss of desirable species",Inhibit invasive annual grasses,,,,,High Desert Partnership\r\nFall 2022\r\nFunding; SB762,55:47:00
Model 14,Nothern Basin and Range,Herbicide,70357,24944,Implemented,Unknown,2,6/1/2017,8/8/2017,Acres,1001,Herbicide/Weeds/Chemical,Herbicide,Herbicide Application,0,No seed list,,,,,,,The purpose of this project is to remove hazardous fuels and conduct long term maintenance of the fuelbreaks in order to enhance protection and limit the potential spread of wildfire.,"The work shall consist of application of contractor-furnished herbicide using an aircraft within the potential project area as defined on the attached maps. Application will\r\noccur within one unit totaling 1,000 acres at 6 ounces per acre application rate.",Herbicide applied to the Santa Rosa Fuelbreak. Implementation verified by GIS attribute table.,Unknown,Polygon,Confirmed,"Digitized by BLM field office personnel, method unknown",None,1000.93,986.05,,Unknown,"Hazardous fuels reduction, Habitat for wildlife, Invasive species, Noxious weeds",To maintain existing fuelbreak.,,,,,,37:58:00
Model 14,Nothern Basin and Range,Herbicide,71279,25151,Implemented,Unknown,2,5/29/2015,7/28/2015,Acres,477.25,Herbicide/Weeds/Chemical,Herbicide,Noxious Weeds: Weed Control - Herbicide Application,0,No seed list,,,,,,,Treat Russian Knapweed and Whitetop with herbicide,Unknown,Treat Russian Knapweed and Whitetop with herbicide along roadside in 17 project areas with in the Paradise Valley Weed District. Confirmed by PARs.,Unknown,Polygon,Confirmed,Digitized by LTDL data entry personnel using a confirmed map,10/4/2023,6326.02,2883.75,Area was more spot sprayed than broadcast and PAR arcs are estimated so there is a large discrepancy between treated acres and feature acres.,BLM,"Invasive species, Noxious weeds",Treat Russian Knapweed and Whitetop with herbicide,,,Windy,Average of 5-10 mph wind,"Project areas: Hwy 20, Dump, Lamance, Hinkey, Chimney, Lye, Sperry, Singas, Able, Shelton, Wash O'Neil, Provo, Reed, Martin Creek, Mullinix, Solid Silver, and Cottonwood.\r\n\r\nHerbicide active ingredient, volume of formulation, total herbicide used, and gallons used varied for each project area, see PARs for each rate of application.",36:56:00
Model 14,Nothern Basin and Range,Herbicide,71397,25197,Implemented,Unknown,2,10/3/2021,10/3/2021,Acres,415,Herbicide/Weeds/Chemical,Herbicide,Noxious Weeds: Weed Control - Herbicide Application,0,No seed list,,,,,,,Lime Medusadead herbicide treatment.,Unknown.,"Medusahead treated with aerial herbicide at 2 gal/ac formulation, verified by GIS attribute table and  ""As built"" treatment map.",Unknown.,Polygon,Confirmed,"Digitized by BLM field office personnel, method unknown",11/4/2021,414.9,86.07,,Unknown,"Noxious weeds, Fire hazard",Hazardous fuels reduction.,,,,,,01:07:00
Model 14,Nothern Basin and Range,Herbicide,71424,25203,Implemented,Unknown,2,10/2/2021,10/3/2021,Acres,2560,Herbicide/Weeds/Chemical,Herbicide,Herbicide Application,0,No seed list,,,,,,,Apply herbicide to fuelbreaks.,Unknown.,"Aerial herbicide completed, verified by as built treatment map and GIS attribute table.",Unknown.,Polygon,Confirmed,Digitized by LTDL data entry personnel using a confirmed map,10/25/2023,4207.7,4207.7,,Unknown,Fire hazard,Maintain and expand fuelbreaks in the Owyhee desert.,,,,,,58:35:00
