Model,Ecoregion,Treatment,Trt_ID,Prj_ID,Plan_Imp,Success,Dates_Confirmed,Init_Date,Comp_Date,Units,Num_Units,Trt_Type_Major,Trt_Type_Sub,Treatment_Type,Treatment_Seeded,Seed_List,Seed_Mix_Name,Seeds_or_Seedlings,Seed_List_Confirmed,Control_Areas,Seed_Application_Rate,Seed_Notes,Objectives,Planned_Implementation,Actual_Implementation,Treatment_Effect_and_Results,Trt_Feature_Type,Feature_Status,How_Feature_Created,Feature_Creation_Date,Total_Acres,BLM_Acres,GIS_Notes,Initiated_By,Trt_Concerns,Trt_Concerns_Desc,Problems_Apply_Trt,Problems_Apply_Trt_Desc,Conditions_At_Trt,Conditions_At_Trt_Desc,Trt_Notes,User_Updated
Model 10,Snake River Plain,Post-burn drill seeding,1143,425,Implemented,See Comments,2,10/00/2001,11/21/2002,Acres,1812,Seeding,Drill Seeding,Ground Seeding: Drill,-1,Confirmed seed list,Drill Seed Mix,Seeds,Confirmed on Paper,Unknown,Species Specific,,"Establish perennial vegetation and reduce hazardous fuels on an estimated 5,000 acres of public\r\nland by drill and aerial seeding.",The grass and forb mixture would be seeded using rangeland drills pulled behind a rubber-tired tractor. This\r\nmethod assures that seeds are incorporated into the soil and provides them the best chance of establishment.\r\nThe drill seeding would be done in the fall of 2001.,"Bacon Pond Drill Seeding\r\nThis project consisted of drill seeding approximately 1,812 acres of a grass and forb seed mix.\r\nThe seed was applied to dry ground.\r\nThe contractor\r\nfor the remaining acres of the project was Dennis Jarolimek of Filer, Idaho. Four rangeland drills\r\nwere used. The seed was premixed by Gooding Seed Company of Gooding, Idaho. The project\r\nwas started in October of 2001 and completed in November of 2002 due to an early winter in\r\n2001. The 2002 year drill seeding was started on October 17, 2002 and completed on November\r\n21 , 2002.\r\nProject Inspector was Tony Owens.\r\n\r\nContract Cost: $12,810.84 \r\nSeed Cost: $12,950.00",The perennial grass and forbs established well following drill seeding\r\nin the fall of 2001 and 2002.,Polygon,Confirmed,"Digitized by BLM field office personnel, method unknown",,2382.064557,2368.344389,"The drill seeding was separated into two separate treatments and shapefiles.  The project was started in 2001.  It was partially completed (drill1), then postponed and completed in 2002 (drill2) because of the weather",See Cooperators List,"Fire hazard, Invasion by Cheatgrass, Invasion by non-native annuals, Noxious Weeds, Establishment of seeded species, Habitat quality,, Loss of desirable species, Loss of native species, Loss of native vegetation, Loss of perennials, Loss of vegetation, Vegetal cover","A healthy ecosite characterized by perennial vegetation would be expected to help keep\r\nundesirable annual vegetation at a minimum. Reestablishing a more natural grass, forb, and shrub\r\ncomponent would help achieve a healthy, functioning rangeland and significantly reduce hazardous\r\nfuels. Restricting seed drilling activities to areas with adequate soil depth would help assure the\r\nsuccessful establishment of desired vegetation.","Other (See Trt Notes), Delayed",The fall of2002 drilling was completed\r\nfollowing a spring application of Glyphosate to control annual vegetation. The 2002 drill\r\nseeding was done because the seeding could not be fully completed in 2001.,Dry,The seed was applied to dry ground.,This treatment was completed in two stages due to unfavorable weather conditions.  It was started in October 2001 and finished in November 2002.,27:30:00
Model 10,Snake River Plain,Post-burn drill seeding,1558,582,Implemented,None,2,8/23/1955,12/28/1955,Acres,1005,Seeding,Drill Seeding,Ground Seeding: Drill,-1,Confirmed seed list,Drill mix,Seeds,Confirmed on Paper,Unknown,Unknown,"The seed mix did not indicate whether bulk or PLS rates were used, therefore, unknown has been listed and all seed mix information has been entered into the Bulk category.  Also there are conflicting reports on how much seed was actually used.  I see 5000 lbs., 5500 lbs., and 6000 lbs. referenced in different documents.  Interpret these seeding rates carefully.","Controlling and preventing the spread of halogeton, increasing productivity of the unit, and stabilizing the range.","Generally the seeding shall be performed by use of acceptable commercial-type grain drills. If, in the opinion of the officer in charge, the soils are too loose or the area is too trashy to obtain satisfactory seeding by use of drills, he may authorize the use of acceptable commercial-type fertilizer spreaders, power broadcasters or other suitable broadcast seeding equipment. Also, should the plowing operations be completed at a time unfavorable to the seeding operations, the officer in charge may require the seeding to performed as a separate operation at a more favorable time. In either case the method and time of seeding shall be determined by the officer in charge. Any and all seeding equipment used must be supported by adequate hoppers, agitators, and controls to satisfactorily plant seed at a uniform rate and at an average depth of one-half inch to one inch.\r\n\r\nSeedbeds shall be solid seeded except for omission of rock outcrops, deep washes, or steep slopes as determined by the officer in charge. When drills are used, drill rows shall not be less than twelve nor more than fourteen inches apart, When required by the officer in charge the contractor shall provide for one man to ride the seeding equipment to insure the seed is being properly distributed and covered.\r\n\r\nThe rate of seeding shall be approximately six pounds per acre.\r\n\r\nThe seed for the most part will be Crested Wheatgrass seed seeded at the approximate rate of five pound per acre with the understanding that sufficient Alfalfa seed may be added to form a mixture if determined advisable by the officer in charge which will thereby increase the rate of seeding to approximately six pounds per acre.\r\n\r\nSeed at the rate per acre specified will be furnished by the Government.\r\n\r\nThe contractor shall be responsible for the delivery of the seed to the project site from the Government warehouse located in Burley, Idaho and for the protection of the seed from theft and weather while en route to, and from, and at the project site. Unused seed at the project site at the time of completion or termination of the contract shall be returned to the Government warehouse by the contractor. All empty seed sacks will be caved and returned to the Government warehouse","The contractor has seeded 1005 acres out of the 1300 acres let. Extreme cold weather, normal for the season, has set in\r\nand it is impossible to complete the job this winter. Cold weather\r\nis expected to last for a few months and prevent drilling or seed\r\nbed preparation.\r\nThe contractor has been interviewed and concurs in the termination\r\nof the contract rather than renewal of activities next\r\nseason for the little remaining acreage.\r\nIt is felt that under the circumstances it would be to\r\nthe interest of the Government to close out this project.\r\n1960: Condition or success of project rated as 'poor&$. Increased productivity several fold on areas that were successful. Some soil erosion by wind.",,Polygon,Confirmed,"Digitized by BLM field office personnel, method unknown",,1176.438175,1135.043329,,Contractor,Provide forage for livestock,"Controlling and preventing the spread of halogeton, increasing productivity of the unit, and stabilizing the range.",None,"Extreme cold weather, normal for the season, has set in\r\nand it is impossible to complete the job this winter. Cold weather\r\nis expected to last for a few months and prevent drilling or seed\r\nbed preparation.\r\nThe contractor has been interviewed and concurs in the termination\r\nof the contract rather than renewal of activities next\r\nseason for the little remaining acreage.\r\nIt is felt that under the circumstances it would be to\r\nthe interest of the Government to close out this project.",Cold,,,00:03:00
Model 10,Snake River Plain,Post-burn drill seeding,2243,818,Implemented,See Comments,2,10/8/2012,11/6/2012,Acres,9380,Seeding,Drill Seeding,Ground Seeding: Drill,-1,Confirmed seed list,NCA Mix 2 Standard Rangeland Drill with Depth Bands,Seeds,Confirmed on Paper,Unknown,Not Available,Seed list and mix taken from the monitoring report. The cost came from the ESR Plan which grouped all drill seedings together.,"Establish desirable perennial grass/forb plant community to provide critical forage for sage-grouse, big game species, and preservation and maintenance of slickspots.","Approximately 6,000 acres would be drill seeded with a standard rangeland drill using depth bands (Drill NCA 6000 Mix 2) with a mix of native of grasses, bee pollinated forbs, and Wyoming big sagebrush. Drill seeding would be\r\ncompleted in late fall of 2012. Plant species in both mixes were selected based on their ability to establish and persist in the ecological sites common within the burned area. Forb species were specifically selected to attract bees for slickspot peppergrass pollination. Wyoming big sagebrush is important for LEPA and several wildlife species.","FY2012:funding used to purchase seed and contract treatment area archeological clearances for FY13 ground seeding implementation. FY13: Full funding provided.\r\n*See table for seed mixes\r\n-980 ac completed by FORCE account w/ MinTill Truax 10/15-11/7\r\n-6,000 ac in NCA by FORCE account w/ Standard Rangeland Drills w/ depth bands 10/08/12-11/07/12\r\n-3,131 ac in FRFO by FORCE account w/ Standard Rangeland Drills w/ depth bands 11/07/12-11/21/12\r\n-283 acres North Cold Springs FORCE account No Depth Bands\r\n-65 acres Double Anchor portion done by permittee No Depth Bands.","Objectives and Results\r\n1. Greater than 50% of seeded species basal gaps are =100cm. Conduct Drill Row Basal\r\nGap Intercept monitoring to determine seedling establishment success.\r\nThe drill row basal gap intercept method presented in the plan has been discontinued. However\r\nthe basal gap can be used as an indicator of perennial vegetation basal gap size. See results from\r\nObjective 3 below.\r\n2. A 20% increase in foliar cover of desirable perennial vegetation, and a 20% decrease in\r\ninvasive exotic annual vegetation compared to control plot (burned, untreated area).\r\nConduct Line Point Intercept monitoring to determine species cover/composition. (This\r\nwill only be conducted years 2 and 3.)\r\nThis objective was not met in 2017. Foliar cover for plots drill seeded with depth bands was\r\n74.7% and 84% for plots drill seeded without depth bands, while foliar cover for control plots\r\nwas 69.2%. Average percent cover for cheatgrass was lower in all seeded plots compared to the\r\ncontrol plots. All seeded plots have a higher average percent cover for Sandberg bluegrass\r\ncompared to the control plot (Table 8-4).\r\nPlots seeded with a standard drill with depth bands had the highest desirable perennial foliar\r\ncover percentage (23.5%) compared to the control plots (13.6%). Desirable perennial foliar cover\r\nin the minimum till plot at 17.7% was lowest compared to the other seeded plot types (Table 8-\r\n4). The plots drill seeded with depth bands had the highest number of desirable perennials\r\npresent at each plot with 6 perennial species, compared to the control plots with 5 species, the\r\nminimum till plots with 3, and the plots drill seeded without depth bands with 2 species. Out of\r\nall desirable perennial species, Sandberg bluegrass was found at all 4 plot types.\r\nExotic annual cover was the highest at the plots seeded without depth bands (97.3%) and lowest\r\nat the plots seeded with depth bands (68.3%). The dominant exotic annual plants were\r\ncheatgrass, bur buttercup, and clasping pepperweed. Cheatgrass cover was the highest in the\r\ncontrol plots (51%); bur buttercup was highest in the minimum till plots (52%); clasping\r\npepperweed was highest in the drill seeded plots with depth bands (36.9%) (Table 8-4).\r\nFoliar cover of drill-seeded species in plots drill seeded with Mix 1(Snake River wheatgrass and\r\nbluebunch wheatgrass) was 4.7%, 6.2% for plots drilled with depth bands and seeded with Mix 2\r\n(Snake River wheatgrass and bottlebrush squirreltail), and 0% for sites drilled without depth\r\nbands and seeded with Mix 3.\r\n3. 30% decrease in perennial vegetation basal gaps >50cm compared to control plot.\r\nConduct Basal Gap Intercept monitoring.\r\nThe objective was not met in 2017 as basal gaps over 50cm were not 30% lower in treated (drill\r\nseeded) versus control plots. There was an average 2.2% decrease in gaps greater than 50cm in\r\ntreated areas compared to the control plots. There were also fewer basal gaps in treatment areas\r\nthan control plots.\r\nThe drill seeded areas were found to have the lowest percent of gaps of 50cm or more in 2015.\r\nFor example, in 2015, areas seeded with the standard drill with depth bands had the lowest\r\npercentage of basal gaps at 74.3%, about 17% less gaps than the control plots. In 2017 the areas\r\nseeded with the standard drill without depth bands had the lowest percentage at 88.4%, only\r\nabout 7% less gaps than the control plots.\r\nThere was an approximately 3% increase of basal gaps (>50cm) in the minimum till treatment\r\narea and about 8% increase in the plots seeded with a standard drill with depth bands from 2014\r\nto 2017. In the same dataset there was a decrease of about 2% in plots seeded with a standard\r\ndrill without depth bands. Since 2013, the total basal gap percentage for gaps greater than 50cm\r\nincreased consistently by approximately 2% per year. There was a 3% increase from 2015 to\r\n2017 probably due to the longer time interval.\r\nOverall, the percentage of basal gaps greater than 50cm appears to follow an marginally\r\nincreased in all treatments, with the exception of the 2015 season when it decreased slightly.\r\nThe trend is more obvious in the control plots as mentioned above. Even though this is true, the\r\ntreated areas still have lower basal gap percentages than the control plots.\r\n\r\nIn 2022 a qualitative site assessment of the one plot in Mix 2 north of Old Oregon Trail Road, G1MCT01, recorded Siberian wheatgrass as the dominant vegetation, Snake River wheatgrass subdominant with bottlebrush squirreltail and Sandberg bluegrass both minor components. Species richness was low at this plot with two seeded species, three native species, and three non-native annual forbs present.\r\nThe Mix 2 drill seeding south of Old Oregon Trail Road was a failure. Bur buttercup and clasping pepperweed dominated the entire treatment area with only a trace of bluebunch wheatgrass. This area is in the Mountain Home Subunit allotment Pasture 15 with April 1 to June 30, and November 1 to December 31 grazing. Vegetation surveys prior to the fire described the entire area as \u201cheavily disturbed\u201d with cheatgrass, bur buttercup, and clasping pepperweed.\r\nThe drill seeding likely failed in this area due to no seed bed preparation to decrease these invasive annuals, substantial drought the summer following the drill seeding, and very flat terrain with little to no micro-topography. The minor abundance of bunch grasses observed in 2017, bluebunch wheatgrass, Sandberg bluegrass, and Siberian wheatgrass are now absent.\r\nIf you were only to visit the treatment plots within Mix 1, no-till drill treatment your would think the drill seeding was a failure. Photos from the west side of the treatment area paint a different picture with patches of the drill seeding being successful. The majority of the area surrounding the plots is dominated by bur buttercup and clasping pepperweed with very few drill seeded species. Photos below were taken from the west side of the Mix 1 treatment area within a small dry drainage that provides micro-topography of east and southeast slopes and deep soils.",Polygon,Confirmed,"Digitized by BLM field office personnel, method unknown",,9380.003852,8861.878397,,Contractor,"Habitat for sage grouse, Threatened species, Establishment of seeded species, Habitat for wildlife","The proposed ground seeding treatments over the burned area would re-establish shrub cover and vegetation diversity important for LEPA and prey species of raptors occupying the NCA. Shrubs are also important to other sagebrush obligate wildlife, big game, and upland game birds that occur within the area. The proposed treatments are in conformance with the RMPs and consistent with existing consultations for slickspot peppergrass and BLM sage-grouse conservation policy.",None,,None,,Mix 2 Standard Rangeland Drill with Depth Bands\r\nCost was for whole ground seeding treatment not divided out to specific drill types,26:59:00
Model 10,Snake River Plain,Post-burn drill seeding,2322,840,Implemented,See Comments,2,9/1/1945,5/1/1946,Acres,1000,Seeding,Drill Seeding,Ground Seeding: Drill,-1,Confirmed seed list,,Seeds,Confirmed on Paper,Unknown,Species Specific,,"Range revegetation after brush removal, prevent wind erosion.",Drill 1500 acres Federal Range to crested wheat and bulbous blue grass.,Reseeded to crested wheat grass and rye. Burned over area.,"On May 13, 1946, I inspected the range reseeding around Owinza Butte\r\nmade in the fall of 1945 on the Russell Fire burn.\r\nDue to the fact that you can drive all over the reseeding area I was\r\nable to make a very thorough inspection and check on all sites and exposures .\r\nSmall crested wheat seedlings were abundant along the drill rows and would\r\naverage 2- 3 inches in height over the whole area. The stand appeared to be\r\nquite uniform throughout and there didn't seen to be a great deal of difference\r\nbetween various sites and exposures . The poorest part of the stand that I found\r\nwas along the north side against the old blow out and dune area. The cheatgrass\r\nwas also the most abundant here and wherever the cheatgrass seedlings were thick\r\nthere seemed to be a very poor stand of crested wheat. However, most of the area\r\nwill not have cheatgrass on it this year and the crested wheat should be well\r\nenough established by another year to withstand the competition.\r\nAfter examining the whole area I came to the conclusion that we had a good\r\nstand in view, of the adverse conditions of the seed bed last fall and the high\r\nwind velocity in the area. At times last fall it was impossible to work in the\r\narea due to dust. At the present time the area is beginning to blow badly again\r\ndue to the long dry spell. As a result some of the seedlings are beginning to\r\nbrown and will suffer from wind erosion. A good rain at this time would really\r\nhelp this stand.\r\nI found only one sign of trespass on the area since it was posted this spring.\r\nA sheep wagon had crossed the southeast corner, but there seemed to be no sign of\r\nany grazing on the posted area.\r\nMark E. Lawrence,\r\nRange Examiner\r\n\r\n4/18/1957: According to the Land Office records, Sec. 12; T. 9 S., R. 19 E. , B .M. , Idaho, is involved in the above reseeding area. This area is in a reclamation withdrawal and allowed reclamation homestead entry, Blackfoot 055779, is ready for issuance of patent. \r\nPlease advise us if the reseeding does affect the area and if it does, please file an abandonment report or make a recommendation as to the disposition required. \r\n\r\n4/19/1957: Our records indicate that the Besslen S & M area reseeding, Project number 12-0-209 lies in sections 22, 23, 26 and 27, T. 6S., R. 20 E., B.M. We do not have a record in our plat books of any projects in T. 9S., R. 19E., B.M. We certainly have no objections to the application for patent under homestead entry, Blackfoot o55779. In the event the above project covered this land, we would gladly abandon it but we feel there must be an error either in the location of the project or it might be a different project.\r\nI believe there was some reseeding done in the area of the old Hunt Relocation Camp which is now almost completely taken by veterans' homesteads but am unable to locate any record of the project.\r\n\r\n4/26/1957: In answer to your memorandum of April 24, 1957, please be advised that we wish to abandon all of the above numbered reseeding project except those lands in T. 6S., R. 20 E., B.M. Apparently that portion of the project lying in T. 9S., R's 19 & 20E., B.M. was all included within the old Hunt Relocation Center and has since been drawn under Veterans' Homestead applications. We administer very little, if any, vacant public lands any more within these two townships.",Polygon,Confirmed,"Digitized by BLM field office personnel, method unknown",,710.07,710.07,,Contractor,"Erosion, Loss of vegetation, Establishment of seeded species, Loss of desirable species, Vegetal cover","Range revegetation after brush removal, prevent wind erosion.",None,,None,,Issue slip and planning documents indicate bulbous bluegrass was seeded with AGCR. However implementation information states rye was seeded.,11:20:00
Model 10,Snake River Plain,Post-burn drill seeding,2360,856,Implemented,None,2,00/00/1982,00/00/1982,Acres,5000,Seeding,Drill Seeding,Ground Seeding: Drill,-1,Confirmed seed list,,Seeds,Confirmed on Paper,Unknown,Species Specific,"There was only a general rate listed for all species combined indicated here, specific rates for each species were not possible.  The rate was","The permittees in Star Lake Cattlemen's Association and the Union Pacific Railroad are proposing to seed a 5100 acre\r\narea that was burned in a fire started by a train on August 8, 1981. The area proposed for seeding is shown on the attached map. The seeding is proposed for October 1981, and will be done with a standard rangeland drill. No seedbed preparation is proposed. The proposed seed mix is 4 lbs. of Standard Crested Wheatgrass, 4 lbs. of Fairway Crested Wheatgrass, and 1 lb. of Nomad alfalfa per acre.",,,,Polygon,Confirmed,"Digitized by BLM field office personnel, method unknown",,5684.986291,5631.747589,,BLM and Cooperators,"Invasion by Cheatgrass, Invasion by non-native annuals, Loss of Perennials, Noxious Weeds","The proposal will replace the dominant annual grasses with perennial grasses. This will provide higher quality forage later in the year when annual grasses have cured out. It allows to get &&wolfy&&, the crested wheatgrass will not be as desirable to the sheep as cheatgrass was. Planting alfalfa will increase the amount of forbs avails to wildlife, but it will take several years for the brush to grow back and provide cover. The perennial grasses provide a more reliable watershed cover than annual grasses, and will not be as susceptible to burning.",None,,None,,,28:46:00
Model 10,Snake River Plain,Post-burn drill seeding,3029,1099,Implemented,See Comments,2,10/21/1992,11/27/1992,Acres,5197,Seeding,Drill Seeding,Ground Seeding: Drill,-1,Confirmed seed list,,Seeds,Confirmed on Paper,Unknown,Species Specific,The Fourwing Saltbush was seeded by blocking one drill row\r\nper drill. The remaining seed was pre-mixed.,1) ESTABLISH VEGETATIVE COVER FOR SOIL\r\nPROTECTION. \r\n2) ESTABLISHMENT OF PERENNIAL VEGEATION TO REDUCE FIRE HAZARDS IN THE FUTURE. \r\n3)MAINTAIN BIG GAME WINTER RANCE AND LIVESTOCK FORACE.,"The North Seed Mix will planted by rangeland drills, The treatment will be\r\nperformed so drill furrows are perpendicular to the prevailing winds, that is, generally north and south.\r\nThis will be started in fiscal year 1992. Four-wing saltbush will be seeded by rangeland drill by blocking\r\none drill row per drill to seed only four-wing, Seeding four-wing in this manner would help insure less\r\ncompetition for available nutrients and water. The seedlings would have a better chance of becoming\r\nestablished under conditions of less competition.","Black Ridge Drill #3\r\nThis contract consisted of drill seeding 5197 acres. The\r\ncontractor was responsible for furnishing labor, equipment,\r\nsupplies, and materials, except for Government-furnished property\r\nwhich consisted of six rangeland drills and two three drill carts.\r\nSeed mixture was also provided by the Government. The contractor\r\nwas Diamond Back Construction, P.O. Box 791 , Middleton, Idaho.\r\nContract was bid as a Joint Venture with partners consisting of,\r\nThomas N. Thompson, William E. Young, Charles Thompson, Carol L.\r\nWidfelt, Donald E. Young, Joseph Payne, Frank Doty, and Wendy York.\r\nContractor had also been awarded Black Ridge #1 and Black Ridge #2,\r\ndrill seeding contracts that bordered the Black Ridge #3 contract.\r\nContractor was given permission to work all drills together from\r\nall three jobs. Contractor was sometimes working a total of 21\r\ndrills behind seven tractors at a time. The project was started\r\n10/21/92 and completed 11/27/92. Most seed was applied to bare\r\nground, but, the northern part of the job was completed with five\r\ninches of snow covering ground.\r\n\r\nThe seed mixture consisted of:\r\n?Whitmar Bluebunch               1.00 lb./acre  \r\nSecar Snake River                    1.00 lb./acre \r\nCritana Thickspike                   0.75 lb./acre \r\nSiberian Crested Wheat        0.75 lb./acre \r\nAlkar Tall Wheatgrass            0.50 lb./acre \r\nBoziosky Russian Wildrye    0.50 lb./acre \r\nEski Sainfoin                              2.00 lb./acre \r\nAppar Lewis Flax                      0.25 lb./acre \r\nFourwing Saltbush*               0.50 lb./acre \r\n\r\n* The Fourwing Saltbush was seeded by blocking one drill row\r\nper drill. The remaining seed was pre-mixed.\r\n\r\nRate of Application: 7 .25 lb./acre\r\nAverage Depth of Seed: One Inch\r\nProject inspectors for the project were Scott Uhrig and Randall\r\nJayo. The Contracting Officers Representative was Bernie Jansen.","1997:\r\n\u2022\tOverall we were impressed by the recovery of the sites from recent fires.\r\n\u2022\tIt seemed like a remarkably cool summer with an unusually long growing season. We experienced some high heat and drying in August, but May and June were cold and July relatively cool in comparison to past summers.\r\n\u2022\tThere seemed to be a difference in the vigor of the Machaeranthera (hoary aster) between the control and other treatments. It was much more robust (more stems, bigger plant size, likely more flowers) in the control treatments at all the WSA and Potter sites.\r\n\u2022\tAt sites other than Ro, the native bunchgrass recorded during the cover study was Poa 90% of y\nthe time, with Stipa, Sitanian hvstrix, and basin wild re comprising most of the remainder.\r\n\u2022\tIt appears that the amount of flax seed could be reduced in future seedings that may occur in the area as it has become well established and is vigorously reproducing. Datasheets can be found in the project monitoring folder.",Polygon,Confirmed,"Digitized by BLM field office personnel, method unknown",,8305.31906,8278.926778,,Contractor,"Erosion, Fire hazard, Habitat for wildlife, Provide forage for livestock, Establishment of seeded species, Loss of desirable species, Loss of native species, Loss of native vegetation, Loss of perennials, Loss of vegetation",A loss of vegetative cover for the protection of soil.,None,,Snow on Ground,"Most seed was applied to bare\r\nground, but, the northern part of the job was completed with five\r\ninches of snow covering ground.","Planned cost for all drill seedings is $469,900",25:09:00
Model 10,Snake River Plain,Post-burn drill seeding,5417,1974,Implemented,None,1,7/26/1966,8/00/1966,Acres,3660,Seeding,Drill Seeding,Ground Seeding: Drill,-1,Confirmed seed list,,Seeds,Confirmed on Paper,Unknown,Species Specific,"There was only a general rate listed for all species combined indicated here, specific rates for each species were not possible.  The rate was","Area originally drilled in 1966, seed germinated but failed to emerge or survive due to below normal moisture conditions.",,Drilling with 16' standard grain drills with crested wheat grass.,,Polygon,Confirmed,Digitized by LTDL data entry personnel using a confirmed map,7/10/2012,4279.214878,4263.920259,,BLM,Watershed degradation,a desirable perennial grass is needed on this site to protect a severely eroding watershed and to implement management.,None,,None,,,28:54:00
Model 10,Snake River Plain,Post-burn drill seeding,5419,1975,Implemented,None,2,10/13/1965,2/25/1966,Acres,4884,Seeding,Drill Seeding,Ground Seeding: Drill,-1,Confirmed seed list,,Seeds,Confirmed on Paper,Unknown,Overall,"There was only a general rate listed for all species combined indicated here, specific rates for each species were not possible.  The rate was",,,Project consisted of broadcasting with standard grain drill with aitkenhead harrows.  Approx. 1200 acres were also seeded during February 1966 with rangeland drills and one Oregon Press Wheel Drill.,,Polygon,Confirmed,Digitized by LTDL data entry personnel using a confirmed map,7/9/2012,5468.877806,5453.574152,,,Other (See Trt Notes),"5084 acres were plowed in the fall of 1965 in which 200 acres were unsatisfactorily plowed due to improper plow adjustment resulting in a poor sagebrush kill, thus making a total of 4884 of satisfactory work.",None,,None,,,57:37:00
Model 10,Snake River Plain,Post-burn drill seeding,6824,2486,Implemented,Unknown,2,10/5/2005,2/28/2006,Acres,11422,Seeding,Drill Seeding,Ground Seeding: Drill,-1,Confirmed seed list,Drill Mix #2,Seeds,Confirmed on Paper,Unknown,Species Specific,,"Establish perennial vegetation on an estimated 63,900 acres of public land by mechanical, aerial, broadcast seedings and hand planting operations. The preferred method is drill seeding, however due to availability of rangeland drills, other mechanical methods may be used instead.\r\n\r\nObjective: To re-vegetate a huge burned and highly disturbed native and annual like rangeland areas with a seed mixture of grasses, forbs and a shrub best suited for low rainfall sites and low elevations in order to quickly stabilize the soils and maintain the area for the betterment of livestock range, wildlife habitat and watershed enrichment.",,"Implementation Monitoring:  This project consisted of drill seeding approximately 16,246 acres out of the Clover Fire, which burned approximately 192,846 acres, with five different seed mixes consisting of grass, forb, and shrub seeds. Nine rangeland drills were used. The seed was premixed by Operations Staff with the assistance of fire crew. The project was started on October 05, 2005 and shut down for winter conditions on December 01, 2005. The contract was started again on February 15, 2006 and completed on February 28, 2006. Seed was drilled in dry to moist conditions for the final 2,889 acres. This portion of the drill seeding was completed after Wyoming Sagebrush had been aerial seeded over the areas.","Monitoring Results: Inspection by the Shoshone Operation staff found this drill seeding project to have been successfully completed by the Contractor to BLM specifications, and that they complied with all stipulations of the contract as best they could and completed the job in an efficient and timely manner as weather and conditions would allow.\r\n\r\nEffectiveness Monitoring: The contractor seeding crews worked day and night (2 shifts) to get this job completed in a timely fashion and before the snows came on too bad. There were several breakdowns and\r\nflat tires to fix, but the crews kept after it. According to the Shoshone job inspection crew, the drilling work was accomplished in all planned areas, with the proper seed mixtures as designed by the plan, and at the\r\nproper seed planting depths in the soil for the type of seed being planted.",Polygon,Confirmed,"Digitized by BLM field office personnel, method unknown",,10882.47749,10832.49604,,Contractor,"Erosion, Habitat for wildlife, Noxious Weeds","Rationale:  Establishment of a desirable perennial plant community that more closely matches the structural, species composition and diversity of the indigenous native plant community would help achieve a healthy, functioning rangeland, significantly reduce the potential for spread of invasive annual grasses and noxious weeds, and substantially diminish and control soil erosion affects across the watershed.\r\n\r\nAccelerating the rate of reestablishment of native grasses, forbs and sagebrush is important to maintaining the value of the area as mule deer winter range, sage grouse breeding and wintering habitat.  Native seed mixtures are also an important component of suitable habitat for a number of Sensitive sagebrush obligate species.\r\n\r\nSeed Mix #2:\r\nThe purpose of this seed mix is the same as above except that the seed mix is more conducive and better suited for the environmental and soil characteristics (range sites) encountered in this part of the burn.\r\n\r\nThe purpose of this seed mix is to restore and recover as quickly as possible some of the more sandier soil areas in the northern portion of the burn with a very adaptive, drought hardy and good diversity native and non-native plants that will replenish and refurbish deteriorating rangeland areas where many older rangeland seedings have occurred and some native vegetation sites have lost their sustainability, been depleted in composition and productive due to droughts, insects, grazing and other fires in the past, and lost much of their essential soil stability capabilities as perennial plants have weaken over time and, in some instances, have been gradually replaced with annual weed forms such as cheatgrass, bur buttercup and mustards.  If weather conditions are favorable for the next few years, the seeding of this mixture will provide a persistent and sustaining ground cover for the protection and benefit of the soils and the watershed, and improve habitat and food source conditions for wildlife and livestock.\r\n\r\nSandberg bluegrass and sand dropseed are both native, perennial grasses that are known to occur in these sandy sites and do well in this particular precipitation zone.  Both should do well here.  The non-native Siberian wheatgrass is particularly favored in this area because of it ability to compete with the higher levels of cheatgrass found here.  Also it has a very successful germination and survival rate compared to other species here, especially some natives, it is very drought tolerant, and it is has good soil binding and stability qualities.  Although alfalfa is the only proposed forb, it purpose it aid as a nitrogen fixer in the soil for the benefit of other plants of the area, plus it provides a good ground cover and forage for wildlife and livestock.\r\n\r\nThe reason other native forbs (i.e., Lomatium spp, Antennaria spp, Erigeron spp, Lithophragma spp, Crepis spp, Phlox spp, Allium spp.) is not available commercially&* and other forbs such as globemallows (Sphaeralcea spp.) and breadtongue Penstemon are available in limited quantities, and at very high costs.  A few other native forbs (i.e., Balsamorhiza spp., Agoseris spp.) have had little or no success when drill or aerial seeded with other species.",,,"Dry, Snow on Ground","Seed was applied to dry ground until mid November storms, then to moist and then snow covered ground.",,00:08:00
Model 10,Snake River Plain,Post-burn drill seeding,6827,2486,Implemented,Unknown,2,10/5/2005,12/1/2005,Acres,158,Seeding,Drill Seeding,Ground Seeding: Drill,-1,Confirmed seed list,Research Mix #2,Seeds,Confirmed on Paper,Unknown,Species Specific,,"Establish perennial vegetation on an estimated 63,900 acres of public land by mechanical, aerial, broadcast seedings and hand planting operations. The preferred method is drill seeding, however due to availability of rangeland drills, other mechanical methods may be used instead.\r\n\r\nObjective: To re-vegetate a huge burned and highly disturbed native and annual like rangeland areas with a seed mixture of grasses, forbs and a shrub best suited for low rainfall sites and low elevations in order to quickly stabilize the soils and maintain the area for the betterment of livestock range, wildlife habitat and watershed enrichment.",,"Implementation Monitoring:  This project consisted of drill seeding approximately 16,246 acres out of the Clover Fire, which burned approximately 192,846 acres, with five different seed mixes consisting of grass, forb, and shrub seeds. Nine rangeland drills were used. The seed was premixed by Operations Staff with the assistance of fire crew. The project was started on October 05, 2005 and shut down for winter conditions on December 01, 2005.","Monitoring Results: Inspection by the Shoshone Operation staff found this drill seeding project to have been successfully completed by the Contractor to BLM specifications, and that they complied with all stipulations of the contract as best they could and completed the job in an efficient and timely manner as weather and conditions would allow.\r\n\r\nEffectiveness Monitoring: The contractor seeding crews worked day and night (2 shifts) to get this job completed in a timely fashion and before the snows came on too bad. There were several breakdowns and\r\nflat tires to fix, but the crews kept after it. According to the Shoshone job inspection crew, the drilling work was accomplished in all planned areas, with the proper seed mixtures as designed by the plan, and at the\r\nproper seed planting depths in the soil for the type of seed being planted.",Polygon,Confirmed,"Digitized by BLM field office personnel, method unknown",,158.2218081,158.2219144,,Contractor,"Erosion, Habitat for wildlife, Noxious Weeds","Rationale:  Establishment of a desirable perennial plant community that more closely matches the structural, species composition and diversity of the indigenous native plant community would help achieve a healthy, functioning rangeland, significantly reduce the potential for spread of invasive annual grasses and noxious weeds, and substantially diminish and control soil erosion affects across the watershed.\r\n\r\nAccelerating the rate of reestablishment of native grasses, forbs and sagebrush is important to maintaining the value of the area as mule deer winter range, sage grouse breeding and wintering habitat.  Native seed mixtures are also an important component of suitable habitat for a number of Sensitive sagebrush obligate species.\r\n\r\nSeed Mixes #9 and #10:\r\nThese mixes would be the subject of high-level monitoring to evaluate two important native grass species, Indian ricegrass and Needle-and-thread, in their ability to germinate, survive, endure, spread, mix with other native plants of the area, provide the intended soil stabilization necessary and become highly productive over a long period of time in these sandy soil areas within the exclosures.  If successful, future seedings with these particular species in sandy soil environments would be proposed depending on the response of these test sites.  Additional watershed and wildlife benefits are also anticipated.  These exclosure sites are part of the high-level monitoring described in the monitoring plan in Part 6.  The purpose of this action is to produce data evaluating the effectiveness of these treatments in order to save time and money in the future.",,,"Dry, Snow on Ground","Seed was applied to dry ground until mid November storms, then to moist and then snow covered ground.",,03:49:00
Model 10,Snake River Plain,Post-burn drill seeding,7916,16773,Implemented,See Comments,2,8/2/2012,10/1/2012,Acres,2500,Seeding,Drill Seeding,Ground Seeding: Drill,-1,Confirmed seed list,,Seeds,Confirmed on Paper,Unknown,Species Specific,"The seed mix did not indicate whether bulk or PLS rates were used, therefore, unknown has been listed and all seed mix information has been entered into the Bulk category. \r\nOverall mix was drilled at 8-10lbs per ace.","To establish a desirable perennial plant community that would help achieve a healthy, functioning rangeland and significantly reduce the potential for spread of invasive annual grasses and noxious weeds.","Approximately 3,525 acres of the burned area would be drill seeded with a mix of up to four\r\nnative perennial grass species and two to three native perennial forb species, depending upon\r\nfunding and seed availability, at a rate of 10.375 lbs per acre. The treatment would be\r\ncompleted in fall 2012 (FY2013) using leased tractors and BLM drills. In addition to the\r\n3,525 acres of native grass and forb seeding, 440 acres would be drill seeded with a mix\r\nof Wyoming and basin big sagebrush at a rate of 1.0 pound per acre using a Truax\xae drill\r\nowned by the BLM and a leased tractor. The drill would be set up to plant seed at a very\r\nshallow depth and then pressed into the soil with rollers attached to the drill. This method\r\nhas been very successful in the past and would put the seeds at the proper depth in the soil\r\nand maximize the seed-to-soil contact. This method would apply about 279,000 pure live\r\nseeds per acre on the treated area. The treatment area would be drilled in long narrow strips\r\nspaced approximately 200 feet apart throughout the designated seeding boundary following\r\nCox's Well - G1Q8 - 08/02/2012 - Page 10 of 30\r\nthe initial grass and fob seeding, and would be less than ten percent of the BLM burned area.\r\nPrior to any of the drill seeding treatments, areas identified would be inventoried for cultural\r\nresources and flagged (or re-flagged in areas that have been previously inventoried) to\r\nprevent undue damage to cultural resources during the seeding treatments. Figure 2 displays\r\nthe areas to be seeded.","Drill seeding was completed by both field office and district crews. 2,500 acres were seeded with native perennial grasses, forbs and shrubs using standard rangeland drills and rented tractors. Sagebrush was also seeded, however due to the limited quantity of seed received; the Truax\xae seeding method was rejected in favor of a UTV, whirlybird and harrow. FY13 funds were used to cover the implementation of the seeding treatment including tractor rental, drill FOR, labor, camp rate, parts, fuel and seed mixing. Based upon the reduced funds received during FY13, only about $43k was allocated to this action.","A native seed mix consisting of bluebunch wheatgrass (Pseudoroegneria spicata), Snake River wheatgrass (Elymus wawawaiensis), basin wildrye (Leymus cinereus), Indian ricegrass (Achnatherum hymenoides), Thurber's needlegrass (Achnatherum thurberianum), big bluegrass (Poa ampla), Arrowleaf balsamroot (Balsamorhiza sagittata), blue flax (Linum perenne), and antelope bitterbrush (Purshia tridentata) was drilled at a rate of 8-10 lbs. per acre.  Total area treated within the burn was calculated to be approximately 2,500 acres.  Initially, the plan was to seed approximately 3,500 acres, however due to increased seed costs during the 2012 seed buy this acreage figure needed to be decreased.\r\n\r\nA total of 15 sites were chosen to be monitored within the Cox\u2019s Well Fire.  Sites were randomly generated in ArcMap based upon geographic features, range sites, and land treatment(s), and were validated in the field to ensure that the monitoring points represent the overall site conditions found within the project area.  Six (6) sites were selected within the seeded area of the burn, four (4) sites were in the burn but outside any of the treatment polygons, and five (5) sites were selected as control plots located outside the fire perimeter.  Sites were used to determine the vegetative density and cover in both seeded and unseeded areas and to determine the success or failure of the seeding and natural rehabilitation over the next three years.\r\n\r\nMonitoring results for 2014 indicate that drill seeded areas averaged approximately 99,418 stems per acre (25 stems per meter\xb2) of seeded and existing perennial grasses.  This is a decrease of 61% compared to last year\u2019s values of approximately 254,952 stems per acre.  Compared to those areas that were not treated, seeded areas only yielded 18% more perennial grass stems per m\xb2.  While this difference is substantially different than what was initially observed in 2013, the slight increase in perennial grass densities should correlate to increased cover in the coming years as those seedlings mature, should they survive.\r\n\r\nAs was the case in 2013, 2014 monitoring also revealed higher concentrations of cheatgrass stems per m\xb2 in unseeded areas than seeded areas.  Approximately 88% fewer cheatgrass stems per m\xb2 were encountered in the seeded areas compared to the unseeded areas.  Table 1 depicts the 2014 monitoring results of the vegetation cover found within the treated, untreated and unburned portions of the Cox\u2019s Well Fire, while Figure 1 depicts the distribution of total vegetative cover in relation to total perennial cover during 2014 as well as how it compared to the 2013 values.  Table 2 depicts the 2014 density measurements for the native seeding in relation to the untreated areas within the burn, while Figure 2 shows the success of the seeding and the visual change in vegetative cover between monitoring years 2013 and 2014.",Polygon,Confirmed,"Digitized by BLM field office personnel, method unknown",,2714.695884,2714.641831,,BLM,"Loss of vegetation, Loss of sagebrush, Loss of native vegetation, Loss of native species, Rangeland health, Establishment of seeded species, Vegetal cover","The proposed action is to implement the Cox\u2019s Well Fire Emergency Stabilization and Rehabilitation (ESR) Plan as supported by the Normal Fire Emergency Stabilization and Rehabilitation Plan Environmental Assessment, #ID-320-2005-003, January 2005. The intent of the plan is to protect the area impacted by the Cox\u2019s Well Fire by excluding livestock grazing for no less than two growing seasons, provide for the proper recovery of areas drill seeded, allow drill seeded species the opportunity to grow and mature, and maximize the recovery and production of the surviving native vegetation within the burn area. This will provide for ample vegetation and ground litter cover necessary to restore ecosystem function of the rehabilitated area. The burned area would also be surveyed for any potential invasive or noxious weed invasion and sprayed to control their spread.",None,,None,,,31:11:00
Model 10,Snake River Plain,Post-burn drill seeding,10794,3852,Implemented,See Comments,2,9/19/2012,10/9/2012,Acres,1800,Seeding,Drill Seeding,Ground Seeding: Drill,-1,Confirmed seed list,East Rock Drill Seeding,Seeds,Confirmed on Paper,Unknown,Not Available,,"Establish perennial grass to provide plant community structure, compete with invasive species, and help stabilize soils.",Approximately 1800 acres would be drill seeded with Vavilov Siberian wheatgrass using a rangeland drill in a three drill-cart configuration,"FY12 funding used to purchase seed and contract treatment area archeological clearances for FY13 ground seeding implementation.\r\nContract cost for East Rock was $XX,XXX.XX (line item 10). Contract was IDIQ for East Rock, Benwalk, and Stout. Field work occurred from 09/19/2012 to 11/01/2012. FY13: Original funding request was $90,000, reduced funding amount provided, $43,300. Majority of the funding was a request for seed purchase funds. The seed request funds were provided from other means.\r\nStandard rangeland drills used. Leave area\u201d in south portion was not drilled; to be used as comparison tool.","Objectives and Results\r\n1. >50% of seeded species basal gaps are =100cm. Conduct drill row basal gap intercept\r\nmonitoring to determine seedling establishment success (Only conducted in Year 1).\r\nThis method was only conducted in 2012 (the year following the seeding). Due to timing and\r\nfunding constraints drill row monitoring was not conducted in 2013. These metrics were also not\r\nmeasured in 2014 due to 1) difficulty finding previous drill row plots and 2) questionable\r\nselection of drill plot locations by monitoring crews in 2012. Therefore, no data specific to drill\r\nrows are available, so overall treatment success is evaluated using objectives 2-4 and other site\r\nassessment information.\r\n2. 20% increase in foliar cover of desirable perennial vegetation, and 20% decrease in\r\ninvasive exotic annual vegetation compared to control plot (burned and not drill seeded).\r\nConduct line point intercept monitoring to determine species cover/composition. (This\r\nwill only be conducted in years 2 and 3.)\r\n\r\nIn 2017, drill seeded plots had 21.3% greater foliar cover of desirable perennial vegetation than\r\nthe untreated plot outside of the exclosure. The average percent foliar cover of exotic annual\r\nvegetation was 15.4% higher in that untreated plot compared to the drill seeded plots. Within the\r\nexclosure, the drill seeded plot had a 21.9% higher average percent foliar cover for desirable\r\nperennial vegetation than the non-drill seeded plot. The non-drill seeded plot also had 38%\r\nhigher average foliar cover of exotic annual vegetation (Figure 8-1, 8-2 and Table 8-2).\r\nSince 2015, there was a 40% increase in percent foliar cover of exotic annual vegetation in the\r\nnon-drill seeded plot within the exclosure. There was a 6.7% increase in foliar cover of exotic\r\nvegetation in the drill seeded plots. This objective has been met.\r\nSiberian wheatgrass (Agropyron fragile) comprises the majority of the foliar cover at the drill seeded\r\nplots (41%) and the control drill seeded plot (51%). Sandberg bluegrass (Poa secunda)\r\ncomprises the majority of the foliar cover at the control plot that was not drill seeded within the\r\nexclosure (50.7%) and the plot in the untreated area outside the exclosure (48%) (Figure 8-1, 8-2\r\nand Table 8-2).\r\n\r\n3. 30% decrease in perennial vegetation basal gaps >50cm compared to control plot.\r\nConduct basal gap intercept monitoring.\r\nIn 2017, basal gaps greater than 50 cm were higher in the non-drill seeded plots compared to the\r\ndrill seeded plots; this difference was only 6% therefore, this objective was not met in 2017\r\n4. Qualitative increase in perennial grass and forb diversity compared to control area.\r\nConduct line point intercept monitoring and site assessments.\r\nSite assessments and photos from 2017 indicate there was an increase in perennial forb diversity\r\nin the drill seeded plots compared to the control plot.\r\nBoth the drill seeded and non-drill seeded plots within the exclosure (G4ZNC01 and G4ZNC02),\r\nthe untreated plot outside the exclosure (G4ZNNT01), and all of the drill seeded plots except\r\nG4ZNT02, had three perennial grass species. Plot G4ZNT02 had two perennial grass species.\r\nSiberian wheatgrass (Agropyron fragile) was dominant (40-100% composition) within all of the\r\ndrill seeded plots except for G4ZNT04 where it was subdominant (10-40% composition).\r\nSandberg bluegrass (Poa secunda) was dominant at the untreated plot outside the exclosure\r\n(G4ZNNT01) and subdominant at the drill seeded plots and at the non-drill seeded plot within\r\nthe exclosure. Bottlebrush squirreltail (Elymus elymoides) was subdominant at G4ZNNT01 and\r\ndrill seeded plot G4ZNT03, minor (2-10% composition) at the non-drill seeded plot within the\r\nexclosure, and trace (<2%) at the drill seeded plot within the exclosure and drill seeded plots\r\nG4ZNT01 and G4ZNT04. The drill seeded plots had more perennial forb diversity compared to\r\nthe drill seeded and non-drill seeded plots within the exclosure. Trace amounts of fleabane\r\n(Erigeron) were noted at the drill seeded plot within the exclosure. Trace amounts of longleaf\r\nphlox (Phlox longifolia) were found at drill seeded plots G4ZNT01 and G4ZNT03. Trace\r\namounts of larkspur (Delphinium sp.) were found at control plot G4ZNC01.\r\nComparing the non-drill seeded and drill seeded plots within the exclosure to the untreated plot\r\noutside the exclosure, G4ZNC01 and G4ZNC02 both had subdominant amounts of Sandberg\r\nbluegrass compared to G4ZNNT01 which had dominant. The percent cover of Siberian\r\nwheatgrass was highest at the drill seeded plot within the exclosure (G4ZNC02).",Polygon,Confirmed,"Digitized by BLM field office personnel, method unknown",,1800.327936,1780.566904,,BLM and Cooperators,"Endangered species, Erosion, Habitat for wildlife, Invasive species, Noxious weeds, Rangeland health, Sagebrush",The fire burned moderate to severe in the majority of the area resulting in mortality in existing perennial grasses. The perennial grasses that existed prior to the fire were sparsely scattered and would not be able to compete with the onslaught of cheatgrass that is\r\nexpected following the fire.,None,,None,,,55:58:00
Model 10,Snake River Plain,Post-burn drill seeding,12346,4419,Implemented,Partially Successful,2,11/3/2006,11/22/2006,Acres,3945,Seeding,Drill Seeding,Ground Seeding: Drill,-1,Confirmed seed list,4WD/Crestview Drill Seed Mix,Seeds,Confirmed on Paper,Unknown,Species Specific,Seeds in this mix were taken from multiple lots. The PLS values are the average of the lots.,"Establish perennial vegetation within 3 years, including sagebrush on wildland fire areas utilizing preferred seeding techniques. Perennial vegetation consisted of drill seeded grasses and forbs.","Approximately 4,285 acres of the 4WD/Crestview wildfire\r\nwould be drill seeded with a mixture of grasses and forbs.","This project consisted of drill seeding approximately 3,945 acres of the 4WD Fire. Within the\r\n4WD Fire, approximately 320 acres of a wildlife tract, were drill seeded with a different seed mix. Seed\r\nwas applied to dry to moist ground. Fire Crew\r\nfrom the Shoshone Field Office was utilized on this project. Nine rangeland drills were used. The\r\nseed was premixed by Operations Staff with the assistance of fire crew. The project was started\r\non November 03, 2006 and completed on November 22, 2006.","Qualitative observations the first growing season showed fair to good\r\ngermination of the seeded grasses and forbs throughout the treatment area. Two monitoring plots\r\nwere established and quantitative data will be collected in FY 08. Photos were taken at each plot.\r\n\r\nFY07 Monitoring Results:\r\nTwo monitoring plots were established in the drill seeding area. Photos were taken at each plot\r\nlocation. Qualitative information was collected at each plot. Density plots and step point\r\ntransects will be read in FY 08 at each plot location. Qualitative observations showed fair to\r\ngood germination of the drill seeded species. Spring moisture was below normal levels.\r\nExtended drought conditions over the summer may have an effect on survival of germinated\r\nspecies. Based upon the qualitative observation the seeding at this point is considered partially\r\nsuccessful. Quantitative information will be collected in FY 08.\r\nFY08 Monitoring Results:\r\nQuantitative monitoring data was collected in FY08. Density and canopy cover data was\r\ncollected. The following table summarizes the density of seeded grass, forbs and other\r\nvegetation.\r\nDensity \r\n\r\nSiberian Wheatgrass-1.80 \r\nBluebunch- 0.16 \r\nSainfoin- 0.10 \r\nCheatgrass- 29.4 \r\nSandbergs bluegrass (native) -2.36  \r\nThickspike Wheatgrass (native)-3.03 \r\n\r\nOverall, the density of seeded grass and forb plants was below established quantitative\r\nobjectives. It must be noted that the plot was read in August and many of the forb species could\r\nnot be easily identified. Overall diversity off orbs was fair on the plot even though most could\r\nnot be identified. Cheat grass is common in the plot but based on the recovery of the native\r\ngrasses and forbs on-site it is expected to over time to be less common. The established seeded\r\nspecies and recovered native vegetation are healthy and vigorous and should persist and compete\r\nwell against cheatgrass over the long term.\r\n\r\nFY09 Monitoring Results:\r\nQuantitative monitoring data was collected in FY09. Density and canopy cover data was collected. The following table summarizes the density of seeded grass, forbs and other vegetation.\r\n\r\nOverall, the density of seeded grass and forb plants were still below established quantitative objectives. There was a slight increase in Siberian wheatgrass and big bluegrass. There was also an almost 100% increase in cheatgrass density. These increases can probably be attributed to the cool and wet June. Cheatgrass is common in the plot but based on the recovery of the native grasses and forbs on-site it is expected to over time to be less common. The established seeded species and recovered native vegetation are healthy and vigorous and should persist and compete well against cheatgrass over the long term.",Polygon,Confirmed,"Digitized by BLM field office personnel, method unknown",,4127.007717,4063.465288,,BLM,"Loss of Perennials, Rangeland health, Establishment of seeded species, Loss of desirable species, Loss of vegetation, Vegetal cover","The objective of\r\nthis treatment is to reestablish a desirable herbaceous perennial plant community that more\r\nclosely matches the structural and species composition and diversity of the native plant\r\ncommunity to help achieve a healthy, functioning rangeland.","Application method could not reach all areas, Other (See Trt Notes)","Approximately 4,205 acres of the proposed 4,605 acres was drill seeded in the fall of 2006. Fewer acres were drilled due to the rockiness of the terrain. The project was started on 11/03/06 and was completed on 11/22/06.","Dry, Other (See Trt Notes)",Seed was applied to dry to moist ground.,,50:25:00
Model 10,Snake River Plain,Post-burn drill seeding,14645,5285,Implemented,See Comments,2,9/4/2001,11/2/2001,Acres,15000,Seeding,Drill Seeding,Ground Seeding: Drill,-1,Confirmed seed list,Drill Seed Mix,Seeds,Confirmed on Paper,Unknown,Species Specific,"On the northern part of the project, approximately 6,000 acres, Alfalfa was in the mix. The remaining 9,000 acres was not seeded with alfalfa.","Drill seed a grass and forb seeding mixture on an estimated 17,000 acres of public land containing a\r\nmoderate to deep soil mantle. The drill areas would be seeded during the fall of 2001.",The grass and forb mixture would be seeded using rangeland drills pulled behind a tractor. This method\r\nassures that seeds are incorporated into the soil and provides them the best chance of establishment. The\r\ndrilling would be done in the fall of 200 1.,"High Point Drill Seeding\r\nThis project consisted of drill seeding approximately 15,000 acres of a grass and forb seed mix. The\r\nseed was applied to dry ground, see the attached map for the project location. The contractor for the\r\nproject was Richard Barney of Shoshone, Idaho. Twelve rangeland drills were used. The seed was\r\npremixed by Gooding Seed Company of Gooding, Idaho. The project was started on September 4,\r\nand completed on November 2, 2001 .\r\nProject Inspector was Ron Conklin.\r\n\r\nContract Cost: $61 ,932.00  \r\nSeed Cost: $330,555 .00",The drill seeding had excellent establishment despite a prolonged\r\ndrought.,Polygon,Confirmed,"Digitized by BLM field office personnel, method unknown",,14881.06305,14776.50786,,Contractor,"Habitat for wildlife, Establishment of seeded species, Habitat quality, Loss of desirable species, Loss of native species, Loss of native vegetation, Loss of perennials, Loss of vegetation, Vegetal cover","Reestablishing a more natural grass, forb, and shrub component would help achieve a healthy,\r\nfunctioning rangeland. A healthy, functioning rangeland would keep undesirable vegetation at a minimum\r\nand provide habitat for wildlife species.",None,,Dry,The\r\nseed was applied to dry ground.,"On the northern part of the project, approximately 6,000 acres, Alfalfa was in the mix.",30:38:00
Model 10,Snake River Plain,Post-burn drill seeding,15622,5646,Implemented,Unknown,1,8/24/1973,9/11/1973,Acres,726,Seeding,Drill Seeding,Ground Seeding: Drill,-1,Planned seed list,,Seeds,Plan,Unknown,Species Specific,,"Seeding the burn would provide a perennial cover\r\nwhich would enhance watershed protection, wildlife habitat, and\r\nlivestock forage production . The seeding would act as a fire resistant\r\nbarrier between the North Bliss farm lands and best blocked\r\nnational resource lands of the Bennett Hills Area.","Seed rock free and perennial plant absent areas of the burn totaling 700 acres to the following seed mixture. To insure success of the treatment, all seeding should be done with a specially equipped deep-furrow range land drill or standard range land drills with depth bands removed from disks.",726 acres were seeded.,Unknown,Polygon,Confirmed,"Digitized by BLM field office personnel, method unknown",,903.54,903.54,,Contractor,"Erosion, Fire hazard, Habitat for wildlife, Provide forage for livestock, Establishment of seeded species, Habitat quality, Loss of desirable species, Loss of native species, Loss of native vegetation, Loss of vegetation, Vegetal cover","The establishment of perennial grass, forbs, and browse would\r\nprovide multiple benefits to all resource use and enjoyment activities\r\nconducted on the national resource lands.\r\nA mixture of grass, browse, and forbs will enhance wildlife\r\nhabitat and improve quantity and quality of livestock forage.\r\nThe medium-textured soils that are susceptible to wind erosion\r\nwill be protected from the high winds which frequent the area .\r\nOf primary importance will be the impact the seeding will have on\r\nreduction of future acreage burned and reduced suppression cost.\r\nThis area has It high fire occurrence record. The vegetation exhibits\r\nsigns of repeated burning . Existing stands of sagebrush are\r\nyoung and scattered.\r\nSeeding this area will add to the urgently needed fire resistant\r\ngreen belt near the Union Pacific Railroad and adjacent to the\r\nfarm areas to the west . Both areas are major fire ignition sources\r\nwithin the District.",None,,None,,,28:42:00
Model 10,Snake River Plain,Post-burn drill seeding,15930,5774,Implemented,Unknown,2,10/10/1995,11/1/1995,Acres,1000,Seeding,Drill Seeding,Ground Seeding: Drill,-1,Confirmed seed list,Drill seeding mix,Seeds,Confirmed on Paper,Unknown,Species Specific,,Drilling this seed mixture will help assure that a satisfactory stand\r\nof desirable perennial grasses and forbs is established in the treatment areas.\r\nEstablishment of desirable perennial vegetation will help reduce erosional losses\r\nand provide competition with noxious weeds and undesirable alien annual plants.,Drill an estimated 990 acres of public land containing a moderate to deep\r\nsoil mantle with a grass seeding mixture. The drilled areas will be seeded\r\nduring the Fall of 1995.\r\nRangeland drills will be pulled behind a\r\ntractor.,"Indian Allotment Drill Seeding\r\nThis project consisted of drill seeding approximately 1,000 acres\r\nof a grass and forb seed mix. Ron Conklin, Steve Loucks, Russ\r\nSwainston, and Norm Harmon of the Shoshone Operations staff\r\ncompleted the drilling. Four rangeland drills were used as 2 two\r\ndrill set-ups. The seed was premixed by Gooding Seed Company of\r\nGooding, Idaho. This project was started on 10/10/95 and completed\r\non 11/01/95.\r\n\r\nProject inspector was Scott Uhrig.",Unknown,Polygon,Confirmed,Digitized by LTDL data entry personnel using a confirmed map,11/19/2020,1341.44,1318.87,,BLM,"Erosion, Habitat for wildlife, Noxious Weeds, Establishment of seeded species, Habitat quality, Loss of desirable species, Loss of native species, Loss of native vegetation, Loss of perennials, Loss of vegetation, Vegetal cover",Drilling this seed mixture will help assure that a satisfactory stand\r\nof desirable perennial grasses and forbs is established in the treatment areas.\r\nEstablishment of desirable perennial vegetation will help reduce erosional losses\r\nand provide competition with noxious weeds and undesirable alien annual plants.,None,,None,,,22:39:00
Model 10,Snake River Plain,Post-burn drill seeding,15944,5777,Implemented,See Comments,2,1/12/1983,2/7/1983,Acres,1300,Seeding,Drill Seeding,Ground Seeding: Drill,-1,Confirmed seed list,Indian Cove Mix,Seeds,Confirmed on Paper,Unknown,Species Specific,,"Approximately 1,235 acres of potential blow areas and 65 acres of existing dunes will be drill seeded with short-lived annual and long-lived perennial grasses.","Seeding will occur during the late fall or winter to enhance chances of success. Adequate soil moisture to provide a firm seedbed and allow heavy equipment to transverse the site is critical. About 1,100 acres will be left to revegetate naturally.","Project consisted of approximately 1,300 acres of burned BLM land\r\napproximately 12 miles southwest of Hammett. The seeding was done by the BLM force\r\naccount. Seed consisted of crested wheatgrass at 5 lbs/acre and cereal\r\nrye at 8 lbs/acre.\r\nThe project went fairly smoothly. The area was extremely sandy so\r\nwet weather did not hamper progress too much. Success appears to be\r\nmoderate to good. Some areas blew out too much for the seeding to take\r\nthis year. This type of seeding could easily come on and improve during\r\nthe next couple of years. Sand drift fencing would help a lot. The\r\nproject lasted from 1/12/83 to 2/7/83.",6/22/83:  Success appears to be moderate to good. Some areas blew out too much for the seeding to take this year. This type of seeding could easily come on and improve during the next couple of years.,Polygon,Confirmed,"Digitized by BLM field office personnel, method unknown",,1559.54,1559.54,,BLM,"Erosion, Loss of vegetation","1. Soil movement will be substantially reduced within 1 year which will aid in establishing the seeded plant mixture.\r\n\r\n2. Vegetative cover will increase to approximately 15-20% in the first year and to about 50% within 5 years.\r\n\r\n3. Soil productivity will be maintained if the stabilization and seeding are successful within 5 years.\r\n\r\n4. Livestock forage will increase from 90 to 200 AUMs. This forage will not be available for livestock use until adequate cover is present.\r\n\r\n[With No Action]  The sand dune areas will continue to maintain or increase in size judging from previous records (aerial photos) of the area. The area has not been grazed for 2 years to help seeding establishment&* however, soil movement currently is preventing reinvasion of surrounding annual species. Russian thistle and cheatgrass invasion is highly likely on the remaining burned area which will perpetuate the cycle of fire frequency and annual invasion.",None,,Wet,The area was extremely sandy so\r\nwet weather did not hamper progress too much.,,44:10:00
Model 10,Snake River Plain,Post-burn drill seeding,16580,5987,Implemented,None,2,00/00/2000,00/00/2001,Acres,9946.29,Seeding,Drill Seeding,Ground Seeding: Drill,-1,Planned seed list,,Seeds,Plan,Unknown,Species Specific,This is a mix of two seed lists. Where each mix was planted is unknown.,"The purpose and need for rehabilitation includes the following: to minimize soil loss,  preserve on-site productivity, reduce the re-invasion of undesirable flammable annual plants reduce size and extent of highly flammable fuel types, reduce the threat of destruction of private property due to wildfire, reduce the potential for widespread noxious weed invasion\r\nThis need can be met by establishing desirable perennial plant cover","Two basic seed mixes would be used in the rangeland drills, a greenstrip or nonnative mix\r\nand a native plant mix. Approximately 12,000 acres would be seeded to the native mix and\r\n10,000 acres to the nonnative mix. The mixes may be altered slightly depending upon seed\r\navailability and/or soil types. For instance compatible forbs or shrubs such as globemallow\r\n(Sphaercea spp.), lupine (Lupinus spp.) or four wing saltbrush (Atriplex canescens) if available\r\nmay be substituted in suitable soil and habitat types. Forage kochia (Kochia prostrata) would\r\nbe substituted for four wing saltbrush only on the proposed greens trip running from near Alkali\r\nSpring to South Jacobson Gulch. In extremely sandy soils other species such as Indian\r\nRicegrass (Oryzopsis hyrnenoides), if available, may be substituted for other native grass\r\nspecies. In soils with higher clay content species such as western wheatgrass (Pascopyrum\r\nsmithii) may be included. The seed when mixed will be treated with a organic seed coating to\r\nenhance germination and seedling survival.",,,Polygon,Confirmed,"Digitized by BLM field office personnel, method unknown",,9727.52664,9139.623485,,BLM,"Watershed degradation, Erosion, Rangeland health","The purpose and need for rehabilitation includes the following: to minimize soil loss,  preserve on-site productivity, reduce the re-invasion of undesirable flammable annual plants reduce size and extent of highly flammable fuel types, reduce the threat of destruction of private property due to wildfire, reduce the potential for widespread noxious weed invasion\r\nThis need can be met by establishing desirable perennial plant cover",None,,None,,,54:27:00
Model 10,Snake River Plain,Post-burn drill seeding,17180,6218,Implemented,Unknown,1,00/00/1976,00/00/1976,Acres,352,Seeding,Drill Seeding,Ground Seeding: Drill,-1,Planned seed list,,Seeds,Plan,Unknown,Species Specific,,"The objective of this rehabilitation plan is to restore onto the\r\nland a protective mantle of perennial vegetation which is somewhat\r\nfire resistant to prevent future wind erosion and to reduce\r\nthe prospect of another wildfire in the same area.\r\nThe broad objective of the Fire Rehabilitation Program as outlined\r\nin Manual 7240 is the timely mitigation, in the most economic\r\nand expeditious manner possible, of the adverse effects of fire\r\non the vegetation-soil complex, renewable resources of the watershed\r\nenvironment, and other damages. The rehabilitation jobs are\r\nproposed as minimum requirements necessary to meet the protection\r\nobjectives.","All seeding alternatives include 4 lbs Siberian wheatgrass,\r\n4 lbs Sodar western wheatgrass, and 1 lb alfalfa per acre.\r\nSeeding would occur on 330 acres of National Resource Land\r\n(388 acres less 15% rock outcrop).\r\nSeed 330 acres of National Resource Lands burned using standard\r\nrangeland drills.",352 acres were seeded.,Unknown,Polygon,Confirmed,"Digitized by BLM field office personnel, method unknown",,340.49,339.41,,Contractor,"Erosion, Fire hazard, Establishment of seeded species, Habitat quality, Loss of desirable species, Loss of native species, Loss of native vegetation, Loss of vegetation, Vegetal cover","The objective of this rehabilitation plan is to restore onto the\r\nland a protective mantle of perennial vegetation which is somewhat\r\nfire resistant to prevent future wind erosion and to reduce\r\nthe prospect of another wildfire in the same area.\r\nThe broad objective of the Fire Rehabilitation Program as outlined\r\nin Manual 7240 is the timely mitigation, in the most economic\r\nand expeditious manner possible, of the adverse effects of fire\r\non the vegetation-soil complex, renewable resources of the watershed\r\nenvironment, and other damages. The rehabilitation jobs are\r\nproposed as minimum requirements necessary to meet the protection\r\nobjectives.",None,,None,,"JDR shows total cost as 3300, but material cost plus contract cot equal 4300",00:45:00
Model 10,Snake River Plain,Post-burn drill seeding,17715,6414,Implemented,Unknown,2,9/1/1994,9/16/1994,Acres,560,Seeding,Drill Seeding,Ground Seeding: Drill,-1,Confirmed seed list,Seed Mix A,Seeds,Confirmed on Paper,Unknown,Species Specific,,1. Stabilize soil 2. Provide vegetative\r\ncover; 3. Reduce/minimize encroachment of poisonous/noxious plants; 4. Improve overall\r\nwildlife habitat areas.,Rangeland drills will be pulled behind a\r\ntractor. Drilling this seed mixture will help assure that a satisfactory stand\r\nof desirable perennial grasses and forbs is established in the treatment areas.\r\nEstablishment of desirable perennial vegetation will help reduce erosional losses\r\nand provide competition with noxious weeds and undesirable alien annual plants.,"Kinzie Butte Drill Seeding\r\nSeed Mix A\r\nThis project consisted of drill seeding 560 acres of rangeland.\r\nThe contractor was responsible for furnishing labor, equipment,\r\nsupplies, and necessary materials to complete the drilling. The\r\nGovernment supplied two rangeland drills and one drill cart, and\r\nthe premixed seed. The contractor was Dennis Jarolimek. The project was started on 9/01/94 and\r\ncompleted on 9/16/94. Three different seed mixes were used to\r\ncomplete the rehab project.",Unknown,Polygon,Confirmed,Digitized by LTDL data entry personnel using a confirmed map,11/2/2011,322.8655898,322.7573532,,Contractor,"Erosion, Fire hazard, Habitat for wildlife, Noxious Weeds, Establishment of seeded species, Habitat quality, Loss of desirable species, Loss of native species, Loss of native vegetation, Loss of perennials, Loss of vegetation, Vegetal cover",Loss of vegetative cover for soil protection.,None,,None,,"Kinzie Butte Drill Seeding consisted of drilling three seed mixes in different areas, these are entered as three separate treatments. See hyperlinked Summary Report for details.\r\nCost is based on seed list alone.",57:47:00
Model 10,Snake River Plain,Post-burn drill seeding,18695,6783,Implemented,Unknown,2,10/19/2008,10/21/2008,Acres,435,Seeding,Drill Seeding,Ground Seeding: Drill,-1,Confirmed seed list,Little Park Drill Seed Mix,Seeds,Confirmed on Paper,Unknown,Species Specific,,"The objective of\r\nthis treatment is to establish a desirable perennial plant community that would help achieve a\r\nhealthy, functioning rangeland and reduce the potential for spread invasive annual grasses and\r\nnoxious weeds and mitigate soil erosion impacts. The wildfire removed the majority of existing\r\nplant cover making the burn area more susceptible to expansion of these plants. Establishment\r\nof perennial herbaceous species will enhance sage grouse nesting and brood rearing habitat in the\r\nlong term.",The burned area identified as fair condition would be drill\r\nseeded in the fall of2008. The proposed drill\r\nseeding area is approximately 435 acres. A standard rangeland drill and rubber tired tractor\r\nwould be utilized for the seeding treatment. The prescribed seed mix is also within Twin Falls\r\nDistrict Policy as described in TFD IM-ID200-2008-003.,"Little Park Drill Seeding\r\nThis project consisted of drill seeding approximately 435 acres out of a 1,791 acre area within the\r\nLittle Park fire. Seed was applied in moist conditions. The contractor for the project was Richard Barney of Shoshone, Idaho. Nine\r\nrangeland drills were used. The seed was premixed by ESR Staff with the assistance of fire\r\ncrew. The project was started on October 19, 2008 and completed on October 21, 2008.\r\n\r\nSeed Cost: $ 53,875.00",Unknown,Polygon,Confirmed,"Digitized by BLM field office personnel, method unknown",,434.26,432.43,,Contractor,"Erosion, Habitat for sage grouse, Loss of Perennials, Rangeland health, Establishment of seeded species, Loss of desirable species, Loss of native species, Loss of native vegetation, Loss of vegetation, Vegetal cover","The objective of\r\nthis treatment is to establish a desirable perennial plant community that would help achieve a\r\nhealthy, functioning rangeland and reduce the potential for spread invasive annual grasses and\r\nnoxious weeds and mitigate soil erosion impacts. The wildfire removed the majority of existing\r\nplant cover making the burn area more susceptible to expansion of these plants. Establishment\r\nof perennial herbaceous species will enhance sage grouse nesting and brood rearing habitat in the\r\nlong term.",None,,Wet,Seed was applied in moist conditions.,,16:31:00
Model 10,Snake River Plain,Post-burn drill seeding,19899,7268,Implemented,Unknown,2,10/24/1960,10/31/1960,Acres,510,Seeding,Drill Seeding,Ground Seeding: Drill,-1,Confirmed seed list,,Seeds,Confirmed on Paper,Unknown,Species Specific,,,,This area was seeded with commercial drills with Crested wheatgrass at a rate of 40 lbs. per acre at a cost of $3.04 per acre.,Unknown,Polygon,Confirmed,Digitized by LTDL data entry personnel using a confirmed map,8/1/2011,534.275604,344.8610054,,Contractor,"Establishment of seeded species, Habitat quality, Loss of desirable species, Loss of native species, Loss of native vegetation, Loss of vegetation, Vegetal cover",Control erosion through reseeding.,None,,None,,,20:54:00
Model 10,Snake River Plain,Post-burn drill seeding,20757,7602,Implemented,Unknown,1,8/00/1968,9/00/1968,Acres,600,Seeding,Drill Seeding,Ground Seeding: Drill,-1,Confirmed seed list,seed mix,Seeds,Confirmed on Paper,Unknown,Species Specific,,Watershed development,To seed the area affected by wildfire.,"Fire rehab seeding consists of 415 acres of federal land and 185 acres of state land. A fire rehab that had native grass, stream bank mainly, invading when the long August rains came. It was seeded to crested after the rain hits. The crested and rye was seeded behind the native recovery and the seeding is spotty.",Unknown,Polygon,Confirmed,"Digitized by BLM field office personnel, method unknown",,1099.771762,1098.173929,,See Cooperators List,"Watershed degradation, Establishment of seeded species, Loss of desirable species, Loss of vegetation, Vegetal cover, Watershed degradation, Watershed health",Fire rehab seeding consists of 415 acres of federal land and 185 acres of state land.,None,,"Wet, Other (See Trt Notes)",Wet - heavy August rains,Total cost of seeding was $5.97 per acre.,19:22:00
Model 10,Snake River Plain,Post-burn drill seeding,20760,7603,Implemented,None,1,12/13/2010,12/13/2010,Acres,690,Seeding,Drill Seeding,Ground Seeding: Drill,-1,Planned seed list,broadcast seeding,Seeds,Plan,Unknown,Species Specific,"Seed was planned at 3-6lbs/acre, 6lb is the max rate.","The proposed action would create approximately 28 miles of Forage Kochia fuel breaks. The fuel breaks would be 75-100 feet wide on both sides of the road. The fuel break would disturb approximately 690 acres within the 326,000 acre project area.",Forage Kochia would then be applied in early winter at 3-6 lbs. per acre using a broadcast seeder.,,,Polygon,Confirmed,"Digitized by BLM field office personnel, method unknown",,577.9726052,559.7100738,,,Fire hazard,"The purpose of the proposed action it to create a s self-sustaining fire/fuel break that increases the fire return interval by reducing the size and duration of wildfires in the project area. In addition, this proposed action will help to meet desired future conditions established for the Craters of the Moon National Monument and Preserve related to vegetation protection and restoration. The need stems from the fact that Minidoka desert area has been repeatedly burned by large wildfires which kills the sagebrush and maintains the area in a perpetual grass condition (early serial).",None,,None,,,12:39:00
Model 10,Snake River Plain,Post-burn drill seeding,20994,7687,Implemented,Unknown,1,00/00/1982,00/00/1982,Acres,2700,Seeding,Drill Seeding,Ground Seeding: Drill,-1,Planned seed list,,Seeds,Plan,Unknown,Species Specific,,"Rehabilitation Objectives:\r\nThe objectives of this rehabilitation plan are to restore a protective\r\ncover of perennial vegetation that is somewhat fire resistant and to stabilize\r\npresent and prevent future wind erosion.\r\nBy seeding sandy areas and intense burn areas, we expect to minimize\r\nwind erosion and prevent future fires from recreating the present hazard.","Seed approximately 2,700 acres of public land using\r\na standard rangeland drill. All seeding would be done in late fall, but before\r\nsnowfall.\r\nA rubber-tired tractor should be used\r\nto pull the drill rather than a crawler tractor, if possible. (Dual or\r\nflotation tires may be required to prevent bogging down in sand.) This should\r\nreduce disturbance to the soil surface, especially on the corners where turning\r\na track vehicle normally causes excessive disturbance.\r\nDrill in curving lines rather than straight rows for Visual Resource\r\nconsiderations.",Area was seeded.,Unknown,Polygon,Confirmed,"Digitized by BLM field office personnel, method unknown",,4588.59,3977.23,,Unknown,"Erosion, Fire hazard, Provide cover for wildlife, Provide forage for livestock, Establishment of seeded species, Habitat quality, Loss of desirable species, Loss of native species, Loss of native vegetation, Loss of perennials, Loss of vegetation, Vegetal cover","Based on the environmental assessment, the net impacts will be beneficial. This\r\nrehab plan will assist in stabilizing erosive soils, reduce the impacts of\r\nfuture fires by reducing size, protect a quality fishery resource, and enhance\r\nforage values for livestock and wildlife.",None,,None,,"There are two JDRs with different costs. The JDR stamped with ""processed"" was used.",09:29:00
Model 10,Snake River Plain,Post-burn drill seeding,21784,7945,Implemented,Fully Successful,2,10/14/2008,11/18/2008,Acres,5684,Seeding,Drill Seeding,Ground Seeding: Drill,-1,Confirmed seed list,Nature Drill Seed Mix,Seeds,Confirmed on Paper,Unknown,Species Specific,,"The objective of this treatment is to\r\nestablish a desirable perennial plant community that would help achieve a healthy, functioning rangeland and\r\nsignificantly reduce the potential for spread invasive annual grasses and noxious weeds and mitigate soil erosion\r\nimpacts. The wildfire removed the majority of existing plant cover making the burn area more susceptible to\r\nexpansion of these plants. Natural recovery of native vegetation is not possible given pre-burn vegetative\r\nconditions in the area. Establishment of perennial herbaceous species will enhance sage grouse nesting and\r\nwinter range habitat in the long term.","The burned pastures within the Neck, Tikura and Timmerman Hills\r\nallotments would be drill seeded in the fall of 2008. The\r\nproposed drill seeding area is approximately 7,872 acres. Approximately 70% or 5,500 acres would actually be\r\ndrill seeded in the area due to the presence of rock outcrops and unburned islands. A standard rangeland drill and\r\nrubber tired tractor would be utilized for the seeding treatment.","Nature Drill Seeding\r\nThis project consisted of drill seeding approximately 5,684 acres out of a 14,868 acre area within\r\nthe Nature fire. Seed was applied in dry conditions at the beginning to wet ground later in the\r\nprocess. The drill seeding was completed\r\nby ESR staff and Fire Crew. Nine rangeland drills were used. The seed was premixed by ESR\r\nStaff and Fire Crew. The project was started on October 14, 2008 and completed on November\r\n18, 2008.\r\n\r\nSeed Cost: $368,012.50",Initial observations the first growing season showed good germination of the seeded grasses and forbs throughout the treatment area. Quantitative monitoring plots were established in FY09.\r\nMonitoring Results FY09\r\nPreliminary monitoring was established on the Nature fire. Qualitative and quantitative\r\nobservations gathered at the established plots showed good establishment of drilled seeded grass\r\nand forb species. A cool and wet June contributed to the early establishment of seeded species. Bare ground across all plots averaged 35%. Density data reveals that seeded species are\r\ncurrently below quantifiable objectives.,Polygon,Confirmed,"Digitized by BLM field office personnel, method unknown",,6311.87,6308.92,,BLM,"Habitat for sage grouse, Loss of Perennials, Noxious Weeds, Rangeland health, Loss of desirable species, Loss of native species, Loss of native vegetation, Loss of vegetation, Vegetal cover","To establish a desirable perennial plant community that would help achieve a healthy, functioning rangeland and\r\nsignificantly reduce the potential for spread invasive annual grasses and noxious weeds and mitigate soil erosion\r\nimpacts. The wildfire removed the majority of existing plant cover making the burn area more susceptible to\r\nexpansion of these plants. Natural recovery of native vegetation is not possible given pre-burn vegetative\r\nconditions in the area. Establishment of perennial herbaceous species will enhance sage grouse nesting and\r\nwinter range habitat in the long term.",None,,"Dry, Wet",Seed was applied in dry conditions at the beginning to wet ground later in the\r\nprocess,,08:22:00
Model 10,Snake River Plain,Post-burn drill seeding,22019,8037,Implemented,Unknown,1,00/00/1976,00/00/1977,Acres,3500,Seeding,Drill Seeding,Ground Seeding: Drill,-1,Planned seed list,Drill Seed Mix,Seeds,Plan,Unknown,Species Specific,This is planed seed list taken from the EA.,Establish a permanent vegetative cover on 3500 acres of the burned are by drilling with rangeland drills. It is estimated that 255 acres of the burn covered rock outcrops or rims not suitable for drilling.,Drilling with a rangeland drill.,Area was seeded.,Unknown,Polygon,Confirmed,"Digitized by BLM field office personnel, method unknown",,3680.55,3505.68,,Unknown,"Erosion, Invasion by Cheatgrass","The fire rehab is needed to stabilize soil, reduce fire hazard by limiting cheatgrass invasion, and prevent wind damage to the Oregon Trail.",None,,None,,,09:41:00
Model 10,Snake River Plain,Post-burn drill seeding,25078,9223,Implemented,None,1,8/15/1953,2/10/1954,Acres,1843,Seeding,Drill Seeding,Ground Seeding: Drill,-1,Confirmed seed list,Seed mix,Seeds,Confirmed on Paper,Unknown,Unknown,"The seed mix did not indicate whether bulk or PLS rates were used, therefore, unknown has been listed and all seed mix information has been entered into the Bulk category.",,,Broadcast-drilled to crested wheatgrass at the rate of 5.75 lbs and yellow sweet clover 1.22 lbs per acre.,,Polygon,Confirmed,"Digitized by BLM field office personnel, method unknown",,1857.034244,1653.555855,,,None,,None,,None,Little immediate subsequent moisture. Some spring moisture in the form of snow.,,12:00:00
Model 10,Snake River Plain,Post-burn drill seeding,25094,9229,Implemented,Fully Successful,2,9/21/1947,6/30/1948,Acres,3325,Seeding,Drill Seeding,Ground Seeding: Drill,-1,Confirmed seed list,Drill mix,Seeds,Confirmed on Paper,Unknown,Unknown,"The seed mix did not indicate whether bulk or PLS rates were used, therefore, unknown has been listed and all seed mix information has been entered into the Bulk category.",The purpose of this project is to stop wind erosion which has already displaced much of the top soil and to revegetate the range following a fire.,,"Federal Range land in this project was reseeded with a mix of crested wheat grass, rye and sweet clover.\r\nMethod used- seed drilled on burned off land.",Area is now supporting a good stand of crested wheatgrass where it formerly produced only sagebrush.,Polygon,Confirmed,Digitized by LTDL data entry personnel using a confirmed map,2/23/2011,4241.516507,3620.938965,,,"Erosion, Loss of vegetation",The Federal Range to be reseeded was burned over during the summer of 1947. It burned so clean that no vegetation remains in place to hold the soil in place.,None,,None,,,01:58:00
Model 10,Snake River Plain,Post-burn drill seeding,26578,9797,Implemented,Unknown,1,8/8/1979,1/00/1980,Acres,7283,Seeding,Drill Seeding,Ground Seeding: Drill,-1,Planned seed list,Rosevear Gulch Mix,Seeds,Plan,Unknown,Species Specific,,Establish perennial vegetation,"Seed approximately 10,000 acres of burned range land using range drills. Seed all rock free areas of the burn using the following mixture: \r\n1/4 lb./ac fourwing saltbush\r\n6 lb./ac cereal rye\r\n5 lb./ac crested wheatgrass",Crested wheatgrass and cereal rye were drill seeded over 7283 acres,,Polygon,Confirmed,"Digitized by BLM field office personnel, method unknown",,6829.33,5850.35,,Contractor,"Erosion, Loss of vegetation, Fire hazard, Forage for livestock, Habitat for wildlife","The proposed rehab seeding is necessary to prevent potential extreme soil erosion due to the fine erodible soils in the burned area. This area has exhibited a high susceptibility to severe wind erosion in the past. The cereal rye will help bind the soil quickly and prevent erosion until the crested wheat has established itself. The forage losses to wild horses, wildlife and livestock will be replaced.\r\nObjectives of the rehab plan include: establishing perennial vegetation that will provide multiple use benefits; provide wildlife habitat to the extent possible; reestablish livestock forage; establish soil holding ground cover; reduce future fire loss with establishment of perennial grass stands",Unknown,,Unknown,,"VTRT Attribute table does not list Fourwing Saltbush, but it is listed in the EA and the JDR",48:49:00
Model 10,Snake River Plain,Post-burn drill seeding,26829,9879,Implemented,See Comments,2,10/2/2005,9/21/2006,Acres,2146,Seeding,Drill Seeding,Ground Seeding: Drill,-1,Confirmed seed list,Power Line Drill Mix,Seeds,Confirmed on Paper,Unknown,Species Specific,This mix includes both the 2005 and 2006 seedings.,"Drill seed 13,200 [2146 Power Line portion] acres before end of season (winter shut down).","Portions of this proposed seeding lay inside the Great Rift WSA and in the Pristine Zone as defined by the proposed CRMO RMP/GMP  The use of native seed is mandatory in the Pristine Zone.  The proposed action is to seed with mix number 1 approximately 6,700 acres  near Brigham Point in the Fall of 2005.  Sagebrush seed would then be flown on after snow covers the ground.  This block is the second priority for treatment in this plan.  The goal of the drill seeding is to restore the perennial herbaceous component of the under story and to provide competition for invasive annual species and noxious weeds.","Approximately 11,000 of the 13,200 acres was drill seeded prior to winter stopping seeding activities.  The drill seeding began on October 2 and ended on December 3.  Eight drills were used.   Approximately 2,000 acres was not completed due to weather conditions.  The reminder was sprayed in the Spring of 2006 and seeded later in the Fall [Sept 1-21] of 2006.\r\nThis 2006 project consisted of drill seeding approximately 5,292 acres of the Rupert Fire. The areas drilled were previously treated with Glyphosate in May of this year. Seed was applied to dry ground, see the attached map for the project locations. The contractor for the project was Richard Barney of Shoshone, Idaho. Eight rangeland drills were used. The seed was premixed by Operations Staff with the assistance of fire crew. The project was started on September 01, 2006 and completed on September 21, 2006.",The Rupert fire was drill seeded with 2 grass seed mixes by members of the Burley FO fire crews using rangeland drills.  The seed was mixed by Twin Falls District operations staff with the assistance of the fire crew.\r\nThe portion of the drill seeding that was completed prior to winter shut down appeared to be correctly done and adequate for the site (see monitoring S14 results) .  See Close Out Report for details.,Polygon,Confirmed,"Digitized by BLM field office personnel, method unknown",,2143.55,2142.34,,Contractor,"Invasion by Cheatgrass, Invasion by non-native annuals, Noxious Weeds",,"Seed Application took a longer than expected, Other (See Trt Notes)","Approximately 2,000 acres was not completed due to weather conditions.  Seeding completed next year.",Unknown,,Power Line.\r\nMinidoka allotment.\r\nSeeded over 2 Years and included an herbicide treatment between years.\r\nAerial Sagebrush seeded during 1st year.\r\nSee seeding summary: Seed varieties in bold were mixed for the Powerline Drill Seeding Area. This area was not completed in 2005. The area will be sprayed with Glyphosate in the spring of 2006 and drill seeded in the early fall. This seed is reflected in the price of this project summary.,36:06:00
Model 10,Snake River Plain,Post-burn drill seeding,28546,10532,Implemented,See Comments,2,10/9/2001,12/5/2001,Acres,1500,Seeding,Drill Seeding,Ground Seeding: Drill,-1,Confirmed seed list,,Seeds,Confirmed on Paper,Unknown,Species Specific,,"Establish perennial vegetation on an estimated 1,670 acres of public land in the Sid Butte pasture by drill\r\nseeding.",The grass and forb mixture would be seeded using rangeland drills pulled behind a tractor. This method\r\nassures that seeds are incorporated into the soil and provides them the best chance of establishment. See\r\nattached map for the specific treatment area. The drilling would be done in the fall of 2001.,"Sid Butte Drill Seeding\r\nThis project consisted of drill seeding approximately 1,500 acres of a grass and forb seed mix. The\r\nseed was applied to dry ground.\r\nThe contractor for the\r\nproject was Dennis Jarolimek of Filer, Idaho. Three rangeland drills were used. The seed was\r\npremixed by Gooding Seed Company of Gooding, Idaho. The project was started on October 9,\r\n2001 and completed on November 5, 2001.\r\nProject Inspector was Ron Conklin.\r\nContract Cost: $ 8,295.00\r\nSeed Cost: $ 51,448.00",The drill seeding established well despite extended drought.,Polygon,Confirmed,"Digitized by BLM field office personnel, method unknown",,1665.91,1665.91,,Contractor,"Establishment of seeded species, Habitat quality, Loss of desirable species, Loss of native species, Loss of native vegetation, Loss of perennials, Loss of vegetation, Vegetal cover","A healthy ecosite characterized by perennial vegetation would be expected to keep undesirable\r\nvegetation at a minimum. Reestablishing a more natural grass, forb, and shrub component would help achieve\r\na healthy, functioning rangeland.",None,,Dry,The seed was applied to dry ground.,,57:41:00
Model 10,Snake River Plain,Post-burn drill seeding,29000,10701,Implemented,Little Success,2,10/20/1984,11/12/1984,Acres,1530,Seeding,Drill Seeding,Ground Seeding: Drill,-1,Confirmed seed list,,Seeds,Confirmed on Paper,Unknown,Species Specific,"The seed mix did not indicate whether bulk or PLS rates were used, therefore, unknown has been listed and all seed mix information has been entered into the Bulk category.","A. Achieve at least 30% perennial vegetation canopy cover by September 1987.\r\n\r\nB. Reduce soil losses to minimize on and off-site sediment.  At least 20% ground cover is required.\r\n\r\nC. Reduce future fire hazards and establish a dependable forage base for livestock by limiting the invasion of annual grasses and forbs to 10% composition within 3 years.\r\n\r\nD. Improve wildlife habitat by establishing a perennial grass, forb, and shrub community. After 4 years, the species composition by weight would be grasses - 70%, shrubs - 20%, and forbs - 10%.",The project consisted of 1530 acres of contracted rangeland drill seeding done from 10/20/84 to 11/12/84.\r\n\r\nThe seeding project went very well.  The contractor was Bruce Gilbert.,"Condition of Seeding:\r\n1. 1-year data, 2nd year after seeding:\r\ngrasses: fair-good\r\nforbs: poor*\r\nshrubs: fair* \r\nOverall rating = Fair\r\n* No planted shrub was found in each plot, although less than/equal to 6 shrubs per plot were present near each plot.  The\r\nyellow sweet clover was found in the southern portion of the seeding.\r\n\r\n2. Square feet for total seeding (Agcr):\r\nNorth part: .61 sq. ft.\r\nSouth part: .43 sq. ft.\r\nTotal: .51 sq. ft.\r\n\r\nThe determining for seeding success for the ""good&& rating range is .52 to .69 sq. ft.","Reduce soil losses to minimize on and off-site sediment damage.  Also stabilize the soil surface to reduce wind erosion.  Needs: At least 20% cover is required to meet this objective.\r\n\r\nImprove wildlife habitat by establishing a perennial grass, forb and shrub community on the burned area.  After four years, the species composition by weight in the seeding would be grasses-70%, shrubs-20%, and forbs-10%.",Polygon,Confirmed,Digitized by LTDL data entry personnel using a confirmed map,11/29/2011,1591.564123,1547.552875,,Contractor,None,,None,,None,,,35:11:00
Model 10,Snake River Plain,Post-burn drill seeding,30202,11145,Implemented,Unknown,2,8/30/2004,9/30/2004,Acres,6965,Seeding,Drill Seeding,Ground Seeding: Drill,-1,Confirmed seed list,DRILL SEED VARIETY 2 (High Disturbance Areas - Blue},Seeds,Confirmed on Paper,Unknown,Species Specific,,"Establish perennial grasses, forbs, and shrubs on approximately 40,000 acres within the Star Lake/North Milner\r\nRange Restoration project area by the year 2020.",The treated areas would be drill and aerial seeded in the fall after the last seedbed treatment. Table 6 (see hyperlinked EA) displays the seed mix that would be drilled in areas that typically are high\r\ndisturbance areas such as developed water sources for livestock. This seed mix would be drilled within 1/3 mile\r\nradius of a developed water source (water trough or reservoir) and the Milner-Gooding Canal.,"This project consisted of drill seeding approximately 6,965 acres out of an area of approximately\r\n8,200 acres with a grass, forb, and shrub seed mix. The EA for this restoration project called for\r\ndifferent seed mixes for the higher and lower disturbance areas. Areas within 1/2 mile of a water\r\nsource were seeded with a high disturbance mix and the rest\r\nwere with a low disturbance mix.  The NW corner of the project had a combination of seed mixes do to seed availability.\r\nApproximately 1000 pounds of seed within this area had the Drill Seed Variety 3. This mix was\r\nintermixed with Variety 2.\r\nThe area was treated with the chemical glyphosate in April and May of 2004 and then prescribed\r\nburned in August. Seed was applied to dry and wet ground. The contractor for the project was Richard Barney of Shoshone, Idaho. Nine rangeland\r\ndrills were used. The seed was premixed by Operations Staff with the assistance of fire crew.\r\nThe project was started on August 30, 2004 and completed on September 30, 2003.\r\nProject Inspector was Bart Koonce.",Unknown,Polygon,Confirmed,"Digitized by BLM field office personnel, method unknown",,1979.12,1966.12,,Contractor,"Habitat for wildlife, Noxious Weeds, Provide forage for livestock, Establishment of seeded species, Loss of desirable species, Loss of native species, Loss of native vegetation, Loss of perennials, Loss of vegetation, Vegetal cover","Provides habitat for game and non-game wildlife species, improves the reliability of livestock forage,\r\nimproves structural and plant diversity, and controls the spread of noxious weeds.",None,,"Dry, Wet",Seed was applied to dry and wet ground.,"This treatment was seeding with a high disturbance mix, for areas within 1/2 mile of a water source.  This treatment was a portion of a 6965-acre drill seeding.  As calculated by ArcMap, the area seeded is approximately 1,980 acres.\r\nConfirmed cost of drill seedings: $256,183.45\r\nTrt cost only accounts for seeding since I'm unable to separate cost among all the drill seedings for this project.",26:45:00
Model 10,Snake River Plain,Post-burn drill seeding,30217,11150,Implemented,Unknown,1,00/00/1982,00/00/1982,Acres,2765,Seeding,Drill Seeding,Ground Seeding: Drill,-1,Planned seed list,,Seeds,Plan,Unknown,Species Specific,,"The objectives of this rehabilitation plan are to restore a\r\nprotective cover of perennial vegetation on soils that have severe erosion\r\nhazards.\r\nBy seeding the sandy areas, wind erosion will be minimized and the\r\npossibilities of future wildfires will be reduced.","Seed approximately 1,675 acres of public land\r\nin Star Lake West, 250 acres in Dietrich Butte, and 475 acres in Wildhorse\r\nallotment, using a standard rangeland drill. All seeding would be done in\r\nlate fall, but before snowfall.\r\nA rubber-tired tractor should be\r\nused to pull the drill rather than a crawler tractor (dual or flotation\r\ntires may be required in sand). This should reduce disturbance to the soil\r\nsurface, especially on the corners where turning a track vehicle normally\r\ncauses excessive disturbance.\r\nDrill in curving lines rather than straight rows for Visual\r\nResource considerations.",GIS is implementation data.,Unknown,Polygon,Confirmed,"Digitized by BLM field office personnel, method unknown",,2878,2876.09,,Unknown,"Erosion, Fire hazard, Provide forage for livestock, Provide forage for wildlife, Establishment of seeded species, Habitat quality, Loss of desirable species, Loss of native species, Loss of native vegetation, Loss of perennials, Loss of vegetation, Vegetal cover","Based on the environmental assessment, the net impacts will be beneficial.\r\nThis rehab plan will assist in stabilizing erosive soils, reduce the impacts\r\nof future fires by reducing size , and enhance forage values for livestock and\r\nwildlife.",None,,None,,,51:39:00
Model 10,Snake River Plain,Post-burn drill seeding,30597,11283,Implemented,Unknown,1,00/00/1972,4/00/1972,Acres,6389,Seeding,Drill Seeding,Ground Seeding: Drill,-1,Confirmed seed list,,Seeds,Confirmed on Paper,Unknown,Species Specific,,SPECIFIC OBJECTIVES\r\nA. To protect the area from excessive wind erosion.\r\nB. To prevent the invasion of Russian thistle and Tumble mustard.\r\nC. To establish a cover of perennial grass which will be retardant to\r\nfuture fires.,"Rangeland Drill Seeding - This will be broken into two projects of\r\napproximately 6500 acres each. A total of 13,000 acres will be directly\r\ndrilled to 6 Lbs, per acre of Crested wheatgrass with 8 Rangeland drills.",Area was seeded,Unknown,Polygon,Confirmed,"Digitized by BLM field office personnel, method unknown",,7709.51,7151.3,,Contractor,"Erosion, Invasion by non-native annuals, Fire hazard, Establishment of seeded species, Habitat quality, Loss of desirable species, Loss of native species, Loss of native vegetation, Loss of vegetation, Vegetal cover",SPECIFIC OBJECTIVES\r\nA. To protect the area from excessive wind erosion.\r\nB. To prevent the invasion of Russian thistle and Tumble mustard.\r\nC. To establish a cover of perennial grass which will be retardant to\r\nfuture fires.,None,,None,,Cost is based on seed list alone.,55:10:00
Model 10,Snake River Plain,Post-burn drill seeding,32506,12028,Implemented,None,2,9/26/1958,10/17/1958,Acres,1200,Seeding,Drill Seeding,Ground Seeding: Drill,-1,Confirmed seed list,,Seeds,Confirmed on Paper,Unknown,Species Specific,,"To increase grazing use, stabilize soil and eliminate russian thistle.",Seeding of crested wheat and other grasses.,"A seeding of crested wheatgrass at the rate of approximately 5 lbs. per acre. The area was seeded into a cover of cheatgrass and rabbitbrush by dropping the seed into a 3""-5&& furrow made by a Case Disc Drill.",,Polygon,Confirmed,"Digitized by BLM field office personnel, method unknown",,1181.182084,1175.346425,,Contractor,"Erosion, Noxious Weeds, Provide forage for livestock","To increase grazing use, stabilize soil and eliminate russian thistle.",None,,None,,,46:52:00
Model 10,Snake River Plain,Post-burn drill seeding,48956,11264,Implemented,See Comments,2,10/10/2012,10/25/2012,Acres,2836,Seeding,Drill Seeding,Ground Seeding: Drill,-1,Confirmed seed list,Drill Mix 1,Seeds,Confirmed on Paper,Unknown,Species Specific,,"Goal: Establish desirable perennial grass/forb plant community to provide critical forage for sage-grouse, big game\r\nspecies and preservation and maintenance of slickspots.","Approximately 2,938 acres of the burned area would be drill seeded with perennial grass species adapted to the ecological sites. The two species will be drill seeded in alternate seed carts in a three drill cart configuration. The Siberian wheatgrass will be in two out of three drills covering 2/3 of the seeding area at a rate of 15 bulk pounds (12.1 PLS pounds), which is 61.2 seeds per square foot. The Snake River wheatgrass will be in one out of the three drills covering 1/3 of the area at a rate of 15 bulk pounds (11.5 PLS pounds), which is 44.8 seed per square foot. The total seeds per square foot for ground and aerial seeding within\r\nthe aerial strips is a maximum of 70.1 seeds per square foot. ESR Topic Guidelines are to limit seeding rates in combination to fewer than 80 seeds per square foot.","Force Account - standard rangeland drill, 2,836* acres in\r\nOctober 2012","2017: Results and Objective(s)\r\n1. >50% of seeded species basal gaps are =100cm. Conduct drill row basal gap intercept\r\nmonitoring.\r\nThe drill row basal gap intercept method presented in the plan has been discontinued.\r\n\r\n2. 20% increase in foliar cover of desirable perennial vegetation, and 20% decrease in\r\nexotic annual vegetation compared to control plot (burned, untreated area). Conduct line\r\npoint intercept monitoring (only in years 2 and 3).\r\nIn 2017, the seeding did not meet foliar cover objectives. Foliar cover of desirable perennial\r\nvegetation was 1.9% higher and exotic annual vegetation was higher by 58.9% in the natural\r\nrecovery plot compared to the drill seeded plots (Figure 8-1, photos below and Table 8-3). The\r\nnatural recovery plot was dominated by medusahead wildrye (Taeniatherum caput-medusae) and\r\ncheatgrass (Bromus tectorum) with desert parsley (Lomatium sp.). Total desirable perennial\r\nvegetation was 20%. Drill seeded species were producing seedheads; however, cheatgrass and\r\nmedusahead were dominant elements of the species composition. Plots in the drill seeding\r\naveraged over 100% foliar cover of exotic annual species foliar cover due to the multilayered\r\ncanopy of medusahead and cheatgrass. Plot G1UMT06 had the highest cover of desirable\r\nperennial species and the highest cover of exotic annual species in 2017.\r\n\r\n3. 30% decrease in perennial vegetation basal gaps > 50cm compared to control plot.\r\nConduct basal gap intercept monitoring. (Jornada \u201cMonitoring Manual for Grassland,\r\nShrubland and Savanna Ecosystems\u201d (Herrick et al. 2009))\r\nIn 2017, the average basal gap of drill seeded plots was similar to the natural recovery plot;\r\ntherefore, the objective of 30% fewer gaps >50cm in drill seeded area compared to control plots\r\nhas not been met. Both had an average of close to 15% for gaps smaller than 50cm and around\r\n85% for gaps greater than 200cm. There was a difference in basal gaps between the drill seeded\r\nplots. Plot G1UMT06 has fewer gaps above 200cm than other areas, 48.9% greater than 200cm\r\nand 17% less than 50cm (Table 8-4). Siberian wheatgrass was observed as dominant and healthy\r\nin the drill rows (overall abundance was subdominant, 10-40% of plant cover).\r\nSnake River wheatgrass was a minor to subdominant component at two of the drill seeded plots.\r\nEarly senescence of perennial grasses made identification difficult especially for Snake River\r\nwheatgrass which had dropped seeds and fully cured. It is likely that Snake River wheatgrass\r\nabundance was higher than reported.\r\n\r\n4. Qualitative increase in perennial grass and forb diversity compared to control area.\r\nConduct line point intercept monitoring and site assessment.\r\nIn 2017, there is a difference in diversity of perennial grass and forbs, plot G1UMT05 had\r\ngreater diversity; therefore, the objective is being met. Line-point intercept data indicated there\r\nwere 3 desirable perennial forbs and grasses at plot G1UMT03, 4 at G1UMT05, and 2 at\r\nG1UMT06. The natural recovery plot had 2 desirable perennial grass and forb species. Species\r\nrichness from qualitative site assessments was similar at the drill seeded plots (5-6 species) and\r\nthe natural recovery plot (6 species).\r\n\r\nSummary report 2022\r\nSeason of use for the treatment plots within the drill seeding is March 1 \u2013 March 26. Photos 8-1 and 8-2 were taken in May of 2022 near the four acre exclosure that was built in April of 2015 45 meters northwest of plot G1UMT06 (Photos 8-6).\r\nIn 2022 the drill seeded area has higher abundance of deep-rooted perennial grasses than the area that was left untreated (G1UMT04).\r\n\r\nS3/R3 Aerial Seeding\r\nThis objective was not being met in 2022. Due to the lack of success of the aerial seeding a shrub restoration project is being implemented in fall of 2022.\r\nCONCLUSIONS\r\nIn 2022 the drill seeding was somewhat successful in that drill seeded species were still present. However, cover and abundance of perennial grass species was too low to successfully outcompete cheatgrass, medusahead, and invasive annual forbs such as tall tumblemustard.",Polygon,Confirmed,Digitized by LTDL data entry personnel using a confirmed map,None,2808.95,2586.85,,Force,"Establishment of seeded species, Habitat productivity, Habitat for wildlife, Habitat quality, Loss of desirable species","The terrain, precipitation range, and pre-fire condition of the vegetation in the areas proposed for drill seeding are suitable for drill seeding. The potential for this area to incur an invasion from exotic annual grasses is high based on observations made during post-fire visits. Failure to keep this area from becoming dominated by cheatgrass and medusahead would result in loss of important big game and sage grouse habitat.",,,,,"Acreage figures are approximate and may differ slightly due to\r\ndifferences in computer program calculations (i.e., GIS vs.\r\nExcel).",25:06:00
Model 10,Snake River Plain,Post-burn drill seeding,49113,19824,Implemented,Unknown,2,10/3/2012,11/18/2012,Acres,7800,Seeding,Drill Seeding,Ground Seeding: Drill,-1,Confirmed seed list,,Seeds,Confirmed on Paper,Unknown,Species Specific,,"The objective of the seeding treatment is to establish perennial-dominated plant communities within 3 years. The\r\nfollowing grass, forb, and shrub density objectives are based on ecological site potential.\r\nThe drill seed treatments would be considered successful if:\r\nThe seeded grass, forb and shrub species reach densities of:\r\n3 plants per square meter for grasses\r\n0.50 plants per square meter for forbs\r\n0.10 plants per square meter for shrubs (bitterbrush)","Approximately 8,011 acres of the Owinza fire would be drill seeded with a mixture of grasses, forbs and shrubs. Seed would be applied at the rates shown in the following table. The remaining 23,707 natural recovery acres will not require a ground seeding treatment because of previous seeding treatments and are expected to recover naturally to their previous seeded condition.","This project consisted of drill seeding approximately 7,800 acres\r\nwithin the Owinza fire. Seed was applied in dry to moist conditions\r\nstarting on the south end and working to the north. The two\r\nnorthern blocks were the last to be completed in wet conditions.\r\nSix rangeland drills were used. The contractor for the project was\r\nof Shoshone, Idaho. The seed was premixed by\r\nESR Staff. The project was started on October 03, 2012 and\r\ncompleted on November 18, 2012.","FY 13\r\nMonitoring plots were established during the summer of 2013. Cover and density transect data\r\nwere collected by ESR monitoring technicians (Tables 1-2). Cheatgrass cover and density across\r\nthe plots was moderate. Seeded species detected in density plots included flax, big bluegrass, and\r\nSiberian wheatgrass. Qualitative observations by fire ecologists revealed that fair germination of\r\nseeded species occurred in early spring. Existing perennial grasses (crested wheatgrass) in the\r\nplant community was evident in the plots. The latter part of spring was dry reducing growth and\r\nvigor of germinating plants. Summer was hot and dry. Competition from annual vegetation is\r\ncurrently low with the drill seeded species. The existing crested wheatgrass in the plant\r\ncommunity is providing most of the competition with the seeded species.\r\nFY 14\r\nMonitoring plots established in 2013 were read in 2014. Cover and density transect data were\r\ncollected by ESR monitoring technicians (Tables 1-2). Cheatgrass cover and density across the\r\nplots was low to moderate. Seeded species detected in density plots included Siberian wheatgrass\r\nand Snake River wheatgrass. Qualitative observations by fire ecologists revealed that seeded\r\nspecies established in 2013 carried over well to 2014. Existing perennial grasses (crested\r\nwheatgrass) in the plant community was still evident in the plots. The dry spring and summer\r\nwas reducing growth and vigor of seeded plants. Competition from annual vegetation is currently\r\nlow to moderate with the drill seeded species. The existing crested wheatgrass in the plant\r\ncommunity is providing most of the competition with the seeded species.\r\nFY 15\r\nMonitoring plots established in 2013 were read in 2015. Cover and density transect data were\r\ncollected by ESR monitoring technicians (Tables 1-2). Cheatgrass cover and density across the\r\nplots was low to moderate. Seeded species detected in density plots included Siberian wheatgrass\r\nand Snake River wheatgrass. Qualitative observations by fire ecologists revealed that seeded\r\nspecies established in 2013 carried over well to 2015. Existing perennial grasses (crested\r\nwheatgrass) in the plant community was still evident in the plots. The wet May helped with\r\nearly spring growth increasing the growth and vigor of seeded plants. Competition from annual\r\nvegetation is currently low to moderate with the drill seeded species. The existing crested\r\nwheatgrass in the plant community is still providing most of the competition with the seeded\r\nspecies",Polygon,Confirmed,"Digitized by BLM field office personnel, method unknown",None,7825.45,7822.77,,Contractor,"Habitat for wildlife, Habitat productivity, Habitat quality, Establishment of seeded species, Loss of desirable species, Loss of native species, Loss of native vegetation, Loss of perennials, Loss of vegetation, Vegetal cover","To establish perennial-dominated plant communities within 3 years. The\r\nfollowing grass, forb, and shrub density objectives are based on ecological site potential.",,,"Dry, Wet, Other (See Trt Notes)",Seed was applied in dry to moist conditions\r\nstarting on the south end and working to the north. The two\r\nnorthern blocks were the last to be completed in wet conditions.,,18:44:00
Model 10,Snake River Plain,Post-burn drill seeding,52964,1515,Implemented,Unknown,1,6/1/1977,5/31/1978,Acres,9510,Seeding,Drill Seeding,Ground Seeding: Drill,-1,Confirmed seed list,Cheatgrass,Seeds,Confirmed in GIS,Unknown,Species Specific,JDR lists fourwing saltbush as planned. GIS lists salt brush as planted,Something must be done this year to stabilize the soil or irreparable damage will result.,Seed area that was not seeded in the fall because of concern that there would be too much competition from cheatgrass.,,,Polygon,Confirmed,"Digitized by BLM field office personnel, method unknown",None,10150.88,10016.46,,Contractor,"Erosion, Livestock in treated area, Loss of Perennials, Forage quality",Most of the area was seeded last fall as part of the Bicentennial Rehab project. However record\r\ndrought conditions this year prevented establishment of the seeding and\r\nresulted in extremely serious soil erosion situation in the area.,,,,,Cheatgrass,11:20:00
Model 10,Snake River Plain,Post-burn drill seeding,54550,21087,Implemented,Partially Successful,1,2/00/2011,3/00/2011,Acres,4164.65,Seeding,Drill Seeding,Ground Seeding: Drill,-1,Confirmed seed list,North Seed Mix,Seeds,Confirmed on Paper,Unknown,Species Specific,,Establish perennial grasses and forbs within 3 years using a native dominated seed mix.,,"Approximately 34,706 acres were drill seeded starting in the fall of 2010 and completed in spring of 2011. ESR specialists monitored conditions and activities during treatment implementation.\r\nThis treatment consisted of five projects; Long Butte North, Long Butte Bombing Range, Long Butte Wild Horse Management Area, Long Butte South, and Long Butte Fuel Breaks (see attached map). Long Butte North consisted of 6,200 acres spread across approximately twelve separate blocks of land. The largest block was several thousand acres and the smallest plots were wildlife tracts of forty acres. The project started on November 1, 2010 with contractor Richard Barney and stopped on November 26th due to environmental conditions. The contractor continued seeding in the spring once conditions improved and was completed on February 21, 2011. The seed mix for this project was identified in the plan as the North Mix and consisted of Great Basin wildrye, bluebunch wheatgrass, Indian ricegrass, bottlebrush squirreltail, Siberian wheatgrass, globemallow, blue flax, and alfalfa.\r\nLong Butte Bombing Range consisted of 3,180 acres in a single block of land. The project started on October 30, 2010 and was completed on November 4, 2010. Boise District BLM operations and fire staff provided personnel and equipment for the project. The seed mix for this project was North Mix.\r\nLong Butte Wild Horse Management Area consisted of 20,326 acres in a single block of land. The project started on November 5, 2010 with Boise and Twin Falls District ESR, operations, and fire personnel. The project was stopped on November 29th due to environmental conditions. Personnel resumed seeding in the spring and completed the project on March 15, 2011. The seed mix for this project was North Mix.","Within the Long Butte North project area cheatgrass and sandberg bluegrass were the dominant vegetation throughout the seeded areas. Snake River wheatgrass, Great Basin wildrye, alfalfa, and Wyoming big sagebrush were detected in the southern block of the project area. Fire ecologists site visit during the summer noted the primary vegetation cover consisted of cheatgrass, sandberg bluegrass, and tumble mustard. Cheatgrass growth was extensive in some areas.\r\nCheatgrass and sandberg bluegrass dominated the cover in the Bombing Range project area but Snake River wheatgrass and bottlebrush squirreltail were detected in the both the cover transects and density frames. Alfalfa and sagebrush was also detected in the density frames.\r\nThe Wild Horse Management area is dominated by cheatgrass, crested wheatgrass, and sandberg bluegrass. Some alfalfa, Wyoming big sagebrush, bluebunch wheatgrass, bottlebrush squirreltail, and Great Basin wildrye were detected either in the cover transect or the density frames. A site visit by the fire ecologists during the summer noted the area appeared to primarily cheatgrass, sandberg bluegrass, with crested wheat seedings and some tumble mustard. In some parts of the area cheatgrass was thick and tall, up to three feet in height.",Polygon,Confirmed,"Digitized by LTDL data entry personnel, merged map from various sources",7/24/2020,4164.65,3181.61,,Contractor,"Unknown, Erosion, Habitat for wildlife, Hazardous fuels reduction, Invasion by cheatgrass, Invasion by non-native annuals, Invasive species, Loss of desirable species, Loss of native species, Loss of perennials, Loss of vegetation, Noxious weeds, Vegetal cover","Stabilize soils, prevent noxious weeds, and help promote recovery\r\nof the burned area. This would be accomplished by establishing a perennial grass/forb community using\r\npredominantly native seed mixes within 3 years.",,,,,Spring application of the north seed mix,05:48:00
Model 10,Snake River Plain,Post-burn drill seeding,58633,22210,Implemented,Unknown,2,9/18/2018,11/3/2018,Acres,7070,Seeding,Drill Seeding,Ground Seeding: Drill,-1,Confirmed seed list,,Seeds,Confirmed on Paper,Unknown,Species Specific,,"The drill and aerial seed treatment area would be considered recovered and available for grazing when:\r\n\u2022\r\nThe amount of bare mineral soil (lacking cover of plants, litter, or biological soil crust) is within 10% of what would be expected for the site,\r\n\u2022\r\nDesirable herbaceous perennial plants are producing seed, and\r\n\u2022\r\nDesirable perennial vegetation have developed extensive root and shoot systems to provide for soil stabilization and are sustainable under livestock grazing.",The following fall after the herbicide seedbed treatment the proposed vegetation treatment area would be aerial and drill seeded.,"This project consisted of drill seeding within an area of approximately 16,416 acres in the Jim Brown Fuels Project. Of the area an estimate of approximately 45 to 50% was considered drillable. After the project was completed, based on seed used, 43% of the project was drill seeded. This would be approximately 7070 acres. Drill seeding rate was at 6.5 pounds per acre. There was one seed mix for this project. An aerial seeding with the same seed mix was also implemented on the project at a lower seed rate per acre. Eighteen rangeland drills and six rented tractors were used. The project was completed by Twin Falls District ESR, Fuels and Fire employees. The seed was premixed by ESR staff and Twin Falls fire employees. The project was started on September 18, 2018 and completed on November 3, 2018.",Unknown,Polygon,Confirmed,"Digitized by BLM field office personnel, method unknown",None,16425.34,16421.48,,BLM,"Erosion, Habitat for wildlife, Habitat quality, Invasive species, Loss of desirable species, Loss of native vegetation, Loss of perennials, Loss of vegetation, Vegetal cover",,Application method could not reach all areas,"Of the area an estimate of approximately 45 to 50% was considered drillable. After the project was completed, based on seed used, 43% of the project was drill seeded. This would be approximately 7070 acres.",,,"Of the area an estimate of approximately 45 to 50% was considered drillable. After the project was completed, based on seed used, 43% of the project was drill seeded. This would be approximately 7070 acres.",49:26:00
