Model,Ecoregion,Treatment,Trt_ID,Prj_ID,Plan_Imp,Success,Dates_Confirmed,Init_Date,Comp_Date,Units,Num_Units,Trt_Type_Major,Trt_Type_Sub,Treatment_Type,Treatment_Seeded,Seed_List,Seed_Mix_Name,Seeds_or_Seedlings,Seed_List_Confirmed,Control_Areas,Seed_Application_Rate,Seed_Notes,Objectives,Planned_Implementation,Actual_Implementation,Treatment_Effect_and_Results,Trt_Feature_Type,Feature_Status,How_Feature_Created,Feature_Creation_Date,Total_Acres,BLM_Acres,GIS_Notes,Initiated_By,Trt_Concerns,Trt_Concerns_Desc,Problems_Apply_Trt,Problems_Apply_Trt_Desc,Conditions_At_Trt,Conditions_At_Trt_Desc,Trt_Notes,User_Updated
Model 27,Central Basin and Range,Post-burn drill seeding,637,231,Implemented,Unknown,1,10/00/2000,12/00/2000,Acres,1465,Seeding,Drill Seeding,Ground Seeding: Drill,-1,Confirmed seed list,Antelope Fire Drill Mix,Seeds,Confirmed on Paper,Unknown,Species Specific,,"Interdisciplinary rehabilitation team toured the burn areas on 10 and 11 July, 2000.  The team recommended no treatment on 6244 acres of the Antelope burn based on the natural re-vegetation that occurred in the past.  Drill seeding would be completed on 1465 acres of the burned area.","Approximately 1465 acres would be seeded using rangeland drills.  \r\n\r\n Drilling would be done in October/November/December 2000, to take advantage of fall moisture, including snow.  The optimum situation would be to have 4+ inches of snow fall on the seeding just after it is completed.",The Antelope fire area had 1465 acres drill seeded.,"Antelope, Olinghouse and Hungry Valley Fires: Overall the site is considered stable, functioning, and intact.  Seedling establishment was good and drought survival appears sufficient to maintain site; shrub component will not be significanly expressed for 15-20 years.",Polygon,Confirmed,Digitized by LTDL data entry personnel using a confirmed map,6/18/2015,1438.18637,1394.249566,,,"Habitat for mule deer, Erosion, Watershed degradation, Provide forage for wildlife, Provide forage for livestock, Noxious Weeds, Invasion by non-native annuals, Livestock in treated area, Flooding","The Reno Complex burned 14116 acres of public land.  Fuels consisted of grass, brush and timber.  The fires were started by lightning storms on June 28 and June 29, 2000.  implementation of this plan will protect soils in the burned areas, including preventing off-site potential flood damage by rainfall&* will reduce the invasion and establishment of undesirable or invasive species of vegetation, particularly noxious weeds and cheatgrass&* will provide quality forage for wildlife, primarily mammals including ungulates (mule deer)&* and will facilitate meeting established standards and guidelines for livestock grazing.",None,,None,,,25:36:00
Model 27,Central Basin and Range,Post-burn drill seeding,833,299,Implemented,See Comments,1,3/00/2002,3/00/2002,Acres,10800,Seeding,Drill Seeding,Ground Seeding: Drill,-1,Confirmed seed list,Drill Mix,Seeds,Confirmed on Paper,Unknown,Species Specific,"The seed mix did not indicate whether bulk or PLS rates were used, therefore, unknown has been listed and all seed mix information has been entered into the Bulk category.",,"- - - - - NEPA - - - - -\r\nSeeding will be accomplished by a combination of drill seeding with rangeland drills...\r\n\r\n- - - - - EFRP Amendment - - - - -\r\nThe SLFO does not intend to request additional funds for seeding as we will be ""strip&& seeding certain areas...","- - - - - Accomplishment Report - - - - -\r\nESR Plan Specification Completed list: Drill seeding.\r\n\r\n- - - - - EFR Completion Summary - - - - -\r\nAragonite north drilling; 4000 acres; Pending SPR 2002\r\nARAGONITE NORTH (12,367 ACRES PLANNED TO DRILL)\r\nAPPROX. HALF BY DRILLING COMPLETED MAR 2002 ESTIMATED","- - - - - Monitoring Report - - - - -\r\nMonitoring Dates: May 29, 2001; June 26, 2001; June 20, 2002, Sept 25, 2002; Aug 26, 2003\r\n\r\nEssentially no change in plant composition from Nov 13, 02 to Aug 26, 2003.\r\n\r\n- - - - - Monitoring Report - - - - -\r\nThe following factors contribute to a lack of re-vegetation success:\r\n1. Most of the treated sites have had only one year for establishment of areas seeded. A longer time is necessary to determine re-vegetation success.\r\n2. The ESR is in a xerophytic area where hot and the dry climate restricts plant growth.\r\n3. The area has been in a drought since 1999 with less than 6 inches of precipitation during the 2002 water year.\r\n4. The area has burned 5 times during the past 25 years, which has resulted in wind erosion and reduction of site potential.\r\n5. Existing cheatgrass and Eurasian wheatgrasses are competitive to re-vegetation treatments.",Polygon,Confirmed,"Digitized by BLM field office personnel, method unknown",,12368.57619,12212.28831,,,"Erosion, Invasion by Cheatgrass","As a result of repeated fires and introduction of non-native seedings, native shrubs and grasses are uncommon throughout this area as well as the remainder of Utah&$s West Desert. Further hindering the establishment of native vegetation is the lack of annual precipitation. It is widely believed that natural establishment of native species is episodic and occurs only during exceptionally wet years that only occur every seven to ten years. Unfortunately, we cannot depend on those wet years to correspond with the timing of our rehabilitation,",None,,None,,,39:33:00
Model 27,Central Basin and Range,Post-burn drill seeding,4634,1661,Implemented,None,2,8/13/2012,11/15/2012,Acres,800,Seeding,Drill Seeding,Ground Seeding: Drill,-1,Confirmed seed list,,Seeds,Confirmed on Paper,Outside of Treatment,Species Specific,,"The first purpose of this treatment is to prevent the establishment and spread of noxious and invasive plants in this highly vulnerable area. Cheatgrass, mustards, halogeton and Russian thistle are prevalent in the areas surrounding the burn. It is likely that this area will be converted to an annually dominated site without competition from seeded perennial species. Drill seeding lower elevation flats with the mix of competitive perennials including: Siberian wheatgrass, Sandberg\u2019s bluegrass and four-wing saltbush and shadscale has typically resulted in more successful treatment results that aerially applying these species; therefore, the interdisciplinary has opted for this application method. These treatments are also vital in mitigating the potential loss of wildlife habitat surrounding Buffalo mountain. Without these treatments the burned areas are extremely susceptible to exotic annual dominance; this would jeopardize the wildlife that depend on this area year-round. NDOW has been an active participant in selecting a seed mix that will provide the necessary shrub and understory components to meet wildlife needs.","Project proposes to aerially seed 500 acres with a seed mix containing Mountain big\r\nsagebrush, Forage kochia, Western yarrow, and perennial blue flax in Preliminary\r\nPriority Sage Grouse habitat and Preliminary General Habitat.",,"T18-24XY20-BUF-13\r\nTreatment: Drill seeded with Poa secunda, Atriplex canescens, and Agropyron fragile\r\n2015: Density of seeded species does not meet the objective. The plot does not meet the\r\nperennial cover objective. Plot is dominated by invasive annuals B. tectorum, Sisymbrium\r\naltissimum, and Erodium cicutarium. Perennial cover was 5.33%, and very few seeded\r\nspecies were found within plot. The biotic integrity within the plot is significantly\r\nreduced due to the dominant presence of invasive annuals. For an overview of the plot\r\nsee line three, Figure 1.\r\n\r\nC-24XY20-BUF-13\r\nTreatment: NA \u2013 control plot for T18-24XY20-BUF-13\r\n2015: The plot does not meet the perennial cover objective. Plot is dominated by B.\r\ntectorum, and S. altissimum. Additionally, E. cicutarium, and Salsola tragus are common\r\nwithin the plot. Perennial cover is 6.67%.The biotic integrity within the plot is\r\nsignificantly reduced due to the dominant presence of invasive annuals.",Polygon,Confirmed,"Digitized by BLM field office personnel, method unknown",,796.810126,796.8083976,,BLM,"Rangeland health, Loss of sagebrush, Loss of vegetation, Loss of perennials, Loss of native vegetation, Habitat for greater sage grouse, Habitat for mule deer","The first purpose of this treatment is to prevent the\r\nestablishment and spread of noxious and invasive plants in\r\nthis highly vulnerable area. Cheatgrass,\r\nmustards, halogeton and Russian thistle are prevalent in the\r\nareas surrounding the burn. It is likely that this area will be\r\nconverted to an annually dominated site without\r\ncompetition from seeded perennial species. Drill seeding\r\nlower elevation flats with the mix of competitive perennials\r\nincluding: Siberian wheatgrass, Sandberg\u2019s bluegrass, and\r\nfour-wing saltbush and shadscale has typically resulted in\r\nmore successful treatment results that aerially applying\r\nthese species; therefore, the interdisciplinary team has opted\r\nfor this application method.\r\nThese treatments are also vital in mitigating the potential\r\nloss of wildlife habitat surrounding Buffalo mountain.\r\nWithout these treatments the burned areas are extremely\r\nsusceptible to exotic annual dominance; this would\r\njeopardize the wildlife that depend on this area year-round.\r\nNDOW has been an active participant in selecting a seed\r\nmix that will provide the necessary shrub and understory\r\ncomponents to meet wildlife needs.",None,,None,,,15:02:00
Model 27,Central Basin and Range,Post-burn drill seeding,6027,2205,Implemented,Unknown,1,00/00/1987,00/00/1987,Acres,4270,Seeding,Drill Seeding,Ground Seeding: Drill,-1,Confirmed seed list,Drill Seeding Mix,Seeds,Confirmed on Paper,Unknown,Overall,"There was only a general rate listed for all species combined indicated here, specific rates for each species were not possible.",,,,,Polygon,Confirmed,"Digitized by BLM field office personnel, method unknown",6/11/2015,4426.98028,4134.806611,,Unknown,"Erosion, Loss of vegetation, Rangeland health, Vegetal cover",,Unknown,,Unknown,,,35:06:00
Model 27,Central Basin and Range,Post-burn drill seeding,6938,2510,Implemented,See Comments,1,10/00/1999,11/00/1999,Acres,350,Seeding,Drill Seeding,Ground Seeding: Drill,-1,Planned seed list,Drill Mix,Seeds,Plan,Unknown,Species Specific,"The seed mix did not indicate whether bulk or PLS rates were used, therefore, unknown has been listed and all seed mix information has been entered into the Bulk category.",- - - - - EFRP - - - - - \r\nRangeland Drill; 350 acres; OCT - NOV 1999,- - - - - EFRP - - - - - \r\nRangeland Drill; 350 acres; OCT - NOV 1999\r\n\r\nAverage depth of seeding: 1/4 inch.,,"- - - - - Monitoring 2006 - - - - -\r\nI re-visited the Clover Fire, R012 on November 15, 2006. No seeded forbs were found. Of the seeded grasses that were located, Crested wheatgrass is abundant and Thickspike or western wheat grass is infrequent...\r\n\r\nDuring the first two to three years, some seeded forbs of small burnet, blue flax, and yellow sweet clover grew on this site.\r\n\r\n[see monitoring reports]",Polygon,Confirmed,"Digitized by BLM field office personnel, method unknown",,364.1630008,364.1633222,,,Noxious Weeds,Possible invasions of squarrose knapweed and Dalmatian toadflax.,None,,None,,,23:53:00
Model 27,Central Basin and Range,Post-burn drill seeding,9084,3247,Implemented,None,2,10/2/1999,11/7/1999,Acres,6532,Seeding,Drill Seeding,Ground Seeding: Drill,-1,Confirmed seed list,,Seeds,Confirmed on Paper,Unknown,Species Specific,,,,"The third contractor Vane Nichols, Contract No.1422-N670-P97-0001,Task Order No.22 completed 6,532 drill seeded acres. The weather during this project was cloudy and cold. Ground conditions were moist. The project was started on 10/2/99. The contractor used two rangeland tractors, two drill carts and six rangeland drills. The drill was complete on 11/7/99. This drill was done on the Alder Creek Allotment. The project Inspector was Gil Rivas. The seed mixture on this was the Dust Control(treated). The seed was distributed at a rate of 8.0lb/acre for total of 52,909 pounds of seed.",,Polygon,Confirmed,"Digitized by BLM field office personnel, method unknown",,5345.049685,5216.7488,,Contractor,None,,None,,None,,,08:27:00
Model 27,Central Basin and Range,Post-burn drill seeding,10253,3652,Implemented,None,2,10/1/2013,12/25/2013,Acres,161,Seeding,Drill Seeding,Ground Seeding: Drill,-1,Confirmed seed list,,Seeds,Confirmed on Paper,Unknown,Species Specific,"Seed mix and lbs per acre and not consistent with acreage, so only bulk lbs. were entered.",To obtain an average of 0.25 sagebrush plants per square meter and obtain 25% or greater perennial cover of the low potential perennial plant cover for the appropriate ecological site by the third year after fire containment.,,"Drill seeded with Artemisia tridentata ssp. wyomingensis, Grayia spinosa, Poa secunda, Achnatherum hymenoides.","After the first year of treatment, monitoring results show that the plot has met plant density objectives but has not yet met percent perennial cover objectives. The site is dominated by B. tectorum and S. tragus. Drill seeding failed to establish any seeded species. Perennial cover is very low. With thick annual cover and no seed source nearby, site recovery is expected to be slow and stunted.",Polygon,Confirmed,"Digitized by BLM field office personnel, method unknown",,155.52605,143.4799978,,BLM,"Habitat for mule deer, Habitat for sage grouse, Habitat for greater sage grouse, Loss of vegetation, Loss of sagebrush, Loss of native vegetation, Loss of perennials, Habitat for antelope",,None,,None,,,41:30:00
Model 27,Central Basin and Range,Post-burn drill seeding,14516,5240,Implemented,Unknown,1,12/00/2007,12/00/2007,Acres,4708,Seeding,Drill Seeding,Ground Seeding: Drill,-1,Confirmed seed list,Drill Seed Mix,Seeds,Confirmed on Paper,Unknown,Species Specific,The 2008 Monitoring Summary and Funding Request replaces Great Basin Wildrye with Scarlet globemallow.\r\nSee seed list in the ESR for planned amounts.,"The primary objective of the treatment is to seed areas of the burn that are at high risk for significant erosion and non-native species invasion. Due to these risks coupled with moderate annual precipitation (8-10 inches), a seed mix consisting of native species (Indian Ricegrass, Big bluegrass, Snake River wheatgrass, Blue flax and Scarlet globemallow, ) was selected to decrease soil erosion and the possibility of invasion by non-native species.\r\nAreas identified for treatment are those with the highest vegetation mortality or most at risk for cheatgrass invasion or major erosion. Post-fire assessments identified these areas as least likely to naturally revegetate to a functioning state.","Drill seed approximately 4,350 acres with a mixture of Indian ricegrass, Sherman bluegrass, Snake River wheatgrass, Great Basin wildrye and blue flax. This seeding will be completed using a rangeland or minimum till drill.\r\n\r\n\r\nDrill seeding is being proposed to address soil and water stabilization issues on the Hepworth Fire, as well as deterring invasive species.  A native mix of Indian ricegrass, Sherman bluegrass, Snake River wheatgrass, Great Basin wildrye and blue flax will be seeded on 4,350 acres of mid elevation sites that burned hot, with high vegetation loss that are appropriate for drill seeding. \r\nThe cost of ground seeding is $382,065. Post-fire assessments identified only areas for treatment that are at highest risk for permanent site conversion. The size of the area and cost of rehabilitating these sites will be much smaller following the current proposal.  Should these proposals not be implemented and cheatgrass invasion and major erosion occur, the cost and size of the restoration project could be enormous.","A seed mix consisting of native species (Indian Ricegrass, Big bluegrass, Snake River wheatgrass, Blue flax and Scarlet globemallow, ) was selected to decrease soil erosion and the possibility of invasion by non-native species.","BLM monitoring personnel assess the seeding areas yearly to evaluate treatment success.  Effectiveness is based on establishment of three seeded plants per square meter rooted firmly in the soil with consideration to site selection factors such as soils, topography, native release of desirable species, and the potential for seedling establishment. Monitoring data is shared with range staff to provide comparisons with unburned reference sites.\r\n\r\nThe summary for the drill seeding was compiled from the data of 3 study sites: HES2-01, HES2-02 and HES2-03. These three sites were sampled using the USGS post-fire revegetation monitoring protocol, combining line-point intercept,  gap intercept, belt transect and photo point techniques. An in depth scientific analysis of seeding success will be compiled in early FY09. \r\n\r\nIn the first year post-fire and post-treatment, both seeded and native species were recorded in the study plots on the Hepworth Fire. \r\n\r\nSeeded species per square meter were observed with the following density: \r\nIndian ricegrass, .64\r\nBig Bluegrass, .12\r\nSnake River wheatgrass, .2\r\nBlue flax, .17\r\nTotal seeded species observed per meter: .95\r\n\r\nThe following native release species were also observed within the transects: POSE, SIHY, ELCI, AGSP CHVI-8, AGCR, AGDA, AGGL, ASTRA, ERSP, TRDU, AMTE, LUPIN, ASTER, PHHO, ALLIU, MEAL, LASE, GARA, CRAC and CRYPT\r\n\r\nThe following invasive/ potentially invasive species were observed within the transect: BRTE, DEPI, SIAL and LEPE",Polygon,Confirmed,"Digitized by BLM field office personnel, method unknown",,4708.826144,4619.685787,,Contractor,"Erosion, Habitat for antelope, Habitat for mule deer, Habitat for sage grouse, Impact on Cultural Resources, Invasion by Cheatgrass, Livestock in treated area, Noxious Weeds, Special Status Species, Watershed degradation, Provide forage for wildlife","Implementation of the proposed action described in the Emergency Stabilization and Rehabilitation Plan for the Hepworth Fire will protect soils in the burned area, including preventing potential loss of soil due to wind and water erosion&* will reduce potential invasion and establishment of noxious weeds and cheatgrass&* will provide quality forage for livestock and wildlife&* will facilitate meeting established standards and guidelines for livestock grazing&* will protect cultural resources sites eligible for the National Register of Historic Places&* and provide for public safety.",None,,None,,"Aerial and drill seeding areas overlap.\r\nThe 2008 Monitoring Summary and Funding Request combines monitoring of the drill and aerial seedings. Seed mix data differs between Plan, Summary, and Seed List.",59:09:00
Model 27,Central Basin and Range,Post-burn drill seeding,15499,5590,Implemented,None,2,11/11/2011,12/10/2011,Acres,7702,Seeding,Drill Seeding,Ground Seeding: Drill,-1,Planned seed list,,,Plan,,,,"The objectives for cover will be to obtain 70% of all perennial plant cover found in the associated reference site, or, when not possible, to achieve 50% of the lowest value for perennial cover associated with the appropriate ecological or range site by the end of the third year. Density objectives for aerially seeded areas will be based on having three seeded species firmly rooted per square meter by first or second growing season following seeding.","Drill seed 8,500 acres throughout the lower elevation flats with Siberian wheatgrass (Agropyron fragile), Sandberg's bluegrass (poa secunda), and four-wing salt bush (atriplex canescens). Broadcast seed and harrow 14 acres of lower elevation drainages with basin wildrye (Leymis cinerius ). Create a total of 691 acres of fuelbreaks to stabilize soils and prevent future fire-related\r\ndamage to the seeded areas using Forage kochia, Yarrow (Achellia millefolium), Siberian wheatgrass and Sandberg&$ s bluegrass.",,,Polygon,Confirmed,"Digitized by BLM field office personnel, method unknown",,7708.584829,7517.51728,,BLM,"Habitat for antelope, Habitat for desert bighorn sheep, Erosion, Loss of perennials, Loss of native vegetation, Loss of sagebrush, Loss of vegetation, Habitat for mule deer",,None,,None,,,11:39:00
Model 27,Central Basin and Range,Post-burn drill seeding,15658,5662,Implemented,Successful,1,10/00/2000,12/00/2000,Acres,720,Seeding,Drill Seeding,Ground Seeding: Drill,-1,Confirmed seed list,hungry Valley Fire Drill Mix,Seeds,Confirmed on Paper,Unknown,Species Specific,,"The interdisciplinary rehabilitation team toured the burn areas on 10 and 11 July, 2000.  The team recommended no treatment on 6225 acres of the Antelope burn, 2985 acres of the Hungry burn and 816 acres of the Jones burn based on the natural re-vegetation that occurred in the past.  720 acres were planned to be drill seeded.","Approximately 720 acres would be seeded using rangeland drills.\r\n\r\nDrilling would be done in October/November/December 2000, to take advantage of fall moisture, including snow.  The optimum situation would be to have 4+ inches of snow fall on the seeding just after it is completed.",The Hungry Fire had 720 acres of burned area drill seeded.,"Antelope, Olinghouse and Hungy Valley Fires: Overall the site is considered stable, functioning and intact.  Seedling establishment was good and drought survival appears sufficient to maintain site; shrub component will not be significantly expressed for 15-20 years.",Polygon,Confirmed,"Digitized by BLM field office personnel, method unknown",,822.3576736,821.8700249,This is the treament area found within the Hungry Valley Fire burn area.,,"Flooding, Habitat for mule deer, Invasion by non-native annuals, Noxious Weeds, Provide forage for livestock, Provide forage for wildlife","The Reno Complex Fires burned 14116 acres of public land.  Fuels consisted of grass, brush and timber.  The fires were started by lightning storms on June 28 and June 29 2000.  Implementation of this Plan will protect soils in the burned areas, including preventing off-site potential flood damage by rainfall&* will reduce the invasion and establishment of undesirable or invasive species of vegetation, particularly noxious weeds and cheatgrass&* will provide quality forage for wildlife, primarily mammals including ungulates (mule deer)&* and will facilitate meeting established standards and guidelines for livestock grazing.",None,,None,,,09:21:00
Model 27,Central Basin and Range,Post-burn drill seeding,15795,5731,Implemented,See Comments,1,11/15/2002,00/00/2004,Acres,1387,Seeding,Drill Seeding,Ground Seeding: Drill,-1,Planned seed list,High Elevation,Seeds,Plan,Unknown,Species Specific,"The seed mix did not indicate whether bulk or PLS rates were used, therefore, unknown has been listed and all seed mix information has been entered into the Bulk category.",- - - - - ESR Plan - - - - -\r\nDrill seed 1459 acres of burned rangeland (See Native-Nonnative Worksheet for seed mixture).\r\n\r\nPrepare seed bed and seed 1459 acres by harrowing and seeding.,"- - - - - ESR Plan - - - - -\r\nDrill and seed 1387 acres using a rangeland drill using the HIGH Elevation Seed mix. Use seed dribblers to be attached to the tractor for planting bitterbrush seed. May add or substitute for browse, fourwing saltbush/Gardner saltbush and/or spiny hopsage if available.","- - - - -  Monitoring Final - - - - -\r\nThe area was re-drilled and monitored.\r\n\r\nDue to better rainfall during 2004 than 2002, and 2003, the re-drilled project appears to be successful. However, the plants are still small, that is, only 3 to 4 inches tall.\r\n\r\n- - - - -  FY04 Carryover Request - - - - -\r\nTreatment was completed for this project Failure of the seeding project is attributed to drought, crickets, and wind erosion since the area received an extreme wind event occur last spring. Request is for reseeding and drilling of the area\r\n\r\n- - - - - Initial Accomplishment Report - - - - -\r\nDrill seed 1387 acres.","- - - - -  FY04 Carryover Request - - - - -\r\nThe ESR treatment was completed November 15, 2002. June 13, 2003 the site was inspected and checked for any establishment of seed coming. The site was again checked August 2003 for any success of the seeding. Seed establishment was spotty and sparse. Vast bare areas were prominent throughout, with massive invasion of Halogeton. An assessment was made September 2003 to determine the problem. It was felt by the team that drought along with a major wind event last spring had contributed to the failure of this project.\r\n\r\nDuring August 2004 the re-drilled rows provided many crested wheatgrass seedlings. However,\r\nthe halogeton was thick and 6 to 10 inches tall. There is a hope that the grass will remain and\r\nthe annual invasive plants will lose out. This area received a good rain during August 2004.\r\n\r\n\u201cI visited the Ibapah ES&R R029 project on August 19, 2004. The ground was\r\nwet as a nice rain occurred there August 18, 2004. The appearance of this\r\nproject today is a much different than it was last year (this was formerly a\r\nsagebrush steppe vegetation type). There was little vegetational cover last year\r\nbecause of the drought. There was much bare ground on the sandy hills leaving\r\none with the idea that this area was an area of sand dunes. In contract, today,\r\nbecause of all the moisture, the vegetational ground cover is approximately\r\n60%. However, most of the vegetation is halogeton which shows a lot of vigor\r\nand is 4 to 8 inches tall. Surprisingly, there was only a small amount of\r\ncheatgrass on the site. I visited the Nevada side and there was more cheatgrass\r\nand less halogeton there than on the Utah side.\r\nThe first year\u2019s drill rows did not have any seeded plant material in them.\r\nHowever, the drill rows for FY 2004 had young wheatgrass plants that were 2 to\r\n6 inches apart down each drill row. These young plants were very slender and\r\nwere 3 to 6 inches tall. Most of the seeded plants growing are thought to be\r\nSiberian wheatgrass. Due to the wetness of the area, it is felt that these young\r\nplants will get though the rest of the summer, even if it does not rain more this\r\nsummer. Since the grasses are cool season and halogeton is mostly a hot season\r\nplant, it is projected that the seeded grasses will do well on this project despite\r\nthe halogeton. It was of interest that perhaps halogeton has a slight edge over\r\nRussian thistle for phenological growth behavior. Listed are plants that I\r\nobserved. The project needs to be monitored the next two years to fully assess the response\r\nof the seeded bunchgrasses.\u201d",Polygon,Confirmed,"Digitized by BLM field office personnel, method unknown",,1716.556704,1675.830599,,Contractor,"Erosion, Fire hazard, Invasion by Cheatgrass, Noxious Weeds, Livestock in treated area","The purpose of the treatment is to stabilize the area from soil loss and prevent invasion of cheatgrass and noxious weeds. The fences and cattleguards are to protect the seeded area from livestock, wild horses, and wildlife use during the establishment period. The fire break is to prevent future wildfires along the state line and protect the state line range fence.",None,,None,,,51:44:00
Model 27,Central Basin and Range,Post-burn drill seeding,17848,6470,Implemented,See Comments,1,00/00/2001,00/00/2002,Acres,1905,Seeding,Drill Seeding,Ground Seeding: Drill,-1,Planned seed list,Drill Mix,Seeds,Plan,Unknown,Species Specific,,"Portions will be rehabilitated using a seed mixture of native and naturalized plant species (introduced grasses, forbs, and shrubs which already occur in a self-sustaining wild state). Seedings would not be conducted in areas that have potential for natural recovery or areas that are unsuited for treatments.",,"1905 acres Drill Seeding @ $5.50/acre,","Neither of the three transects met coverage objectives at the end of the two years of monitoring (See table 1). All seeded species (except ARTRW* and CELA) were recorded in transects (See table 2.). Natural recovery  (ATCO and POSE), slowly showing in transects at the end of two years of monitoring (See table 2). Cheatgrass competition on some sites restricted the growth of drill seeded species and native vegetation. Fence damage and trespass grazing from cattle and burros evident the last monitoring season. This area remains closed to grazing to allow upward cover trends of seeded species and natural recovery to continue. Monitoring should continue for one more growing season.",Polygon,Confirmed,"Digitized by BLM field office personnel, method unknown",,1780.048671,1682.518223,,,"Rangeland health, Loss of vegetation","Implementation of the plan will allow proper rehabilitation of the public lands which burned during the Kumiva Fire on August 12, 2001.",None,,None,,,34:42:00
Model 27,Central Basin and Range,Post-burn drill seeding,17947,6509,Implemented,Unknown,2,10/25/2014,12/20/2014,Acres,4895,Seeding,Drill Seeding,Ground Seeding: Drill,-1,Confirmed seed list,Lages Sage Grouse Drill Mix,Seeds,Confirmed on Paper,No control areas present,Species Specific,,The drill seeding treatment will be deemed effective if the following objectives are met. 1)\r\nAn average of three desirable perennial plants per square-meter will be permanently\r\nestablished in the burned area within three growing seasons post-fire. 2) The seeding will\r\nresult in greater abundance (density and cover) of seeded species when compared to\r\nunseeded controls. 3) The seeded area will have lower abundance (cover) of invasive annual\r\ngrasses than the unseeded control areas.,"The proposed treatment is to drill seed approximately 5,000 acres with a mixture of grass and forb seeds within the Lages burned area. Prior to the fire, the vegetation was primarily sagebrush (Black, mixed with Wyoming) with a perennial grass and forb understory. Approximately 2,900 acres had previously been identified as preliminary priority greater\r\nsage-grouse habitat (PPH), while approximately 2,545 acres had been identified as preliminary general habitat (PGH). Shrubs are not included in the drill mix, as they will be aerially applied on the drill area later in the year to avoid burying the seed too deep for effective establishment. The shrub mix will contain Wyoming sagebrush and black sagebrush. Drill seeding would occur within all PPH and PGH that can be traversed by tractor and drill. Rock outcrops, unburned islands, standing trees (burned and unburned), any identified cultural resources and 4, 10-acre unseeded control plots will be avoided by the drilling equipment. Drill seeding will occur in the fall shortly before anticipated winter snowfall.","Drills were delivered from the Vale Drill Shop. 2 BLM\r\ntractors were used for drill seeding (1 from Ely District, 1 from\r\nTwin Falls District). ESR, Fuels and Fire staff from the Ely\r\nDistrict were utilized to implement seeding. Seeding was shut\r\ndown intermittently for snowfall, frozen ground and other\r\nadjacent treatments (aerial seeding and chaining). Seed was\r\nmixed by Ely fire crew prior to seeding",Unknown,Polygon,Confirmed,"Digitized by BLM field office personnel, method unknown",,4893.39,4893.39,,BLM and Cooperators,"Erosion, Establishment of seeded species, Habitat for sage grouse, Habitat for wildlife, Invasive species, Noxious weeds","Proposed drill and aerial seeding treatments will help reestablish perennial cover, mitigate accelerated soil loss, minimize establishment of undesirable invasive annuals and noxious weeds and support rehabilitation of important sage grouse habitat.",Delayed,"Seeding was shut\r\ndown intermittently for snowfall, frozen ground and other\r\nadjacent treatments (aerial seeding and chaining).","Frozen Soil, Snow, Other (See Trt Notes)","Seeding was shut\r\ndown intermittently for snowfall, frozen ground and other\r\nadjacent treatments (aerial seeding and chaining).","Confirmed Costs:\r\nFY2014 - $313,515 + surcharge allocated to RSW\r\nFY2015 - $136, 101",57:58:00
Model 27,Central Basin and Range,Post-burn drill seeding,18945,6887,Implemented,None,2,11/15/2012,12/15/2013,Acres,925.1,Seeding,Drill Seeding,Ground Seeding: Drill,-1,Confirmed seed list,Mix 1,Seeds,Confirmed on Paper,Unknown,Species Specific,,"The objectives for cover will be to obtain 70% of all perennial plant cover found in the associated reference site, or, when not possible, achieve 50% of the lowest value for perennial cover associated with the appropriate ecological or range site by the end of the third year. Density objectives for aerially seeded areas will be based on having three seeded species firmly rooted per square meter by first or second growing season following seeding.","Drill seed or broadcast and harrow seed a total of 2,948 acres with competitive perennial\r\ngrasses and forbs. This activity will be coordinated with chemical control of invasive\r\nannual plant species.\r\nApproximately 2,538 (of the 2,948 acre total) acres will be seeded within former cheatgrass\r\ndie-off areas, with the remaining 410 acres to occur in areas which were identified as\r\nhaving a high potential for wind erosion and non-native species invasion. Establishment of\r\nperennial grasses/shrubs will be necessary to stabilize soils in these identified areas.","Drill seeding occurred within historic cheatgrass ""die-off&& areas utilizing Siberian Wheatgrass, Sandberg\u2019s bluegrass Indian ricegrass, and 4-wing saltbush mix. Entire area was then broadcast seeded (on snow) with Wyoming sagebrush.","T4-A2-LOCY-13\r\nTreatment: aerially seeded with A. tridentata ssp. vaseyana, P. secunda, and A.\r\nmillefolium\r\n2015: The plot meets the ESR objective for perennial cover. It does not meet the\r\nlivestock closure objective. The plot meets the objective for density of seeded species.\r\nThe flora is relatively diverse in this plot. B. tectorum is common to codominant and\r\noccupies much of the understory. Some soil degradation has occurred, as shown by\r\nconnected water-flow patterns, reduced soil stability, and pedestalling on perennial\r\nplants.",Polygon,Confirmed,"Digitized by BLM field office personnel, method unknown",,925.7453481,925.7240451,,,"Habitat for antelope, Habitat for desert bighorn sheep, Habitat for greater sage grouse, Habitat for mule deer, Loss of perennials, Loss of native vegetation, Loss of riparian vegetation, Loss of sagebrush, Loss of vegetation, Invasive species",,None,,None,,,05:13:00
Model 27,Central Basin and Range,Post-burn drill seeding,18947,6887,Implemented,None,2,11/15/2012,12/15/2013,Acres,690,Seeding,Drill Seeding,Ground Seeding: Drill,-1,Confirmed seed list,Broadcast Mix,Seeds,Confirmed on Paper,Unknown,Species Specific,,"The objectives for cover will be to obtain 70% of all perennial plant cover found in the associated reference site, or, when not possible, achieve 50% of the lowest value for perennial cover associated with the appropriate ecological or range site by the end of the third year. Density objectives for aerially seeded areas will be based on having three seeded species firmly rooted per square meter by first or second growing season following seeding.","Drill seed or broadcast and harrow seed a total of 2,948 acres with competitive perennial\r\ngrasses and forbs. This activity will be coordinated with chemical control of invasive\r\nannual plant species.\r\nApproximately 2,538 (of the 2,948 acre total) acres will be seeded within former cheatgrass\r\ndie-off areas, with the remaining 410 acres to occur in areas which were identified as\r\nhaving a high potential for wind erosion and non-native species invasion. Establishment of\r\nperennial grasses/shrubs will be necessary to stabilize soils in these identified areas.","Drill seeding occurred within historic cheatgrass ""die-off&& areas utilizing Siberian Wheatgrass, Sandberg\u2019s bluegrass Indian ricegrass, and 4-wing saltbush mix. Entire area was then broadcast seeded (on snow) with Wyoming sagebrush.",,Polygon,Confirmed,"Digitized by BLM field office personnel, method unknown",,1637.272587,1637.248035,,BLM,"Habitat for antelope, Habitat for desert bighorn sheep, Habitat for greater sage grouse, Habitat for mule deer, Loss of perennials, Loss of native vegetation, Loss of riparian vegetation, Loss of sagebrush, Loss of vegetation, Invasive species",,None,,None,,,08:52:00
Model 27,Central Basin and Range,Post-burn drill seeding,20521,7522,Implemented,Unknown,1,10/00/1994,3/00/1995,Acres,7825,Seeding,Drill Seeding,Ground Seeding: Drill,-1,Planned seed list,Milford Bench Drill Seeding,Seeds,Plan,Unknown,Species Specific,,"The proposed action is needed to minimize the adverse affects of fire to soil, vegetation and wildlife.  Rapid reestablishment of perennial vegetation would reduce soil loss, thus preserving long-term productivity of the area.\r\n   Goals and general objectives of the project are to:\r\n   A.  Reestablish perennial vegetation communities which have a fire resistant characteristics and reduce the opportunity for invasion of undesirable annuals.  Annual vegetation, if allowed to invade these sites, would continue or increase the occurrence of major fires on these areas.\r\n  B.  Maintain the soil surface factor at the present level by maximizing soil surface cover in the shortest possible timeframe.\r\n  C.  Establish a plant community that would, over the long-term, provide for the diverse needs of the soil an wildlife resources, as well as for domestic livestock.",The area was to be seeded with a rangeland drill,A memo indicates that the area was drill seeded at a rate of 7.0 pounds per acre with rangeland drills.,,Polygon,Confirmed,"Digitized by BLM field office personnel, method unknown",,7662.878738,7538.643656,,,"Provide forage for livestock, Habitat for wildlife, Invasion by non-native annuals, Loss of Perennials, Erosion, Fire hazard","The proposed action is needed to minimize the adverse affects of fire to soil, vegetation and wildlife.  Rapid reestablishment of perennial vegetation would reduce soil loss, thus preserving long-term productivity of the area.\r\n   Goals and general objectives of the project are to:\r\n   A.  Reestablish perennial vegetation communities which have a fire resistant characteristics and reduce the opportunity for invasion of undesirable annuals.  Annual vegetation, if allowed to invade these sites, would continue or increase the occurrence of major fires on these areas.\r\n  B.  Maintain the soil surface factor at the present level by maximizing soil surface cover in the shortest possible timeframe.\r\n  C.  Establish a plant community that would, over the long-term, provide for the diverse needs of the soil an wildlife resources, as well as for domestic livestock.",None,,None,,,52:02:00
Model 27,Central Basin and Range,Post-burn drill seeding,21403,7836,Implemented,Partially Successful,1,9/00/2006,3/00/2007,Acres,560.73,Seeding,Drill Seeding,Ground Seeding: Drill,-1,Confirmed seed list,Drill Mix,Seeds,Confirmed on Paper,Unknown,Unknown,Seed mix calls for Alfalfa but uses the code MEOF (Yellow Sweetclover).,"The primary objective of the treatment is to seed areas of the burn that are at high risk for significant erosion and non-native species invasion. \r\nEstablish three seeded plants per square meter rooted firmly in soil with consideration for site selection factors of soils, topography, native release of desirable species, and potential for seedling establishment.  Reduce bare ground within the burned area to decrease chance of cheatgrass establishment and lower risk of invasive exotic species gaining dominance.  Protect soil by reducing amount of wind and water erosion.  Provide forage and cover for wildlife and BLM Special Status Species/migratory birds, including crucial winter habitat for mule deer, and sage grouse habitat.","Drill seed approximately 782 acres with a mixture of \u201cHycrest\u201d Crested Wheatgrass, \u201cBannock\u201d Thickspike Wheatgrass, \u201cSecar\u201d Snake River Wheatgrass, \u201cBozoisky\u201d Russian Wildrye, \u201cRimrock\u201d Indian Ricegrass, and \u201cLadak\u201d Alfalfa.  \r\n\r\nDrill seeding 188 acres of a seed mix of native and nonnative species on moderate to high vegetation mortality and moderate burn severity areas to maintain ecological stability, minimize invasion of cheatgrass and noxious weeds and stabilize areas identified as having high wind erosion hazard in order to minimize topsoil loss and fugitive dust.  One seed mix composed of Crested wheatgrass, Russian wildrye, Indian ricegrass, Secar Snake River wheatgrass, Thickspike wheatgrass and alfalfa is proposed.  Range sites within these fires have been analyzed and prioritized for treatment to prevent site degradation, maintain ecological stability, and prevent the spread of non-native, invasive weeds on sites that are suitable for ground seeding methods.  Seeding would utilize species that are adapted to the sites.  Seeding would help quickly establish vegetation that will stabilize soils, reduce erosion, improve soil infiltration of moisture, provide competition for invasive nonnative species and replace organic litter that was consumed by fire.  It is expected that perennial native and non-native grasses, shrubs and forbs will establish within the burned area during the first growing season.  Seeding would be completed using a rangeland drill ahead of or concurrent with fall or winter moisture.  Literature, research, implementation of previous ES and BAR plans, and personal knowledge of BAER team members and Elko Field Office staff has shown success with this timing and application method.  It is expected that vegetation establishment would be successful on all sites although the presence or absence of timely moisture could be a limiting factor.  See Vegetation Treatments - Seeding Map, Appendix IV for proposed ES Plan treatment locations.","Due to the high risk of non-native species invasion coupled with moderate annual precipitation (8-10 inches), a seed mix consisting of both native and non-native species (Russian wildrye, Crested wheatgrass, Bluebunch wheatgrass, Indian ricegrass, Snake River wheatgrass and Alfalfa) was selected.\r\n\r\nThe area received cultural clearance by BLM archeologists prior to treatment implementation. Drilling was done in-house using BLM personnel and either BLM equipment or rented equipment.  Drill seeding continued as ground conditions allowed.  Drill seeding was monitored to ensure that disks were cutting into the soil.  A project inspector was present throughout the process to ensure the treatment met contract specifications.","BLM monitoring personnel assess the seeding areas yearly to evaluate treatment success.  Effectiveness is based on establishment of three seeded plants per square meter rooted firmly in the soil with consideration to site selection factors such as soils, topography, native release of desirable species, and the potential for seedling establishment. Monitoring data is shared with range staff to provide comparisons with unburned reference sites.\r\n\r\nThe Mudd Range Drill Seeding was monitored at one location (MUDR \u2013 01) with a permanent modified Freqdens transect. \r\nMonitoring Results:\r\n2007 \u2013 Total seeded species exceed the target density of three plants per square meter, with Alfalfa and Crested Wheatgrass making the greatest contribution. \r\n2008 \u2013 Total seeded species appeared to decline to under one and one-half plants per square meter during the second monitoring year.  Because this monitoring site was read with a permanent transect, we may have more confidence in changes in species numbers from year to year than with plots read with paced transects.  Alfalfa declined precipitously from over two plants per square meter to low density.  Crested Wheatgrass declined and Snake River Wheatgrass more than doubled in density. \r\n2009 \u2013 Crested Wheatgrass continued to decline: it was not recorded during the final monitoring year.  Snake River wheatgrass increased.  Thickspike Wheatgrass was recorded for the first time.  Seeded species seemed well established despite not achieving the target density of three plants per square meter.  The Mudd Range Drill seeding is partially successful.",Polygon,Confirmed,"Digitized by BLM field office personnel, method unknown",,561.0303727,545.4942459,Confirmed due to acres matching 2009 closeout summary.,BLM,"Habitat for antelope, Habitat for mule deer, Habitat for sage grouse, Impact on Cultural Resources, Loss of cultural sites, Erosion, Invasion by non-native annuals, Special Status Species, Provide forage for wildlife, Provide cover for wildlife","Implementation of the proposed action described in the Emergency Stabilization and Rehabilitation Plan DNA for the Mudd Fire will protect soils in the burned area, including preventing potential loss of soil due to wind and water erosion&* will reduce potential invasion and establishment of noxious weeds and cheatgrass&* will provide quality forage for livestock and wildlife&* and will facilitate meeting established standards and guidelines for livestock grazing.",None,,None,,,32:42:00
Model 27,Central Basin and Range,Post-burn drill seeding,22639,8263,Implemented,None,2,10/12/1965,10/15/1965,Acres,912,Seeding,Drill Seeding,Ground Seeding: Drill,-1,Confirmed seed list,,Seeds,Confirmed on Paper,Unknown,Species Specific,.,,,"It was seeded to crested wheatgrass at a rate of approximately 6lbs/acre from October 12 to October 15, 1965.",,Polygon,Confirmed,Digitized by LTDL data entry personnel using a confirmed map,6/18/2013,3424.494646,2846.226581,,Contractor,Unknown,,None,,None,,,10:48:00
Model 27,Central Basin and Range,Post-burn drill seeding,24514,8995,Implemented,None,1,9/00/1985,00/00/1986,Acres,1074,Seeding,Drill Seeding,Ground Seeding: Drill,-1,Planned seed list,Porcupine Drill Mix,Seeds,Plan,Unknown,Species Specific,,1. Prevent loss of additional vegetative cover;\r\n2. Prevent loss of soil through erosion (wind and water) and on-site productivity of ecological sites;\r\n3. Prevent the loss of water control and deterioration of water quality;\r\n4. Prevent damage to property on and off-site;\r\n5. Prevent the invasion of burned areas by highly flammable plants which produce a high potential for a reburn and additional site deterioration;\r\n6. Prevent the loss of fish and wildlife habitat;\r\n7. Provide available vegetation to sustain livestock active preference and wild horse management numbers.,Drill seed 1450 acres with rangeland drill,Drill seeded 1074 acres with a rangeland drill.,"Following a two year period for germination, growth and establishment, the principal seeded species, crested wheatgrass and yellow sweet-clover, averaged 27 and 11 individuals per square yard respectively. Crested wheatgrass was the top ranked species for both years sampled, reinforcing the assessment that the seeding has been successful. In addition to wheatgrass, bluegrass and sweet clover have also ranked highly.",Polygon,Confirmed,"Digitized by BLM field office personnel, method unknown",,1073.680795,1060.078362,,,"Habitat for wildlife, Erosion, Fire hazard, Invasion by non-native annuals, Livestock in treated area, Loss of Perennials, Loss of vegetation, Overgrazing, Provide forage for livestock, Provide forage for wildlife","Prevent any further damages from occurring to on or off-site resources due to the fires. The intent is not to enhance burn areas, but to restore these areas to their previous condition prior to the fires and provide sufficient vegetative cover to limit and/or stop accelerated erosion caused by the fire&$s impacts on the existing resources. EFR actions must be taken, to the extent possible, in the shortest time period possible, before any major damage causing storms can take place.",None,,None,,"Siberian wheatgrass was planned for seeding, but, as per Rehabilitation Evaluation document (see Hyperlinks), crested wheatgrass was used.",12:46:00
Model 27,Central Basin and Range,Post-burn drill seeding,24730,9071,Implemented,None,1,10/00/1996,2/00/1997,Acres,1390,Seeding,Drill Seeding,Ground Seeding: Drill,-1,Confirmed seed list,Prairie Dog Seed Mix,Seeds,Confirmed on Paper,,Species Specific,,Establish soil binding vegetation to reduce wind erosion.  Provide forage for livestock.  Establish perennial fire resistant vegetation.,,"Seeded 1,390 acres grass/forb\r\nmix.  Method of Application: Rangeland drills.",,Polygon,Confirmed,"Digitized by BLM field office personnel, method unknown",,1545.932811,1539.151538,,,"Invasion by non-native annuals, Other (See Trt Notes), Erosion, Provide forage for wildlife, Loss of Perenials","This area lacks sufficient perennial plants for natural recovery. Wyoming big sagebrush communities natural recovery is 50 to 75 years, in areas with perennial grass species. If no action is taken this area will be dominated by annual species.",None,,None,,,14:35:00
Model 27,Central Basin and Range,Post-burn drill seeding,25208,9278,Implemented,Unknown,2,12/1/2001,1/25/2002,Acres,5310,Seeding,Drill Seeding,Ground Seeding: Drill,-1,Confirmed seed list,Drill Seeding Elko Portion,Seeds,Confirmed on Paper,Unknown,Species Specific,,"Seeding this area would provide soil stabilization, forage for wildlife and livestock, and reduce the potential for the invasion of non-native invasive weed species.","Rangeland Drill Seeding: Jakes Creek Allotment: Approximately 5,464 acres of drill seeding would be seeded on the Jakes Creek Allotment with a mixture of Nordan and Hycrest crested wheatgrass, Siberian wheatgrass, and Boizoisky Russian wildrye.","On December 1,2001 Paul Harris started drilling on the Elko portion of the Ranch Fire Seeding. This seeding is under Contract #NDC000013 ""Nevada Rangeland Drills&& Task Orders 17-18. The Project Inspectors for this project are Donna Nyrehn, Kristine Dedolph and Allen Mariluch. There were plenty of delays throughout the project due to snow, mud, high winds and frozen\r\nground. There were many days that the drills only ran for a few hours because of bad ground conditions The seed mix for this portion of the Ranch Fire Drill Seeding consisted of Hycrest Crested Wheatgrass (2Ibs.\\ac.), Siberian Wheatgrass (2.5 lb./ac.), Nordan Crested Wheatgrass (2.0 lb.\\ac.) and Russian Wild Rye (2.5 lb.\\ac.).\r\nThis seeding project was completed on January 25,2002. We drilled 5310 acres and used a total of 1020 bags of seed. The average pounds of seed applied per acre is 9.6.","2002\r\n: The monitoring results for RDS1 showed 4.1 (AGCR), 0.10 (ELCI), and 0.32 (KOPR) per square meter.  Natural release of shadscale was 0.34 plants per square meter.\r\n\r\n2003\r\nRCH 1 Aerial Alluvial seeding (chained)\r\nThis site was an aerial over-seeding of the Drill Range seeding.  It was then chained with El Aero\u2019s 6lb. link chain dragged between two pickups.\r\nSeeded species per square meter: Crested wheatgrass-11.56, Siberian wheatgrass-0, Russian wild rye-0.14, kochia-0.08, Four wing saltbush-0.66.\r\nNative Release species per sq. meter: Basin wild rye-0.02, Bottlebrush Squirreltail-0.08.\r\nRUC 1 Aerial Alluvial seeding (un-chained)\r\nThis site was an aerial over-seeding of the Drill Range seeding.  It was not chained.\r\nSeeded species per square meter: Crested wheatgrass-10.36, Siberian wheatgrass-0, Russian wild rye-0.32, yarrow-0.08, Four wing saltbush-0.22.\r\nNative Release species per sq. meter: Basin wild rye-0.06, Bottlebrush Squirreltail-0.22, Globemallow-0.14.\r\nRALV Aerial Alluvial seeding (no Germinate)\r\nThis site was an aerial over-seeding of the Drill Range seeding.  It was not chained and Germinate was not used in the seed mix.\r\nSeeded species per square meter: Crested wheatgrass-5.34, Siberian wheatgrass-0, Russian wild rye-0, yarrow-0, Four wing saltbush-0.\r\nNative Release species per sq. meter: Sandberg\u2019s bluegrass-0.26, Bottlebrush Squirreltail-0.10.\r\nRKO 1 Aerial kochia seeding (no Germinate)\r\nThis site was an aerial kochia over-seeding of the Drill Range seeding.  Germinate was not used. \r\nSeeded species per square meter: Crested wheatgrass-5.32, Siberian wheatgrass-0, Russian wild rye-0.08, kochia-13.52.\r\nNative Release species per sq. meter: Indian ricegrass-0.02, Bottlebrush Squirreltail-0.06.\r\nRDS 1 Drill Range seeding \r\nThis site was a Drill Range seeding with an aerial kochia over-seeding.  Germinate was used on the kochia seed. \r\nSeeded species per square meter: Crested wheatgrass-8.14, Siberian wheatgrass-0, Russian wild rye-0.06, kochia-0.02.\r\nNative Release species per sq. meter: Shadscale--0.22 and Bud sage-0.02 were the only native release species that we counted at this site.  Up until this time we had not been counting native release on seedings.\r\n\r\n2004\r\nRCH 1 Aerial Alluvial seeding (chained)\r\nThis site was an aerial over-seeding of the Drill Range seeding.  It was then chained with El Aero\u2019s 6lb. link chain dragged between two pickups.\r\nSeeded species per square meter: Crested wheatgrass-4.02, Siberian wheatgrass-0, Russian wild rye-0.24, kochia-0.12, Four wing saltbush-1.02.\r\nNative Release species per sq. meter: Indian ricegrass-0.02, Bottlebrush Squirreltail-0.02, Shadscale-0.02.\r\nRUC 1 Aerial Alluvial seeding (un-chained)\r\nThis site was an aerial over-seeding of the Drill Range seeding.  It was not chained.\r\nSeeded species per square meter: Crested wheatgrass-6.30, Siberian wheatgrass-0.24, Russian wild rye-0.30, yarrow-0, Four wing saltbush-0.44.\r\nNative Release species per sq. meter: Indian ricegrass-0.10, Globemallow-0.24.\r\nRALV Aerial Alluvial seeding (no Germinate)\r\nThis site was an aerial over-seeding of the Drill Range seeding.  It was not chained and Germinate was not used in the seed mix.\r\nSeeded species per square meter: Crested wheatgrass-2.94, Siberian wheatgrass-0, Russian wild rye-0, yarrow-0.04, Four wing saltbush-0.\r\nNative Release species per sq. meter: Sandberg\u2019s bluegrass-0.18, Globemallow-0.02.\r\nRKO 1 Aerial kochia seeding (no Germinate)\r\nThis site was an aerial kochia over-seeding of the Drill Range seeding.  Germinate was not used. \r\nSeeded species per square meter: Crested wheatgrass-4.34, Siberian wheatgrass-0.14, Russian wild rye-0.22, kochia-1.58.\r\nNative Release species per sq. meter: Shadscale-0.12, Bottlebrush Squirreltail-0.06.\r\nRDS 1 Drill Range seeding \r\nThis site was a Drill Range seeding with an aerial kochia over-seeding.  Germinate was used on the kochia seed. \r\nSeeded species per square meter: Crested wheatgrass-1.78, Siberian wheatgrass-0.50, Russian wild rye-0.04, kochia-0.24, undistinguishable wheatgrass-0.54.\r\nNative Release species per sq. meter: Shadscale--0.24, Bud sage-0.02, Bottlebrush squirreltail-0.04, Mentzalia-0.40.",Polygon,Confirmed,"Digitized by BLM field office personnel, method unknown",,5314.2244,5195.73821,,Contractor,"Invasion by Cheatgrass, Habitat for sage grouse, Habitat for mule deer, Habitat for antelope, Erosion, Habitat for desert bighorn sheep, Migratory Birds, Provide forage for livestock, Provide forage for wildlife, Watershed degradation","The purpose of the seeding is to provide forage and cover for wildlife, particularly, for sage grouse nesting and summer/brood rearing habitat, and winter range for mule deer and pronghorn antelope. California big horn sheep habitat would also benefit from this seeding. Seeding this area would reduce the potential for the invasion of non-native invasive\r\nweed species.\r\nThe purpose of this seeding is to promote vegetation response within the drainages, which would reduce erosion and stabilize banks over time.",None,"There were plenty of delays throughout the project due to snow, mud, high winds and frozen ground. There were many days that the drills only ran for a few hours because of bad ground conditions.",None,,"NOTE This Treatment was Broken into 2 different seedings, 1 for Elko FO, 1 for Winnemucca FO, See treatment # 9 for Winnemucca seeding portion of treatment as it was different",00:31:00
Model 27,Central Basin and Range,Post-burn drill seeding,25673,9442,Implemented,Partially Successful,2,11/1/2010,1/25/2011,Acres,708,Seeding,Drill Seeding,Ground Seeding: Drill,-1,Planned seed list,Red Rock Drill Mix,Seeds,Plan,Unknown,Species Specific,This mix includes both the northeast and the southeast portions of the drill seeding.,"1. Vegetative cover on this site was primarily Wyoming big sagebrush with little or no understory. Fire impacts have resulted in complete denuding of the landscape. Drill seeding of 800 acres is proposed. Drill seeding is precluded in spring due to nesting upland game concerns. Species selected in the seed mix are intended to be fast rooting for stabilization and limit the establishment and spread of new fire starts in an attempt to break the frequent fire cycle impacting the rest of the burned area while maintaining species diversity found on site pre-fire. Archaeological surveys need to be conducted prior to any drill seeding. Cultural clearances need to be obtained for water haul sites for non-excluded portions of the Plumas Station, Antelope Mountain, and Hallelujah Junction allotments.\r\n2. Vegetative cover needs to be re-established to provide soil stability and to limit gully formation and sedimentation impacting access roads to private residences and prevent undue erosion from the site. Previous drill seeding treatments conducted adjacent to the proposed treatment area in 2007 were observed to be successful. Completion of the proposed action should maintain access to the private residence and limit impacts to Columbia Hill road. After seeding has become established, re-grading and reconditioning of the access roads to the Petersen Mountain Natural Area will be necessary to allow for access from the east and prevent OHV users from creating new roads and trails. Since the site potential is very good and previous seeding actions were successful, the probability of success is high.",Drill seed 800 acres of the burned area with observed soil movement and sedimentation to stabilize soils and prevent closure of access roads to private residences. Drill Seed 710 acres of the burned area with high susceptibility to noxious weed contamination (pepperweed and scotch thistle) to prevent rampant outbreaks of these weed species and keep cheatgrass densities to background values.,"ESR Treatments, Red Rock Fire, Drill Seeding was completed, confirmed by GIS attribute table.","After driving all accessible roads within the burned area and stopping frequently to check ground conditions, it appeared that on the west side of the burned area thistles and cheatgrass invasion will be a problem in the future. Native bunchgrasses and previously seeded species were found in higher than anticipated quantity, but no new sagebrush regeneration was observed. Unseeded portions of the eastern side of the fire exhibited numerous forbs and thistles and fewer actively growing grasses. Areas seeded with the ES mix appeared to be growing in a \u201cdoghair\u201d manner, which may indicate that seeding in this area was successful. This new growth was especially evident in water collection points, which may indicate that broadcast seed was transported by surface water to the areas especially in need of stabilization.",Polygon,Confirmed,"Digitized by BLM field office personnel, method unknown",7/26/2023,707.86,707.86,This treatment was planned with unknown implementation.,Unknown,"Noxious Weeds, Establishment of seeded species, Loss of native vegetation, Forage quality, Erosion","Portions of the fire where major runs were observed will require substantial stabilization and rehabilitation efforts to prevent noxious weed spread, soil movement, and to preserve natural species diversity. These areas were typically dominated by Wyoming big sagebrush with little understory and suffered near 100% mortality. Proposed actions in these areas include immediate stabilization efforts involving drill seeding of the 710 acres at high risk for noxious weed contamination and the 800 acres that have generated significant soil movement and gully formation after a rain event on July 30, 2009 that deposited 0.3 inches of rain in a 4 hour period. Aerial seeding of 576 acres of higher elevation lands inaccessible to seed drills in this area is also proposed.",None,,None,,,45:35:00
Model 27,Central Basin and Range,Post-burn drill seeding,26527,9782,Implemented,None,1,00/00/1987,00/00/1988,Acres,916,Seeding,Drill Seeding,Ground Seeding: Drill,-1,Planned seed list,,Seeds,Plan,Unknown,Species Specific,,The objectives of this rehabilitation project are:\r\n1. Prevent soil loss from water and wind erosion and protect on-site\r\nproductivity.\r\n2. Establish a more fire resistant plant community which will reduce the\r\npotential for reburn.\r\n3. Prevent damage to property on and off-site.\r\n4. Prevent the deterioration of water quality.\r\n5. Prevent loss of additional vegetative cover.,"The proposed action is to use rangeland drills for seeding in October, 1987. The\r\nseed prescription is 2 lbs. PLS. Siberian wheatgrass, 1 lb. PLS Indian\r\nricegrass, 2 lbs. PLS Ladak alfalfa, 1 lb. PLS small burnet, 1 lb. PLS sainfoin,\r\nand 1 lb. PLS Lewis flax. The seed mixture will provide species for nitrogen\r\nfixation, diversity and forage for both livestock and wildlife.",,,Polygon,Confirmed,"Digitized by BLM field office personnel, method unknown",,16928.37594,9717.985117,,,"Dust Pollution, Erosion, Watershed degradation, Loss of vegetation, Fire hazard",The objectives of this rehabilitation project are:\r\n1. Prevent soil loss from water and wind erosion and protect on-site\r\nproductivity.\r\n2. Establish a more fire resistant plant community which will reduce the\r\npotential for reburn.\r\n3. Prevent damage to property on and off-site.\r\n4. Prevent the deterioration of water quality.\r\n5. Prevent loss of additional vegetative cover.,None,,None,,,36:48:00
Model 27,Central Basin and Range,Post-burn drill seeding,28287,10426,Implemented,Fully Successful,1,9/00/2006,3/00/2007,Acres,5338.08,Seeding,Drill Seeding,Ground Seeding: Drill,-1,Confirmed seed list,Drill Mix,Seeds,Confirmed on Paper,Unknown,Unknown,Indian Ricegrass and Alfalfa not in all mixes (according to seed list attached to treatment),"The primary objective of the treatment is to seed areas of the burn that are at high risk for significant erosion and non-native species invasion. Due to these risks, coupled with moderate annual precipitation (8-10 inches), a seed mix consisting of both native and non-native species (Russian wildrye, \u2018Nordan\u2019 and \u2018Hycrest\u2019 crested wheatgrass, Siberian wheatgrass and Indian ricegrass) was selected.\r\nEstablish three seeded plants per square meter rooted firmly in soil with consideration for site selection factors of soils, topography, native release of desirable species, and potential for seedling establishment.  Reduce bare ground within the burn to decrease cheatgrass and non-native invasive species establishment.  Provide deeply rooted plants necessary for soil stabilization.  Enhance the herbaceous plant community to protect soil from increased erosion likely following a fire.  Provide better soil cover to reduce runoff and trap sediment, reducing negative impacts to water quality in Rock Creek and the Humboldt River.","Drill seed approximately 5,388 acres with \u201cNordan\u201d Crested Wheatgrass, \u201cBozoisky\u201d Russian Wildrye, Siberian Wheatgrass, and \u201cLadak\u201d Alfalfa.  \r\n\r\nDrill seed approximately 6,288 acres with a seed mix of Nordan crested wheatgrass, Bozoisky Russian wildrye, and Siberian wheatgrass using minimum till rangeland drills.  Non-natives species were selected for this site due to the low precipitation the area receives and the knowledge of the history of cheatgrass invasion in this area.","Archeological technicians or DAT trained personnel under the supervision of BLM archeologists completed clearance of drill seeding areas.  All assessments complied with the National Historic Preservation Act and Nevada BLM Cultural Resource Guidelines.  Drilling was done either in-house by BLM personnel or by contract with BLM or rented equipment.  Drill seeding continued as ground conditions allowed.  By the end of February, the seeding area had accumulated about 4 inches of snow with some drifting.  Conditions remained adequate to complete the treatment.  Drill seeding was monitored to ensure disks were cutting into soil.  A project inspector ensured treatment met contract specifications.  \r\n\r\nApproximately 6,500 acres were drill seeded in the winter of 2006/2007 with a mix of native and non-native grasses and forbs.","BLM monitoring personnel assess the seeding areas yearly to evaluate treatment success.  Effectiveness is based on establishment of three seeded plants per square meter rooted firmly in the soil with consideration to site selection factors such as soils, topography, native release of desirable species, and the potential for seedling establishment. Monitoring data is shared with range staff to provide comparisons with unburned reference sites.\r\n\r\nThe Sheep Range Drill Seeding was monitored at one location (SPID \u2013 01) with a permanent modified Freqdens transect. \r\nMonitoring Results:  \r\n2007 \u2013 Seeded species densities varied from very low to relatively high, with Crested Wheatgrass approaching the objective density of three seeded plants per square meter.  Siberian Wheatgrass was indistinguishable from Crested Wheatgrass at the vegetative stage.  Siberian Wheatgrass density may increase (and Crested Wheatgrass density may decrease) as individuals grow easier to distinguish.  Native release appears good but should be regarded skeptically: the main contributor is low-growing Sandberg\u2019s Bluegrass that survived the fire.  Few specimens of Indian Ricegrass were recorded and those were severely drought-stressed.  Moderate amounts of cheatgrass are present at the monitoring site: cheatgrass distribution was patchy. \r\n2008 \u2013 Crested Wheatgrass density increased to almost two and one-half plants per square meter, approaching the objective density of three plants per square meter.  Other seeded species also increased.  \r\n2009 \u2013 We may be confident of density figures because this treatment was monitored by a permanent plot.  Crested Wheatgrass declined to under two plants per square meter. Siberian Wheatgrass appeared to increase, but this may be deceptive because Siberian and Crested Wheatgrasses are more difficult to distinguish early in the monitoring period before they have headed out.  Total seeded species density approached so close to the target density we are justified in considering this seeding fully successful.  Native release vegetation only achieved a moderate total density during the final monitoring year.  Sandberg\u2019s Bluegrass declined dramatically.  Apparently, the fire burned very hot at the monitoring location, because few native release grasses were recorded.  The Sandberg\u2019s Bluegrass that was recorded was of very low vigor: it was difficult to distinguish dormant from dead individuals (most specimens displayed the gray foliage typical of dead plants.)  Apparently, many of the Sandberg\u2019s Bluegrass plants that survived the burn died between the 2008 and 2009 monitoring seasons.",Polygon,Confirmed,"Digitized by BLM field office personnel, method unknown",,5392.287077,5341.002845,Confirmed due to acres matching 2009 report.,,"Habitat for antelope, Habitat for mule deer, Habitat for sage grouse, Impact on Cultural Resources, Erosion, Noxious Weeds, Invasion by non-native annuals, Special Status Species, Provide cover for wildlife, Migratory Birds","The purpose of the proposed action described in the emergency stabilization and rehabilitation plans and this EA is to protect the burned area from livestock grazing, seed the burned area to stabilize the soils and prevent the establishment of annual, invasive nonnative plant and noxious weed species, allow the undamaged plant species time to reestablish, and treat the invasive nonnative plant and noxious weed species to prevent spreading.  The need for the proposed action is to stabilize and prevent unacceptable degradation to natural and cultural resources, to minimize threats to life or property resulting from the effects of the fire, to construct physical improvements necessary to prevent degradation of land or resources, and to prescribe cost effective post-fire stabilization and rehabilitation measures necessary to protect human life, property, and critical cultural and natural resources.",None,,None,,Drill Range Seeding,33:18:00
Model 27,Central Basin and Range,Post-burn drill seeding,30871,11383,Implemented,Fully Successful,1,10/00/2006,3/00/2007,Acres,5847.88,Seeding,Drill Seeding,Ground Seeding: Drill,-1,Confirmed seed list,Drill Range Mix (Dry Gulch Mix),Seeds,Confirmed on Paper,Unknown,Unknown,Fourwing saltbrush added with BAR funding.\r\n\r\nP27 noted in seed list attached to treatment.,"The primary objective of the treatment is to seed burned areas at high risk for significant erosion and non-native species invasion. Establish three seeded plants per square meter rooted firmly in soil with consideration for site selection factors of soils, topography, native release of desirable species, and potential for seedling establishment.  Provide soil stabilization and reduce potential cheatgrass and Scotch Thistle invasion.  Provide cover and forage for nearby sage grouse and pronghorn antelope populations.","Because of these risks, coupled with moderate annual precipitation (8-10 inches), a seed mix of native and non-native species was selected.  Drill seed \u201cNordan\u201d Crested Wheatgrass, \u201cVavilov\u201d Siberian Wheatgrass, \u201cBozoisky\u201d Russian Wildrye, and \u201cRimrock\u201d Indian Ricegrass (\u201cDry Gulch mix\u201d) on approximately 5,848 acres.  \r\n\r\nApproximately 8,965 acres will be seeded using rangeland drills.  Three different seeding areas with somewhat different seed mixes will be used to establish desired perennial grass species and small forbs in order to stabilize soil.  The drill seeding mix for Dry Gulch, which consists of drill seeding approximately 6,027 acres with Nordan crested wheatgrass, fourwing saltbush, Rimrock Indian ricegrass, Bozoisky Russian wildrye, and Vavilov Siberian wheatgrass.","BAR addition: Fourwing Saltbush was added to the range drill mixture. \r\n\r\nDrilling was implemented by BLM personnel with BLM-owned or rented equipment.  Drill seeding proceeded as ground conditions allowed.  Seeding was monitored to ensure disks were cutting into soil. By the end of December, the seeding area had accumulated about 4 inches of snow with drifting.  Conditions remained adequate to complete the project.   \r\n\r\nBAR section in monitoring report: Because drilling was implemented and funded as an emergency stabilization treatment, rehabilitation costs reflect only the Fourwing Saltbush seed.","BLM monitoring personnel assess the seeding areas yearly to evaluate treatment success.  Effectiveness is based on establishment of three seeded plants per square meter rooted firmly in the soil with consideration to site selection factors such as soils, topography, native release of desirable species, and the potential for seedling establishment. Monitoring data is shared with range staff to provide comparisons with unburned reference sites.\r\n\r\n\r\nThe Susie Range Drill Seeding was monitored at one location on the Dry Creek floodplain specifically establish to monitor this seeding (SUDR \u2013 01) with a permanent modified Freqdens transect, and at one location established to monitor the Susie Aerial Wildlife (mule deer) Seeding (SUMD \u2013 01) with a paced density transect.  SUMD \u2013 01 was only monitored during 2009. \r\n\r\nMonitoring Results: \r\n2007 \u2013 Siberian Wheatgrass appeared to be the most successful of seeded species after the first year of growth, approaching a density of two plants per square meter.  Native release was generally sparse at this location, with greatest densities contributed by Green Rabbitbrush. Sandberg\u2019s Bluegrass was not recorded.  \r\n2008 \u2013 Seeded species exceeded the objective density of three plants per square meter during the second monitoring season, rendering this seeding already fully successful. Siberian Wheatgrass appeared to fluctuate to a lower density, but this was compensated for by a dramatic increase in Crested Wheatgrass density.  Variable Crested Wheatgrass and Siberian Wheatgrass densities between 2007 and 2008 may be attributable to difficulty distinguishing these species in the field at the vegetative stage of growth.  Total seeded species may be a better measure of success here.  The Big Bluegrass and Snake River Wheatgrass recorded at this location may be present as \u201corphans\u201d from the Riparian Drill seed mixture which were stuck in the drilling apparatus.  Alternately, the Big Bluegrass present may actually be Nevada Bluegrass (the same species essentially indistinguishable from the cultivar.)  Here these species are considered as native release so their contribution is not overlooked. \r\n2009 \u2013 At SUMD \u2013 01, total seeded species were recorded at a moderate density exceeding one and one-half plant per square meter. At SUDR \u2013 01, seeded species exceeded the objective density of three plants per square meter during the final monitoring season, rendering this seeding fully successful.  Crested Wheatgrass made the greatest contribution, followed by Siberian Wheatgrass.  Russian Wildrye was recorded at low density.  Indian ricegrass was not recorded.   \r\n\r\nFourwing Saltbush BAR addition: The Susie Range Drill Seeding was monitored at one location (SUDR \u2013 01) on the Dry Creek floodplain, with a permanent modified Freqdens transect. \r\nMonitoring Results:\r\n2007 \u2013 No Fourwing Saltbush was observed or recorded. \r\n2008 \u2013 Fourwing Saltbush was recorded at low density. \r\n2009 \u2013 Fourwing Saltbush continued to be recorded at low density, and appeared to be relatively well established.  Based upon this, addition of Fourwing Saltbush to the Susie Range Drill seeding was partially successful.",Polygon,Confirmed,"Digitized by BLM field office personnel, method unknown",,5851.732143,4440.095338,,BLM,"Erosion, Habitat for sage grouse, Livestock in treated area, Loss of Perenials, Noxious Weeds, Habitat for antelope, Habitat for mule deer, Habitat for wildlife, Invasion by non-native annuals, Special Status Species, Watershed degradation","The purpose of the proposed action described in the emergency stabilization and rehabilitation plans and this EA is to:  protect the burned area from livestock grazing&* stabilize watersheds and upland soils to prevent further degradation to affected resources on lands within the fire perimeter or downstream drainages that may result from short duration, high intensity precipitation events&* reduce the potential for establishment of annual, invasive nonnative plant and noxious weed species&* allow the undamaged plant species time to reestablish&* treat the invasive nonnative plant and noxious weed species to prevent spreading&* and help provide forage, cover, and habitat for wildlife, including but not limited to, BLM designated special status species, migratory birds, fish, mule deer, pronghorn antelope, and sage grouse.  The need for the proposed action is to: stabilize and prevent unacceptable degradation to natural and cultural resources&* minimize threats to life or property resulting from the effects of the fire&* construct physical improvements necessary to prevent degradation of land or resources&* and prescribe cost effective post-fire stabilization and rehabilitation measures necessary to protect human life, property, and critical cultural and natural resources.",None,,None,,"Dry Gulch Drill Seeding\r\n\r\nNote that the overall seeding was fully successful, but the addition of fourwing saltbrush was only partially successful.",15:36:00
Model 27,Central Basin and Range,Post-burn drill seeding,30878,11383,Implemented,Partially Successful,1,10/00/2006,3/00/2007,Acres,1481.86,Seeding,Drill Seeding,Ground Seeding: Drill,-1,Confirmed seed list,Native Drill Seeding,Seeds,Confirmed on Paper,Unknown,Unknown,,"The primary objective is to seed burned areas at high risk for significant erosion and non-native species invasion.\r\nEstablish three seeded plants per square meter rooted firmly in soil with consideration for site selection factors of soils, topography, native release of desirable species, and potential for seedling establishment.","A seed mix of native species was selected.  Drill seed approximately 1482 acres with \u201cSherman\u201d Big Bluegrass, \u201cAnatone\u201d Bluebunch Wheatgrass, \u201cBannock\u201d Thickspike Wheatgrass, \u201cSecar\u201d Snake River Wheatgrass, \u201cRimrock\u201d Indian Ricegrass, and \u201cAppar\u201d Blue Flax (\u201cSusie-east native mixture\u201d.)  \r\n\r\nApproximately 8,965 acres will be seeded using rangeland drills.  Three different seeding areas with somewhat different seed mixes will be used to establish desired perennial grass species and small forbs in order to stabilize soil.  The drill seeding mix for East Native: which consists of drill seeding approximately 1,500 acres with Sherman big bluegrass, Appar blue flax, Rimrock Indian ricegrass, Secar Snake River wheatgrass, and Bannock thickspike wheatgrass","The area received cultural clearance by BLM archeologists prior to treatment implementation. Drilling was implemented by BLM personnel with either BLM-owned or rented equipment. Drill seeding continued as ground conditions allowed, and was monitored to ensure disks were cutting into soil.  A project inspector ensured treatment met contract specifications.","BLM monitoring personnel assess the seeding areas yearly to evaluate treatment success.  Effectiveness is based on establishment of three seeded plants per square meter rooted firmly in the soil with consideration to site selection factors such as soils, topography, native release of desirable species, and the potential for seedling establishment. Monitoring data is shared with range staff to provide comparisons with unburned reference sites.\r\n\r\nThe Susie Native Drill Seeding was monitored at one location (SUDR \u2013 02), near the southern margin of the burn, in low hills east of Susie Creek. \r\nMonitoring Results: \r\n2007 \u2013 No seeded species were recorded.  Persistent localized drouthy conditions during the germination period may have retarded establishment. \r\n2008 \u2013 Total seeded species were recorded at moderate density exceeding one-half plant per square meter.  Bluebunch and Thickspike Wheatgrasses made nearly equal contributions.  The Russian Wildrye seedlings recorded at this location may be \u201corphans\u201d from the range drill mixture that were caught in the rangeland drill and then deposited here.  No other seeded grasses were recorded.  Blue flax was recorded at a very low density (one seedling was recorded.) \r\n2009 \u2013 Total seeded species appeared to decline to a low density.  We may be reasonably confident of density numbers because this treatment was monitored with a permanent plot.  Reasons for the precipitous decline of Bluebunch and Thickspike Wheatgrasses are unknown.  The monitoring location (SUDR \u2013 02) is on a relatively flat spot near a gentle ridgecrest in a dry hilly area near chalky knolls, a relatively low-productivity site.  Sandberg\u2019s Bluegrass shared dominance with Bottlebrush Squirreltail: the squirreltail was vigorous.  Together, these species may have out-competed and excluded germinating seeded grasses.  However, total seeded species were recorded at low density the final monitoring year, rendering this seeding was partially successful at the monitoring location.  After the plot was read, ocular reconnaissance was conducted in a seeded area on the margin of the Susie Creek floodplain.  In this landscape position, drilling overlapped unburned islands of an association of Black Greasewood, Rubber Rabbitbrush, Basin Big Sagebrush, and Inland Saltgrass.  The seeded species Big Bluegrass, Thickspike Wheatgrass, Snake River Wheatgrass, Bluebunch Wheatgrass, and Blue Flax were all observed to be present at low to low-moderate densities, justifying the conclusion that this seeding is partially successful.",Polygon,Confirmed,"Digitized by BLM field office personnel, method unknown",,1395.452515,1090.777998,,BLM,"Erosion, Habitat for sage grouse, Livestock in treated area, Loss of Perenials, Noxious Weeds, Habitat for antelope, Habitat for mule deer, Habitat for wildlife, Invasion by non-native annuals, Special Status Species, Watershed degradation","The purpose of the proposed action described in the emergency stabilization and rehabilitation plans and this EA is to:  protect the burned area from livestock grazing&* stabilize watersheds and upland soils to prevent further degradation to affected resources on lands within the fire perimeter or downstream drainages that may result from short duration, high intensity precipitation events&* reduce the potential for establishment of annual, invasive nonnative plant and noxious weed species&* allow the undamaged plant species time to reestablish&* treat the invasive nonnative plant and noxious weed species to prevent spreading&* and help provide forage, cover, and habitat for wildlife, including but not limited to, BLM designated special status species, migratory birds, fish, mule deer, pronghorn antelope, and sage grouse.  The need for the proposed action is to: stabilize and prevent unacceptable degradation to natural and cultural resources&* minimize threats to life or property resulting from the effects of the fire&* construct physical improvements necessary to prevent degradation of land or resources&* and prescribe cost effective post-fire stabilization and rehabilitation measures necessary to protect human life, property, and critical cultural and natural resources.",None,,None,,Native Drill Seeding,40:00:00
Model 27,Central Basin and Range,Post-burn drill seeding,32040,11863,Implemented,Unknown,1,6/00/1984,9/00/1984,Acres,26700,Seeding,Drill Seeding,Ground Seeding: Drill,-1,Planned seed list,Drill Mix,Seeds,Plan,Unknown,Species Specific,Prostrate kochia will be seeded in selected areas.,"- - - - - EFRP - - - - -\r\n\r\nIt is recommended that 49,840 acres be contour drilled using range land drills pulled by tractors.","- - - - - EFRP - - - - -\r\n\r\nThe seed mix to be used is tall wheatgrass (Agropyron elongatum), ALKAR - 2 lbs./acre; crested wheatgrass (Agropyron desertorum), NORDAN - 2 lbs./acre; and pubescent wheatgrass (Agropyron trichophorum , LUNA - 2 lbs./acre. Prostrate kochia will be seeded in selected areas. These species have become well established on prior rehabilitation projects in the area of the burn. Seed application rates are based on a pure live seed basis.\r\n\r\nSeed application, both drilling and aerial application should commence on October 5, 1983 and be completed December 31, 1983 or whenever freezing affects the success of the project.\r\n\r\nAn archaeological clearance should be completed prior to the beginning of project implementation, but operations could begin in areas already cleared and progress into other areas as they are inventoried.\r\n\r\n- - - - - JDR 4341 - - - - - \r\n\r\nUnits: 46,006 ac.",- - - - - JDR 4341 - - - - -\r\n\r\n[See section IV],,Polygon,Confirmed,"Digitized by BLM field office personnel, method unknown",,63125.86313,61610.12244,,Contractor,"Aesthetics, Dust Pollution, Erosion, Habitat for wildlife, Loss of vegetation","The proposed treatments would protect the more critical areas of the burn from losses of soil particulates by water and wind erosion, soil fertility, water recharge rate, water discharge by overland flow, air quality, by decreasing particulate matter in the air due to wind erosion, vegetative cover, forage values to wildlife and livestock, productive capacity, wildlife habitat, aesthetics, and wilderness values.",None,,None,,,32:17:00
Model 27,Central Basin and Range,Post-burn drill seeding,34609,12864,Implemented,See Comments,1,00/00/1983,00/00/1984,Acres,0,Seeding,Drill Seeding,Ground Seeding: Drill,-1,Planned seed list,Drill Mix,Seeds,Plan,Unknown,Species Specific,"Planned cost: $60,000.","- - - - - EFRP - - - - -\r\n\r\nPlant seed utilizing rangeland drills in tandem units pulled by tractors or crawlers along the contour on 8,600 acres of the total 12,873 acres of public land burned by the Wildcat fire.","- - - - - EFRP - - - - -\r\n\r\nSeed proposed for use would be tall wheatgrass, Agropyron elongatum - ALKAR - 2 lb./acre; crested wheatgrass, Agropyron desertorum - NORDAN - 4 lb./acre; and prostrate kochia, Kochia prostrata - 1/8 lb. acre.\r\n\r\nSeed application rates are based on a pure live seed basis.\r\n\r\nRangeland drilling should commence September 10, 1983 and be completed December 1, 1983 or whenever freezing effects the success of the drilling. An archeological clearance should be completed prior to the beginning of project implementation, but drilling could begin on areas cleared as the inventory progresses.\r\n\r\n- - - - - JDR 4339 - - - - -\r\n\r\n11,000 acres\r\nFY 84\r\n$148,500\r\n10.5 lbs. seed/ac.",#NAME?,"- - - - - Memo: EFR Status - - - - -\r\n\r\nThere is much work to be done. Seed drilling must be completed. Several gullies have eroded more than 6 feet since the fire. Six inches of sheet erosion has taken place on some sites. These problems must be corrected. We have $48,000 approved for use in FY 84 for gulley control and other watershed work.",Polygon,Confirmed,"Digitized by BLM field office personnel, method unknown",,17374.10461,16632.56109,,Contractor,"Erosion, Noxious Weeds",...for erosion control and competition against weedy species.,None,,None,,,37:40:00
Model 27,Central Basin and Range,Post-burn drill seeding,35101,13031,Implemented,Fully Successful,1,9/00/2006,12/00/2007,Acres,20586,Seeding,Drill Seeding,Ground Seeding: Drill,-1,Confirmed seed list,Drill Seeding,Seeds,Confirmed on Paper,Unknown,Unknown,"Drill-seeded areas were widely separated.  On some drill-seeded areas \u201cAnatone\u201d Bluebunch Wheatgrass seed was substituted for \u201cSecar\u201d Snake River Wheatgrass seed, and Sandberg\u2019s Bluegrass seed was substituted for \u201cSherman\u201d Big Bluegrass seed.  Exact determination of where modified seed mixtures were applied is not possible.\r\n\r\nSee also the attached seed list.","The primary objective is to seed burned areas at high risk for significant erosion and non-native species invasion.  \r\nEstablish three to five seeded plants per square meter rooted firmly in soil with consideration for site selection factors of soils, topography, native release of desirable species, and potential for seedling establishment.   Reduce bare ground within the burn to decrease chance of cheatgrass establishment.  Stabilize the site by protecting the soil and reducing wind and water erosion.  Enhance public safety by reducing driving hazards caused by blowing dust.","Because of these risks coupled with moderate annual precipitation (8-10 inches), a mix of native species was selected.  Seed approximately 20,586 acres with a native drill seed mixture of \u201cSherman\u201d Big Bluegrass, Sandberg\u2019s Bluegrass, \u201cRimrock\u201d Indian Ricegrass, \u201cBannock\u201d Thickspike Wheatgrass, \u201cSecar\u201d Snake River Wheatgrass, and \u201cToe Jam\u201d Bottlebrush Squirreltail. \r\n\r\nDrill seed approximately 21,628 acres of moderate to high vegetation mortality and burn severity in order to maintain ecological stability, minimize invasion of cheatgrass and noxious weeds (bull thistle, hoary cress, and Canada thistle), and stabilize areas identified as having high wind erosion hazard in order to minimize topsoil loss and fugitive dust.  Seed mixes utilize species that are adapted to the sites and are detailed in the specification (part F).  To maximize probability of success, seed will be applied concurrent with fall/winter moisture period between October and December 2006.  First year effectiveness includes stabilization of the soil surface, reducing topsoil loss, improving soil infiltration of moisture, providing competition for invasive non-native species and replacing any organic litter which was consumed by fire.  First season vegetation establishment will be by perennial native and non-native grasses, shrubs and forbs.  It is expected that vegetation establishment will be successful on all sites although the presence or absence of timely moisture could be a limiting factor.  Treatment effectiveness will be monitored (see specification 15).  Specification 12, Cultural Resource Treatment Clearance, has been written to provide for cultural clearance on any ground disturbing activities.  Clearance will be obtained before any treatments proceed.","The area received cultural clearance by BLM archeologists prior to treatment implementation. Drilling was implemented using both BLM personnel (with either BLM equipment or rented equipment) and contracted personnel.  Drill-seeded areas were widely separated.  On some drill-seeded areas \u201cAnatone\u201d Bluebunch Wheatgrass seed was substituted for \u201cSecar\u201d Snake River Wheatgrass seed, and Sandberg\u2019s Bluegrass seed was substituted for \u201cSherman\u201d Big Bluegrass seed.  Exact determination of where modified seed mixtures were applied is not possible.  Seeding proceeded as ground conditions allowed.  Drilling was monitored to ensure disks were cutting into soil. Toward the end of December, the seeding area had accumulated about 4 inches of snow with some drifting.  Conditions were adequate to complete the project.  A project inspector ensured treatment met contract specifications.","BLM monitoring personnel assess the seeding areas yearly to evaluate treatment success.  Effectiveness is based on establishment of three seeded plants per square meter rooted firmly in the soil with consideration to site selection factors such as soils, topography, native release of desirable species, and the potential for seedling establishment. Monitoring data is shared with range staff to provide comparisons with unburned reference sites.\r\n\r\nNOTE: Where monitoring summary refers to ""see below&&, refer to the 2009 closeout summary.\r\n\r\nThe Native Drill Seeding was monitored using permanent modified Freqdens transects at eight separate locations widely distributed across the burn on disjunct drilled areas (monitoring plot WNND \u2013 03 was established on a portion of the Winters burn in the Winnemucca District where these Native Drill seedings were implemented, and is not evaluated here.)  Density numbers may suggest whether the original or modified seed mixtures were applied at any specific monitoring location, but all species applied during the implementation are listed for every monitoring plot. \r\n\r\nMonitoring Results:\r\n2007 \u2013 Success varied from location to location across the widely separated disjunct drill seedings, with the seeded patch monitored at WNND \u2013 01 the least successful (density of 0.07 seeded species per square meter) and WNND \u2013 03 the most successful (density of 7.96 seeded species per square meter.)  It important to note that at these two monitoring points (and in general across all the drill seeding monitoring plots) there appears to be an inverse relationship between the density of preexisting Sandberg\u2019s Bluegrass and the germinating density of total seeded species.  The established community of Sandberg\u2019s Bluegrass at WNND \u2013 01 was recorded at 30.64 plants per square meter: at WNND \u2013 03 Sandberg\u2019s Bluegrass density was recorded at only 1.22.  These numbers constitute evidence that the presence of a dense community of Sandberg\u2019s Bluegrass at any given location scheduled for drill seeding is likely to render that seeding ineffective. \r\nDensity numbers recorded at individual monitoring plot locations are presented above for interpretation, but the large array of densities for all monitoring sites confounds convenient analysis.  Unknown environmental factors (in addition to preexisting Sandberg\u2019s Bluegrass), could have influenced disparate results recorded at different monitoring locations.  For convenience, an amalgamation of some results may be desirable because eight of the nine monitoring locations were established on Loamy 8-10 inch range sites (the most common range site across the large drill-seeded area.)  To encourage a general understanding of drill seeding success on Loamy 8-10 inch range sites across the treated area, density numbers for all seeded species (only) at all monitoring locations, are averaged below.  \r\nTotal average densities for seeded species on drilled areas of Loamy 8-10 inch range sites indicate that \u201con average,\u201d the drill seeding was approaching the lower end of the objective density of three plants per square meter after the first year of growth.  This average should be interpreted very cautiously, especially with regard to results for Snake River Wheatgrass and Bluebunch Wheatgrass; and for results for Big Bluegrass and seeded Sandberg\u2019s Bluegrass, since these species were substituted for each other on indeterminate seeded patches.  \r\nThe ninth monitoring plot for the Winters burn Native Drill Seeding (WNND \u2013 10) was established on a Sandy 8-10 inch range site, so comparisons with other results are less useful.  On the sandy site, seeded species had exceeded the objective density of three to five plants per square meter by the end of the first monitoring season, with Indian Ricegrass making the greatest contribution.   The Crested Wheatgrass and Russian Wildrye recorded at WNND \u2013 07 during the second and final monitoring years are probably \u201corphans\u201d stuck in the drilling apparatus and unintentionally introduced into the site. \r\n\r\n2008 \u2013 On the sandy site seeded species continued to exceed the objective density of three to five plants per square meter by the end of the second monitoring season, with Thickspike Wheatgrass making the greatest contribution.  The trade-off of Indian Ricegrass for Thickspike Wheatgrass, which appeared to occur between the first and second year of monitoring is perplexing.  It is possible the Indian Ricegrass seedlings recorded the first year failed to establish and were replaced by slow-starting Thickspike Wheatgrass seedlings during the second year.  Misidentifications are unlikely because the same technician read the plots both years, and seedlings of these species are easy to differentiate.  Average densities for all Native Drill Seeding monitoring plots are presented below. \r\nTotal average densities for seeded species on drilled areas of Loamy 8-10 inch range sites indicate that \u201con average,\u201d the drill seeding remained relatively constant, still approaching the lower end of the objective density of three plants per square meter after the second year of growth.  \r\n\r\n2009 \u2013 Average densities for all Native Drill Seeding monitoring plots are presented below. \r\nTotal average densities for seeded species on drilled areas of Loamy 8-10 inch range sites indicate that \u201con average,\u201d the drill seeding doubled in density the final year of monitoring, well exceeding the target density for total seeded species.  The numerous disjunct patches composing the Winters Native Drill Seeding are marked by subtle differences in environmental factors of soils, topography, and grazing history.  Under such divergent conditions, the drill seeding responded slightly differently over the three growing seasons on each seeded area. \r\nThe Native Drill Seeding also exceeded the target density where it was applied on the Sandy 8-10 inch range site (WNND \u2013 10). \r\nThe native drill seed mixture included numerous species, including commonly seeded Big Bluegrass, Indian Ricegrass, Thickspike Wheatgrass, Snake River Wheatgrass, and rarely seeded Sandberg\u2019s Bluegrass and Bottlebrush Squirreltail.  Success of each seeded species varied on disjunct patches with environmental conditions.  The large number of species applied appears to have provided a built-in flexibility to the response of the mixture to variation of environmental conditions across treated areas.  Thickspike Wheatgrass and Indian Ricegrass were most successful on the sandy site.  Bluebunch Wheatgrass and Snake River Wheatgrass were most successful on loamy sites that may have been in better range condition prior to the burn.  The rarely seeded Sandberg\u2019s Bluegrass and Bottlebrush Squirreltail were most successful on clayey sites that may have been in poorer range condition prior to the burn. \r\nThe Winters Native Drill seeding was fully successful across wide areas, probably attributable to the numerous species with unique ecological tolerances that made up the seed mixture.",Polygon,Confirmed,"Digitized by BLM field office personnel, method unknown",,20602.37271,20544.43911,,,"Impact on Cultural Resources, Habitat for sage grouse, Habitat for antelope, Habitat for desert bighorn sheep, Habitat for mule deer, Erosion, Habitat for wild horses, Livestock in treated area, Watershed degradation, Special Status Species",The purpose of these ES and BAR Plans is to determine the need for and to prescribe and implement emergency treatments (specifications) to minimize threats to life or property or to stabilize and prevent further unacceptable degradation to natural and cultural resources resulting from the effects of a fire.,None,,None,,Drill Seeding.\r\n\r\nTreatment date until 12/2007 due to attached photos.,38:09:00
Model 27,Central Basin and Range,Post-burn drill seeding,50566,20487,Implemented,See Comments,2,10/16/2017,11/1/2017,Acres,1000,Seeding,Drill Seeding,Ground Seeding: Drill,-1,Confirmed seed list,,Seeds,Confirmed on Paper,Outside of Treatment,Not Available,"Seed was acquired from the Boise Seed Warehouse. The mixture had been requested and\r\npurchased by a different field office, which had over estimated the amount of seed necessary to\r\ncomplete the project. As such, the Pocatello Field Office was able to use the remainder of the\r\nmixed seed on the I 84 MM 271",To limit the long term establishment of cheatgrass within the burn area through the establishment of a perennial plant community on 70-80% of the crested wheatgrass seeding area.,"The area chosen for treatment consists of the 900 acres to be drill seeded as well as the southern portion of the fire, which is predominately native vegetation. The seeded area may be closed to livestock grazing for at least two years.\r\n\r\nApproximately 900 acres would be drill seeded with crested wheatgrass at lbs/acre. The treatment would occur predominantly within the North Brush Pasture (north end of the fuel).\r\nThe proposed treatment area is currently a crested wheatgrass seeding (although there are large areas dominated by cheatgrass found throughout it) within a 7-9 inch precipitation\r\nzone. Prior to any drill seeding activities, a cultural survey would need to be conducted. This would be accomplished through a cultural clearance contract. In addition the seeded\r\narea may be closed to livestock grazing for at least 2 years following treatment.","The aerial application of herbicide to target cheatgrass was slated to occur in the fall of 2017 followed by the ground seeding of Siberian wheatgrass in the fall of 2018. The aerial application of herbicides was postponed due to a concern about potential drift onto nearby agricultural lands due to the lack of vegetative cover within the burned area. Therefore, the drill seeding of Siberian wheatgrass was completed in the fall of 2017 to help establish a vegetative cover prior to the aerial application of herbicides. The aerial application of herbicide in 2018 did not occur due to a lack of\r\nfunding.\r\nApproximately 1,000 acres were ground seeded with a mixture of\r\nLadak alfalfa, Vavilov I Siberian wheatgrass, Vavilov II Siberian\r\nwheatgrass, Anatone bluebunch wheatgrass, and Sherman big\r\nbluegrass at approximately 13 lbs/acre. Tractor was rented on Sept\r\n22, 2017. Archeological clearances were conducted by the PFO\r\narcheologist and PFO employees from Oct 3rd-5th, 2017. Cadastral\r\nsurvey markers were located and protected on Oct 12th, 2017. Drill\r\nseeding was completed from Oct 16th \u2013Nov 1st, 2017.","In 2019, all monitoring sites established in 2017 were re-sampled. An additional four plots were established just outside the burn perimeter to determine the difference between unburned areas, drill seeded areas and burned, non-drill seeded areas. The four plots established outside the burn perimeter show that annual grass canopy cover was extensive at 98% canopy cover with low perennial grass canopy cover (approx. 10%). Within the drill seeded treatment area, the canopy cover of non-native perennial grasses has achieved the objective of 70-80% canopy cover of non-native perennial grasses. Cheatgrass continues to exist within the treated area as patches compared to almost complete dominance outside of the fire perimeter.\r\nThe area chosen for drill seeding was selected due to a decrease of deep-rooted perennial grasses, either native or non-native, compared to other areas within the fire perimeter that were not chosen for treatment.  The seeded portion of the fire received two years of rest prior to utilization in 2020.  However, due to the utilization prior to monitoring direct comparison of percent foliar cover between 2018, 2019, and 2020 is not possible nor is determining if objectives were met. \r\nBased on the foliar cover data collected in 2018 and 2019 and the basal cover data collected in 2020, it appears that there was an increase in crested wheatgrass/Siberian wheatgrass, and bluebunch wheatgrass within the drill seeded area.  Between 2018 and 2019 there was a 171% increase in percent cover of non-native perennial species within the treated area compared to an 13% increase in the untreated area within the fire perimeter.  There appears to be little difference in the percent cover of either Sandburg bluegrass or cheatgrass for drill seeded areas vs non-drill seeded areas within the fire perimeter. \r\nThe presence of perennial grasses, both native and non-native, appear to be reducing the percent cover of cheatgrass compared to control plots established immediately adjacent to the fire perimeter.  Within the fire perimeter, average percent cover of cheatgrass (seeded and non-seeded areas combined) was 41% compared to 74% for the control plots in 2020. \r\n\r\n2018: At the\r\ntime monitoring occurred in 2018, small plants (approximately 1 inch in diameter) had\r\nestablished in drill rows within the treated area. The initial results indicate that crested\r\nwheatgrass/Siberian Wheatgrass canopy cover was greater within the seeded portion of the\r\nburned area than in those areas not drill seeded. Cheatgrass and Sandberg bluegrass cover was\r\nnearly identical both within and outside of the drill seeding treatment area. It is expected that as\r\nthe newly establish Siberian wheatgrass plants grow they will be better able to complete with\r\ncheatgrass. This should decrease the percent canopy cover of the annual grass.",Polygon,Confirmed,Digitized by LTDL data entry personnel using a confirmed map,7/26/2019,1210.88,500,,BLM,"Invasion by cheatgrass, Invasion by non-native annuals, Invasive species, Loss of perennials, Loss of vegetation",Limit the long term establishment of cheatgrass within the burn area through the establishment of a\r\nperennial plant community.,,,,,"Due to the utilization of the treatment area prior to data collection in 2020, subsequent analysis of % basal area of vegetation was conducted in an attempt to determine differences between the drill seeded area compared to the No Treatment area within the fire perimeter and the control plots located outside of the fire perimeter.",26:17:00
Model 27,Central Basin and Range,Post-burn drill seeding,51011,20555,Implemented,See Comments,2,11/15/2017,12/5/2017,Acres,2056,Seeding,Drill Seeding,Ground Seeding: Drill,-1,Confirmed seed list,Drill,Seeds,Confirmed on Paper,Unknown,Not Available,"The seed mix being reported by the LTDL is from frequency datasheets reporting observations for ""Seeded species"". This seed list may not include all the treatments that were actually seeded because they may not have been observed during monitoring.",Establish desirable species at 30% frequency (relative frequency) within 3 years.,Unknown,"Cultural surveys were completed through a contract with EcoPlan\r\non 10/24/17 at a cost of $45,232.\r\nBLM purchased 20,700 lbs. of seed through GBRC in Ephraim, and\r\nDWR contributed an additional 100 lbs. of black sage to add to the\r\nmixes.\r\n\r\nSeed was purchased and mixed through WRI and GBRC in\r\nEphraim.\r\nThe drill seeding was completed by BLM Operations Crew on\r\n11/15-12/5/17.\r\nTractor 11/10 Stotz Equipment (John Deere) \u2013 Nephi","2019 Monitoring\r\nTwo AIM plots were monitored in the Cobble Complex ESR on July 1, and July 12, 2019.\r\nDensity and perennial frequency were measured using .4 meter quadrats (0.16 M2) in a belt\r\ntransect. The perennial species that have been establishing up to this point is impressive, with the\r\ntotal perennial frequency averaging 92%. The perennial relative frequency is on track to meet the\r\ntargeted 30%, with an average of 24% in 2019. The precipitation this year was slightly above\r\nnormal. Into the second growing season there was an increase in foliar cover, with an average of\r\n88%, although much of the foliar cover consisted of invasive species with an average of 68%\r\nbeing Cheatgrass. The density of seeded and perennial species averaged 19 plants per square\r\nmeter, above the seedling objective of 4 plants per square meter. The weeds crew visited the site\r\nin July and the area was not treated because no noxious weeds were found. \r\nPART 9-RECOMMENDATIONS/CONCLUSIONS\r\nThe ESR drill seeding treatment on the Cobble Complex Fire shows good results into the second\r\nseason following the fire. New seedlings are getting established and the relative frequency of\r\nperennial vegetation is nearly meeting the 30% frequency objective. The photos included in this\r\nreport show how the area is now much more dense in vegetation with taller perennial grasses,\r\nalthough much of the lower cover is cheatgrass. Invasives are present in large numbers and\r\nincreased since last year, seeded and re-established desirable perennials species should be\r\ncompetitive into the third growing season.\r\nThe ESR protection fence was constructed and completed in 2018. AIM protocols for Soil\r\nStability were not conducted in the 1st year following the fire, due to extreme soil instability that\r\nis typical the first year after a burn. Soil Stability will be collected in October 2019.\r\n\r\n2018 - The ESR drill seeding treatment on the Cobble Complex Fire shows good results the first\r\ngrowing season following the fire. New seedlings are getting established and frequency of\r\nperennial vegetation is on track to meet the 30% frequency objective within 3 years. Although\r\ninvasives are present in large numbers, seeded and re-established desirable perennials species\r\nshould be competitive into the second growing season with enough precipitation. Precipitation\r\nin this area was about one-third of normal during the 2018 water year. Given the low\r\nprecipitation at the Cobble Complex site and the continuous stand of cheatgrass that was present\r\nbefore these fires, a strong-establishing seed mix was developed for these drill seeding\r\ntreatments. Given the prevalence of cheatgrass and below-average ppt. at a site that is already a\r\nhistorically dry site, the seeding results up to this point are impressive.",Polygon,Confirmed,"Digitized by BLM field office personnel, method unknown",None,2055.93,2055.93,,BLM,Loss of desirable species,Establish desirable species.,,,,,,00:25:00
Model 27,Central Basin and Range,Post-burn drill seeding,51015,20556,Implemented,Fully Successful,2,10/30/2017,11/13/2017,Acres,1029,Seeding,Drill Seeding,Ground Seeding: Drill,-1,Unknown seed list,Drill,Seeds,Unknown Seed List Origin,Unknown,Not Available,"The seed list being reported by the LTDL is coming from the frequency datasheet reporting for observed ""Seeded species"". This may not be the complete seed list because some of the seeded species may not have been observed during monitoring.",Desirable species at 30% frequency (relative frequency) within 3 years.,,"Cultural surveys were completed through a WRI contract with LSD\r\non 10/12/17.\r\nBLM purchased all 10,559 lbs. of seed through the GBRC in\r\nEphraim at a cost of $47,858.75.\r\nThe drill seeding was completed by BLM Operations on 10/30-\r\n11/13/17.\r\n\r\nTractor rental 10/24/17 Mason Machinery of Salina, UT.","2020- Sand dropseed could have been misidentified as needle-and-thread grass. This influences the seeded species portion of the perennial frequency calculations, Sand Dropseed was in the seed mix and needle-and-thread grass was not. It does not affect the overall perennial frequency as both species are perennial bunchgrasses.\r\nPerennial relative frequency composition this year was 50.3%, exceeding the 30% relative frequency objective. From the pictures and data, perennial bunch grasses show moderate vigor. No noxious weeds were observed at the plot. Weed treatments were completed in August within the Dutch Mountain Fire perimeter. Detailed vegetation monitoring results are documented below.\r\n\r\n2019 - In the second growing season after the Dutch Mt. fire in 2017, the site was fully successful in\r\nboth total perennial frequency and perennial relative frequency/composition. Total perennial\r\nfrequency was 94%, and much of that success was due to re-established perennials. Perennial\r\nrelative frequency/composition this year was 56.3%, surpassing the 30% relative frequency\r\nobjective, with an increase of seeded species by 19.5% when compared to last year\u2019s seeded\r\nspecies composition. From the pictures and data, there seems to be excellent vigor in the\r\nperennial grass. Needle and threadgrass reached heights of approximately 75cm and Indian\r\nricegrass averaging heights of 56.7cm. This site had a decrease in canopy gaps, in 2018, 40% of\r\nthe lines contained gaps in vegetation, currently it only makes up 8% within all three lines.\r\nAdditionally, the point data has shown an increase in foliar cover, from 47% in 2018 to 88% in\r\n2019, and bare ground decreased by 16%. Even though foliar cover did increase, cheatgrass still\r\nmade up the majority of the foliar cover at 71% and is present with 100% frequency in the site.\r\nNo noxious weeds were observed at the plot. Weed treatments were completed in July within\r\nthe Dutch Mt. fire perimeter. Detailed vegetation monitoring results are documented below.\r\n\r\nPART 9-RECOMMENDATIONS/CONCLUSIONS\r\nThe ESR drill seeding treatment on the Dutch Mountain Fire shows good recovery of reestablished\r\nperennials or new growth from seeds already in the seed bank, little growth is due to\r\nseeded species. Precipitation this season was above normal and with over triple the amount of\r\nrainfall from last year, the greater precipitation allowed for more perennial growth. The site has\r\nexceeded the 30% objective of relative frequency/composition of perennial vegetation in\r\ntreatment areas. Although presence of cheatgrass was still high, seeded and re-established\r\ndesirable perennials species should be competitive into the third growing season with enough\r\nprecipitation. Given that annual/exotics composition decreased slightly while seeded and non-seeded\r\nperennials continued to increase, this demonstrates an overall improvement. No noxious\r\nweeds were observed during weeds treatment and monitoring. Monitoring and weed inventories\r\nand treatments are scheduled again for 2020. AIM protocols for Soil Stability will be collected\r\nin October.\r\n\r\n2018 - The ESR drill seeding treatment on the Dutch Mountain Fire shows good recovery of reestablished\r\nperennials but no seedlings were present of seeded species. Although presence of\r\ncheatgrass was high, seeded and re-established desirable perennials species should be\r\ncompetitive into the second growing season with enough precipitation. Precipitation in this area\r\nwas about half of normal during the 2018 water year. Hopefully, better precipitation conditions\r\nin the coming Winter and Spring will allow some of the seeded species to germinate, emerge,\r\nand establish.",Polygon,Confirmed,"Digitized by BLM field office personnel, method unknown",None,1028.19,1028.19,,BLM,Loss of desirable species,Establish desirable species.,,,,,,33:17:00
Model 27,Central Basin and Range,Post-burn drill seeding,51018,20557,Implemented,See Comments,2,11/29/2017,12/4/2017,Acres,284,Seeding,Drill Seeding,Ground Seeding: Drill,-1,Unknown seed list,,Seeds,Unknown Seed List Origin,Unknown,Not Available,"DWR contributed 900 lbs (Cicer milkvetch, Wy. Sage, small\r\nburnett, and sainfoin).\r\n\r\nSpecies Frequency Summary states ACHY and MESA were also amongst the seeded species.\r\n\r\nA confirmed seed list is not in the documents.",Desirable species at 40% relative frequency within 3 years.,Unknown,"Cultural surveys were completed through a WRI contract with LSD\r\non 11/07/17.\r\n4,057 lbs. of seed was purchased through GBRC in Ephraim, of which DWR contributed 900 lbs (Cicer milkvetch, Wy. Sage, small\r\nburnett, and sainfoin).\r\nThe drill seeding was completed by BLM Operations Crew on\r\n11/29-12/4/17.","2020 Monitoring\r\nOne AIM plot was monitored on September 3, 2020 using AIM Core Methods and was entered into the Survey123 database. Density and perennial frequency data were collected along three 25 meter transects at every half meter, using 0.4 meter quadrats.\r\nThe relative frequency of desirable perennial species in 2020 was approximately 61.65%, exceeding the 40% composition objective. No noxious weeds were observed at the plot. Weed treatments were completed in June for the Etna fire. Detailed vegetation monitoring results are documented below.\r\n\r\n2019 Monitoring\r\nOne AIM plot was monitored on August 27, 2019 using AIM Core Methods and was entered into DIMA database. Density and perennial frequency data were collected along three 25 meter transects at every half meter, using 0.4 meter quadrats.\r\nThe relative frequency of desirable perennial species in 2019 was approximately 53.6%, exceeding the 40% composition objective. The total perennial frequency was 94.7% in 2019. The higher precipitation this year seemed to increase plant biomass overall, foliar cover increased by 44%, while decreasing canopy gaps by 43%. In just one year the perennial density almost doubled, from 17.9% to 14% plants per square meter. No noxious weeds were observed at the plot, weed treatment was completed in September for the Etna fire. Detailed vegetation monitoring results are documented below.\r\n\r\nPART 9-RECOMMENDATIONS/CONCLUSIONS\r\nThe ESR drill seeding treatment on the Etna Fire shows good results in the second growing season following the fire. Vegetation in general did much better from the previous year, with almost triple the amount of precipitation seen in the area. There continues to be good recovery of re-established perennials, but very few seeded species were found. There is still a lot of bare ground in the area, but cheatgrass and six weeks fescue is encroaching into areas where perennials haven\u2019t already established themselves, and may be the species that increases in cover/density over time. No noxious weeds were observed in the treatment area during monitoring. Monitoring, inventorying, and treatments were completed in July 2018 and again in 2019. AIM protocols for Soil Stability will be implemented later in 2019.\r\n\r\n\r\n2018 - The ESR drill seeding treatment on the Etna Fire shows good results the first growing season\r\nfollowing the fire in spite of extremely low precipitation levels, which were about one-third of\r\nnormal. There is good recovery of re-established perennials but few seedlings were present of\r\nseeded species. Although cheatgrass is encroaching, seeded and re-established desirable\r\nperennials species should be competitive into the second growing season with enough\r\nprecipitation. It is hoped that more favorable Spring precipitation will allow more of the planted\r\nseed to respond.",Polygon,Confirmed,"Digitized by BLM field office personnel, method unknown",None,283.53,283.53,,BLM and Cooperators,Loss of desirable species,Establish desirable species.,,,,,,55:07:00
Model 27,Central Basin and Range,Post-burn drill seeding,51039,20561,Implemented,,2,12/9/2017,12/13/2017,Acres,250,Seeding,Drill Seeding,Ground Seeding: Drill,-1,Unknown seed list,,Seeds,Unknown Seed List Origin,No control areas present,Not Available,,Establish desirable species at 35% frequency (relative frequency of desirable perennial species)\r\nwithin 3 years.,,The drill seeding was completed by BLM Operations Crews 12/9-\r\n12/13/17.,"Perennial frequency was calculated from density data and represents the frequency occurrence of\r\nany perennial species per \xbc meter squared, 3 lines combined (150 samples). Perennial frequency\r\nis easily on track to meet the targeted 35% relative frequency objective. Total perennial\r\nfrequency averaged approximately 86 % for two monitored sites. Perennial composition is\r\nderived from frequency and represents the total percentage of seeded species, re-established\r\nperennials, and annuals/exotics for each plot (150 samples). Composition of perennial species in\r\n2018 averaged approximately 66% for two monitored sites.\r\n\r\nThe ESR drill seeding and chaining treatments on the Sage Fire show good results after the third year following the fire. Seedlings are getting successfully established and re-established perennials show good recovery across the burn, pointing toward the continued success of ESR treatments. The objective as to achieve a relative frequency of desirable perennial species of 35% within 3 years. The seeding treatment results are impressive, achieving a total perennial frequency averaged 70.91% for the monitoring sites in 2020. Desirable perennials are competing with cheatgrass and have limited its presence, as can be observed in comparing treated areas to neighboring sites.\r\nSeeded perennial vegetation is aiding in holding the soil in place across the burned area. No noxious weed were observed during monitoring in June 2020 and weed treatments in July 2020. Squarrose knapweed that has been problematic in the area has been reduced due to the cooperative management between Tooele County and the BLM Salt Lake Field Office.",Polygon,Confirmed,Digitized by LTDL data entry personnel using a confirmed map,9/13/2019,252.12,252.12,,BLM,"Loss of desirable species, Loss of perennials",Establish desirable species.,,,,,,15:12:00
Model 27,Central Basin and Range,Post-burn drill seeding,51050,20563,Implemented,,2,10/6/2017,11/20/2017,Acres,5315,Seeding,Drill Seeding,Ground Seeding: Drill,-1,Unknown seed list,Lower Mix,Seeds,Unknown Seed List Origin,Unknown,Not Available,,Establish desirable species at 4 per square meter or more within 3 years.,Unknown,"Seed procured and mixed in 3 Lower Wildcat Lower batches in\r\nSept, Oct., and Nov. due to GBRC seed shortages (mostly Siberian\r\nWG). The other drill mix was the Wildcat Upper Mix. All drill\r\nmix seed purchased or provided by BLM. Total BLM seed 105,910\r\nlbs with cost = $382,762.","2018: Density measured at 8 monitoring sites averaged approximately 13\r\nseeded or re-established perennials per square meter, well above the\r\nseeding objective of 4 plants per square meter. Perennial\r\nFrequency was calculated from density data and represents the\r\nfrequency occurrence of any perennial species per \xbc meter squared,\r\n3 lines combined (150 samples). Total Perennial Frequency\r\naveraged 67% for eight monitored sites.\r\nPerennial Composition was measured using relative frequency of\r\nperennial vegetation in \xbd meter quadrats (\xbc M2) in belt transects\r\nalong three 25-meter lines. Perennial Composition represents the\r\ntotal percentage of seeded species, re-established perennials, and\r\nannuals/exotics for each plot (150 samples). Perennial\r\nComposition averaged approximately 53% for eight monitoring\r\nlocations.\r\n\r\n2020: Monitoring was conducted by contract crew in 2020. Total perennial relative frequency averaged approximately 47.97% for eight monitored sites. The density of seeded or re-established perennial species averaged 14.55 plants per square meter, exceeding the objective of 4 plants per square meter.\r\n\r\n2021: Total perennial relative frequency averaged approximately 70.28% for eight monitored sites in 2021. The density of seeded or re-established perennial species averaged 17.41 plants per square meter, exceeding the objective of 4 plants per square meter. No noxious weeds were observed at study sites or in the surrounding area. The ESR protection fence is intact and in good condition. All gates were securely closed at the time of monitoring",Polygon,Confirmed,Digitized by LTDL data entry personnel using a confirmed map,9/18/2019,5315.29,5315.29,,BLM,Loss of desirable species,Establish desirable species.,Unknown,Unknown,Unknown,Unknown,,47:15:00
Model 27,Central Basin and Range,Post-burn drill seeding,51125,20573,Implemented,Partially Successful,2,10/2/2013,10/2/2013,Acres,497,Seeding,Drill Seeding,Ground Seeding: Drill,-1,Unknown seed list,,Seeds,Unknown Seed List Origin,Unknown,Not Available,,Perennial species should be at least 40% composition of the total plant community by the end of the\r\n3rd year following the fire.,,"Drill seeding was completed in-house with BLM drills, tractors,\r\nand operators. The site was amenable for the drill seeding. Much\r\nof the drill seeded species appear to be establishing.","2015: Two sites were monitored at the 73 ESR on July 1, 2015 (Study number 1 or DS1 and study\r\nnumber 2 or DS2) . Nested plot frequency transects were completed at both sites. Photographs\r\nwere taken. Both sites had well established crested wheat grass growing. DS1 sites reached the\r\nobjective of a plant composition of at least 40% seeded and reestablished perennial species by\r\nthis third year, reaching nearly 45% frequency of seeded and reestablished perennial vegetation.\r\nDS2 site did not reach the seeding project goal, with only 22% of the vegetation at this site being\r\nseeded and reestablished perennials. There was a significant amount of cheatgrass and Russian\r\nthistle at both sites. Cheatgrass and Russian thistle pose a threat because they dominate the\r\nvegetation along with a significant amount of tumble mustard growing at site DS2.\r\n\r\nOverall, the drill seeding treatments were partially successful,\r\nwith on study site meeting the objective and the other site failing to meet the objective.",Polygon,Confirmed,Digitized by LTDL data entry personnel using a confirmed map,9/20/2019,428.51,427.4,,BLM,"Loss of desirable species, Loss of perennials",Perennial species.,,,,,,39:08:00
Model 27,Central Basin and Range,Post-burn drill seeding,53064,20986,Implemented,Unknown,1,2/1/2018,3/31/2018,Acres,597,Seeding,Drill Seeding,Ground Seeding: Drill,-1,Unknown seed list,,Seeds,Unknown Seed List Origin,Unknown,Not Available,,To establish native perennial vegetation within the burn perimeter to maintain sage-grouse habitat and limit the amount of non-native invasive species cover post burn.,Unknown,A total of 597 acres were drill seeded with bitterbrush and native grass seed.,Unknown,Polygon,Confirmed,Digitized by LTDL data entry personnel using a confirmed map,None,585.59,524.46,,BLM,"Cover for wildlife, Habitat for wildlife, Habitat for sage grouse, Invasion by cheatgrass, Invasion by non-native annuals, Invasive species, Loss of desirable species, Nesting bird species, Noxious weeds, Vegetal cover, Wildlife in treated area",To maintain sage-grouse habitat and\r\nlimit the amount of non-native invasive species cover.,"Mechanical problems during seed application, Seed application took a longer than expected, Tires blowing out",Several mishaps and altering events occurred. This site is approximately a 1-hour drive from any services. We experienced several flat tires on the drill seeders and UTVs which slowed seeding efforts significantly.,Snowing,"Finally, we were forced to cease due to heavy snowfall.","Total cost for ground seeding - $186,000 (It was not reported how much drill vs broadcast costed individually).\r\n\r\nEagle Lake CA",46:09:00
Model 27,Central Basin and Range,Post-burn drill seeding,54213,21264,Implemented,See Comments,2,1/25/2018,1/25/2018,Acres,584,Seeding,Drill Seeding,Ground Seeding: Drill,-1,Planned seed list,Drill Mix,Seeds,Plan,Unknown,Species Specific,"Although the seed list was in the monitoring report, it is an exact match to the planned species list from the ESR plan. While the monitoring plan does contain updated aerial seed lists, it does not for drill seeding.",The objective of the ground seeding treatment is to revegetate the burned area with\r\na well-adapted species mix that provides forage and will promote structural and species\r\ndiversity within the burned area. Objectives will be considered met for the drill seed mix if 1\r\nseeded forb and 3 seeded non-native grasses per square meter are observed within two to five\r\nyears in post-fire monitoring.,"The seeding of grass and forb species would help stabilize the sites as well as decrease the chance of unmitigated establishment of cheatgrass within the burned area. The area would be seeded with a mixture of grasses and forbs that when established would compete with invasive annual grasses and reduce the chance of future, fast spreading fires immediately adjacent to Osino, NV and the I-80 corridor. The treatment would also stabilize soils and reduce air quality and highway visibility concerns. Drill seeding would take place in areas of gentle topography where moderate to high intensity burns were observed.\r\nDrill seed approximately 584 acres of BLM administered lands with a mixture Russian wildrye, crested wheatgrass, Siberian wheatgrass, small burnett, and sainfoin. Drill seeding would be done in the fall of 2017.",Drill seeding was implemented. The seed mix was comprised of non-native grasses and forbs.,"S2 Ground Seeding 2019 Results - Density:\r\nThe rehab objective of one seeded\r\nforb per square meter has not been met on this plot but the objective of three seeded grasses per\r\nsquare meter have been met on this plot. It is noteworthy that regrowth of Sandberg bluegrass\r\n(Poa secunda), a small-form perennial grass, and squirreltail (Elymus elymoides), a large-form\r\nperennial grass, was observed, indicating native recovery at the site as well. In AIM Plot 05A, an\r\nAerial Watershed plot that was not originally stratified within a drill seeding, some drill lines\r\nwere captured at the end of the transects. It should be noted that seeded grasses were observed\r\nwithin and outside of the areas with drill line quadrats. Since it is not documented whether the\r\nseeded grasses were directly in the drill lines or not, the seeded grasses are accounted for in AIM\r\nPlot 05A Aerial Watershed density analysis.\r\n2020: The rehab objective of one seeded forb per square meter has not been met on this plot but the objective of three seeded grasses per square meter have been met on this plot. It is noteworthy that regrowth of grasses is doing well.\r\n\r\n2019 Cover: Average foliar canopy cover was high (82.7%) in part due to the high cover (75.3%) of\r\ncheatgrass (Bromus tectorum). Sandberg bluegrass (Poa secunda) and crested wheatgrass\r\n(Agropyron cristatum) provided the second and third highest cover (10.7% and 4.7%\r\nrespectively). Annual grasses exceed all functional groups in cover (75.3%). Perennial grasses\r\nhad less than a quarter of annual grass cover but seeded species were noted within the plot. The\r\npresence of highly invasive tall tumblemustard (Sisymbrium altissimum) on the plot is a concern\r\non the plot.\r\n2020 Cover: Average foliar canopy cover was moderate (53.3%) and significantly reduced from 2019 observations. This could likely be due to a decrease in annual grass cover although cheatgrass still had the highest foliar cover (41.3%). This was followed by Sandberg bluegrass (5.3%), crested wheatgrass (4.7%), and Siberian wheatgrass (2.0%). Annual forbs were also reduced in abundance. However, perennial species are second to annual species in overall cover at the site.\r\n\r\nGaps and Erosion: Roosters Comb AIM Plot 27 is located in a Rangeland Loamy 8-10\u201d P.Z.\r\necosite (R025XY019NV) in a former / Artemisia tridentata ssp. wyomingensis/ Achnatherum\r\nthurberianum \u2013 Achnatherum hymenoides ( / Wyoming big sagebrush / Thurber\u2019s needlegrass \u2013 Indian\r\nricegrass) vegetation community. \r\n2019: Gaps on the plot were mostly from 25 to 50 cm long but\r\nrepresented 7.4% of the average 25m transects. Canopy cover represents 92.6% of the average\r\n25m transects and this can be attributed largely to annual grass cover. Common water flow\r\npatterns were observed on the plot, which is a slight departure from expected conditions for the\r\nsite. These factors combined make wind and water erosion a slight concern for the site.\r\n2020: Gaps on the plot were primarily between 25 and 50 cm long. Canopy cover represents 82.9% cover of the average 25m transects. Significantly reduced erosion indicator observations were made. With more stable, small gaps, and no signs of erosion on the site, wind and water erosion are not a concern for the site.\r\n\r\n2019 Species Richness: Twenty-five (25) different plant species were observed within the 2,827.4\r\nsquare meter monitoring plot.\r\n2020: Twenty-one (21) different plant species were observed on the plot.\r\n\r\n2019 and 2020 Recommendations\r\nThe ESR treatment objectives of the drill seeding have only been met for grasses and not for\r\nforbs. However, some native recovery on the plot is evident. There was an allotment closure\r\nissued for the White Rock Allotment. The allotment closure objectives of three perennial grasses\r\nper square meter have been met but it is advised that additional rest is provided to the area to\r\nensure establishment of seeded species.\r\n\r\nS3 Aerial Overseed Mix, S2 Drill Seed Mix \r\nOil Well 07 was correlated to a Rangeland Loamy 8-10\u201d P.Z. ecosite (R025XY019NV) in a former Artemisia tridentata ssp. wyomingensis / Achnatherum thurberianum \u2013 Achnatherum hymenoides (Wyoming big sagebrush / Thurber\u2019s needlegrass \u2013 Indian ricegrass) vegetation community. \r\nAerial Wyoming Sagebrush Overseed seed mix was comprised of Wyoming big sagebrush (Artemisia tridentata sbsp wyomingensis). \r\nDrill Mix was comprised of Siberian wheatgrass (Agropyron fragile), Crested wheatgrass (Agropyron cristatum), Small burnet (Sanguisorba minor), Sainfoin (Onobrychis viciifolia), and Russian wildrye (Psathyrostachys juncea). \r\nDensity Results \r\n2019: The rehab objective of one seeded forb per square meter has not been met on this plot but the objective of three seeded grasses per square meter have been met on this plot. It is noteworthy that regrowth of Sandberg bluegrass (Poa secunda), a small-form perennial grass, and squirreltail (Elymus elymoides), a large-form perennial grass, was observed, indicating native recovery at the site as well. It should be noted that seeded grasses were observed within and outside of the areas with drill line quadrats. \r\n2020: The rehab objective of one seeded forb per square meter has not been met on this plot but the objective of three seeded grasses per square meter have been met on this plot. It is noteworthy that regrowth of grasses is doing well. \r\n2022: The rehabilitation objectives of 1 forb/m2 and 3 seeded grasses/m2 have not been met on the plot. Seeded forbs were not observed and seeded grasses were found at 2.92/m2 almost meeting the 3/m2 goal but not quite. Native regrowth of grasses were still present, though slightly reduced, and native regrowth of shrubs was present as well. \r\nAIM Data Results \r\nCover \r\n2019: Average foliar canopy cover was high (82.7%) in part due to the high cover (75.3%) of cheatgrass (Bromus tectorum). Sandberg bluegrass (Poa secunda) and crested wheatgrass (Agropyron cristatum) provided the second and third highest cover (10.7% and 4.7% respectively). Annual grasses exceed all functional groups in cover (75.3%). Perennial grasses had less than a quarter of annual grass cover but seeded species were noted within the plot. The presence of highly invasive tall tumblemustard (Sisymbrium altissimum) on the plot is a concern on the plot. 2020: Average foliar canopy cover was moderate (53.3%) and significantly reduced from 2019 observations. This could likely be due to a decrease in annual grass cover although cheatgrass still had the highest foliar cover (41.3%). This was followed by Sandberg bluegrass (5.3%), crested wheatgrass (4.7%), and Siberian wheatgrass (2.0%). Annual forbs were also reduced in abundance. However, perennial species are second to annual species in overall cover at the site. \r\n2022: Average foliar cover was moderately low at 36.0%, a 17.3% decrease observed in 2020. Annual grasses were by far the most dominant on the plot at 16.3% while the next highest cover was perennial grasses at 4.2%. Annual forbs and annual grasses combined constitute more of the cover on the plot than their perennial counterparts.\r\nGaps and Erosion \r\n2019: Gaps on the plot were mostly from 25 to 50 cm long but represented 1.2% of the average 25m transects. Canopy cover represents 82.7% of the average 25m transects and this can be attributed largely to annual grass cover. Common water flow patterns were observed on the plot, which is a slight departure from expected conditions for the site. These factors combined make wind and water erosion a slight concern for the site. \r\n2020: Gaps on the plot were primarily between 25 and 50 cm long. Significantly reduced erosion indicator observations were made. With more stable, small gaps, and no signs of erosion on the site, wind and water erosion are not a concern for the site. \r\n2022: Gaps increased significantly since 2020, from 2.9% total to 53.9% in 2022. The majority of gaps were observed in the 51-100cm range (19.0%) with both 25-50cm and 101-200cm observed at 16.0%. Short waterflow patterns were observed on plot which in combination with the drop in foliar cover and increase in gaps wind and water erosion are of growing concern or this plot.\r\nSpecies Richness\r\n2022: Species richness was moderate at 17 individual species being identified. Annual forbs and grasses outnumbered their perennial counterparts.\r\nRecommendations \r\n2019/2020: The ESR treatment objectives of the drill seeding have only been met for grasses and not for forbs. However, some native recovery on the plot is evident. There was an allotment closure issued for the White Rock allotment where Plot 07A is located. The allotment closure objective of three perennial grasses per square meter has been met. It is advised that additional rest and proper grazing management is provided to the area to ensure establishment of seeded species. \r\n2022: The ESR treatment objectives of the drill seeding have not been met. However, some native recovery on the plot is evident. There was an allotment closure issued for the White Rock allotment where Plot 07A is located. The allotment closure objective of three perennial grasses per square meter has been met. However, due to the decline of perennial species and increase in gaps observed, it is advised that additional rest and proper grazing management is provided to the area to ensure establishment of seeded species.",Polygon,Confirmed,Digitized by LTDL data entry personnel using a confirmed map,6/15/2020,369.73,362.43,"Treatment acres greater than feature acres, see notes.",BLM and Cooperators,"Cover for wildlife, Erosion, Establishment of seeded species, Forage for wildlife, Forage quality, Habitat for antelope, Habitat for elk, Habitat for greater sage grouse, Habitat for mule deer, Habitat for sage grouse, Habitat for wildlife, Habitat productivity, Habitat quality, Loss of desirable species, Loss of perennials, Nesting bird species, Vegetal cover, Wildlife in treated area",Provides forage and will promote structural and species diversity within the burned area.,,,,,"Separate map of drill seeding only confirms that there is not more of the feature covered by overlap, unclear why the treatment acres are so much greater than those of the feature. Acreage confirmed by RIPS report.",07:07:00
Model 27,Central Basin and Range,Post-burn drill seeding,54214,21264,Implemented,See Comments,1,10/1/2017,9/30/2019,Acres,376,Seeding,Drill Seeding,Ground Seeding: Drill,-1,Planned seed list,Drill and Imazapic,Seeds,Plan,Unknown,Species Specific,"Seed list in monitoring report, but matches that of the ESR plan, and unlike the aerial seeding there is no updated version.",The objective of the ground seeding treatment is to revegetate the burned area with\r\na well-adapted species mix that provides forage and will promote structural and species\r\ndiversity within the burned area. Objectives will be considered met for the drill seed mix if 1\r\nseeded forb and 3 seeded non-native grasses per square meter are observed within two to five\r\nyears in post-fire monitoring.,"Drill seed approximately 216 acres of BLM administered lands with a mixture Russian wildrye, crested wheatgrass, Siberian wheatgrass, small burnett, and sainfoin. This treatment would be completed in the fall of 2018 after an imazapic treatment in the fall of 2017. The area would also be aerially seeded with Wyoming and basin sagebrush and yarrow in the winter of 2018/2019.",Drill seeding was implemented.,"ESR 2022 Monitoring Report\r\nR2 Drill Seeding/R3 Aerial Wyoming Sagebrush Overseeding \r\nThis site was correlated to a Rangeland Loamy 8-10\u201d P.Z. ecosite (R025XY019NV) in a former Artemisia tridentata ssp. wyomingensis / Achnatherum thurberianum \u2013 Achnatherum hymenoides (Wyoming big sagebrush / Thurber\u2019s needlegrass \u2013 Indian ricegrass) vegetation community. \r\nDrill Mix was comprised of Siberian wheatgrass (Agropyron fragile), Crested wheatgrass (Agropyron cristatum), Small burnet (Sanguisorba minor), Sainfoin (Onobrychis viciifolia), and Russian wildrye (Psathyrostachys juncea). \r\nThe Wyoming Sagebrush Overseed mix was comprised of Wyoming Big sagebrush (Artemisia tridentata sbsp wyomingensis).\r\nDensity Results \r\n2019: The rehabilitation objectives of three seeded grasses, 1 seeded forb, and 0.3 seeded shrubs per square meter have not been met for this plot. However, seeded species were observed on the plot and recovery of small-form grass (Sandberg bluegrass) and large-form grasses (squirreltail, Indian ricegrass) was observed on the site. \r\n2020: The rehabilitation objective of three perennial grasses per square meter has been met. The objectives for seeded forbs and shrubs have not been met. Regrowth of large and small form grasses is still evident on the plot. \r\n2022: The rehabilitation objectives as stated above have not been met. No seeded forbs were observed, 2.6 grasses/m2 were observed which is just below the 3/m2 goal, and 1 shrub/m2 surpassed the 0.3/m2 objective. Seeded grasses and forbs decreased since 2020 while shrubs increased. \r\nAIM Data Results \r\nCover \r\n2019: Average foliar canopy cover was moderate (22.0%). Invasive cheatgrass (Bromus tectorum) has the highest cover on the site (8.0%) followed by Sandberg\u2019s bluegrass (Poa secunda) and squirreltail (Elymus elymoides) (6.7% and 2.7%, respectively). Perennial grasses exceed all functional groups in cover (11.4%). \r\n2020: Average canopy foliar cover was higher than 2019 observations. The highest cover comes from cheatgrass (11.3%), followed by Sandberg bluegrass (8.0%), Russian thistle (7.3%), and Siberian wheatgrass (4.0%). Perennial species still surpassed annual species in overall cover on the site.\r\n2022: Average foliar cover was reduced back to its 2019 cover at 22.7%. However, unlike in 2019, annual grasses are now dominant at 12.3% with only 1.4% perennial grasses and no perennial forbs present at all. Shrub cover increased a small amount from 0.7% in 2019 up to 2.4% this year.\r\nGaps and Erosion: \r\n2019: Gaps on this plot were primarily greater than 200 cm long and represented 71.3% of the average 25m transects. Moderate to extreme departure from expected erosional conditions were observed on the sites including the presence of a gully, very common deposition/runoff and water flow patterns, and dominant pedestaling. Wind and water erosion are a concern for the site. \r\n2020: Gaps on this plot were primarily between 25 and 50cm long, an improvement since 2019 observations. Canopy cover represented 68% of the average 25m transects. Reduced gully activity and pedestalling were observed the but the same widespread and common deposition/runoff and water flow patterns were observed. These are considered an improvement on the site but wind and water erosion are still a concern for the site. \r\n2022: Gaps on the plot were much higher than in 2020 and also in 2019. Gaps greater than 200cm were 43.1% with gaps 101-200cm following at 27.0%, whereas previously they had maxed out at 14.9% and 8.1% respectively. The increase of gap in conjunction with the frequent, long waterflow patterns observed on plot and gully observed just off plot is of concern for the soil stability and site integrity for this plot.\r\nSpecies Richness\r\n2022: Species richness was moderately high with 31 individual species identified. Despite the lack of perennial forbs observed during the Line-Point Intercept data collection method 10 perennial forbs were identified along with 10 perennial grasses. The number of perennial species outnumber their annual counterparts however, the coverage of perennial species is significantly lower than the annual species and should still be of concern.\r\nRecommendations \r\n2019/2020: The drill and aerial seeding are not fully meeting rehabilitation objectives but are showing some sign of establishment. Perennial recovery on the site is also evident. There was an allotment closure issued for the Adobe Hills allotment. The allotment closure objective of three perennial grasses per square meter has been met. It is advised proper grazing management is provided to the area to help the establishment of seeded species. \r\n2022: The drill and aerial seeding treatment for Oil Well 02 is not fully meeting rehabilitation objectives and show signs of overall plot health decline and degradation. There was an allotment closure issued for the Adobe Hills allotment, the objective for reopening has been met with more than 3 perennial grasses/m2 but it is advised that proper grazing management is continued in the area to provide time for proper establishment of seeded species.",Polygon,Confirmed,Digitized by LTDL data entry personnel using a confirmed map,6/15/2020,410.76,407.3,Treatment acres somewhat lower than feature acres.,Unknown,"Cover for wildlife, Erosion, Establishment of seeded species, Forage for wildlife, Forage quality, Habitat for antelope, Habitat for elk, Habitat for greater sage grouse, Habitat for mule deer, Habitat for sage grouse, Habitat for wildlife, Habitat productivity, Habitat quality, Loss of desirable species, Loss of perennials, Nesting bird species, Vegetal cover, Wildlife in treated area",Provides forage and will promote structural and species diversity within the burned area.,,,,,,15:56:00
Model 27,Central Basin and Range,Post-burn drill seeding,54399,21293,Implemented,See Comments,2,1/20/2018,1/20/2018,Acres,600,Seeding,Drill Seeding,Ground Seeding: Drill,-1,Planned seed list,Wildlife Seed,Seeds,Plan,Unknown,Species Specific,,The objective of the drill seeding treatment is to revegetate the burned area with a\r\nwell-adapted species mix that provides forage and will promote structural and species diversity\r\nwithin the burned area. Objectives will be considered met for the drill seed mix if three seeded\r\nspecies per square meter are observed within two to five years in post-fire monitoring.,"Drill Seeding\r\nThe BLM would drill seed approximately 600 acres of public land with a non-native seed mix consisting of crested wheatgrass, Russian wildrye, sanfoin, and small burnett. Drill seeding would take place in areas of gentle topography where moderate to high severity burning was observed and would be completed in the fall or spring following the fire.","FY18 - Drill seeding completed, confirmed by Monitoring and RIPS report.","S2 Drill Seeding 2019 Density Results\r\nDensity: The seed mix was comprised of two crested wheatgrass varieties (Agropyron cristatum\r\n\u2013 Hycrest and Roadcrest varieties), Russian wildrye (Psathyrostachys juncea), small burnet\r\n(Sanguisorba minor), and sainfoin (Onobrychis viciifolia). The seeding will be considered\r\nsuccessful when 3 seeded species are observed per square meter within two to five years. No\r\nseeded species were observed in the density frames. However, recovery of Sandberg bluegrass\r\n(Poa secunda), a small-form grass and squirreltail (Elymus elymoides), thickspike wheatgrass\r\n(Elymus lanceolatus), large-form bunchgrasses was observed in quantity.\r\nS2 Drill Seeding 2019 AIM Data Results\r\nCover: Average foliar canopy cover was high (88.0%) in part due to the high cover (50%) of\r\nperennial grasses. The functional groups in second and third highest cover percentage were\r\nannual forbs and grasses at 40.6% and 40.0% respectively. Of concern for the plot community\r\ncomposition is the presence of noxious whitetop (Cardaria draba). Other invasive forbs\r\nincluding desert madwort (Alyssum desertorum), clasping pepperweed (Lepidium perfoliatum),\r\nand curveseed butterwort (Ceratocephala testiculata) were also observed. Perennial forbs such\r\nas Phlox and lupine (Lupinus spp.) showed signs of successful recovery with a combined 17.3%\r\nfoliar cover.\r\nGaps and Erosion: Rabbit Creek AIM Plot 01 is located in a Rangeland Loamy 8-10\u201d P.Z. ecosite\r\n(R025XY019NV) in a former / Artemisia tridentata ssp. wyomingensis/ Achnatherum thurberianum \u2013\r\nAchnatherum hymenoides ( / Wyoming big sagebrush / Thurber\u2019s needlegrass \u2013 Indian ricegrass) vegetation\r\ncommunity. Gaps on the plot were minimal and were only between 25 and 50cm long. Canopy\r\ncover represents 97.7% of the average 25m transects. Few pedestals and water flow patterns\r\nwere observed along with common deposition/runoff. High cover by annual species that likely\r\ndo not provide soil stability and signs of water movement on the site with a 25% slope may\r\nindicate erosion is a concern on the site.\r\nSpecies Richness: Twenty-three (23) different plant species were observed within the 2,827.4\r\nsquare meter monitoring plot.\r\n2019 Recommendations\r\nThe ESR treatment objectives for this seeding have not been met. However, recovery of large\r\nand small form perennial grasses is evident on the site. A grazing closure was issued for the Hog\r\nTommy allotment. The allotment closure objectives of three perennial species per square meter\r\nhave technically been met, but it is advised that the area remain closed for another growing\r\nseason to allow for the establishment of seeded species.\r\n\r\nS2 Drill Seeding 2020 Density Results\r\nDensity: The seed mix was comprised of two crested wheatgrass varieties (Agropyron cristatum \u2013 Hycrest and Roadcrest varieties), Russian wildrye (Psathyrostachys juncea), small burnet (Sanguisorba minor), and sainfoin (Onobrychis viciifolia). The seeding will be considered successful when 3 seeded species are observed per square meter within two to five years. No seeded species were observed in the density frames. However, recovery of Sandberg bluegrass (Poa secunda), a small-form grass and squirreltail (Elymus elymoides), western wheatgrass (Pascopyrum smithii), was observed in quantity.\r\nS2 Drill Seeding 2020 AIM Data Results\r\nCover: Average foliar canopy cover was high (70.7%) in part due to the high cover (37.4%) of perennial grasses. The functional groups in second and third highest cover percentage were annual forbs and grasses at 27.6% and 10.6% respectively. Of concern for the plot community composition is the presence of noxious whitetop (Cardaria draba). Other invasive forbs including desert madwort (Alyssum desertorum), clasping pepperweed (Lepidium perfoliatum), and curveseed butterwort (Ceratocephala testiculata) were also observed. Perennial forbs such as Phlox and lupine (Lupinus spp.) showed signs of successful recovery with a combined 16% foliar cover.\r\n\r\n2020 Species Richness: Nineteen (19) different plant species were observed within the 2,827.4 square meter monitoring plot.\r\n\r\n2020 Recommendations The ESR treatment objectives for this seeding have not been met. However, recovery of large and small form perennial grasses is evident on the site. A grazing closure was issued for the Hog Tommy allotment, South pasture where Plot 01 is located. The allotment closure objective of three perennial species per square meter has been met, but it is advised that the area receives appropriate grazing management to allow for further establishment of seeded species.\r\n\r\n\r\n2022 ESR Monitoring report\r\nS2 Drill Wildlife Seed Mix\r\nRabbit Creek AIM Plot 01 is located in a Rangeland Loamy 8-10\u201d P.Z. ecosite (R025XY019NV) in a former Artemisia tridentata ssp. wyomingensis/ Achnatherum thurberianum \u2013 Achnatherum hymenoides (Wyoming big sagebrush / Thurber\u2019s needlegrass \u2013 Indian ricegrass) vegetation community.\r\nThe Drill Wildlife seed mix was comprised of two crested wheatgrass varieties (Agropyron cristatum \u2013 Hycrest and Roadcrest varieties), Russian wildrye (Psathyrostachys juncea), small burnet (Sanguisorba minor), and sainfoin (Onobrychis viciifolia).\r\n\r\nDensity Results\r\n2020: The seeding will be considered successful when 3 seeded species are observed per square meter within two to five years. No seeded species were observed in the density frames. However, recovery of Sandberg bluegrass (Poa secunda), a small-form grass and squirreltail (Elymus elymoides), western wheatgrass (Pascopyrum smithii), was observed in quantity.\r\n2022: The rehabilitation objectives of 3 seeded species/m2 within 5 years has not been met. No seeded forbs and only minimal (0.08/m2) seeded grasses were observed. Native regrowth, however, of grasses is very abundant at 110.33/m2 across the plot. Perennial forbs and shrubs were also present in lower numbers but could continue to establish if the plot is given proper rest.\r\nAIM Data Results\r\nCover\r\n2020: Average foliar canopy cover was high (70.7%) in part due to the high cover (37.4%) of perennial grasses. The functional groups in second and third highest cover percentage were annual forbs and grasses at 27.6% and 10.6% respectively. Of concern for the plot community composition is the presence of noxious whitetop (Cardaria draba). Other invasive forbs including desert madwort (Alyssum desertorum), clasping pepperweed (Lepidium perfoliatum), and curveseed butterwort (Ceratocephala testiculata) were also observed. Perennial forbs such as Phlox and lupine (Lupinus spp.) showed signs of successful recovery with a combined 16% foliar cover.\r\n2022: Average foliar cover was high at 78.8%, an increase of 8.1% since 2020 with perennial grasses continuing to dominate the plot at 27.6% coverage. Annual forbs overtook perennial forbs in dominance and while annual grasses are still the third most dominant, they are reduced to 8.6% total foliar coverage. Shrubs had a large dip in foliar cover, down to 1.1% from the 18.6% observed in 2019.\r\n\r\nGaps and Erosion\r\n2020: Gaps on the plot were minimal and were only between 21-50cm long. Few pedestals and water flow patterns were observed along with common deposition/runoff. High cover by annual species that likely do not provide soil stability and signs of water movement on the site with a 25% slope may indicate erosion is a concern on the site.\r\n2022: Gaps increased significantly from 2020 from 7.6% total up to 72.7% total. Gaps greater than 100cm were previously not observed on the plot and now make up 31.4% of the total gaps observed. Little to no signs of erosion were observed on the plot but with the increase of highly invasive annual forbs along with the decrease of perennial grasses and forbs is of concern for the health and rehabilitation of the plot.\r\n\r\nSpecies Richness\r\n2022: Species richness was moderate on the plot with 23 individual species identified. Annual forbs increased by 3 species since 2020 but the perennial grasses and forbs still outnumbered their annual counterparts.\r\n\r\nRecommendations 2020: The ESR treatment objectives for this seeding have not been met. However, recovery of large and small form perennial grasses is evident on the site. A grazing closure was issued for the Hog Tommy allotment, South pasture where Plot 01 is located. The allotment closure objective of three perennial species per square meter has been met, but it is advised that the area receives appropriate grazing management to allow for further establishment of seeded species.\r\n2022: The ESR treatment objectives for this seeding have not been met. However, recovery of large and small form perennial grasses is still evident on the site. A grazing closure was issued for the Hog Tommy allotment, South pasture where Plot 01 is located. The allotment closure objective of three perennial species per square meter has been met, but it is advised that the area receives appropriate grazing management to allow for further establishment of seeded species, particularly given the large increase in gaps observed and the distribution of annual and perennial species across the plot.\r\n\r\nPART 9 \u2013 RECOMMENDATIONS/CONCLUSIONS\r\nThe Rabbit Creek fire will continue to have residual effects across the landscape for many years, but the planning, treatments, and monitoring accomplished in the last year have provided a steppingstone to continue with the restoration efforts throughout the burn area. One of the biggest lessons learned is that restoration takes time when you are dealing with environmental effects. There are many factors that go into restoring burn areas, some are human, but many are environmental. Goals and objectives will continue to be developed for restoring the Rabbit Creek Fire and the lessons learned from this fire will be used for future planning in Emergency Stabilization and Rehabilitation.",Polygon,Confirmed,Digitized by LTDL data entry personnel using a confirmed map,None,596.23,582.94,,Unknown,"Cover for wildlife, Establishment of seeded species, Forage quality, Habitat productivity, Habitat quality, Vegetal cover",Provides forage and will promote structural and species diversity\r\nwithin the burned area.,Unknown,Unknown,Unknown,Unknown,Unknown,40:50:00
Model 27,Central Basin and Range,Post-burn drill seeding,54416,21295,Implemented,See Comments,2,8/1/2017,9/30/2018,Acres,4272,Seeding,Drill Seeding,Ground Seeding: Drill,-1,Confirmed seed list,Boulder Field,Seeds,Confirmed in GIS,Unknown,Species Specific,"Details from planned seed list (although also present in the monitoring report, see date) species mostly confirmed by GIS, except that AGCR was used instead of AGDE2.",The objective of the ground seeding treatment is to revegetate the burned area with\r\na well-adapted species mix that provides forage and will promote structural and species\r\ndiversity within the burned area. Objectives will be considered met for the drill seed mix if\r\nthree seeded species per square meter are observed within two to five years in post-fire\r\nmonitoring.,"Fall 2017 (FY18) Boulder Field\r\nApproximately 4,272 acres of BLM administered lands would be drill seeded with a mixture of Russian wildrye, Siberian wheatgrass, Sandberg's bluegrass, crested wheatgrass, blue flax, sainfoin and small burnet. Drill seeding would take place in areas of gentle topography where moderate to high intensity burns were observed. Drill seeding would be done in the fall of 2017.","FY 2017 - 2018: Drill seeding was implemented. Confirmed by GIS attribute table, RIPS, and Monitoring reports.","S2 Ground Seeding 2019 Results\r\nDensity: The seed mix was comprised of native and non-native grasses and non-native forbs. The rehab\r\nobjectives have not been met in this plot for drill seeding, as seeded grasses were not observed\r\nand some Western yarrow seedlings (not originally planned in the seed mix) were observed but\r\ndid not quite met rehabilitation objectives. It is noteworthy that regrowth of Sandberg bluegrass\r\n(Poa secunda), a small-form grass, and squirreltail (Elymus elymoides) and great basin wildrye\r\n(Leymus cinereus), large-form bunchgrasses, was observed, indicating some recovery at the site.\r\nCover: Average foliar canopy cover was high (82.7%) in part due to the high cover (64.7%) of\r\nSandberg bluegrass (Poa secunda). Invasive cheatgrass (Bromus tectorum) and tall\r\ntumblemustard (Sisymbrium altissimum) provided the second and third highest cover (19.3% and\r\n10.7% respectively). Perennial grasses exceed all functional groups in cover (72.7%) but annual\r\ngrasses and annual forbs have considerable cover on the site as well (20% and 19.3%,\r\nrespectively).\r\nGaps and Erosion: Roosters Comb AIM Plot 27 is located in a Rangeland Loamy 8-10\u201d P.Z.\r\necosite (R025XY019NV) in a former / Artemisia tridentata ssp. wyomingensis/ Achnatherum\r\nthurberianum \u2013 Achnatherum hymenoides ( / Wyoming big sagebrush / Thurber\u2019s needlegrass \u2013 Indian\r\nricegrass) vegetation community. Gaps on the plot were mostly from 25 to 50 cm long but\r\nrepresented 24.7% of the average 25m transects. Canopy cover represents 75.3% of the average\r\n25m transects and this can be attributed largely to perennial and annual grass cover. Common\r\npedestalling and water flow patterns and rare deposition/runoff were observed. These factors are\r\noverall a moderate departure from expected conditions and therefore make wind and water\r\nerosion a slight concern on the site.\r\nSpecies Richness: Forty (40) different plant species were observed within the 2,827.4 square\r\nmeter monitoring plot.\r\n\r\n2019 Recommendations\r\nThe ESR treatment objectives of three seeded species per square meter have not been met for this\r\nplot. However, native recovery on the plot is evident. A grazing closure was issued for the 25\r\nand Boulder Field Allotments. The allotment closure objectives of three perennial species per\r\nsquare meter have been met but additional rest for the area is recommended in order for the\r\nseeding to establish.\r\n\r\nS14 Additional Treatments and R2 Drill Seeding 2019 Results\r\nDensity:\r\nImazapic was applied to these plots in the Fall of 2017. Seeded grasses are establishing well on\r\nthe site with 8.95 plants per square meter on average for the plots. Native recovery of perennial\r\ngrasses on the sites is evident.\r\n\r\n\u2026See the 2019 And 2020  Monitoring Summaries.\r\n\r\n2019 Recommendations\r\nThe Imazapic treatment appears to be highly effective as far as maintaining cheatgrass, on\r\naverage, at low levels within the treated plots. On sites that were drill seeded, grasses are\r\nestablishing well but seeded forbs have not established yet. A grazing closure was issued for the\r\n25 and Boulder Field Allotments. The allotment closure objectives of three perennial species per\r\nsquare meter have been met but additional rest for the area is recommended in order for the\r\nseeding to establish.\r\n\r\n2020 Cover: Average foliar canopy cover was moderate (52.7%) and reduced from the previous monitoring year. Highest cover was from Sandberg bluegrass (39.3%) with smaller amounts of cover from cheatgrass (8.0%), thurber\u2019s needlegrass (5.3%), and forage kochia (3.3%). Perennial species collectively had more cover than annual species.\r\n\r\n2020 Gaps and Erosion: The same amount of erosion indicators including common pedestalling and water flow patterns with some deposition/runoff were observed on the plot. Gaps on the plot were still mostly small (between 25 and 50 cm) and canopy cover still represents approximately 75% of the average transects.\r\n\r\n2020 Species Richness: Forty-six different plant species were observed within the 2,827.4 square meter monitoring plot.\r\n\r\n2020 Recommendations The ESR treatment objectives of three seeded species per square meter have not been met for this plot. However, native recovery on the plot is evident. A grazing closure was issued for the Boulder Field allotment and pasture where Plot 27 is located. The allotment closure objective of three perennial grasses per square meter has been met. Proper grazing management on the site would be beneficial for seeded species establishment.",Polygon,Confirmed,"Digitized by BLM field office personnel, method unknown",12/11/2019,4209.14,4150.49,Slightly more treatment acres than feature acres.,Contractor,"Cover for wildlife, Establishment of seeded species, Habitat productivity, Habitat quality, Loss of desirable species, Loss of sagebrush, Nesting bird species, Sensitive species, Wildlife in treated area",Provides forage and will promote structural and species diversity within the burned area.,Unknown,Unknown,Unknown,Unknown,"Planned Seed Cost: $168,405.00\r\nPlanned Cost/Acre: $84.17.\r\n\r\nShared project number with related drill seeding treatment.",58:11:00
Model 27,Central Basin and Range,Post-burn drill seeding,54651,21328,Implemented,See Comments,1,10/1/2019,10/00/2020,Acres,716,Seeding,Drill Seeding,Ground Seeding: Drill,-1,Planned seed list,Drill,Seeds,Plan,Unknown,Species Specific,,"Objective: The objective of the seeding is to establish native shrubs, grasses, and forbs within the burned area to reduce the risk of soil erosion and to improve vegetation structure and diversity. The density objective for the treatment is an average of four seeded plants per meter based off modified AIM plots within the burn. All shrubs and perennial grasses should be firmly rooted into the ground.","Due to a failed spraying this seeding has been postponed.\r\n\r\nIn FY 2019 the fire was surveyed for cultural sites to facilitate the drill seeding.\r\n\r\nFY2020 - Due to a failed spraying this fire was not seeded in FY20, but was instead resprayed.\r\n\r\nFY2021 - NDOW seeded this fire with Nevada Gold funding since it happened in an area that they were planning on doing a joint restoration project in the area prior to the fire\r\n\r\nSeeding didn\u2019t happen because the site was sprayed for cheatgrass in November of 2018, the rest of that FY and FY19 was a rest year to allow the chemical to have an impact on the fire, and to allow the chemical residual to degrade enough not to effect the seeded species, and then waiting for the ideal time of year for seed to be placed on/in the ground.\r\n\r\nReseeding the Burned Area:\r\nThe Copper Fire will be reseeded with a drill seeder. Any changes to seed mix will take into\r\nconsideration the local site soil and climatic conditions, to provide the best possible chance for\r\nsuccess. Preference in the seed mix will be given to native species over non-native species to fill\r\nthe same functional roles. All seedings will occur during the fall, winter, or spring. If possible,\r\nseedings will be implemented shortly before anticipated snowfall to increase the chance for\r\nsuccess. The two treatments are explained in further detail as follows:\r\nThe proposed drill seed mix will primarily consist of 6 perennial grasses: Achnatherum\r\nhymenoides (Indian Ricegrass), Elymus elymoides (Bottlebrush Squirreltail), Leymus cinereus\r\n(Great Basin Wildrye), Poa secunda (Sandberg's Bluegrass), Distichlis spicata (Inland Saltgrass)\r\nand Hesperostipa comata (Needle and Thread Grass). 4 shrubs: Atriplex confertifolia\r\n(Shadscale), Artemisia tridentata ssp. Wyomingensis (Wyoming Big Sagebrush) and Grayia\r\nspinosa (Spiny Hopsage) and Sarcobatus vermiculatus (Black Greasewood); and 2 forb: Bassia\r\nprostrata (Forage Kochia), and Sphaeralcea munroana (Munroe's Globemallow). The drill mix\r\nwill be used on the flats on public land throughout the fire and will avoid rock outcrops,\r\nunburned islands, and any identified historic properties. Seeding will occur in the fall, winter,\r\nand early spring, shortly before anticipated winter snowfall to assist with propagation.",FY2021- NDOW seeded this fire with Nevada Gold funding since it happened in an area that they were planning on doing a joint restoration project in the area prior to the fire.,"FY 2019:\r\nDiscussion: Battle Mountain District personnel utilized ArcGIS\u2019s random point generator to randomly create two monitoring sites within the fire, all of these were within the proposed drill seed area (See Table 1 for plot information). Each monitoring site was within a different soil Map Unit from the United States Department of Agriculture\u2019s Websoil Survey and all two of the soil types found within the fire were looked at. The results of these monitoring sites that were visited are shown in Table 2 and 3. Monitoring data recorded included vegetation density and cover using photo points, quadrat density counts, line-point intercept, canopy gap, and perennial basal gap monitoring methods as described in: Monitoring Manual for Grassland, Shrubland and Savanna Ecosystems, Volume 1: Quick Start, Herrick et al, 2005, p36. Paced density quadrat count methods (developed by Elko BLM staff and advised by Rangeland Monitoring in Western Uplands, George Ruyle et al., University of Arizona, College of Agriculture and Life Sciences, 2006, p 16) were also used to establish number and type of plants per meter squared. At the time of plot establishment, no seeding had happened on the fire. Seeding didn\u2019t happen because the site was sprayed for cheatgrass in November of 2018, the rest of that FY and FY19 was a rest year to allow the chemical to have an impact on the fire, and to allow the chemical residual to degrade enough not to affect the seeded species, and then waiting for the ideal time of year for seed to be placed on/in the ground. This fire fell within an area that the Nevada Department of Wildlife (NDOW) and Nevada Gold (formerly called Barrick) were planning a joint project on prior to the fire. After the fire they and the BLM decided to work through agreements with NDOW to spray the fire and do the seeding, while the BLM would provide the seed. ? Results: See tables below for a summary of the data found. Since this was the first year of the monitoring there is no data to compare trends with, but this fire has not meet objectives yet.\r\nRecommendations: Continue to monitor the fire. Postpone seeding the fire, see S14 section below for reasons why.\r\nFY 2020:\r\nDiscussion: No seeding happened in FY 2020 like had originally been planned due to the decision to respray the fire for Cheatgrass in October of 2019. The sites that were established in 2019 were revisited and monitored.\r\nResults: See the tables below for a summary of the data found. Based on the density data collected this fire has not met the objectives yet.\r\nRecommendations: Continue to monitor the fire.\r\nFY 2021:\r\nDiscussion: The Copper Fire was drill seeded by NDOW and BLM provided seed and funding through an Assistance Agreement.\r\nResults: See the tables below for a summary of the data found. Based on the density data collected this fire has not met the objectives yet. Annual grasses were significantly reduced due to precipitation patterns and Russian thistle increased significantly throughout the burned area. There was a slight decrease in perennial grasses, which could be due to the temporary disturbance created by drill seeding the area. Uprooted perennial plants were observed next to drill lines, which also provided microsites for Russian thistle to become dominant within the area.\r\nRecommendations: Continue to monitor for establishment of perennial grasses during the upcoming growing season.\r\nFY 2022:\r\nDiscussion: The Copper Fire was drill seeded by NDOW and BLM provided seed and funding through an Assistance Agreement.\r\nResults: See the tables below for a summary of the data found. Based on the density data collected this fire has not met the objectives yet. Annual grasses were significantly reduced due to precipitation patterns and Russian thistle increased significantly throughout the burned area. There was a slight decrease in perennial grasses, which could be due to the temporary disturbance created by drill seeding the area. Uprooted perennial plants were observed next to drill lines, which also provided microsites for Russian thistle to become dominant within the area.\r\nRecommendations: Continue to monitor for establishment of perennial grasses during the upcoming growing season.",Polygon,Confirmed,Digitized by LTDL data entry personnel using a confirmed map,8/4/2020,716.09,716.09,,BLM and Cooperators,"Habitat productivity, Habitat quality",For the purposes of biotic integrity.,,,,,"In FY 2019 Battle Mountain BLM bought the seed for a fall 2019 application.\r\n\r\nImplementation Cost: $18,000.\r\nSeed Cost: $27,028.\r\n\r\n\r\nFY2020 - Due to a failed spraying this fire was not seeded in FY20, but was instead resprayed.\r\n\r\nFY2021 - NDOW seeded this fire with Nevada Gold funding since it happened in an area that they were planning on doing a joint restoration project in the area prior to the fire",25:48:00
Model 27,Central Basin and Range,Post-burn drill seeding,57279,21901,Implemented,See Comments,2,10/1/2018,9/30/2019,Acres,202,Seeding,Drill Seeding,Ground Seeding: Drill,-1,Confirmed seed list,Road Fires Drill,Seeds,Confirmed on Paper,Unknown,Species Specific,,The objective of the drill seeding treatment is to revegetate the burned area with a well-adapted species mix that provides forage and will promote structural and species diversity within the burned area. Objectives will be considered met for the drill seeding if 3 seeded species per square meter are found in post-fire monitoring within 2-5 years.,"Drill seed approximately 1,205 acres with a mixture of bluebunch wheatgrass, Snake River wheatgrass, Sandberg\u2019s bluegrass, bottlebrush squirreltail, sainfoin and small burnet. Drill seeding would take place in areas of gentle topography conducive to drill seeding, where recovery of native species was anticipated to be weak or low and areas with the highest threat of annual grass increase. Drill seeding would occur in the fall of 2019, using contract labor following the fall 2018 imazapic application.","The Roads Drill seed mix was comprised of bluebunch wheatgrass (Pseudoroegneria spicata), Snake River wheatgrass (Elymus wawawaiensis), small burnet (Sanguisorba minor), bottlebrush squirreltail (Elymus elymoides), sainfoin (Onobrychis viciifolia), and Sandberg bluegrass (Poa secunda).\r\n\r\nFY2019 - 202 acres were drill seeded","2020 Density Results:\r\nThe rehab objective 3 seeded species per square meter has not been met for seeded species. No seeded species were observed within the density frames but seeded Snake River wheatgrass (Elymus wawawaiensis) was observed in the species richness search of the plot. Most of the grass regrowth was composed of bottlebrush squirreltail (Elymus elymoides).\r\nS2 Drill Seeding\r\n2020 AIM Data Results:\r\nCover: Average foliar canopy cover was low (14.0%) with bottlebrush squirreltail (Elymus elymoides) making up the majority of cover at 6.0% Rabbitbrush (Chrysothamnus viscidiflorus), basin wildrye, and Sandberg bluegrass (Poa secunda) were the only other species observed through LPI measurements. Other annuals such as cheatgrass (Bromus tectorum) and desert madwort (Alyssum desertorum) were observed in the plot species search. The lack of abundance of annual species through LPI observations is promising for perennial species cover although their cover is low.\r\nGaps and Erosion\r\nRoads Complex AIM Plot 04 is located in a Rangeland Loamy 8-10\u201d P.Z. site in a former / Artemisia tridentate sbsp wyomingensis / Achnatherum thurberianum \u2013 Achnatherum hymenoides ( / Wyoming big sagebrush / Thurber\u2019s needlegrass \u2013 Indian ricegrass) vegetation community on a floodplain/basin. Soils were determined to be 491 \u2013 Orovada-Puett association (Orovada).\r\nApproximately 87.4% of the transects had canopy gaps. The most frequently occurring gaps were > 200 centimeters in length and these occupied 11.2 average meters (44.7%) of the 25 meter transects. No rills, deposition/runoff, or sheet erosion were observed on AIM Plot 04, although an inactive gully, common pedestalling (with rare root exposure), and long, common water flow patterns were observed. These are a slight departure of expected conditions on the R025XY019NV site, indicating some water and wind erosion.\r\nSpecies Richness: A total of twenty-eight (28) different plants species were observed within the 2,827.4 square meter monitoring plot.\r\n\r\n2020 S2 Drill and S3 Aerial Seeding, and S14 Imazapic Recommendations:\r\nThe ESR rehabilitation objectives of the aerial and drill seedings have not been fully met, although some seeded species have been observed and recovery of perennial species is apparent. There was a grazing closure issued for the Roads Complex fire area. The objective of three perennial grasses per square meter has been met (primarily through Sandberg bluegrass) in the aerial seeding and imazapic treatment areas but were not observed in the drill area. It is advised that the drill area is reviewed and the fire area receive appropriate rest and grazing management so that seeded species may establish.",Polygon,Confirmed,Digitized by LTDL data entry personnel using a confirmed map,3/25/2024,198.1,198.1,Treatment acres slightly greater than feature acres.,Unknown,"Establishment of seeded species, Habitat quality, Loss of desirable species",The biggest concern for this fire is the conversion to cheatgrass in the absence of herbicide and seeding treatments.,,,,,"From the RIPS report, Drill seeding from the 2018 Road Complex. The majority of the site that was slated to be seeded was determined that it didn't need to be seeded.\r\n\r\nThe feature area was created by an as built map, which is similar to the treatment map from the monitoring report. The treatment acres are much lower than those initially planned. Acres confirmed through As Built map and RIPS Report.",47:26:00
Model 27,Central Basin and Range,Post-burn drill seeding,57312,21213,Implemented,See Comments,2,11/1/2019,4/1/2022,Acres,14200,Seeding,Drill Seeding,Ground Seeding: Drill,-1,Confirmed seed list,,Seeds,Confirmed on Paper,Unknown,Not Available,"FY20 S2-Ground Seeding Seeded with: AGFR, POSE, PSSP6, and LECI4.\r\nFY21 S2-Ground Seeding Drill seeding. Seeded with: AGFR, ACHY, PASM, ELLA3, ELLAR, PSSP6, ACMI2, and LILE3.","The objectives for cover will be to obtain 70% of all perennial plant cover found in the associated reference site, or, when not possible, achieve 50% of the lowest value for perennial cover associated with the appropriate ecological or range site by the end of the third year. Density objectives for aerially seeded areas will be based on having three seeded species firmly rooted per square meter by first or second growing season following seeding.","Approximately 30,000 acres of BLM administered lands would be drill seeded with the \u2018Drill\u2019 seed mix made up of a mixture of fourwing saltbrush, bottlebrush squireltail, Siberian wheatgrass, Sandberg bluegrass, and bluebunch wheatgrass. Drill seeding would take place in areas of gentle topography where moderate to high intensity burns were observed. Drill seeding would occur over a three year period, beginning in fall 2018 (FY2019). Twenty thousand acres would be treated with Imazapic the year prior to treatment and allowed to fallow.","Seeded with Vavilov Siberian wheatgrass (Agropyron fragile), Sandberg bluegrass (Poa secunda), bluebunch wheatgrass (Pseudoroegneria spicata), basin wild rye (Leymus cinereus).","T125-LakeCK-MAR-20\r\nTreatment: Drill seeded A. fragile, P. secunda, P. spicata, L. cinereus.\r\n2020: This plot did pass the ESR perennial and did pass the density of seeded species objective. The perennial plants represented 10% of the flora found and this matches the ESR perennial objective at 10%. The seeded density objective was 3 and 5.3 seeded plants per meter were found. Most of the plot consisted of flat bare ground (62%) with a mix of seeded perennial grasses and invasive annual forbs like tall tumble mustard and clasping pepperweed (Leidium perfoliatum). Siberian wheat, bottlebrush squirreltail, and Sanburg bluegrass from the seeding may provide some water infiltration through snow catching and deep roots. For an overview of line one see, Figure #25\r\n\r\nT125-Fairbanks-MAR-20\r\nTreatment: Drill seeded A. fragile, P. secunda, P. spicata, L. cinereus.\r\n2020: This plot did not pass the ESR perennial objective, reaching 2.7% the first year after the fire. The density of seeded species objective was passed (10.2%), but some of the seeded species found may have been established pre-fire. Sanburg bluegrass, bottlebrush squirreltail, and sagebrush seedlings were found from the seeding. This area had been partially sprayed with herbicide and seeded the following year, and the bare soil (63%) may be a due to this. Cheatgrass, prickly lettuce, Sanburg bluegrass, and bottlebrush squirreltail were the only species found doing LPI. The grasses were all found within the drill rows and there were cow pies on the plot. A Montagnea family mushroom specie found on plot. For an overview of line one see, Figure #28.\r\n\r\n2022 ESR Monitoring Results\r\nMonitoring Results Summaries\r\nEcological Site R024XY005NV\r\nName: Loamy 8-10\u201d P.Z.\r\nDominant vegetation in reference state: Indian ricegrass, little sagebrush, Wyoming big sagebrush\r\nPotential vegetative composition (by weight): 55% grasses, 10% forbs, 35% shrubs\r\nPotential perennial cover: 20-35%\r\nPlot T124-A1Fairbanks-MAR-21\r\nTreatment: aerially seeded\r\nPlot T124-A1Fairbanks-MAR-21 was established in 2021 and monitored for the second time in 2022. This site is not meeting the 3-year ESR objective for percent perennial cover (14%); in 2022, this site had 7.3% perennial cover.\r\nThis site is meeting the 3-year ESR objective for density; the site had an average of 2.3 plants/sq. meter and the objective was 1 plant/sq. meter. Sandberg bluegrass was the only seeded species observed in the plot; there was an abundance of 101-500 individuals.\r\nEcological Site R024XY020NV\r\nName: Droughty Loam 8-10\u201d P.Z.\r\nDominant vegetation in reference state: Indian ricegrass, Thurber\u2019s needlegrass, big sagebrush, spiny hopsage\r\nPotential vegetative composition (by weight): 45% grasses, 10% forbs, 45% shrubs\r\nPotential perennial cover: 15-25%\r\nPlot T125-Fairbanks-MAR-20\r\nTreatment: drill seeded\r\nPlot T125-Fairbanks-MAR-20 was established in 2020 and monitored for the third time in 2022. This site is not meeting the 3-year ESR objective for percent perennial cover (15%). Percent perennial cover decreased from 27% in 2021, to 3.3% in 2022.\r\nDensity decreased from 7 plants/sq. meter in 2021 to 4.5 plants/sq. meter in 2022. Despite the decrease, the site is still meeting the 3-year ESR objective for density (3 plants/sq. meter). Sandberg bluegrass, squirreltail, and Siberian wheatgrass were the only seeded species observed in the plot. There was 101-500 Sandberg bluegrass individuals and 11-100 individuals for both squirreltail and Siberian wheatgrass.\r\nPlot T124-A3TwinValley-MAR-21\r\nTreatment: aerially seeded\r\nPlot T124-A3TwinValley-MAR-21 was established and monitored for the first time in 2021. This site is not meeting the 3-year ESR objective for percent perennial cover (10.5%); in 2022, this site had a recorded 7.3% perennial cover.\r\n27 | P a g e\r\nThis site is meeting the 3-year ESR objective for density; in 2022 the site had an average of 5.8 plants/sq. meter, while the objective was 1 plant/sq. meter. Sandberg bluegrass was the only seeded species observed in the plot; there was an abundance of 501-1000 individuals.\r\nPlot WM-Shade-170\r\nTreatment: aerially seeded\r\nPlot WM-Shade-170 was established as an ESR monitoring plot and monitored for the first time in 2021. This site is not meeting the 3-year ESR objective for percent perennial cover (10.5%). Percent perennial cover in 2022 was 6%.\r\nThis site is not meeting the 3-year ESR objective for density (1 plant/sq. meter), it only has 0.5 plant/sq. meter. Wyoming big sagebrush and squirreltail were the only seeded species observed, there were 101-500 individuals for both seeded species in the plot.\r\nPlot T124-A4Buttermilk-MAR-21\r\nTreatment: aerially seeded\r\nPlot T124-A4Buttermilk-MAR-21 was established and monitored for the first time in 2021. This site is not meeting the 3-year ESR objective for both percent perennial cover and density. The 3-year objective was 17.5%, the site had a recorded 4.7% for 2022, putting it in the low-range of the potential percent perennial cover of the ESD reference state.\r\nThe site does not meet the density objective; the recorded average density was 0.6 plant/sq. meter and the objective was 1 plant/sq. meter. Seeded species observed in the plot included Sandberg bluegrass and Siberian wheatgrass, there were 101-500 individuals for Sandberg bluegrass and 11-100 individuals for Siberian wheatgrass.\r\nEcological Site R025XY019NV\r\nName: Loamy 8-10\u201d P.Z.\r\nDominant vegetation in reference state: Bluebunch Wheatgrass, Thurber\u2019s Needlegrass, Wyoming Big Sagebrush\r\nPotential vegetative composition (by weight): 65% grasses, 5% forbs, 30% shrubs\r\nPotential perennial cover: 20-30%\r\nPlot T125-LakeCK-MAR-20\r\nTreatment: drill seeded\r\nPlot T125-LakeCK-MAR-20 was established in 2020 and monitored for the third time in 2022. This site is not meeting the 3-year ESR objective for percent perennial cover (20%). In 2022 this site had 14% perennial cover, which was a decrease from 2021 (15% perennial cover).\r\n28 | P a g e\r\nThis site is meeting the 3-year ESR objective for density (3 plants/sq. meter). However, the site saw a decrease in density from 2021 (8 plants/sq. meter) to 2022 (5.5 plants/sq. meter). Seeded species observed included squirreltail and Siberian wheatgrass, there were 101-500 individuals for both seeded species in the plot.\r\nPlot T124-A2TwinValley-MAR-21\r\nTreatment: aerially seeded\r\nPlot T124-A2TwinValley-MAR-21 was established and monitored for the first time in 2021. This site is meeting the 3-year ESR objective for percent perennial cover (14%); in 2022, this site had 24% cover.\r\nThis site is meeting the 3-year ESR objective for density (1 plant/sq. meter). In 2022, this site had an average density of 3 plant/sq. meter. Sandberg bluegrass was the only seeded species observed in the plot; there was an abundance of 101-500 individuals\r\nMonitoring Conclusions\r\nTwelve AIM monitoring plots were established in 2019 and were not monitored in 2022.\r\nTwo AIM monitoring plots were established in 2020. Both plots (T125-Fairbanks-MAR-20 and T125-LakeCK-MAR-20) are not meeting the perennial cover objective. Both plots are meeting the 3-year ESR objective for density.\r\nFive AIM monitoring plots were established in 2021. The only plot not meeting the 3-year ESR objective for percent perennial cover is T124-A2TwinValley-MAR-21 the rest are meeting the objective. Likewise, two of the sites (WM-Shade-170 and T124-A4Buttermilk-MAR-21) are not meeting the 3-year ESR objectives for density, the rest are meeting the objective.\r\nOne major takeaway in the Monitoring Results Summary section is that Sandberg bluegrass was a seeded species that was seen at multiple sites. Thus, it could indicate that Sandberg bluegrass is well established and adapted to these sites, has high vigor and reproductive capability, and may be coming back naturally in addition to the supplemental aerial and drill seeding.",Polygon,Confirmed,Digitized by LTDL data entry personnel using a confirmed map,3/24/2021,16663.49,16638.47,,BLM,"Cover for wildlife, Erosion, Establishment of seeded species, Forage for wildlife, Habitat for antelope, Habitat for mule deer, Habitat for greater sage grouse, Habitat for wildlife, Habitat productivity, Habitat quality, Invasion by cheatgrass, Invasion by non-native annuals, Noxious weeds, Wildlife in treated area",Establish perennial cover.,,,,,,44:43:00
Model 27,Central Basin and Range,Post-burn drill seeding,57660,22032,Implemented,See Comments,2,12/20/2018,12/24/2018,Acres,1750,Seeding,Drill Seeding,Ground Seeding: Drill,-1,Confirmed seed list,Drill Seed Mix,Seeds,Confirmed on Paper,Unknown,Species Specific,,"Objective: The objectives for cover will be to obtain 70% of all perennial plant cover found in the associated reference \r\nsite, or, when not possible, achieve 50% of the lowest value for perennial cover associated with the appropriate ecological \r\nor range site by the end of the third year. Density objectives for aerially seeded areas will be based on having three seeded \r\nspecies firmly rooted per square meter by first or second growing season following seeding.","The BLM proposes to drill seed a total of 4,250 acres of public land managed by BLM that was \r\nburned by the MM155 Fire. Seeding would occur in the fall or winter of 2018-2019 with a \r\npreference for application in fall or early winter.","The area proposed for seeding is within the mapped Greater \r\nSage-Grouse General Habitat Management Area (GHMA) and \r\nOther Sage-Grouse General Habitat Management Area\r\n(OHMA). The treatment proposes to drill seed approximately \r\n1,750 acres with perennial seeds in year three and in year two \r\ntreatment will apply herbicide to control annual invasive\r\nplants.","After the third year after treatments, monitoring results show mixed results across the MM155 \r\nfire. Of the two plots that were sprayed with herbicide and drill seeded, one showed perennial \r\nrecovery and the other did not. This could be due to the presence of perennial plants pre-burn \r\nthat were able to use the exposed bare ground. None of the lower seedings were successful even\r\nwith Sandberg bluegrass. The higher seeding area was more diversified, but the sagebrush seeding \r\nwas ineffective. This fire is changing with bare ground still present after the herbicide, but with \r\nthe predicted dryness we will see what direction it takes.",Polygon,Confirmed,Digitized by LTDL data entry personnel using a confirmed map,4/12/2021,4830.23,4685.43,,Contractor,"Erosion, Establishment of seeded species, Invasive species, Noxious weeds","The entire fire area is year-round pronghorn habitat. Most of the fire area was \r\ndominated by cheatgrass (Bromus tectorum) and other invasive annuals prior to the fire. Noxious \r\nweeds including Medusahead rye (Taeniatherum caput-meduse), whitetop (Cardaria draba), \r\nsaltcedar (Tamarix ramosissima), and Russian knapweed (Rhaponticum repens) are known to \r\nexist within one mile of the burned area.",,,,,,41:20:00
Model 27,Central Basin and Range,Post-burn drill seeding,57694,22045,Implemented,See Comments,2,8/27/2017,12/22/2018,Acres,500,Seeding,Drill Seeding,Ground Seeding: Drill,-1,Planned seed list,,Seeds,Plan,Unknown,Unknown,,"Objectives for drill seeding are as follows:\r\n1. Obtain an average of 3 seeded plant species per square meter.\r\n2. Obtain 50% or greater perennial cover of the low potential perennial plant cover for \r\nthe appropriate ecological site by the end of the fifth year following fire containment.\r\n3. The drill seeding would result in lower abundance (density and cover) of invasive \r\nannual plant species, and a higher abundance of desirable perennial plant species than the \r\nunseeded control areas.\r\n4. Seeded species would be well established and reproducing.",The BLM proposes to drill seed a total of 500 acres of public land managed by BLM that was \r\nburned by the Poker Brown Fire. Seeding would occur in the fall or winter with a preference for \r\napplication in fall or early winter.,Drill Seeding 500 acres,"Monitoring Results\r\nEcological Site R027XY008NV\r\nName: Droughty Claypan 8-10\u201d P.Z.\r\nDominant vegetation in reference state: Indian ricegrass, Wyoming big sagebrush, spiny hopsage\r\nPotential vegetative composition (by weight): 40% grasses, 5% forbs, 55% shrubs\r\nESR Objectives: 10% and 3 plant/sq. meter\r\nPlot T86-D1Majuba-POK-18\r\nTreatment: Drill seeded\r\nPlot T86-D1Majuba-POK-18 was established in 2018 and monitored for the fifth time in 2022. This site is meeting the 3-year ESR objective for percent perennial cover (10%). In 2022, this site had a recorded 56% percent perennial cover\r\nThis site is also meeting the 3-year ESR objective for density (3 plant/sq. meter). In 2022, this site had an average density of 13.7 seeded plants/sq. meter. The dominate seeded species observed in the plot was Sandberg bluegrass with greater than 1000 plant individuals being present. The other seeded species observed in this plot include shadscale saltbush (1-5 plant individuals), fourwing saltbush (11-100 plant individuals), and squirreltail (101-500 plant individuals).\r\n\r\nEcological Site R027XY008NV\r\nName: Droughty loam 8-10\u201d P.Z.\r\nDominant vegetation in reference state: Indian ricegrass, Wyoming big sagebrush, spiny hopsage\r\nPotential vegetative composition (by weight): 40% grasses, 5% forbs, 55% shrubs\r\nESR Objectives: 20% and 3 plant/sq. meter\r\nPlot T86-D2Majuba-POK-18\r\nTreatment: Drill seeded\r\nPlot T86-D2Majuba-POK-18 was established in 2018 and monitored for the fifth time in 2022. This site is meeting the 3-year ESR objective for percent perennial cover (20%). In 2022, this site had a recorded 22% perennial cover.\r\nThis site is also meeting the 3-year ESR objective for density (3 plant/sq. meter). In 2022, this site had an average of 9.8 seeded plants/sq. meter. The dominate seeded species observed in the plot was Sandberg bluegrass with greater than 1000 plant individuals being present. The other seeded species observed in this plot include shadscale saltbush (6-10 plant individuals), fourwing saltbush (6-10 plant individuals), and squirreltail (501-1000 plant individuals).\r\n\r\nEcological Site R027XY008NV\r\nName: Droughty loam 8-10\u201d P.Z.\r\nDominant vegetation in reference state: Indian ricegrass, Wyoming big sagebrush, spiny hopsage\r\nPotential vegetative composition (by weight): 55% grasses, 10% forbs, 35% shrubs\r\nESR objectives: 14% and 1 plant/sq. meter\r\nPlot T86-D3Majuba-POK-18\r\nTreatment: Drill seeded\r\nPlot T86-D3Majuba-POK-18 was established in 2018 and monitored for the fifth time in 2022. This site is not meeting the 3-year ESR objective for percent perennial cover (14%). In 2022, this site had a recorded 1.3% percent perennial cover.\r\nThis site is also not meeting the 3-year ESR objective for density (1 plant/sq. meter). In 2022, this site had an average density of 0.2 seeded plants/sq. meter. The dominate seeded species observed in the plot was Sandberg bluegrass and squirreltail with 101-500 plant individuals being present. The other seeded species observed in this plot include shadscale saltbush (6-10 plant individuals), and fourwing saltbush (11-100 plant individuals).\r\n\r\nMonitoring Conclusions\r\nThe plots meeting the 3-year ESR objective for density and percent perennial cover are T86-D1Majuba-POK-18 and T86-D2Majuba-POK-18. T86-D1Majuba-POK-18 had a 56% perennial cover and 13.7 plant/sq. meter; This plots ESR objective was 10% and 3 plant/sq. meter. Whereas T86-D2Majuba-POK-18 had a 22% perennial cover and 9.8 plant/sq. meter; This plots ESR objective was 20% and 3 plant/sq. meter. However, for plot T86-D3Majuba-POK-18 it had a 1.3% and 0.2 plant/sq. meter and is not meeting the 3-year ESR objective both the perennial cover (14%) and density (1 plant/sq. meter).\r\nOne major takeaway in the Monitoring Results Summary section is that Sandberg bluegrass was the most dominate seeded species present in all three plots and squirreltail was not far behind. Thus, it could indicate that both have established themselves and adapted to this site, having better vigor and reproductive capability then the other seeded species (fourwing saltbush, and shadscale saltbush), and may be coming back naturally in addition to the supplemental drill seeding.",Polygon,Confirmed,Digitized by LTDL data entry personnel using a confirmed map,1/30/2023,507.28,506.66,,Contractor,"Erosion, Establishment of seeded species, Invasive species, Noxious weeds","Cheatgrass (Bromus tectorum) was present throughout the fire area and dominated the \r\nunderstory. Shrubs, including shadscale saltbrush (Atriplex confertifolia), Wyoming sagebrush \r\n(Artemisia tridentata ssp. wyomingensis), budsage (Picrothamnus desertorum), and spiny \r\nhopsage (Grayia spinosa) were present throughout the burned area at low densities due to \r\nprevious fires. Perennial bunchgrasses, including bottlebrush squirreltail (Elymus elymoides) and \r\nSandburg bluegrass (Poa secunda), and native forbs including Hooker\u2019s balsamroot \r\n(Balsamorhiza hookeri), Crepis (Crepis sp.), and globemallow (Sphaeralcea sp.) were also \r\npresent at varying densities throughout the fire area.",,,,,,42:14:00
Model 27,Central Basin and Range,Post-burn drill seeding,61816,22806,Implemented,See Comments,1,00/00/2021,00/00/2022,Acres,4033,Seeding,Drill Seeding,Ground Seeding: Drill,-1,Confirmed seed list,Drill Mix,Seeds,Confirmed on Paper,Unknown,Overall,"There was only a general rate listed for all species combined indicated here, specific rates for each species were not possible.","The objective of the aerial seeding treatment is to revegetate the burned area with a well-adapted species mix that provides forage and will promote structural and species diversity within the burned area. Objectives will be considered met for the aerial seed mix if 1 seeded native forb, 3 seeded native grasses, 0.3 seeded shrubs, and 1 seeded non-native shrubs are observed within five years in post-fire monitoring.","In winter of 2020/2021, 4,033 acres of public lands would be drill seeded with a native and non-native mix of grass, forb, and shrub species. The species mix would consist of Russian wildrye, Siberian wheatgrass, Indian ricegrass, Sandberg bluegrass, and blue flax.",Monitoring data for drill seed is proof of implementation.,"Density Results:\r\n2021: The rehab objective for the aerial seeding of 1 native forb/m2 and 3 seeded grasses/m2 along with the drill seeding objective of 3 seeded species/m2 were not fully met. Seeded grass species nearly met the goal at 2.42/m2 with Indian ricegrass being the most dominant grass species across the plots. Native regrowth of forbs was dominated by Phlox species but was still not dense enough to meet the objective at just 0.45 native forbs/m2. No seeded species were observed, in fact all but one shrub observed in the density plots were identified as \u201cDead Beyond Recognition\u201d.\r\n\r\nCover\r\n2021: Average foliar cover was extremely low across the 9 plots at 0.59% average. Shafter 02A had the highest percentage of foliar cover at 1.33% while 4 of the plots observed 0.00% foliar cover. During Line-Point Intercept the only identified species was Longleaf phlox (Phlox longifolia) and it was observed only once, accounting for the 0.07% perennial forbs cover. The other 8 total hits were species that were identified as either \u201cUnknown\u201d or \u201cDead Beyond Recognition\u201d.\r\nGaps and Erosion\r\n2021: Given the extremely low foliar cover it is appropriate that the most frequently observed gap size class was >200cm at 99.41%. No data was collected about signs of erosion on the plot but it stands to reason that these plots are very vulnerable to wind and water erosion while the coverage and therefore stabilizing root systems are essentially non-existent across the plots.\r\n\r\nRecommendations:\r\n2021: The ESR rehabilitation objectives od the drill/aerial sage seedings have not been fully met. It is strongly recommended that the closure of the Collar and Elbow pastures should remain in place in order to allow the area to receive proper rest so that seeded species may have the opportunity to establish root systems on site.\r\n\r\nESR 2022 Monitoring Report\r\nS2 Drill Seeding/S3 Aerial Sage Seeding\r\nShafter Complex AIM Plots 01, 01A, 01B, 02, 02A, 02B, 03, 03A, and 03B are located in a Rangeland Loamy 12-16\u201d P.Z. site in a former Artemisia tridentata ssp. vaseyana (Mountain big sagebrush), Symphoricarpos oreophilus (Mountain snowberry), Amelanchier utahensis (Utah serviceberry), Purshia tridentata (Antelope bitterbrush), Pseudoroegneria spicata (Bluebunch wheatgrass), Achnatherum thurberianum (Thurber\u2019s needlegrass), and Achnatherum occidentale (Western needlegrass) vegetation community on concave mountain side slopes.\r\nAll these plots were treated with Drill and Aerial seeding mixes which consisted of Russian wildrye (Psathyrostachys juncea), Siberian wheatgrass (Agropyron fragile), Snake River wheatgrass (Elymus wawawaiensis), Indian ricegrass (Achnatherum hymenoides), Sandberg bluegrass (Poa secunda), Blue flax (Linum perenne), Black sagebrush (Artemisia nova), Wyoming big sagebrush (Artemisia tridentata ssp. wyomingensis), and Western yarrow (Achillea millefolium).\r\n\r\nDensity Results\r\n2021: The rehab objective for the aerial seeding of 1 native forb/m2 and 3 seeded grasses/m2 along with the drill seeding objective of 3 seeded species/m2 were not fully met. Seeded grass species nearly met the goal at 2.42/m2 with Indian ricegrass being the most dominant grass species across the plots. Native regrowth of forbs was dominated by Phlox species but was still not dense enough to meet the objective at just 0.45 native forbs/m2. No seeded species were observed, in fact all but one shrub observed in the density plots were identified as \u201cDead Beyond Recognition\u201d.\r\n2022: The rehabilitation objectives as stated above have not been met. Seeded grasses were less abundant than in 2021, moving further away from achieving the objective. Native regrowth of perennial grasses increased slightly but regrowth of forbs and shrubs declined.\r\nAIM Data Results\r\nCover\r\n2021: Average foliar cover was extremely low across the 9 plots at 0.59% average. Shafter 02A had the highest percentage of foliar cover at 1.33% while 4 of the plots observed 0.00% foliar cover. During Line-Point Intercept the only identified species was Longleaf phlox (Phlox longifolia) and it was observed only once, accounting for the 0.07% perennial forbs cover. The other 8 total hits were species that were identified as either \u201cUnknown\u201d or \u201cDead Beyond Recognition\u201d.\r\n2022: Average foliar cover increased but was still very low across the plots at 10.4%. Annual forbs increased most significantly and are now the most dominant on the plot at 5.4% followed by perennial grasses at 3.6% total. The increase of foliar cover is good for stabilizing the soil but this situation is still prime for an annual forb or annual grass invasion and takeover so this treatment will need continued monitoring to determine if any future treatments will be necessary.\r\nGaps and Erosion\r\n2021: Given the extremely low foliar cover it is appropriate that the most frequently observed gap size class was >200cm at 99.41%. No data was collected about signs of erosion on the plot but it stands to reason that these plots are very vulnerable to wind and water erosion while the coverage and therefore stabilizing root systems are essentially non-existent across the plots.\r\n2022: Gaps were still extremely dominant on these plots but with the slight increase in foliar cover there was a slight redistribution of gaps from the larger size ranges to the smaller ranges. Knowing the foliar makeup of the plots it will be important to make sure that the reduction of gaps is due to an increase in perennial cover and not annual cover. Plots 03B and 02 had the most soil erosion and disturbance observed with gullies and waterflow patterns noted.\r\nSpecies Richness\r\n2021: Average total species count was low at 9. Perennials did outnumber annuals and the presence of shrubs and trees show signs of potential for site rehabilitation in the future.\r\n2022: Average total species count was moderate and increased by 15 species identified. Many of the new species identified were annual forbs, 8 added species, but perennial forbs and perennial grasses increased by 3 species each. The number of perennial species observed on the plot could indicate potential future success but remained threatened by the high number of annuals present.\r\nRecommendations:\r\n2021: The ESR rehabilitation objectives of the drill/aerial sage seedings have not been fully met. It is strongly recommended that the closure of the Collar and Elbow pastures should remain in place in order to allow the area to receive proper rest so that seeded species may have the opportunity to establish root systems on site.\r\n2022: The ESR rehabilitation objective of the drill/aerial sage seeding have not been fully met. It is strongly recommended that the closure of the Collar and Elbow pastures should remain in place in order to allow the area to receive proper rest so that seeded species may have the opportunity to establish root systems on site. The increase of foliar cover can help the soil stabilize but continued monitoring and possibly additional treatment should be continued in the future.\r\nPART 9 \u2013 RECOMMENDATIONS/CONCLUSIONS\r\nThe Shafter Complex Fire will continue to have residual effects across the landscape for many years, but the planning, treatments and monitoring accomplished in the last year have provided a steppingstone to continue with the restoration efforts throughout the burn area. One of the biggest lessons learned is that restoration takes time when you are dealing with environmental effects. There are many factors that go into restoring burn areas, some are human but many are environmental. Goals and objectives will continue to be developed for restoring the Shafter Complex Fire and the lessons learned from this fire will be used for future planning in Emergency Stabilization and Rehabilitation.",Polygon,Confirmed,Digitized by LTDL data entry personnel using a confirmed map,3/18/2024,2382.71,2373.96,"Feature acreage much lower than planned acreage, no confirmed acreage available.",Unknown,"Establishment of seeded species, Erosion",Revegetation,,,,,,57:35:00
Model 27,Central Basin and Range,Post-burn drill seeding,61829,22813,Implemented,See Comments,2,10/1/2019,4/1/2020,Acres,490,Seeding,Drill Seeding,Ground Seeding: Drill,-1,Planned seed list,Drill Mix,Seeds,Plan,Unknown,Overall,"There was only a general rate listed for all species combined indicated here, specific rates for each species were not possible.","Drill seeding objectives are as follows:\r\n1. Obtain an average of 3 seeded plant per meter\xb2 by the end of the third year following fire.\r\n2. Obtain 100% or greater perennial cover of the low potential perennial plant cover for the\r\nappropriate ecological site by the end of the third year following fire containment.\r\n3. The aerial seeding would result in lower abundance (density and cover) of invasive\r\nannual plant species, and a higher abundance of desirable perennial plant species than the\r\nunseeded control area.\r\n4. Seeded species would be well established and reproducing.","Approximately 460 acres of BLM administered lands would be drill seeded in the fall of 2019. Application of seed by rangeland drill would occur with species appropriate for the site based on resistance resilience and ecological site descriptions. Given the elevation of the proposed drill seed area both native and non-native perennial grass species would be seeded to competitively restrict invasive annual grass establishment. The seed mix would be compromised of Sandberg bluegrass (Poa secunda), Bluebunch wheatgrass (Pseudoroegneria spicata), Great basin wild rye (Leymus cinereus), Siberian wheatgrass (Agropyron fragile), and Wyoming big sagebrush (Artemisia tridentate ssp. Wyomingensis). This 460 acres would be reevaluated for potential Imazapic treatments to reduce invasive annual grass cover through the fall of 2021.",FY2020- Drill seeding conducted by in-house crew.,"FY2021 received more winter and spring precipitation (Nov. 2020 \u2013 May 2021) than the\r\nsame time period in FY2020, which could have influenced the spike in perennial growth and/or\r\nvigor illustrated by the percent perennial cover. All three transects of Plot T130-UpperQuinn-\r\nRBL-20 had high percent perennial cover; transect one 42% perennial cover, while transects two\r\nand three both had 44% perennial cover (averaging 43% for the plot).\r\nAdditionally, site T130-UpperQuinn-RBL-20 saw an increase in plant species diversity\r\nbetween 2020 and 2021. In 2020, it was noted that the density of 4 plants/sq. meter was entirely\r\nAGFR. In 2021 however, while the average density was again 4 plants/sq. meter, seeded species\r\nrecorded included PSSP6, AGCR, AGFR, and POSE. AGCR was the dominant species, with 62\r\nindividuals being recorded, followed by PSSP6 and AGFR with 31 and 25 individuals\r\nrespectively, while POSE only had 1 individual recorded.\r\nThe increase in percent perennial cover from 2020 to 2021 compared to the stagnant\r\ndensity in 2020 and 2021 suggests that there was increase in shrub cover (basal and/or canopy)\r\nand/or an overall increase in perennial vigor resulting in larger individuals.\r\n\r\nFY2022\r\nMonitoring Results Summary\r\nEcological Site R024XY005NV\r\nName: Loamy 8-10\u201d P.Z.\r\nDominant vegetation in reference state: Thurber\u2019s needlegrass, little sagebrush, Wyoming big sagebrush\r\nPotential vegetative composition (by weight): 55% grasses, 10% forbs, 35% shrubs\r\nPotential perennial cover: 20-35%\r\n\r\nPlot South Lewallen 01\r\nTreatment: drill seeded\r\nPlot South Lewallen 01 was established as an ESR monitoring plot in 2021 and monitored for the second time in 2022. This site is meeting the 3-year ESR objective for percent perennial cover (20%). In 2021, this site had 54.7% perennial cover.\r\nThis site is meeting the 3-year ESR objective for density (3 plants/sq. meter). In 2022, this site had a recorded 14.5 plants/sq. meter. Seeded species observed in this plot included Wyoming big sagebrush and Sandberg bluegrass. There were 501-1000 Wyoming big sagebrush and greater than 1000 Sandberg bluegrass individual plants present.\r\n\r\nEcological Site R024XY020NV\r\nName: Droughty Loam 8-10\u201d P.Z.\r\nDominant vegetation in reference state: Indian ricegrass, Thurber\u2019s needlegrass, little sagebrush, spiny hopsage\r\nPotential vegetative composition (by weight): 45% grasses, 10% forbs, 45% shrubs\r\nPotential perennial cover: 15-25%\r\n\r\nPlot South Lewallen 02\r\nTreatment: drill seeded\r\nPlot South Lewallen 02 was established as an ESR monitoring plot in 2021 and monitored for the second time in 2022. This site is not meeting the 3-year ESR monitoring objective for percent perennial cover (25%). In 2022, this site had 17.3% perennial cover.\r\nEcological sites Plot Dates monitored Density (plants/m\xb2) ESR Objective 2021 2022 2021 2022 R024XY005NV South Lewallen 01 6/1/2021 6/25/2022 2 14.5 3 R024XY020NV South Lewallen 02 6/1/2021 6/25/2022 0 - 3\r\nIn 2022, density (plants/m\xb2) was not measured. Seeded species observed in this plot included Wyoming big sagebrush and Sandberg bluegrass. There were 11-100 Wyoming big sagebrush, and 501-1000 Sandberg bluegrass individual plants present.\r\n\r\nPlot T130-UpperQuinn-RBL-20\r\nTreatment: drill seeded\r\nPlot T130-UpperQuinn-RBL-20 was established in 2020 and monitored for the fourth time in 2022. This site is not meeting the 3-year ESR objective for percent perennial cover (25%). In 2022, this site had 12% perennial cover, down from 31% in 2021.\r\nThis site is also not meeting the 3-year ESR objective for density (3 plants/sq. meter). The site had a density of 1.9 plants/sq. meter lower than 2020 & 2021 measurements. Seeded species observed in this plot included Siberian wheatgrass and basin wildrye. there were individual plants present. There were 501-1000 basin wildrye, and greater than 1000 Siberian wheatgrass individual plants present.\r\n\r\nMonitoring Conclusions\r\nFY2022 received somewhat higher precipitation (Oct. 2021 \u2013 Sept. 2022) than the same time period in FY2020, which could have influenced the spike in perennial growth and/or vigor illustrated by the percent perennial cover for one of the three plots. The only plot, South Lewallen 01, had a high percent perennial cover and meet/over exceeded its ESR objective (54.7%).\r\nThe other two plots, T130-UpperQuinn-RBL-20 and South Lewallen 02, had dips in their percent perennial cover and did not meet their ESR objective. T130-UpperQuinn-RBL-20 had a 12% and South Lewallen had a 17.3% percent perennial cover, respectively 31% and 13.7% lower than the FY 2021 percent perennial cover results. As for density, T130-UpperQuinn-RBL-20 is not meeting the ESR objective of 3 plants/sq. meter. Last year, FY 2021, there was 4 plants/sq. meter but for this year FY 2022 had 1.9 plants/sq. meter. However, South Lewallen 01 had 14.5 plants/sq. meter much higher than FY 2021 results of 2 plants/sq meter and over exceeded the ESR objective of 3 plants/sq. meter. As for South Lewallen 02, density was not monitored for FY 2022.\r\nOne major takeaway in the Monitoring Results Summary section is that Sandberg bluegrass and Wyoming big sagebrush was a seeded species that was seen at two of the three sites besides the third site having Siberian wheatgrass and basin wildrye. Thus, it could indicate that both are well established and adapted to these sites, has high vigor and reproductive capability, and may be coming back naturally in addition to the supplemental aerial and drill seeding.",Polygon,Confirmed,Digitized by LTDL data entry personnel using a confirmed map,,437.43,437.1,,BLM,"Establishment of seeded species, Erosion","The Upper Quinn and Willow Creek Allotments were impacted by the Rebel Creek Fire\r\nand distinct fire seventies were observed between the two allotments. This increased fire severity\r\nwas likely a result of higher Cheatgrass fuel loading in the Upper Quinn Allotment compared to\r\nWillow Creek Allotment. Because of this high burn severity, and likelihood of cheatgrass\r\nestablishment, we have identified the Upper Quinn Allotment as a candidate for drill seeding in\r\nthe Rebel Creek Fire.",,,,,,28:28:00
Model 27,Central Basin and Range,Post-burn drill seeding,61997,22813,Implemented,See Comments,2,10/1/2020,4/1/2021,Acres,740,Seeding,Drill Seeding,Ground Seeding: Drill,-1,Planned seed list,,Seeds,Plan,Unknown,Overall,,"Drill seeding objectives are as follows:\r\n1. Obtain an average of 3 seeded plant per meter\xb2 by the end of the third year following fire.\r\n2. Obtain 100% or greater perennial cover of the low potential perennial plant cover for the\r\nappropriate ecological site by the end of the third year following fire containment.\r\n3. The aerial seeding would result in lower abundance (density and cover) of invasive\r\nannual plant species, and a higher abundance of desirable perennial plant species than the\r\nunseeded control area.\r\n4. Seeded species would be well established and reproducing.","Approximately 460 acres of BLM administered lands would be drill seeded in the fall of 2019. Application of seed by rangeland drill would occur with species appropriate for the site based on resistance resilience and ecological site descriptions. Given the elevation of the proposed drill seed area both native and non-native perennial grass species would be seeded to competitively restrict invasive annual grass establishment. The seed mix would be compromised of Sandberg bluegrass (Poa secunda), Bluebunch wheatgrass (Pseudoroegneria spicata), Great basin wild rye (Leymus cinereus), Siberian wheatgrass (Agropyron fragile), and Wyoming big sagebrush (Artemisia tridentate ssp. Wyomingensis). This 460 acres would be reevaluated for potential Imazapic treatments to reduce invasive annual grass cover through the fall of 2021.",Drill seeding conducted by in-house crew.,"FY2021 received more winter and spring precipitation (Nov. 2020 \u2013 May 2021) than the\r\nsame time period in FY2020, which could have influenced the spike in perennial growth and/or\r\nvigor illustrated by the percent perennial cover. All three transects of Plot T130-UpperQuinn-\r\nRBL-20 had high percent perennial cover; transect one 42% perennial cover, while transects two\r\nand three both had 44% perennial cover (averaging 43% for the plot).\r\nAdditionally, site T130-UpperQuinn-RBL-20 saw an increase in plant species diversity\r\nbetween 2020 and 2021. In 2020, it was noted that the density of 4 plants/sq. meter was entirely\r\nAGFR. In 2021 however, while the average density was again 4 plants/sq. meter, seeded species\r\nrecorded included PSSP6, AGCR, AGFR, and POSE. AGCR was the dominant species, with 62\r\nindividuals being recorded, followed by PSSP6 and AGFR with 31 and 25 individuals\r\nrespectively, while POSE only had 1 individual recorded.\r\nThe increase in percent perennial cover from 2020 to 2021 compared to the stagnant\r\ndensity in 2020 and 2021 suggests that there was increase in shrub cover (basal and/or canopy)\r\nand/or an overall increase in perennial vigor resulting in larger individuals.\r\n\r\nFY2022\r\nMonitoring Results Summary\r\nEcological Site R024XY005NV\r\nName: Loamy 8-10\u201d P.Z.\r\nDominant vegetation in reference state: Thurber\u2019s needlegrass, little sagebrush, Wyoming big sagebrush\r\nPotential vegetative composition (by weight): 55% grasses, 10% forbs, 35% shrubs\r\nPotential perennial cover: 20-35%\r\n\r\nPlot South Lewallen 01\r\nTreatment: drill seeded\r\nPlot South Lewallen 01 was established as an ESR monitoring plot in 2021 and monitored for the second time in 2022. This site is meeting the 3-year ESR objective for percent perennial cover (20%). In 2021, this site had 54.7% perennial cover.\r\nThis site is meeting the 3-year ESR objective for density (3 plants/sq. meter). In 2022, this site had a recorded 14.5 plants/sq. meter. Seeded species observed in this plot included Wyoming big sagebrush and Sandberg bluegrass. There were 501-1000 Wyoming big sagebrush and greater than 1000 Sandberg bluegrass individual plants present.\r\n\r\nEcological Site R024XY020NV\r\nName: Droughty Loam 8-10\u201d P.Z.\r\nDominant vegetation in reference state: Indian ricegrass, Thurber\u2019s needlegrass, little sagebrush, spiny hopsage\r\nPotential vegetative composition (by weight): 45% grasses, 10% forbs, 45% shrubs\r\nPotential perennial cover: 15-25%\r\n\r\nPlot South Lewallen 02\r\nTreatment: drill seeded\r\nPlot South Lewallen 02 was established as an ESR monitoring plot in 2021 and monitored for the second time in 2022. This site is not meeting the 3-year ESR monitoring objective for percent perennial cover (25%). In 2022, this site had 17.3% perennial cover.\r\nEcological sites Plot Dates monitored Density (plants/m\xb2) ESR Objective 2021 2022 2021 2022 R024XY005NV South Lewallen 01 6/1/2021 6/25/2022 2 14.5 3 R024XY020NV South Lewallen 02 6/1/2021 6/25/2022 0 - 3\r\nIn 2022, density (plants/m\xb2) was not measured. Seeded species observed in this plot included Wyoming big sagebrush and Sandberg bluegrass. There were 11-100 Wyoming big sagebrush, and 501-1000 Sandberg bluegrass individual plants present.\r\n\r\nPlot T130-UpperQuinn-RBL-20\r\nTreatment: drill seeded\r\nPlot T130-UpperQuinn-RBL-20 was established in 2020 and monitored for the fourth time in 2022. This site is not meeting the 3-year ESR objective for percent perennial cover (25%). In 2022, this site had 12% perennial cover, down from 31% in 2021.\r\nThis site is also not meeting the 3-year ESR objective for density (3 plants/sq. meter). The site had a density of 1.9 plants/sq. meter lower than 2020 & 2021 measurements. Seeded species observed in this plot included Siberian wheatgrass and basin wildrye. there were individual plants present. There were 501-1000 basin wildrye, and greater than 1000 Siberian wheatgrass individual plants present.\r\n\r\nMonitoring Conclusions\r\nFY2022 received somewhat higher precipitation (Oct. 2021 \u2013 Sept. 2022) than the same time period in FY2020, which could have influenced the spike in perennial growth and/or vigor illustrated by the percent perennial cover for one of the three plots. The only plot, South Lewallen 01, had a high percent perennial cover and meet/over exceeded its ESR objective (54.7%).\r\nThe other two plots, T130-UpperQuinn-RBL-20 and South Lewallen 02, had dips in their percent perennial cover and did not meet their ESR objective. T130-UpperQuinn-RBL-20 had a 12% and South Lewallen had a 17.3% percent perennial cover, respectively 31% and 13.7% lower than the FY 2021 percent perennial cover results. As for density, T130-UpperQuinn-RBL-20 is not meeting the ESR objective of 3 plants/sq. meter. Last year, FY 2021, there was 4 plants/sq. meter but for this year FY 2022 had 1.9 plants/sq. meter. However, South Lewallen 01 had 14.5 plants/sq. meter much higher than FY 2021 results of 2 plants/sq meter and over exceeded the ESR objective of 3 plants/sq. meter. As for South Lewallen 02, density was not monitored for FY 2022.\r\nOne major takeaway in the Monitoring Results Summary section is that Sandberg bluegrass and Wyoming big sagebrush was a seeded species that was seen at two of the three sites besides the third site having Siberian wheatgrass and basin wildrye. Thus, it could indicate that both are well established and adapted to these sites, has high vigor and reproductive capability, and may be coming back naturally in addition to the supplemental aerial and drill seeding.",Polygon,Confirmed,Digitized by LTDL data entry personnel using a confirmed map,,727.67,724.88,,BLM,"Establishment of seeded species, Erosion","The Upper Quinn and Willow Creek Allotments were impacted by the Rebel Creek Fire\r\nand distinct fire seventies were observed between the two allotments. This increased fire severity\r\nwas likely a result of higher Cheatgrass fuel loading in the Upper Quinn Allotment compared to\r\nWillow Creek Allotment. Because of this high burn severity, and likelihood of cheatgrass\r\nestablishment, we have identified the Upper Quinn Allotment as a candidate for drill seeding in\r\nthe Rebel Creek Fire.",,,,,,30:12:00
Model 27,Central Basin and Range,Post-burn drill seeding,70448,24976,Implemented,Unknown,2,10/8/2019,11/5/2019,Acres,1016,Seeding,Drill Seeding,Ground Seeding: Drill,-1,No seed list,,Seeds,No Seed List,Unknown,Unknown,,Burned area rehabilitation to restore native vegetation,"Drill seeding approximately 1,060 acres within the Hoppin Peak burn area in October 2019. A tractor will pull rangeland drill at a depth of one inch",Drill seeding in the Montana Mountains Restoration Block Seeding. Implementation verified using GIS attribute table.,Unknown,Polygon,Confirmed,"Digitized by BLM field office personnel, method unknown",None,1016.01,1016.01,,Unknown,"Establishment of seeded species, Habitat quality, Habitat for wildlife, Invasive species","Unfortunately previous efforts to spray weed and drill seed native plants was unsuccessful.\r\nThe BLM is proposing to drill seed the previous project area as well as an added 718 acres for\r\na total of 1,060 acres in order to stabilize soil, renew wildlife habitat, and reduce the\r\noccurrence of invasive annual species.",,,,,There are discrepancies between BLM GIS feature/acres and the BLM treatment map feature/acres. Used the GIS data for the implementation.,06:43:00
Model 27,Central Basin and Range,Post-burn drill seeding,71405,25201,Implemented,Unknown,2,11/1/2014,11/25/2014,Acres,594,Seeding,Drill Seeding,Ground Seeding: Drill,-1,No seed list,,Seeds,No Seed List,Unknown,Unknown,Native and non-native species.,Drill seeding of Owyhee Bluffs upland.,Unknown.,"Drill seeding of native and non-native species completed, verified by GIS attribute table.","From 2015 ESR Monitoring Report: Due to unmet seeding objectives and high annual, invasive cheatgrass cover, it is recommended that the project remain closed to cattle grazing for at least one more growing season in order for seeded perennial bunchgrasses to establish.",Polygon,Confirmed,"Digitized by BLM field office personnel, method unknown",5/24/2019,594.3,594.3,,Unknown,Hazardous fuels reduction,Upland seeding,,,,,,28:34:00
Model 27,Central Basin and Range,Post-burn drill seeding,71835,25337,Implemented,Unknown,1,12/00/2015,12/00/2015,Acres,231,Seeding,Drill Seeding,Ground Seeding: Drill,-1,No seed list,,Unknown,No Seed List,Unknown,Not Available,,To establish seeded species and reduce fuels.,Unknown,Drill seed in winter 2015. Implementation verified by GIS attribute table.,Unknown,Polygon,Confirmed,"Digitized by BLM field office personnel, using a GPS unit on the ground",,231.38,231.38,,Unknown,"Establishment of seeded species, Hazardous fuels reduction","Establishment of seeded species, Hazardous fuels reduction",,,,,,36:14:00
