Model,Ecoregion,Treatment,Trt_ID,Prj_ID,Plan_Imp,Success,Dates_Confirmed,Init_Date,Comp_Date,Units,Num_Units,Trt_Type_Major,Trt_Type_Sub,Treatment_Type,Treatment_Seeded,Seed_List,Seed_Mix_Name,Seeds_or_Seedlings,Seed_List_Confirmed,Control_Areas,Seed_Application_Rate,Seed_Notes,Objectives,Planned_Implementation,Actual_Implementation,Treatment_Effect_and_Results,Trt_Feature_Type,Feature_Status,How_Feature_Created,Feature_Creation_Date,Total_Acres,BLM_Acres,GIS_Notes,Initiated_By,Trt_Concerns,Trt_Concerns_Desc,Problems_Apply_Trt,Problems_Apply_Trt_Desc,Conditions_At_Trt,Conditions_At_Trt_Desc,Trt_Notes,User_Updated
Model 7,Snake River Plain,Post-burn aerial seeding,1787,663,Implemented,Partially Successful,2,2/18/2008,2/18/2008,Acres,10216,Seeding,Aerial Seeding,Aerial Seeding: Rotor Wing,-1,Confirmed seed list,Bear Ben Butte Sagebrush Aerial Seed Mix,Seeds,Confirmed on Paper,Unknown,Species Specific,"There is some conflicting information in the Project Summary regarding the application rate. The narrative states 'The seed consisted of 5,240\r\npounds of Wyoming and 5,240 pounds of Basin Sagebrush'. The App. Rate is then given as 1.00 lbs/acre which does not correlate exactly.","The objective of this\r\ntreatment is to reestablish a desirable perennial plant community that more closely matches the\r\nstructural and species composition and diversity of the native plant community to help achieve a\r\nhealthy, functioning rangeland. Accelerating the rate of reestablishment of sagebrush is important to\r\nmaintaining the value of the area as sage grouse breeding and wintering habitat. Sagebrush is also\r\nan important component of suitable habitat for a number of sensitive sagebrush obligate species.\r\nThe wildfire intensity impacted existing sagebrush cover which would not recover naturally without\r\nproviding additional seed source.","Approximately 10,000 acres of the Bear Den Butte wildfire\r\nwould be aerial seeded with a mixture of basin big sagebrush and Wyoming big sagebrush in the\r\nwinter of 2007/2008 (FY08). This area is in fair condition and would not be drill seeded or\r\nchemically sprayed. This 10,000 acre area would be strip seeded.","Bear Den Butte Sagebrush Seeding\r\nThis project consisted of aerial seeding 5,000 acres out of an area of 10,216 acres. Rate of\r\napplication was approximately 1.00 pounds bulk seed per acre. The seed consisted of 5,240\r\npounds of Wyoming and 5,240 pounds of Basin Sagebrush which was mixed during the loading\r\nprocess. The seed was applied to snow covered ground in strips from north to south. The contractor was Thomas Helicopters, Inc of Gooding,\r\nID. Pilot for the seeding was Rob Cantrell. The project was completed using one helicopter and\r\ntwo sling type buckets. The project was started and completed on 02/18/08.\r\n\r\nContract Cost: $ 13,750.00 \r\nSeed Cost: $ 81,270.00",Monitoring Results FY09\r\nQualitative and quantitative monitoring was established in FY09. No sagebrush seedlings were\r\ndocumented in quantitative plots. Qualitative observations did not document seedlings. The\r\ncool wet weather in June produced heavy cover of herbaceous cover which made observation of\r\nsagebrush seedlings difficult. Monitoring will be continued in FY10.\r\nMonitoring Results FY10\r\nQualitative and quantitative monitoring documented establishment of sagebrush seedlings in\r\nFYI0. Sagebrush seedlings were documented in quantitative plots at .08 plants per square meter\r\nacross all plots. Qualitative observations did reveal some establishment of seedlings in small\r\npatches across the treatment area. The cool wet weather in June produced heavy cover of annual\r\nand perennial herbaceous cover which made observation of sagebrush seedlings difficult.,Polygon,Confirmed,"Digitized by BLM field office personnel, method unknown",,10129.65515,9912.180921,,Contractor,"Habitat for sage grouse, Habitat for wildlife, Loss of Perennials, Rangeland health, Establishment of seeded species, Loss of sagebrush, Loss of vegetation, Loss of desirable species, Vegetal cover",Establish sagebrush on wildland fire areas utilizing aerial seeding techniques.,None,,Snow on Ground,The seed was applied to snow covered ground.,sagebrush seeding,52:36:00
Model 7,Snake River Plain,Post-burn aerial seeding,2721,997,Implemented,See Comments,2,12/2/2011,12/2/2011,Acres,6288,Seeding,Aerial Seeding,Aerial Seeding: Rotor Wing,-1,Confirmed seed list,,Seeds,Confirmed in GIS,Unknown,Species Specific,,The objective of the seeding treatment is to establish a dominate shrub community within three years. The aerial seeding treatment of sagebrush would be considered effective if: 1) Sagebrush seedlings average 0.1 seedlings per square meter across all density plots; or 2) In qualitative surveys they are found to be common.,"Approximately 6,200 acres of the Bingham Point fire was identified to be aerial seeded with a mixture of shrub plant species. The seed will be applied aerially by a fixed wing aircraft or helicopter.  This is proposed to be accomplished in late FY11 or early FY12.","This project consisted of aerial seeding 6,288 acres within the Bingham Point fire.  Rate of application was approximately 0.78 pounds bulk seed per acre.  The seed consisted of 2,520 pounds of Wyoming Sagebrush and 2,400 pounds of Basin Sagebrush.  The seed was applied to bare ground, see the attached map for the project location.  The contractor was Thomas Helicopters, Inc of Gooding, ID. The project was completed using one helicopter and two sling type buckets.  The project was started and completed on 12/02/2011.","The aerial seeding treatment of sagebrush would be considered effective if:\r\n3) Sagebrush seedlings average 0.1 seedlings per square meter across all density plots; or\r\n4) In qualitative surveys they are found to be common.\r\nMonitoring of belt transects in 2012 did not detect the presence of big sagebrush in items per m\xb2. The monitoring did detect sagebrush which when calculated by FFI it averages out to 12.16 items per acre. Since treatments consisted only of aerial seeding and noxious weeds treatments, qualitative observations were made regarding vegetation recovery the first year.\r\n\r\nNo mature sagebrush and 15 seedlings were found within 6 belts. Mountain and Wyoming sage can be difficult to differentiate when immature.\r\nNo mature sagebrush and 1 seedling was found within 6 belts. Mountain and Wyoming sage can be difficult to differentiate when immature.",Polygon,Confirmed,"Digitized by BLM field office personnel, method unknown",,6279.85,6204.05,,Contractor,"Establishment of seeded species, Loss of desirable species, Loss of native species, Loss of native vegetation, Loss of sagebrush, Loss of vegetation, Vegetal cover","This treatment will aid in the re-establishment of pre-fire vegetation that more closely matches the structural and species composition and diversity of the native plant community to help achieve a healthy, functioning rangeland. Accelerating the rate of reestablishment of sagebrush is important to maintaining the value of the area as sage grouse breeding and wintering habitat. Sagebrush is also an important component of suitable habitat for a number of other sensitive sagebrush obligate species. The wildfire removed existing sagebrush cover and killed sagebrush seedlings that were growing from the efforts of past ES and BAR activities. Sagebrush is not anticipated to recover naturally without providing an additional seed source. The burn area has a great chance of invasion of noxious weeds.",None,,Other (See Trt Notes),The seed was applied to bare ground,,43:32:00
Model 7,Snake River Plain,Post-burn aerial seeding,3023,1099,Implemented,See Comments,2,11/14/1992,11/14/1992,Acres,1600,Seeding,Aerial Seeding,Aerial Seeding: Rotor Wing,-1,Confirmed seed list,,Seeds,Confirmed on Paper,Unknown,Species Specific,"The seed mix did not indicate whether bulk or PLS rates were used, therefore, unknown has been listed and all seed mix information has been entered into the Bulk category.",1) ESTABLISH VEGETATIVE COVER FOR SOIL\r\nPROTECTION. \r\n2) ESTABLISHMENT OF PERENNIAL VEGEATION TO REDUCE FIRE HAZARDS IN THE FUTURE. \r\n3)MAINTAIN BIG GAME WINTER RANCE AND LIVESTOCK FORACE.,The North Aerial Seed Mix is to be applied to wilderness study areas where the\r\nfurrowing effect of drills is not desirable. The seed will be aerially applied by a helicopter. This\r\napplication will be followed with a cover treatment of pulling a harrow with a rubber tired tractor. This\r\napplication method is in conformance with the Shoshone District Normal Fire Rehabilitation Plan.\r\nAppendix 2. This will be started in fiscal 1992.\r\nSouth Seed,"Black Ridge Aerial Seeding\r\nThis contract consisted of aerial seeding 1600 acres in the Black\r\nRidge Fire Rehab and\r\nproviding one low level recon flight. The contractor was\r\nresponsible for furnishing labor, equipment, supplies, and\r\nmaterials, except for Government furnished seed. The contractor\r\nwas Reeder Flying Service Inc., Twin Falls Sun Valley Regional\r\nAirport, 644 Airport Loop. Twin Falls, Idaho. Seed was flown on\r\nusing a Bell Jet ranger helicopter and two buckets. Contractor was\r\nto provided communication with contractor crew and BLM personnel\r\nusing Shoshone District frequencies available at the time of the\r\ncontract. The project was started 11/14/92 and completed 11/14/92.\r\n\r\nThe seed mixture consisted of:\r\nWhitmar Bluebunch Wheatgrass      1.25 lb./acre \r\nSecar Bluebunch Wheatgrass             1. 25 lb./acre  \r\nCritana Thickspike                                   1.00 lb./acre  \r\nSiberian Crested Wheatgrass             1.00 lb./acre \r\nAlkar Tall Wheatgrass                            0.75 lb./acre \r\nBoziosky Russian Wildrye                    0.75 lb./acre \r\nEski Sainfoin                                              2.50 lb./acre \r\nAppar Lewis Flax                                     0. 50 lb./acre  \r\nFourwing Saltbush                                 0.75 lb./acre  \r\nRate of Application: 9. 75 lb./acre  \r\nApproximate Weight of Seed: 22 lbs/Bushel \r\nProject inspectors for the project was Randall Jayo. The\r\nContracting Officers Representative was Scott Uhrig.","1997:\r\n\u2022\tOverall we were impressed by the recovery of the sites from recent fires.\r\n\u2022\tIt seemed like a remarkably cool summer with an unusually long growing season. We experienced some high heat and drying in August, but May and June were cold and July relatively cool in comparison to past summers.\r\n\u2022\tThere seemed to be a difference in the vigor of the Machaeranthera (hoary aster) between the control and other treatments. It was much more robust (more stems, bigger plant size, likely more flowers) in the control treatments at all the WSA and Potter sites.\r\n\u2022\tAt sites other than Ro, the native bunchgrass recorded during the cover study was Poa 90% of y\nthe time, with Stipa, Sitanian hvstrix, and basin wild re comprising most of the remainder.\r\n\u2022\tIt appears that the amount of flax seed could be reduced in future seedings that may occur in the area as it has become well established and is vigorously reproducing. Datasheets can be found in the project monitoring folder.",Polygon,Confirmed,"Digitized by BLM field office personnel, method unknown",,1365.15,1364.4,,Contractor,"Erosion, Fire hazard, Habitat for wildlife, Provide forage for livestock, Establishment of seeded species, Loss of desirable species, Loss of native species, Loss of native vegetation, Loss of perennials, Loss of vegetation",A loss of vegetative cover for the protection of soil.,None,,None,,"Planned cost for all aerial seedings is $202,900",36:52:00
Model 7,Snake River Plain,Post-burn aerial seeding,3034,1099,Implemented,See Comments,2,2/13/1993,2/25/1993,Acres,3677,Seeding,Aerial Seeding,Aerial Seeding: Rotor Wing,-1,Confirmed seed list,,Seeds,Confirmed on Paper,Unknown,Overall,"There was only a general rate listed for all species combined indicated here, specific rates for each species were not possible. The seed mix did not indicate whether bulk or PLS rates were used, therefore, unknown has been listed and all seed mix information has been entered into the Bulk category.",1) ESTABLISH VEGETATIVE COVER FOR SOIL\r\nPROTECTION. \r\n2) ESTABLISHMENT OF PERENNIAL VEGEATION TO REDUCE FIRE HAZARDS IN THE FUTURE. \r\n3)MAINTAIN BIG GAME WINTER RANCE AND LIVESTOCK FORACE.,"Shrub Planting: In addition to sagebrush seed being aerially applied to WSA's, sagebrush will be planted\r\nboth aerially and by placing seedlings in fiscal year 1994. Aerial broadcast seeding will be done on 5000\r\nacres of the areas severely burned in the northeast portion of the fire at a rate of 2 pounds per acre (bulk\r\nseed).","Black Ridge Aerial Sage #1\r\nThis project consisted of aerial (strip) seeding sagebrush at 2\r\nbulk pounds per acre. The seed was applied to the 100% snow\r\ncovered ground, see the attached maps . The contractor was\r\nPathfinder Helicopters Inc .\r\nPilot for the seedings was Bill Albers. Ground crew\r\nwas Jim Leighty and Craig Wheeler. Seed was applied from a sling\r\ntype bucket. The project was started on 2/13/93 and completed on\r\n2/25/93 .\r\nProject inspectors were Randall Jayo and Scott Uhrig .\r\nProject as Built\r\nstrip seed approx. 3,677 ac.\r\nApplied at 2 lbs. per acre\r\n50% Wyoming and 50% Basin","1997:\r\n\u2022\tOverall we were impressed by the recovery of the sites from recent fires.\r\n\u2022\tIt seemed like a remarkably cool summer with an unusually long growing season. We experienced some high heat and drying in August, but May and June were cold and July relatively cool in comparison to past summers.\r\n\u2022\tThere seemed to be a difference in the vigor of the Machaeranthera (hoary aster) between the control and other treatments. It was much more robust (more stems, bigger plant size, likely more flowers) in the control treatments at all the WSA and Potter sites.\r\n\u2022\tAt sites other than Ro, the native bunchgrass recorded during the cover study was Poa 90% of y\nthe time, with Stipa, Sitanian hvstrix, and basin wild re comprising most of the remainder.\r\n\u2022\tIt appears that the amount of flax seed could be reduced in future seedings that may occur in the area as it has become well established and is vigorously reproducing. \r\nDatasheets can be found in the project monitoring folder.",Polygon,Confirmed,"Digitized by BLM field office personnel, method unknown",,9130.472848,9091.464507,,Contractor,"Erosion, Fire hazard, Habitat for wildlife, Provide forage for livestock, Establishment of seeded species, Loss of desirable species, Loss of native species, Loss of native vegetation, Loss of perennials, Loss of vegetation",A loss of vegetative cover for the protection of soil.,None,,Snow on Ground,The seed was applied to the 100% snow\r\ncovered ground,"Planned cost for all aerial seedings is $202,900",43:20:00
Model 7,Snake River Plain,Post-burn aerial seeding,3035,1099,Implemented,See Comments,2,2/9/1993,2/17/1993,Acres,7772.5,Seeding,Aerial Seeding,Aerial Seeding: Rotor Wing,-1,Confirmed seed list,,Seeds,Confirmed on Paper,Unknown,Overall,"There was only a general rate listed for all species combined indicated here, specific rates for each species were not possible.",1) ESTABLISH VEGETATIVE COVER FOR SOIL\r\nPROTECTION. \r\n2) ESTABLISHMENT OF PERENNIAL VEGEATION TO REDUCE FIRE HAZARDS IN THE FUTURE. \r\n3)MAINTAIN BIG GAME WINTER RANCE AND LIVESTOCK FORACE.,"Shrub Planting: In addition to sagebrush seed being aerially applied to WSA's, sagebrush will be planted\r\nboth aerially and by placing seedlings in fiscal year 1994. Aerial broadcast seeding will be done on 5000\r\nacres of the areas severely burned in the northeast portion of the fire at a rate of 2 pounds per acre (bulk\r\nseed).","Black Ridge Aerial Sage #2\r\nThis project consisted of aerial (strip) seeding sagebrush at 2\r\nbulk pounds per acre. The seed was applied to the 100% snow\r\ncovered ground, see the attached map. The contractor was Reeder\r\nFlying Service, Inc.\r\nPilot for the seeding was Richard Reeder . Seed was applied from a\r\nsling type bucket . The project was started on 2/09/93 and\r\ncompleted on 2/17/93 . Seed applied was Basin Big (ARTRT) and\r\nWyoming Big (ARTRW).\r\nProject inspectors were Randall Jayo and Scott Uhrig.\r\nProject as-built\r\nStrip seed approx. 7,772 1/2 acres applied at 2 lbs. per acre","1997:\r\n\u2022\tOverall we were impressed by the recovery of the sites from recent fires.\r\n\u2022\tIt seemed like a remarkably cool summer with an unusually long growing season. We experienced some high heat and drying in August, but May and June were cold and July relatively cool in comparison to past summers.\r\n\u2022\tThere seemed to be a difference in the vigor of the Machaeranthera (hoary aster) between the control and other treatments. It was much more robust (more stems, bigger plant size, likely more flowers) in the control treatments at all the WSA and Potter sites.\r\n\u2022\tAt sites other than Ro, the native bunchgrass recorded during the cover study was Poa 90% of y\nthe time, with Stipa, Sitanian hvstrix, and basin wild re comprising most of the remainder.\r\n\u2022\tIt appears that the amount of flax seed could be reduced in future seedings that may occur in the area as it has become well established and is vigorously reproducing. \r\n\r\nDatasheets can be found in the project monitoring folder.",Polygon,Confirmed,Digitized by LTDL data entry personnel using a confirmed map,10/27/2011,14248.60032,13606.94581,,Contractor,"Erosion, Fire hazard, Habitat for wildlife, Provide forage for livestock, Establishment of seeded species, Loss of desirable species, Loss of native species, Loss of native vegetation, Loss of perennials, Loss of vegetation",A loss of vegetative cover for the protection of soil.,None,,Snow on Ground,The seed was applied to the 100% snow\r\ncovered ground,"Planned cost for all aerial seedings is $202,900",03:20:00
Model 7,Snake River Plain,Post-burn aerial seeding,3238,1156,Implemented,See Comments,2,11/9/2011,11/21/2011,Acres,10629,Seeding,Aerial Seeding,Aerial Seeding,-1,Confirmed seed list,"Aerial Seed Grass, Forb and Sagebrush Mix",Seeds,Confirmed on Paper,Unknown,Species Specific,,"Aerial seed Wyoming big sagebrush, perennial grasses, and forbs to establish a desirable perennial plant community that would prevent soil erosion, reduce introduction and spread of noxious weeds and invasive plants, and protect and restore habitat for sage-grouse and other wildlife.","Approximately 23,847 acres of the Blair fire would be\r\naerially seeded with two seed mixes to reestablish key sage grouse and deer winter range habitat.\r\nThe aerial seeding would be implemented in the fall of 2011.\r\nApproximately 10,629 acres would be aerially seeded with a mixture of grasses, forbs and\r\nsagebrush, as shown in the table below. These acres are located in the upper and western\r\nportions of the burn area that are not treatable by drill seeding due to the roughness of the terrain.\r\nKey sagebrush cover was lost across this area and the understory vegetation is expected to\r\nconvert to an exotic annual vegetation condition if grass/forb/shrub seeding treatments are not\r\nimplemented. Perennial understory vegetation along with a sagebrush overstory is vital for sage\r\ngrouse habitat. The rugged terrain is conducive to aerial seeding with mostly small seeded\r\nspecies because of the high incidence of more productive microsites for seed germination.","Seed was purchased. The aerial seed mix consisted of Wyoming big sagebrush, perennial grasses and forbs.\r\nAerial seeding began and completed on 11/09/2011 and completed on 11/21/2011. The entire 10,269 acre area was seeded. ESR specialists monitored activities and conditions during implementation.","Monitoring Results\r\nQuantitative objectives identified for drill and aerial seeding are:\r\n\u2022 For drill seed areas \u2013 establish seeded grasses at densities of 4 plants/m2 and seeded forbs at 0.5 plants/m2.\r\n\u2022 For sagebrush aerial seed areas \u2013 0.10 plants/m2.\r\n\u2022 The amount of bare mineral soil (i.e. soil lacking cover of plants, litter, or biological soil crust) is within 10% of what would be expected for the site based on an adjacent unburned site or the ecological site description.\r\nQualitative objectives identified for drill and aerial seeding are:\r\n\u2022 The majority of desired herbaceous perennial plants are producing seed.\r\n\u2022 The plants must also have developed root systems that are extensive enough to provide soil stabilization and prevent uprooting when grazed, especially when soils are moist.\r\n\r\nFY12\r\nThere were 24 monitoring plots established during the summer of 2012. Cover, density, and belt transect data were collected by ESR monitoring technicians (Tables 1, 2 and 3). Cover and density across the plots was dominated by cheatgrass. Percent cover of cheatgrass was moderate at 11.94. Seeded species detected in density plots included bitterbrush (.006/m2), bottlebrush squirreltail (.58/m2), flax (.006/m2), penstemon (.01/m2), sainfoin 9.03/m2), Siberian wheatgrass (.14/m2), yarrow (.08/m2) and Sandberg\u2019s bluegrass (3.22/m2). Qualitative observations by fire ecologists revealed that fair germination of seeded species occurred in early spring. The latter part of spring was dry reducing growth and vigor of germinating plants. Summer was hot and dry. Competition from annual vegetation is currently moderate with the drill seeded species. No big sagebrush seedlings were detected in cover, density or belt transects.\r\nFY13\r\nThe 24 monitoring plots were read during the summer of 2013. Cover, density, and belt transect data were collected by ESR monitoring technicians (Tables 1, 2 and 3). Cover and density across the plots was dominated by cheatgrass though slightly less in 2013. Density of seeded and other dominant species decreased slightly in 2013 probably due to extreme drought conditions. Belt transects across the bitterbrush drill seed area were documenting bitterbrush at .04 plants/m2. Qualitative observations revealed that seeded species were maintaining establishment for the previous year but drought was negatively affecting vigor and spring growth.\r\nFY14\r\nThe 24 monitoring plots were read during the summer of 2014. Cover, density, and belt transect data were collected by ESR monitoring technicians (Tables 1, 2 and 3). Cover and density of cheatgrass decreased across the plots in 2014. Density of seeded and other dominant species increased slightly in 2014 probably due to decreased competition from annual species. Belt transects across the bitterbrush drill seed area were documenting bitterbrush at .04 plants/m2.\r\nQualitative observations revealed that seeded species were maintaining establishment from the previous year but drought was negatively affecting vigor and spring growth. Northerly exposures were maintaining good cover of seeded species. Southerly exposures were more scattered. It was evident that cheatgrass cover is less than the previous year due to drought conditions.",Polygon,Confirmed,"Digitized by BLM field office personnel, method unknown",,10631.98398,10566.98458,,Contractor,"Habitat for mule deer, Habitat for sage grouse, Invasion by cheatgrass, Invasion by non-native annuals, Loss of native vegetation, Loss of perennials","Aerial seed Wyoming big sagebrush, perennial grasses, and forbs to establish a desirable perennial plant community that would prevent soil erosion, reduce introduction and spread of noxious weeds and invasive plants, and protect and restore habitat for sage-grouse and other wildlife.",None,,None,,Shoshone FO,17:14:00
Model 7,Snake River Plain,Post-burn aerial seeding,4101,1463,Implemented,Unknown,2,2/21/2001,2/22/2001,Acres,2600,Seeding,Aerial Seeding,Aerial Seeding,-1,Confirmed seed list,"Aerial Seeding, Sage",Seeds,Confirmed on Paper,Unknown,Species Specific,,"In addition to this, Wyoming\r\nsagebrush will be aerially seeded on the entire 2600 acres during\r\nwinter 2000/2001. An archaeological survey as well as a\r\nthreatened and endangered plant/animal clearance (including\r\nsensitive species) will be completed prior to initiating\r\nrehabilitation work.","The sagebrush and kochia will be aerially seeded on 2600 acres on snow cover, during winter 2000/2001.","This project consisted of aerial seeding 2,600 acres. Rate of application was approximately 0.5\r\npounds bulk seed per acre. The seed consisted of Wyoming Big Sagebrush. The seed was applied to\r\n100% snow covered ground, see the attached map for the project location. The contractor was\r\nThomas Helicopters, Inc. of Gooding, ID. Pilots for the seeding were Dale Thomas, Rod Thomas, and\r\nRuss Holiday. The project was completed using three helicopters and three sling type buckets. The\r\nproject was started on 2121/01 and completed on 2122/01.",Plots were set up along a transect to study the percent cover of the species within the study area. \r\nSee monitoring data for raw data.,Polygon,Confirmed,"Digitized by BLM field office personnel, method unknown",,2595.87,2595.87,,Contractor,"Invasion by Cheatgrass, Habitat for wildlife, Brush control, Establishment of seeded species, Encroaching vegetation, Livestock in treated area, Loss of desirable species, Loss of native species, Loss of native vegetation, Loss of perennials, Loss of vegetation, Noxious weeds, Vegetal cover","The Brigham Point Fire (F-369) primarily burned a\r\ncheatgrass/green rabbitbrush community on shallow soil with fairly\r\nlow heat. To compete favorably with the expected huge flush of\r\ncheatgrass, a diverse seed mix of only aggressive introduced species\r\n(except Sagebrush) is recommended. A drought tolerant, aggressive\r\nmix is needed to ensure that this area will be rehabilitated.\r\nTall wheatgrass, Siberian wheatgrass, and Nordan crested\r\nwheatgrass, all bunchgrasses, and pubescent wheatgrass, a\r\nsodgrass, are included which should thrive in this shallow loamy\r\nsite. The team wanted to make the mix of grasses as diverse as\r\npossible to simulate natural conditions while still being able to\r\ncompete with cheatgrass.\r\nSome Wyoming big sagebrush was lost as a result of this fire. The\r\nentire 2600 acres of the burn will be aerially seeded with\r\nsagebrush. Rabbitbrush will resprout. Wyoming big sagebrush and\r\nSpredor III alfalfa are recommended for inclusion in the seed mix\r\nto provide valuable wildlife habitat.\r\nThe seed mix proposed is diverse with a good mixture of grasses,\r\nforbs, and a shrub component.",None,,"Snow on Ground, Other (See Trt Notes)",snow covered ground,,11:51:00
Model 7,Snake River Plain,Post-burn aerial seeding,5409,1968,Implemented,Unknown,2,10/15/1989,10/30/1989,Acres,364,Seeding,Aerial Seeding,Aerial Seeding,-1,Confirmed seed list,,Seeds,Confirmed on Paper,Unknown,Species Specific,,Reduce fire occurrence; establish vegetation cover for soil protection; provide forage and cover.,Aerial application over entire area.,Seeding implementation confirmed in GIS.,Unknown,Polygon,Confirmed,"Digitized by BLM field office personnel, method unknown",,339.96,339.73,,Contractor,"Erosion, Fire hazard, Habitat for wildlife, Provide cover for wildlife, Provide forage for wildlife","Reduce fire occurrence, establish vegetation cover for soil protection, provide forage and cover.",None,,None,,Contractor is marked per the summary budgeting for a contractor. Unable to locate documents on which contractor as well as which aerial seeding method was used.,28:21:00
Model 7,Snake River Plain,Post-burn aerial seeding,6181,2260,Implemented,Partially Successful,2,1/00/2007,1/00/2007,Acres,92660,Seeding,Aerial Seeding,Aerial Seeding,-1,Confirmed seed list,Mix 1,Seeds,Confirmed on Paper,Unknown,Unknown,"The seed mix did not indicate whether bulk or PLS rates were used, therefore, unknown has been listed and all seed mix information has been entered into the Bulk category.","The goal of the proposed treatment is to quickly repopulate the burned area\r\nwith a viable mixture of shrubs and perennial forbs and grasses that will: 1) survive and\r\neffectively compete with non-native invasive species, 2) provide cover and forage for resident\r\nwildlife, and 3) provide soil protection and improve nutrient cycling to establish a viable\r\nenvironment for the regeneration of surviving perennial grasses. Treatment objectives would be\r\nmet when =1 sagebrush per 9 m2 (0.1 plants /m2), =1 forb plant /m2 are established per m2, 1\r\ngrass/m2 if grasses were included in the seed mixture) and 50% of the seeded plants are\r\nproducing seed heads.",,"Perennial shrub/forb/grass seed mixtures were aerially broadcast\r\nseeded in January 2007, End-Product Contract, Thomas Helicopters Inc. Palmer\u2019s penstemon,\r\nalfalfa, blue flax, small burnet, western yarrow, and mountain big sagebrush (mixture 1\r\ndeveloped for elevations above 4200 ft.) were applied to 9260 acres. Mixture 2 (mixture 1 with\r\nthe addition of big bluegrass, intermediate wheatgrass and Siberian wheatgrass) were applied to\r\n5555 acres below 4200 ft. in elevation.","Treatment Effectiveness: BLM monitoring crews visited the area in June 2007, establishing and\r\nmeasuring 9 monitoring plots and 9 shrub density (shrub-hoop) transects. Crews recorded plant\r\nspecies and density, vegetative cover, and canopy gaps using quadrat, line-point intercept and\r\ngap intercept methods respectively.\r\nTreatment Results: Shrub Density. The shrub objective for these treatments (0.11 plants /m2) has\r\nbeen met with big sagebrush densities of 1.09 and 0.13 plants /m2, based on shrub-hoop\r\ntransects. This includes shrubs that are resprouting as well as those seeded in the treatment.\r\nBuckbrush and bitterbrush were also found in 3 monitoring plots at densities ranging from 0.10\r\nto 2.8 plants /m2. Mix 3 was included in the table for comparison.\r\n\r\nForb and Grass Density and Maturity: The treatment objectives for forbs and grasses were not met.  Western yarrow was the only seeded species observed within the monitoring plots, with a mean density of 16.3 plants /m2.  While this meets the density objectives for the forbs, no plants were observed with seed heads, thus not meeting the maturity objective of 50% plants producing seed heads.  None of the seeded grass species were identified within the monitoring plots, therefore the density and maturity objectives were not met.  However, the overall density of perennial grasses is good at 40.8 plants /m2, and % with seed heads over 50% in each seed mix area.\r\n\r\nCanopy Cover and Soil Gaps. Canopy cover levels and gaps between plants were recorded to provide an indication of the site\u2019s resistance to degradation and vulnerability to wind erosion.  As monitoring is repeated, this will provide a measure of how well the site is recovering from the burn.  Soil cover gaps in both treatments are very small; over 98% of the soil is covered by canopy or has gaps smaller than 25 cm.  Increases in the proportion of the line covered by large basal gaps indicate increased susceptibility to water erosion.\r\n\r\nComments: Shrub densities recorded reflect both seedlings from the treatment and resprouting residual shrubs, so it is impossible to distinguish seeding treatment success from natural regeneration. This problem may be the reason that the untreated group (mix 3 without sagebrush) has big sagebrush densities equivalent to the treated groups.  \r\nGrass and forb densities recorded do not distinguish between seedling and older plants.  Identifying grass and forb seedlings is very difficult, so while it appears that the grass and forb objectives have not been met, further monitoring may reveal greater success.  The maturity objective allows us to make some distinctions, but it is too soon to expect this objective to be met by these treatments.\r\n\r\nRecommendations:  Monitoring needs to be continued into the future to assess the changes in condition.  Seedlings must be distinguished from older plants to adequately assess the success of the treatment as opposed to natural regeneration.  \r\nCondensing seedling categories into perennial grasses and perennial forbs would speed field work and result in a more useful data set.",Polygon,Confirmed,"Digitized by BLM field office personnel, method unknown",,19442.17998,19142.87889,,Contractor,"Loss of vegetation, Loss of Perennials, Habitat for wildlife, Invasion by Cheatgrass, Invasion by non-native annuals, Noxious Weeds, Rangeland health","1.  Lands Unlikely to Recover Naturally.  \r\nThe wildfire effectively removed all existing vegetation from the burned area.  Most of the perennial grasses, which include Sandberg\u2019s bluegrass, bottlebrush squirreltail, Idaho fescue, and bluebunch wheatgrass are expected to recover naturally, but almost all of the basin, xeric, and mountain big sagebrush plants were killed by the fire.  In addition, the majority of the antelope bitterbrush plants were killed or severely damaged by the fire, and only a small percentage are expected to re-sprout and survive.  Prior to occurrence of the fire, the burned area provided crucial winter habitat for 6,000 to 11,000 mule deer and 2,500 elk.  The southern portion of the fire area supports two populations of southern Idaho ground squirrel, an ESA candidate \u201cthreatened\u201d species.  The loss of the perennial shrub component will adversely affect these and other wildlife species.\r\n\r\n2.  Weed Treatments.\r\nInvasive species, in particular medusahead and cheatgrass, are known to be present within and in the vicinity of the burned area.  Rush skeletonweed was also noted within the boundary of the burned area.  Failure to locate and control existing noxious weed sites will lead to continued spreading of this undesirable species.  In order to reduce the risk of failure and promote the establishment of the desired seeded species and planted seedlings, competition from invasive annual grasses and forbs needs to be controlled.  \r\n\r\n3.  Repair/Replace Fire Damage to Minor Facilities.\r\nThe fire caused extensive damage to allotment boundary and pasture division fences and exclosures&* involving 17 grazing allotments, 24 pastures, and four riparian exclosures.",None,,None,,"There are rates for these seed mixes, however the acres are slightly off. Please see Source Data folder for Aerial Seed.",39:13:00
Model 7,Snake River Plain,Post-burn aerial seeding,7057,2561,Implemented,None,2,3/6/2001,3/10/2001,Acres,56643,Seeding,Aerial Seeding,Aerial Seeding,-1,Confirmed seed list,Sagebrush Seeding,Seeds,Confirmed in Field,Within Treatment,Species Specific,,"This project consisted of aerial seeding 56,643 acres.",The seed was applied to 100% snow covered ground.  The project was completed using two helicopters and three sling type buckets.,,"There is speculation that portions of this seeding were successful, however no monitoring ahs been conducted following the ESR monitoring in 2003. Monitoring crews are scheduled to return to the site in 2015 to see if these claims can be validated.",Polygon,Confirmed,"Digitized by BLM field office personnel, method unknown",,56769.82533,56647.6465,,,None,,None,,Snowing,The seed was applied to 100% snow covered ground,,26:06:00
Model 7,Snake River Plain,Post-burn aerial seeding,7162,2595,Implemented,See Comments,2,2/18/2002,2/18/2002,Acres,1079,Seeding,Aerial Seeding,Aerial Seeding,-1,Confirmed seed list,,Seeds,Confirmed on Paper,Unknown,Species Specific,,"The purpose of this project is to re-establish a perennial plant community in an area that has been invaded by annual\r\ngrasses and to allow recovery of the perennial vegetation that burned in the Cold Springs fire. The emergency fire\r\nstabilization and rehabilitation project (ESR) will reduce the risk of invasion of annual grass, restore wildlife habitat,\r\nand allow for recovery of native and previously seeded vegetation.",,The aerial seeding was done by Thomas Helicopters on 2/18/2002. The ground conditions were moist and frozen\r\nwith no snow. The project was inspected by Jeff Swanstrum and Clif Hall.,"The ESR plan for this fire lists three treatment objectives:\r\n\r\nLivestock grazing may resume once post fire ground cover reaches 80-90 percent of pre fire levels. Perennial key species must qualitatively look vigorous and 50-60 percent of plants producing seed heads. Seeded species must have a sufficient root system to withstand being uprooted during grazing. In the late spring 2003 the mean canopy cover for the three sites within the drill seeded portion of the burn was 12.3 percent.  The composition of this cover was: 1.6% perennial grasses, 10.6% annual grasses, and 0.1% annual forbs.  The mean soil surface cover for the three drill seeded sites was 14.1%.  The composition was 1.8% perennial grasses, 8.8% annual grasses, and 3.5% litter.  The mean density for those perennial grass species present in the drill seeded portion of the burn were: Sandberg Bluegrass (Poa sandbergii) at 0.72 plants/m2 and Crested Wheatgrass (Agropyron cristatum) 0.03 plants/m2.  The canopy cover for that transect within the portion of the burn not drill seeded was 7.6%.  The composition was 2.4% perennial grasses and 5.2% annual grasses.  The soil surface cover for that transect within the portion of the burn not drill seeded was 54.5%.  The composition was 18.2% perennial grasses, 18.2% annual grasses, 3% forbs, and 15.1% litter.  Sandberg Bluegrass and Crested Wheatgrass were present along that transect within the portion of the burn that was not drill seeded at densities of 1.3 plants/m2 and 3.2 plants m2, respectively.  No live shrubs were noted along any density transect in either portion of the burn. \r\n\r\nIn 2002 the mean canopy cover for the three sites within the drill seeded portion of the burn was 15.3 percent.  The composition was: 1.2% perennial grasses, 3.0% annual grasses, and 11.3% annual forbs.  The mean soil surface cover for the drill seeded sites was 27.8%.  The composition was 0.3% annual grasses, 5.5% annual forbs, 14.7% litter, and 7.3% rock/gravel.  Point intercept cover for that transect within the portion of the burn not drill seeded was 70%.  The composition was 20% grass, 6.7% forbs, 10% cryptogamic crust, 16.7% litter, and 16.7% rock/gravel.  No live shrubs were noted along any density transect in either portion of the burn.\r\n\r\nSoil surface cover for the unburned reference site was 40%.  The composition of the surface cover was: 1% perennial grass, 1.5% annual grass, 16.8% annual forbs, 1.3% cryptogamic crust, 14.7% litter, and 4.7% rock/gravel.  Point intercept cover for the reference site was 60%.  The composition was 10% grass, 16.7% forbs, 3.3% live shrubs, 26.6% litter, and 3.3% rock/gravel.\r\n\r\nThe cover data collected within the drill seeded area shows that the percentage of canopy cover and soil surface cover afforded by annual grasses increased from 3% to 10.6% and 0.3% to 8.8%, respectively, from 2002 to 2003.  This suggests that Cheatgrass, the predominant annual grass occurring within the boundaries of this rehabilitation project, is increasing at fairly rapid rate.\r\n\r\nData collected in 2003 from the monitoring site within the portion of the burn that was not drill seeded shows the density for Crested Wheatgrass was 3.2 plants/m2 along the transect.  The Crested Wheatgrass population present in this portion of the burn in resulted from seeding that occurred prior to the Cold Springs Fire.\r\nApproximate 763 acres of the burned area was not drill seeded either because the acreage was in accessible to mechanized equipment or prior to the Cold Springs Fire the acreage supported a robust healthy stand of perennial grasses that would recover naturally if allowed to rest grazing for several growing seasons.  Over the past two growing seasons the pre-fire stand of Crested Wheatgrass located in the southwest corner of the burn and Sandberg Bluegrass stand located in the northeast portion have reestablished themselves very nicely.  The individual plants within these areas are quite healthy and robust in appearance and all have produced seedheads.\r\n\r\nIn the late spring of 2003 the drill furrows were still visible throughout the 198 acre portion of the burn that was drill seeded in the fall of 2001.  However, no evidence of seedling emergence/establishment was found.  The few Crested Wheatgrass and Sandburg Bluegrass plants encountered within this portion of the burn had regrown from old crowns that existed prior to the fire.  This portion of the project will afford little in the way of grazing value unless further effort is made to establish a new stand of perennial plants.  Additionally, a thorough survey of the entire burn yielded no evidence to indicate any establishment Wyoming Big Sagebrush and Alfalfa resulting from the aerial seeding that occurred in February 2002.\r\n\r\nContinued monitoring of this fire site is not recommended unless additional rehabilitation efforts are initiated on the 198 acre portion that was drill seeded in the late fall of 2001.",Polygon,Confirmed,"Digitized by BLM field office personnel, method unknown",,982.3492298,931.7450739,,Contractor,"Invasion by non-native annuals, Loss of Perenials, Provide cover for wildlife, Provide forage for wildlife, Other (See Trt Notes)","The purpose of this project is to re-establish a perennial plant community in an area that has been invaded by annual grasses and to allow recovery of the perennial vegetation that burned in the Cold Springs fire. The emergency fire stabilization and rehabilitation project (ESR) will reduce the risk of invasion of annual grass, restore wildlife habitat, and allow for recovery of native and previously seeded vegetation.\r\nOther- A diversity of other wildlife listed as either BLM \u201cSensitive Species\u201d and/or State of Idaho \u201cSpecies of Special Concern\u201d are known to occur or are likely to occur within the area. These include prairie falcon, ferruginous hawk, northern harrier, burrowing owl, greater sage-grouse, sage sparrow, Brewer\u2019s sparrow, green-tailed towhee, gray flycatcher, several species of bats, Woodhouse\u2019s toad, and western toad.\r\nWildlife- Public lands in the surrounding area of the burn provide habitat for mule deer, pronghorn antelope, mountain lion and a diversity of other predators, raptors, nongame birds, small mammals, reptiles and amphibians.",,,Frozen Soil,The ground conditions were moist and frozen\r\nwith no snow.,,37:20:00
Model 7,Snake River Plain,Post-burn aerial seeding,7168,2597,Implemented,Unsuccessful,1,2/00/2007,2/00/2007,Acres,1306,Seeding,Aerial Seeding,Aerial Seeding: Rotor Wing,-1,Confirmed seed list,,Seeds,Confirmed on Paper,Unknown,Overall,"There was only a general rate listed for all species combined indicated here, specific rates for each species were not possible.",To re-establish a thriving perennial shrub/forb component within the treatment area plant community.  Establishment of Wyoming big sagebrush = 1/9m2 and forbs = 1/m2 & = 50% producing seed heads,,"The treatment area was aerial broadcast seeded in February 2007 by Thomas Helicopters utilizing the silver bullet seeding bucket with a perennial shrub/forb seed mixture:\r\n\r\nSpecies\t\t\t\tlbs/acre\t\r\nBig Sagebrush, Wyoming\t\t1.13 lbs/ac (PLS 20.1%) Lincoln/Blaine/Jerome Co. 4040ft elev.\r\nWestern white yarrow, VNS\t\t0.08 lbs/acre\r\nBlue Flax, Lewis\t\t\t0.38 lbs/acre\r\nTotal\t\t\t\t\t1.59 lbs/acre","Monitoring Method: In June 2007, 2 monitoring plots were established and recorded and 1 shrub-hoop transects was conducted.  Monitoring recorded plant species occurrence and cover, using Photo Point, Density, Gap Intercept, and Line-point Intercept methods. In 2008, Ecosystem Management Inc. was contracted and conducted the monitoring of the 2 established plots in July.  Aerial Seeding Density Monitoring/Evaluation was conducted in June 2008 by BLM personnel.  In 2009, a field review of the aerial seeding treatment area and was conducted by BLM personnel. \r\nResults:  In 2007, monitoring indicated the treatment was ineffective in re-establishing either a shrub or forb component within the plant community.  No shrubs, whether seeded or not, or no seeded forbs were recorded or observed.\r\nIn 2008, no aerial species recorded or observed at the site.  Although, cheatgrass and annual mustard were the dominant species, natural recovery of native POSE was good, 4.0/m\xb2.   Monitoring to date indicates the treatment was ineffective and was consider unsuccessful at that point in time.\r\nIn 2009, a field review of the aerial seeding treatment area was conducted and very few aerial seeded species were noted and the treatment was considered as being unsuccessful.  The post-fire vegetation: eastern extent of the fire primarily cheatgrass and some Sandberg bluegrass; the more central plateau area pre-fire scattered rabbitbrush with an understory of cheatgrass and Sandberg bluegrass; western plateau area predominated by cheatgrass. Post-fire vegetation of the steep rocky areas, which occupied a considerable area within the fire boundary, is characterized cheatgrass and mixed with native perennials.  In some bench areas, small patches of Wyoming big sagebrush with an understory cheatgrass and native perennials still occur. This site is expected to remain a dominant cheatgrass area with little or no natural recovery of shrub cover or structure expected.  Livestock use has resumed on this site; west half is grazed in the spring, April \u2013 June, and the east half is grazed in the fall and winter, mid November \u2013 February.\r\nRecommendations:  The original plan for this area was to control the cheatgrass with an herbicide application followed by a drill seeding treatment of perennial grasses.  This seedbed situation would have been much more favorable to an aerial seeding treatment and would have provided a higher chance of success.",Polygon,Confirmed,"Digitized by BLM field office personnel, method unknown",,1306.49,1303.91,,Contractor,"Invasion by Cheatgrass, Invasion by non-native annuals, Loss of Perennials, Loss of vegetation,",To re-establish a thriving perennial shrub/forb component within the treatment area plant community.  Establishment of Wyoming big sagebrush = 1/9m2 and forbs = 1/m2 & = 50% producing seed heads.,None,,None,,,03:53:00
Model 7,Snake River Plain,Post-burn aerial seeding,8721,3119,Implemented,Unknown,2,2/5/1997,2/5/1997,Acres,850,Seeding,Aerial Seeding,Aerial Seeding: Rotor Wing,-1,Confirmed seed list,,Seeds,Confirmed on Paper,Unknown,Species Specific,"see Treatment Map for area - Mix acres = 850 for all three sites combined  Site A.  PLS rate in Project Summary is listed as 11.0-11.5%, so an average is listed here.",Supplement natural vegetative recovery of sagebrush in key areas by aerially seeding\r\nappropriate species. This would be done with Mountain Big Sagebrush on 569 areas near the\r\nhead of Cottonwood and Deer Creek. It would be seeded with a helicopter in winter over\r\nsnow.,The sagebrush seed would be aerially applied by a helicopter over snow\r\nduring the winter on 569 acres at the head of Cottonwood and Deer Creek in the Deer Creek WSA.,"Davis Mountain Aerial Sagebrush Seeding\r\nThis project consisted of aerial seeding 850 acres at three\r\ndifferent sites. Site A and B rate of application was 1.0 pound\r\nbulk of Mountain Big Sagebrush seed per acre.\r\nThe seed was applied to a 100% snow covered\r\nground on sites A and B.\r\nThe contractor\r\nwas Thomas Helicopters, Inc. The\r\nproject was completed using a Hughes 500D helicopter and a sling\r\ntype bucket. The project was started and completed on 2/05/97.\r\nProject inspector was Scott Uhrig.",Unknown,Polygon,Confirmed,Digitized by LTDL data entry personnel using a confirmed map,00/00/0000,566.2957166,362.2054437,,Contractor,"Habitat for wildlife, Establishment of seeded species, Habitat quality, Loss of desirable species, Loss of sagebrush, Loss of vegetation, Vegetal cover","Sagebrush cover is anticipated to recover naturally in most areas. However,\r\nquicker re-establishment of sagebrush cover in key areas would help reduce anticipated long\r\nterm negative impacts to sagebrush dependent wildlife species and provide a seed source for\r\nnatural re-establishment. Key areas identified at the head of Cottonwood and Deer Creek\r\nwould be planted by aerial seeding to accelerate sagebrush recovery.",None,,Snow on Ground,The seed was applied to a 100% snow covered ground.,"This treatment used the Mix applied to site A & B, no acres were given for these two sites but 850 acres were seeded on all 3 sites.  ARTR seeding in the Deer Creek WSA; WY and Basin Big Sagebrush seeding in the same area as the drill seeding.  This treatment was split into three treatments.\r\nSite A.",19:51:00
Model 7,Snake River Plain,Post-burn aerial seeding,9667,3448,Implemented,Successful,2,12/00/2006,12/00/2006,Acres,500,Seeding,Aerial Seeding,Aerial Seeding,-1,Confirmed seed list,,Seeds,Confirmed on Paper,Unknown,Unknown,"The seed mix did not indicate whether bulk or PLS rates were used, therefore, unknown has been listed and all seed mix information has been entered into the Bulk category.",To re-establish a viable thriving stand of native and non-native forbs and\r\nshrubs on those lands to reduce the potential for spread of invasive annual grasses and noxious\r\nweeds. This would be achieved with a mean density of at least 0.11/m2 established big sagebrush\r\nplants and 1/m2 established seeded forbs.,"Aerially broadcast a native/non-native perennial seed\r\nmixture comprised of blue flax. western yarrow, mountain big sagebrush, and Wyoming big\r\nsagebrush over 500 acres of public lands during the late fall/early winter of 2006.","The treatment area was aerial seeded End-Product Contract, Thomas\r\nHelicopters Inc, in December 2006, with blue flax, western yarrow, mountain big sagebrush, and\r\nWyoming big sagebrush.","Results: In 2007, plot monitoring recorded a big sagebrush density of 1.8/9m\xb2.  However, shrub hoop sampling did not detect any big sagebrush plants, and no seeded forbs were observed on the site.  No aerial seeded species were recorded or observed at the 3 established plots in 2008.  \r\n\r\nThe area in general is predominated by highly competitive invasive annuals.  In the lower more flat terrain areas, annual grasses are highly predominant occurring in large scattered patches.  The establishment of aerial seeded species in these areas would not be anticipated.   \r\n\r\nIn 2008 a more extensive evaluation of suitable sites supported the meeting of aerial seeded objectives in the favorable rocky ridge sites, where there was less competition from invasive annuals. In these areas, there is a relatively high occurrence of native perennial species specifically squirreltail and Sandberg bluegrass with low occurrences of annuals occupy the interspaces between perennial plants. The monitoring of the aerial seeding indicated a high occurrence of big sagebrush and western yarrow seedlings in more favorable rocky sites along ridges, where there was less competition from annuals.  Aerial seeding monitoring conducted in these sites recorded densities of Wyoming Sagebrush of 1.8/9m\xb2 and western yarrow 1.3/m\xb2.  The occurrence of blue flax was low with a few scattered plants being noted.\r\n\r\nThe decrease in perennials forbs from 2008 (2 .6 m\xb2) to 2009 (0.01 m\xb2), is probably due to plant drying and the inability to identify the presence of other perennial forbs (e.g. agoseri & hawksbeard).  Annual forbs had a density of 1.2/m\xb2, composed mostly of Menzies\u2019 fiddleneck and prickly lettuce.  No seeded forbs were recorded or observed when monitoring established plots.  Wyoming big sagebrush was recorded during belt transect density surveys, but at very low numbers (0.01/9m\xb2).  There was a good diversity of native perennial grasses represented on the site (Figures 1 & 2).  Based on the established monitoring plots which are not representative of suitable aerial seeding sites, treatment objectives were not met.  Notice the hoof shearing that has occurred from heavy livestock grazing too early in the spring when soils are still wet (Figure 2).  It is advised not to authorize livestock grazing so early in the spring, before drying and firmer soil conditions.  Density data recorded during extensive monitoring of the treatment area in 2009 reflects the occurrence of seeded species on both suitable and less the ideal establishment sites.  The recorded data is an average of aerial seedling establishment on suitable and marginally suitable sites; observations made while conducted the 2009 extensive monitoring note objectives were met in suitable establishment sites.",Polygon,Confirmed,"Digitized by BLM field office personnel, using an aircraft GPS unit",,504.8973763,494.412499,,BLM,"Noxious Weeds, Rangeland health, Loss of vegetation, Loss of Perennials, Invasion by Cheatgrass, Invasion by non-native annuals","Lands Unlikely to Recover Naturally:  Pre-fire herbaceous vegetation consisted of perennial species (bottlebrush squirreltail, Sandberg bluegrass) on most of the area, which are expected to recover naturally, although the area near the Hot Springs Road will not recover naturally and will return to cheatgrass and medusahead, unless herbicide spraying and drill seeding is used.  The sagebrush component is not expected to recover naturally.  Wyoming big sagebrush and basin big sagebrush areas on top of Teapot Dome that did not burn from previous wildfires were completely burned in the Dome Fire.  Antelope bitterbrush is also present on the ridge of Teapot Dome in decadent stands and has been burned and reduced in density from previous fires in the area.  This area is a critical winter range for several wildlife species that depend on sagebrush and bitterbrush for cover and food.  The entire area was seeded following the fire in 2000, but little success occurred due to drought years that followed the seeding.  If immediate efforts to re-introduce/establish browse species are not taken, all productive value for several wildlife species is in serious danger of being lost.\r\n\r\nWeed Treatments:  Rush skeletonweed was evident throughout most of the burned area.  If mitigating actions are not taken this species could potentially inundate a major portion of the site.\r\n\r\nTree Planting:  This site is not suitable for tree production.\r\n\r\nRepair/Replace Fire Damage to Minor Facilities:  The fire destroyed numerous brace/corner structures and gate posts.  Livestock management will not be possible unless the damaged fixtures are repaired/replaced.",None,,None,,,31:54:00
Model 7,Snake River Plain,Post-burn aerial seeding,12077,4317,Implemented,See Comments,1,3/1/2001,3/1/2001,Acres,38834,Seeding,Aerial Seeding,Aerial Seeding,-1,Confirmed seed list,,Seeds,Confirmed on Paper,Unknown,Unknown,,Native grasses will\r\nalso be seeded with the sagebrush treatment into  in areas identified as being in poor\r\necological condition .,,"Aerial application of sagebrush seed on 38,834 acres. The sagebrush seed is speeding up the return of individual sagebrush plants to the site.",9/29/2003: the sagebrush seed is speeding up the return of individual sagebrush plants to the site,Polygon,Confirmed,"Digitized by BLM field office personnel, method unknown",,37045.96,35426.22,,Unknown,"Erosion, Fire hazard, Habitat for wildlife, Impact on Cultural Resources, Invasion by Cheatgrass, Noxious Weeds","Wildfire has had a long history influencing sagebrush steppe communities&* such communities depend upon climate, topography, and other environmental factors (Tisdale and Hironaka 1981&* West 1996), and wildfire will continue to guide these communities with future lightning and human-caused ignitions.  However, recent and dramatic changes in fire behavior and resulting fire effects have occurred.  As a result and to a greater consequence, the resulting vegetation structure and function will continue to direct future fire-frequency, behavior, season, and magnitude (Clark 1990).  Recent and dramatic changes in the magnitude and frequency of fire=s influence across many areas of sagebrush steppe vegetation have resulted in mono-typic stands of cheatgrass creating more fire-prone/fire-adapted landscapes (Whisenant 1990, Knick and Rotenberry 1997), including the majority of the Big Desert located in eastern Idaho.\r\n  \r\nNearly 589,941 acres of Federal, State, and private lands across the Big Desert have burned under severe wildfire conditions within the last 4 years (1996-2000).  On July 26, 2000, three more major wildfires were ignited by lightning strikes across this same general area.  These fires were contained largely on land administered by BLM=s Idaho Falls Field Office (IFFO). This Rehabilitation Plan presents information pertinent to all fires and outlines how the efforts may be combined to improve efficiencies.  \r\n\r\nFire Name\t\tTotal Acers\tBLM Acers\tState Acres\tPrivate Acres\r\nFlat Top\t\t57,477 \t41,943 \t 2,131\t\t13,402\r\nCoffee Point\t\t72,783\t\t69,141 \t 1,850\t\t  1,792\r\nTin Cup\t\t18,140 \t  5,649\t\t     0       \t      0     \r\nTotal Acres\t\t148,400 \t116,733\t3,981\t\t15,194\t\t\r\n\r\n\r\n \r\nSince 1996, approximately 76 percent of the total 590,417 acres of sagebrush steppe within the Big Desert has been impacted by severe wildfire behavior. Many of the total burned acres have undergone recent increases in recorded fire frequency of up to 3 - 4 fires within a 10-year period.  This pattern of repeated large-scale fires across previously impacted areas within relatively short intervals is attributed primarily, to recent cheatgrass invasions across many areas which used to support sagebrush steppe vegetation.  These conditions represent serious fire and resource management concerns. (Please refer to the Big Desert 2000 Rehabilitation Maps across Land Ownership and Key Sage grouse Habitat (Figure I, III)).\r\n\r\nBesides reestablishing the vegetation lost during the fire, two other major concerns exist for resource managers and specialists: \r\n\r\n1)  A pattern of repeated fires across previously impacted areas within relatively short time intervals (i.e. high fire frequencies or short fire return intervals) is associated with the recent invading spread of cheatgrass (Bromus tectorum), a highly volatile flashy fuel.  \r\n\r\n2) The productivity and ecological health of public lands administered by the IFFO is in danger of being severely reduced by invasions of new noxious weeds and the uncontrolled spread of established weeds. \r\n\r\nVegetation recovery.  The three fires analyzed within this document burned relatively completely with minimal unburned patches of sagebrush steppe vegetation.  The Flat Top Fire burned the most completely of the three, leaving only very small, remnant sagebrush patches.  The Coffee Point Fire burned and left a few larger patches, however many individuals burned lightly within them.  The Tin Cup Fire burned across a smaller area with few larger unburned patches.  The patterns showing such complete burns, at the scale they occurred, represent large and severe landscape impacts, as opposed to smaller, patchy mosaics that allow for diverse vegetation structure with abundant unburned islands to provide for sagebrush steppe recovery.\r\n\r\nAreas of poorer ecological condition have been identified where rehabilitation efforts (cheatgrass reduction/control and re-seeding) would provide desirable perennial vegetation to reduce significant soil erosion.  The proposed action would also provide for restoration of the sagebrush steppe ecosystem, associated wildlife habitat, and improvement of other general resource values.  Sagebrush cover needs to be reestablished as soon as possible to meet sage grouse habitat requirements.  Strategically placed fire breaks (i.e. green stripping) are needed to reduce the potential for large fires in the future&* such an action will reduce the spread and heat intensity of a future fire and provide for defensible control features across areas of high potential ignition.\r\n\r\n\r\n\r\n \r\nCheatgrass invasion. The need exists to reduce the post-fire spread of cheatgrass in order to aid in the recovery of the overall vegetation community.  Cheatgrass is characterized as highly flammable and highly competitive within specific environments, due to its life history and growth characteristics.  High sunlight and warm soils result after the passage of fire, especially when soils are degraded or when fire frequency has been relatively high.  These factors have been found to contribute to the spread and abundance of non-native species such as cheatgrass.  \r\n\r\nCheatgrass further contributes to high fire frequencies, loss of species diversity within native shrub and perennial grass systems, and decreases in remaining unburned patches as it creates a continuous fuel bed.  Reducing cheatgrass will reduce the risk of hazardous fuels accumulation along roads and railroads.  Cheatgrass is susceptible to control by the application of the herbicide Oust@ (Sulfometuron Methyl), an approved chemical for use on public lands.  The expected fuel bed without implementation of the proposed action would be exotic and invasive. \r\n\r\nNoxious weeds.  The productivity and ecological health of public lands may also be severely reduced by new invasions of noxious weeds and the uncontrolled spread of established weeds.  It is believed that most noxious weeds are initially established on public lands from seeds that are brought in by vehicles, hay, heavy equipment, birds, livestock, wildlife or contaminated seed.  The weeds usually invade and first establish in disturbed areas such as roadsides or heavily grazed rangeland.  Among the noxious weeds of concern are white top, diffuse knapweed, spotted knapweed, leafy spurge, Dalmatian toadflax, scotch thistle, musk thistle, Canadian thistle, tamarisk, and purple loosestrife.  New noxious weeds may be added to the list if they are discovered on public lands in the resource area  (Some weed species, such as halogeton and sandbur, are not listed to-date in the Idaho Noxious Weed Law.). \r\n\r\nThe IFFO is committed to employing an integrated weed management program using a variety of methods to achieve effective, safe, economical weed control, including: chemical herbicides, biological agents, prescribed burning methods, seeding to rehabilitate disturbed areas, pulling or digging, public education, management as a tool, and monitoring.  Small infestations can most effectively be treated by the immediate application of herbicides and/or mechanical or manual digging.   Persistently perfecting the program over several months or years is essential as various procedures are integrated and knowledge increases. \r\n\r\nFinally, some roads disturbed through fire suppression activities will need to be improved for continued public access.  Fire suppression funds will be used for improvement later in the year when soil moisture conditions will allow for it.",None,,None,,,58:43:00
Model 7,Snake River Plain,Post-burn aerial seeding,12936,4635,Implemented,None,2,9/30/1957,10/2/1957,Acres,3040,Seeding,Aerial Seeding,Aerial Seeding,-1,Confirmed seed list,seed mix,Seeds,Confirmed on Paper,Unknown,Unknown,"The seed mix did not indicate whether bulk or PLS rates were used, therefore, unknown has been listed and all seed mix information has been entered into the Bulk category.",,,3040 acres were seeded by aerial broadcast of naked crested wheatgrass seed at the rate of about 7 pounds per acre.,,Polygon,Confirmed,"Digitized by BLM field office personnel, method unknown",,3347.159672,2728.254551,,Contractor,None,,None,,None,,,19:42:00
Model 7,Snake River Plain,Post-burn aerial seeding,13359,4806,Implemented,Unknown,2,2/27/2001,3/1/2001,Acres,6039,Seeding,Aerial Seeding,Aerial Seeding,-1,Confirmed seed list,Aerial Seeding Sage,Seeds,Confirmed on Paper,,Species Specific,,Re-establishing the\r\nnative shrub component to the site\r\nshould help achieve a more healthy\r\nsagebrush steppe ecosystem.,,"This project consisted of aerial seeding 6,039 acres. Rate of application was approximately 1.0\r\npounds bulk seed per acre. The seed, consisted of Wyoming Big Sage. The seed was applied to\r\n100% snow covered ground, see the attached map for the project location. The contractor was\r\nThomas Helicopters, Inc. of Gooding, ID. Pilots for the seeding were Rod Thomas, Dale Thomas, and\r\nRuss Holiday. The project was completed using three helicopters and three sling type buckets. The\r\nproject was started on 2/27/01 and completed on 3/0110 I .",,Polygon,Confirmed,"Digitized by BLM field office personnel, method unknown",,6040.517502,6016.870896,,,Invasion by Cheatgrass,The area has not been identified for drill seeding to reintroduce perennial forb and grass\r\nspecies because of the good groundcover provided by these species prior to the fire. It is felt\r\nthat these life forms will reestablish naturally.,None,,None,,,13:11:00
Model 7,Snake River Plain,Post-burn aerial seeding,15505,5591,Implemented,Successful,2,1/18/2011,1/21/2011,Acres,1950,Seeding,Aerial Seeding,Aerial Seeding,-1,Confirmed seed list,Aerial Mix 1,Seeds,Confirmed on Paper,Unknown,Species Specific,,"The objective is to establish sagebrush and bitterbrush, increase forb diversity, and establish early germinating cool season grasses that will reduce the expansion of invasive grasses and weeds on the site as well as prevent erosion to susceptible areas.","The proposal is to aerial seed 3,160 acres of critical KEY sage-grouse habitat on BLM lands contained within the fire perimeter. The area would be aerial seeded in late fall/early winter (approximately December), to enable seed to soil contact prior to winter rain and snow events. Seed mix would contain a native and non-native shrub/forb/grass mixture desirable for sage grouse, deer, and elk habitat and food source. Seed would be broadcast using an aerially applied end product contract.","Seed for the project was purchased FY2011.\r\nBLM aerial seeding of 3,250 acres using 2 helicopters, MD500 and Bell 205.\r\n1,950 acres were seeded with Mix 1 and 1,300 acres seeded with Mix 2.\r\nContractor bid unit price for this project, Mix 1 $XXXXX/acre for a total of $ XXXXX and Mix 2 $14.75/acre for a total of $ XXXXX.\r\nGrand total for this project portion $ XXXXX\r\nGround conditions were partial snow cover and extremely muddy. Rain events had been occurring causing melting of snow and creating muddy conditions on roads and throughout seeding areas.","Conclusions\r\nQuantitative and Site Assessment data indicate that the sagebrush seeding has been successful throughout the treatment area. Seeded forbs were abundant in 2013 and are expected to persist until mid to late seral species move into the area (barring excessive disturbance). The low germination and survivorship rates of antelope bitterbrush seedlings may be due to low rates of seed applied as well as substantially drier than normal conditions.\r\n\r\nIn 2016 seeded white western yarrow and small burnet were minor (2-10%) and subdominant\r\n(10-40%) in abundance at plot FTF6TP01. Forbs were in good vigor and flowering at the time of\r\nmonitoring. Sandberg bluegrass and bottlebrush squirreltail were healthy and providing 29.3%\r\nand 8.0% foliar cover, respectively, according to line-point intercept data. Grasses were in good\r\nvigor. Trace amounts of antelope bitterbrush plants was present.\r\nMinor amounts of bottlebrush squirreltail, bluebunch wheatgrass and Sandberg bluegrass were\r\nnoted at plot FTF6TP02 in 2016. Seeded Sandberg bluegrass and bottlebrush squirreltail were 4-\r\n6\u201d tall, bluebunch wheatgrass averaged 1.5-2\u2019 in height; evidence of browsing was present on\r\nboth species. Trace amounts of seeded forbs and antelope bitterbrush were scattered throughout\r\nthe plot.\r\n\r\nObjective(s)\r\n1. Attain a density of 1 sagebrush seedling per 10m\xb2 in suitable areas. Conduct aerial\r\nseeding shrub hoop monitoring.\r\n2. Quantitative objectives were not tied to forb, grass, or antelope bitterbrush germination\r\nand survivorship; qualitatively the objective for these groups specifies increasing forb\r\ndiversity and establishing early germinating cool season grass and bitterbrush. Conduct\r\nsite assessments and line-point intercept monitoring.\r\n3. Greater than 80% of seeded species are producing seed. Conduct site assessments.\r\nResults\r\n1. Aerial seeding shrub hoop monitoring was not conducted in 2016. Site assessments at\r\nplot FTF6TP01 in 2016 indicate that sagebrush were a dominant component of the plant\r\ncommunity (40-100% abundance). On average sagebrush seedlings were 40 cm tall. All\r\nsagebrush were in good vigor. Trace amounts of sagebrush were noted at plot FTF6TP02.\r\nPlants were healthy and 0.5 to 1 foot tall.\r\nHot Tea FTF6 \u2013 ESR Monitoring Report 2016\r\n14\r\n2. In 2016, trace amounts of low and Wyoming big sagebrush were noted at plot FTF6TP02\r\n(see photos below). Trace amounts of seeded forbs including white Western yarrow and\r\nsmall burnet were scattered throughout the plot. Plants were in good vigor and yarrow\r\nwas flowering. Seeded Sandberg bluegrass, bluebunch wheatgrass and bottlebrush\r\nsquirreltail were each minor (2-10%) components of the species composition at plot\r\nFTF6TP02. Trace amounts of bitterbrush were scattered throughout the plot; plants were\r\nsmall.\r\nWyoming sagebrush was dominant at plot FTF6TP01 with a minor (2-10%) component\r\nof low sagebrush (see photos below). Sandberg bluegrass and bottlebrush squirreltail\r\nwere present in minor amounts and were in good vigor. Small burnet and yarrow were\r\nflowering and in good vigor. Trace amounts of seeded bluebunch wheatgrass were also\r\nnoted.\r\n3. All perennial bunchgrasses (seeded and naturally occurring) were producing seed heads.\r\n\r\n2021 Monitoring: \r\nThis objective was still being met in 2021 for big sagebrush within the Mix 1 treatment area. Low sagebrush was not observed within the low sagebrush seeding area. The southern portion of the Hot Tea fire where low sagebrush was seeded reburned in the 2012 Stout fire likely causing mortality of any low sagebrush.\r\nIn 2021 site assessments were recorded and photo monitoring was conducted. Big sagebrush dominated the plant community (40-100% abundance of the species present within the plot) at plot FTF6TP01 (Photos 8-1, a-e) and a minor (2-10%) component at plot FTF6TP02 (Photos 8-2, a-e). Plot FTF6TP02 is poised on a southwest slope and so may encounter early snow melt and hot afternoon sun in the summer; the broader area surrounding this plot on less steep slopes and less harsh aspects contains a greater abundance of big sagebrush (Photo 8-2e).\r\nIn 2021 forb species richness was high with 22 native forbs encountered at TP01 and 14 at TP02. Scattered bitterbrush were found at both plots. Bluebunch wheatgrass, bottlebrush squirreltail and onion grass (Melica sp.) were found in low abundance at TP01 due to high density of sagebrush and cheatgrass. Bluebunch wheatgrass, Sandberg bluegrass and squirreltail were all found at TP02 in higher abundances along with medusahead and cheatgrass.\r\nIn 2021 plots FTF6TP05 and TP06, which burned in 2012 in the Stout fire, were dominated (40-100% abundance of the species present within the plot) by cheatgrass, medusahead, and rush skeletonweed Photos 8-3 a & b). Native perennial grasses were present in minor abundance (2-10%) and were heavily grazed. Small burnet and bitterbrush that were present in trace abundance (<2%) were heavily browsed. Forb richness was low with 7 species at both plots. Trace big sagebrush was found at TP06. Both plots have gravelly/rocky soil with a dense mat of medusahead litter from previous years. This year\u2019s growth (2021) of annual invasive grasses is diminished due to drought and lack of precipitation during critical growth period for these species.",Polygon,Confirmed,"Digitized by BLM field office personnel, method unknown",,1834.36,1816.6,,Contractor,"Forage quality,, Habitat for wildlife, Invasive species, Noxious weeds, Rangeland health, Sagebrush","Establish sagebrush and bitterbrush, increase forb diversity, and establish early germinating cool season grasses that will reduce the expansion of invasive grasses and weeds, as well as prevent erosion to susceptible areas. Establish bitterbrush seedlings to enhance big game habitat. Reduce invasion/expansion of noxious weeds promoting recovery of native vegetation and seeded species. Repair existing fences to exclude livestock form burn area to promote vegetation recovery, establishment of seeded species, and soil stabilization. Close area to livestock grazing and motorized vehicle use to promote vegetation recovery, establishment of seeded and planted species, and soil stabilization. Determine effectiveness of ES & BAR treatments in meeting ESR Plan objectives by monitoring.",None,,"Muddy Ground, Snow on Ground",Ground conditions were partial snow cover and extremely muddy. Rain events had been occurring causing melting of\r\nsnow and creating muddy conditions on roads and throughout\r\nseeding areas.,,28:17:00
Model 7,Snake River Plain,Post-burn aerial seeding,15707,5683,Implemented,Successful,2,10/2/2006,12/18/2006,Acres,5567,Seeding,Aerial Seeding,Aerial Seeding: Fixed Wing,-1,Confirmed seed list,HWY 46 MM7 Aerial Seed and Harrow Mix,Seeds,Confirmed on Paper,Unknown,Species Specific,,The objective of this treatment was to aerial seed the burn area prior to seed coverage by a harrow.,"The burn area (5,625 acres) within the Wendell, Common,\r\nJerome, and Poleline allotments would be aerial seeded with the following seed mix followed by\r\na cover treatment with a dozer dragging a Dixie harrow in the fall of 2006.","This project consisted of aerial seeding 5,567 acres within the Highway 46 fire as part of the\r\nEmergency Stabilization Plan. Rate of application was approximately 8.93 pounds bulk seed per\r\nacre. A Dixie Harrow contract was ongoing during the seeding project. The seed was applied in\r\nfour phases to have the harrows follow soon after for seed covering. The ground was dry soil\r\nduring the first two phases and then moist. The\r\nseeding on the first phase, east of the canal, was in very sandy soil, and the seed covered by the\r\nDixie Harrow was thought to be too deep. Therefore, the 1,227 acre area was reseeded at a\r\nlower rate, 2.57 pounds per acre, a different seed mix, due to the availability of seed. The\r\ncontractor was Thomas Helicopters, Inc of Gooding, ID. Pilot for the seeding was George\r\nParker III. The project was completed using one fixed wing plane. The project was started on\r\n10/02/06 and completed on 12/18/2006.",The aerial seeding was completed in a timely manner before harrowing.,Polygon,Confirmed,"Digitized by BLM field office personnel, method unknown",,3750.786916,3743.029437,,Contractor,"Invasion by Cheatgrass, Invasion by non-native annuals, Loss of Perennials, Noxious Weeds, Establishment of seeded species, Loss of desirable species, Loss of native species, Loss of native vegetation, Loss of vegetation, Vegetal cover","The objective of\r\nthis treatment is to establish desirable perennial plant community that would help achieve a\r\nhealthy, functioning rangeland and significantly reduce the potential for spread of invasive\r\nannual grasses and noxious weeds. The wildfire removed the majority of existing plant cover\r\nmaking the burn area more susceptible to expansion of annual exotic vegetation.",Other (See Trt Notes),"The\r\nseeding on the first phase, east of the canal, was in very sandy soil, and the seed covered by the\r\nDixie Harrow was thought to be too deep. Therefore, the 1,227 acre area was reseeded at a\r\nlower rate, 2.57 pounds per acre, a different seed mix, due to the availability of seed.","Dry, Wet, Other (See Trt Notes)",The ground was dry soil during the first two phases and then moist.,"Seed cost: $120,598\r\nto get the estimated cost I divided the confirmed contract cost between the two seedings and added the seed cost for this treatments seed list.",35:36:00
Model 7,Snake River Plain,Post-burn aerial seeding,15710,5683,Implemented,Failure,2,1/17/2007,1/17/2007,Acres,9431,Seeding,Aerial Seeding,Aerial Seeding: Rotor Wing,-1,Confirmed seed list,Hwy 46-MM7 Sagebrush Aerial Seed Mix,Seeds,Confirmed on Paper,Unknown,Species Specific,,"The objective of\r\nthis treatment is to reestablish a desirable perennial plant community that more closely matches\r\nthe structural and species composition and diversity of the native plant community to help\r\nachieve a healthy, functioning rangeland. Accelerating the rate of reestablishment of sagebrush\r\nis important to maintaining the value of the area as mule deer winter range, sage grouse breeding\r\nand wintering habitat. Sagebrush is also an important component of suitable habitat for a\r\nnumber of sensitive sagebrush obligate species. The wildfire impacted existing sagebrush cover\r\nwhich would not recover naturally without providing additional seed source.","Approximately 4,500 acres of the Hwy 46-MM7 wildfire\r\nwould be aerial seeded with a mixture of basin big sagebrush and Wyoming big sagebrush. The\r\nburn area would be strip seeded with the majority of seeding occurring in the drill and harrow seeding treatments. The seeding would be accomplished during the winter of 2006/2007. Seed\r\nwould be applied at the rates shown in the following table.","This project consisted of strip aerial seeding 9,431 acres. Rate of application was approximately\r\n0.90 pounds bulk seed per acre over 4,500 acres. The seed consisted of 2,240 pounds of\r\nWyoming Sagebrush and 1,800 pounds Basin Sagebrush which was mixed during the loading\r\nprocess. The seed was applied to bare frozen ground in strips from northwest to southeast. The contractor was Thomas Helicopters, Inc of\r\nGooding, ID. Pilots for the seeding were Rod Thomas and Dale Thomas. The project was\r\ncompleted using one helicopter and two sling type buckets. The project was started and\r\ncompleted on 01/17/07.","FY07\r\nQualitative monitoring information was collected during a reconnaissance of the treatment area. Survey of the fire area showed poor germination of seeded shrub species. Noxious weeds are dominant in large areas of the burn. Spring moisture was well below normal levels. Extended drought conditions may have an effect on survival of seeded shrub species.\r\nFY08\r\nQualitative information gathered in FY08 did not document the establishment of seeded sagebrush seedlings. Noxious weeds and drought conditions appear to have limited success. At this point the sagebrush seeding will be considered a failure.\r\nFY09\r\nQualitative information gathered in FY09 did not document the establishment of seeded sagebrush seedlings. Noxious weeds, drought, and the re-burn have continued to limit success. The sagebrush seeding will be considered a failure.",Polygon,Confirmed,"Digitized by BLM field office personnel, method unknown",,9429.9,9427.58,,Contractor,"Habitat for mule deer, Habitat for sage grouse, Habitat for wildlife, Loss of Perennials, Rangeland health, Loss of desirable species, Loss of sagebrush, Establishment of seeded species, Vegetal cover","The objective of\r\nthis treatment is to reestablish a desirable perennial plant community that more closely matches\r\nthe structural and species composition and diversity of the native plant community to help\r\nachieve a healthy, functioning rangeland. Accelerating the rate of reestablishment of sagebrush\r\nis important to maintaining the value of the area as mule deer winter range, sage grouse breeding\r\nand wintering habitat. Sagebrush is also an important component of suitable habitat for a\r\nnumber of sensitive sagebrush obligate species. The wildfire impacted existing sagebrush cover\r\nwhich would not recover naturally without providing additional seed source.",Other (See Trt Notes),Noxious weeds and drought conditions appear to have limited success.,Frozen Soil,The seed was applied to bare frozen ground.,,32:18:00
Model 7,Snake River Plain,Post-burn aerial seeding,16581,5987,Implemented,None,2,00/00/2000,00/00/2001,Acres,100000,Seeding,Aerial Seeding,Aerial Seeding,-1,Planned seed list,,Seeds,Plan,Unknown,Species Specific,,"The purpose and need for rehabilitation includes the following: to minimize soil loss,  preserve on-site productivity, reduce the re-invasion of undesirable flammable annual plants reduce size and extent of highly flammable fuel types, reduce the threat of destruction of private property due to wildfire, reduce the potential for widespread noxious weed invasion\r\nThis need can be met by establishing desirable perennial plant cover","Approximately 20,000 acres of the burn area in suitable soil and habitat types would be\r\nbroadcast with Wyoming and Basin big sagebrush (Artemisia tridentata ssp. wyomingensis &\r\ntridentata) at a rate of 118 lb. pure live seed per acre. This would represent approximately\r\n20,000 lbs. bulk seed at a cost of approximately $8.00 per pound. In addition, 2,000 acres of\r\nthe burned area would be planted with bitterbrush (Purshia tridentata) and sagebrush seedlings\r\nin suitable soil and habitat types throughout the burn area at a density of 50 per acre",,,Polygon,Confirmed,"Digitized by BLM field office personnel, method unknown",,20085.25925,20085.12142,,BLM,"Watershed degradation, Erosion, Rangeland health","The purpose and need for rehabilitation includes the following: to minimize soil loss,  preserve on-site productivity, reduce the re-invasion of undesirable flammable annual plants reduce size and extent of highly flammable fuel types, reduce the threat of destruction of private property due to wildfire, reduce the potential for widespread noxious weed invasion\r\nThis need can be met by establishing desirable perennial plant cover",None,,None,,"The EA states that bitterbrush was to be planted, but the BLM supplied shapefiles state that bitterbrush was aerial seeded.",42:26:00
Model 7,Snake River Plain,Post-burn aerial seeding,17622,6382,Implemented,Unknown,2,1/10/2003,1/14/2003,Acres,6984,Seeding,Aerial Seeding,Aerial Seeding: Rotor Wing,-1,Confirmed seed list,Seed Variety,Seeds,Confirmed on Paper,Unknown,Species Specific,,"To recreate more natural and fire resistant vegetation complexes, improves the success of establishing perennial vegetation due to limited vegetative competition with existing and planted perennial vegetation.",NE pasture will have priority followed by the SE pasture.  The bear Trap Wildfire will be treated along with the NE pasture.,"This project consisted of aerial seeding 6,984 acres. Rate of application was approximately 1.0 pounds bulk seed per acre. The seed consisted of 3,360 pounds of Wyoming Big and 3,240 pounds of Basin Big Sage. The seed was mixed by the applicator in each bucket load in equal amounts. The project had previously been drill seeded. The seed was applied to 100% snow covered ground in alternating strips from north to south, see the attached map for the project location. The contractor was Thomas Helicopters, Inc of Gooding, ID. Pilots for the seeding were Dale Thomas and Rod Thomas. The project was completed using one helicopter and two sling type buckets. The project was started on 1/10/03 and completed on 1/14/03.",Unknown,Polygon,Confirmed,Digitized by LTDL data entry personnel using a confirmed map,,6852.81,6720.27,,Contractor,"Fire hazard, Habitat for mule deer, Habitat for sage grouse, Habitat for wildlife, Invasion by Cheatgrass, Invasion by non-native annuals, Loss of Perennials, Loss of vegetation, Nesting bird species, Noxious Weeds","Primary purpose is to recreate more natural and fire resistant vegetation complexes, restore crucial winter range habitat for mule deer and pronghorn and provide habitat for sagebrush obligate species, such as sage grouse, brewers sparrow, and the sage sparrow.  Secondary purpose is to reduce hazardous fuel conditions.  High fire frequency has contributed to the maintenance of exotic annual vegetation and the loss of shrub habitat.",None,,Snow on Ground,Seed was applied to 100% snow covered ground in alternating strips from north to south.,,35:06:00
Model 7,Snake River Plain,Post-burn aerial seeding,17623,6382,Implemented,Unknown,2,2/20/2004,2/21/2004,Acres,5983,Seeding,Aerial Seeding,Aerial Seeding: Rotor Wing,-1,Confirmed seed list,Sagebrush,Seeds,Confirmed on Paper,Unknown,Species Specific,,"To recreate more natural and fire resistant vegetation complexes, improves the success of establishing perennial vegetation due to limited vegetative competition with existing and planted perennial vegetation.",NE pasture will have priority followed by the SE pasture.  The bear Trap Wildfire will be treated along with the NE pasture.,"This project consisted of aerial seeding 5,983 acres. Rate of application was approximately 0.9 pounds bulk seed per acre. The seed consisted of2,760 pounds of Wyoming Big and 2,760 pounds of Basin Big Sage. The seed was mixed by the applicator in each bucket load in equal amounts. The project had previously been drill seeded. The seed was applied to 100% snow covered ground in alternating strips from north to south, see the attached map for the project location. The contractor was Thomas Helicopters, Inc of Gooding, ID. Pilots for the seeding were Dale Thomas and Rod Thomas. The project was completed using one helicopter and two sling type buckets. The project was started on 2/20/04 and completed on 2/21/04.",Unknown,Polygon,Confirmed,"Digitized by BLM field office personnel, method unknown",,5981.58,5328.2,,Contractor,"Fire hazard, Habitat for mule deer, Habitat for sage grouse, Habitat for wildlife, Invasion by Cheatgrass, Invasion by non-native annuals, Loss of Perennials, Loss of vegetation, Nesting bird species, Noxious Weeds","Primary purpose is to recreate more natural and fire resistant vegetation complexes, restore crucial winter range habitat for mule deer and pronghorn and provide habitat for sagebrush obligate species, such as sage grouse, brewers sparrow, and the sage sparrow.  Secondary purpose is to reduce hazardous fuel conditions.  High fire frequency has contributed to the maintenance of exotic annual vegetation and the loss of shrub habitat.",None,,Snow on Ground,The seed was applied to 100% snow covered ground in alternating strips from north to south.,,13:32:00
Model 7,Snake River Plain,Post-burn aerial seeding,17625,6382,Implemented,Unknown,2,2/20/2004,2/21/2004,Acres,5983,Seeding,Aerial Seeding,Aerial Seeding: Rotor Wing,-1,Confirmed seed list,Seed Variety,Seeds,Confirmed on Paper,Unknown,Overall,,"To recreate more natural and fire resistant vegetation complexes, improves the success of establishing perennial vegetation due to limited vegetative competition with existing and planted perennial vegetation.",NE pasture will have priority followed by the SE pasture.  The bear Trap Wildfire will be treated along with the NE pasture.,"This project consisted of aerial seeding 5,983 acres. Rate of application was approximately 0.9 pound per acre. The seed consisted of 5,600 pounds of alfalfa. The project had previously been drill seeded. The seed was applied to 100% snow covered ground in alternating strips from north to south, see the attached map for the project location. The contractor was Thomas Helicopters, Inc of Gooding, ID. Pilots for the seeding were Dale Thomas and Rod Thomas. The project was completed using one helicopter and one sling type bucket. The project was started on 2/20/04 and completed on 2/21/04.",Unknown,Polygon,Confirmed,"Digitized by BLM field office personnel, method unknown",,5981.58,5328.2,,Contractor,"Fire hazard, Habitat for mule deer, Habitat for sage grouse, Habitat for wildlife, Invasion by Cheatgrass, Invasion by non-native annuals, Loss of Perennials, Loss of vegetation, Nesting bird species, Noxious Weeds","Primary purpose is to recreate more natural and fire resistant vegetation complexes, restore crucial winter range habitat for mule deer and pronghorn and provide habitat for sagebrush obligate species, such as sage grouse, brewers sparrow, and the sage sparrow.  Secondary purpose is to reduce hazardous fuel conditions.  High fire frequency has contributed to the maintenance of exotic annual vegetation and the loss of shrub habitat.",None,,Snow on Ground,Seed was applied to 100% snow covered ground in alternating strips from north to south.,,08:54:00
Model 7,Snake River Plain,Post-burn aerial seeding,19822,7231,Implemented,None,1,12/00/2006,12/00/2006,Acres,2065,Seeding,Aerial Seeding,Aerial Seeding: Fixed Wing,-1,Confirmed seed list,,Seeds,Confirmed on Paper,Unknown,Overall,"There was only a general rate listed for all species combined indicated here, specific rates for each species were not possible.","The treatment objective would be met when established aerial seeded Wyoming & mountain big sagebrush = 1/9m\xb2, and forbs = 1/m\xb2 & = 50% producing seed heads.","A perennial shrub/forb seed mixture comprised of Wyoming big sagebrush, western yarrow, and blue flax will be aerially broadcast seeded over the entire burned area. Because the 2,115 acres to be chemically treated cannot be aerially seeded prior to application of the herbicide, this area will be aerially seeded in the fall of 2007. The remaining 2,080 acres of the burned area will be seeded in the fall of 2006. The aerial seeding on the area where no herbicide would be applied is consistent with the BAR plan for the Emican (CP6Q) Fire, which adjoins the southern corner of the Martha\u2019s Mud burned area.","The treatment area was aerial seeded End-Product Contract, Thomas Helicopters Inc, in December 2006.","Four plots (three in the aerially seeded area and one in rest and recovery), and three shrub density transects were established by monitoring crews in May of 2007. Vegetation data was collected utilizing standards outlined in Monitoring Manual for grassland etc. by Herrick et al. \r\n\r\nmonitoring contract.\r\nResults: In 2007 and 2008, monitoring data recorded at established plots indicated treatment objectives were being partially met.  A more extensive evaluation of the aerial seeding conducted in 2008, indicated a higher occurrence of Wyoming big sagebrush and seeded forbs seedlings in more favorable sites, where seed had become buried in ash from burnt shrubs with less competition from annuals.  Aerial seeding monitoring conducted in these sites recorded densities of big sagebrush, 16/9m\xb2 and western yarrow, 1/m\xb2 & 60% producing seed heads.  The occurrence of blue flax was low with a few scattered plants being noted.\r\n\r\nIn 2009, monitoring plot belt transect survey monitoring recorded seeded Wyoming big sagebrush at a density of 0.1/9 m\xb2 (Figure 1).  No seeded forbs were recorded during monitoring, although both western yarrow and blue flax were observed on-site (Figure 2).  The majority of the site has a fair diversity of native vegetation, which the invasive species do not appear to be outcompeting.  The establishment of aerial seeded species corresponds to the patchy and inconsistent site suitability of the area.  A more extensive evaluation of the entire area outside of the isolated plot location showed results of the aerial seeding conducted in suitable sites recorded Wyoming big sagebrush at 1.0/9 m\xb2, and forbs 0.2/m\xb2 with 50% producing seed heads, based on photos and observations. Even within a general area considered suitable, the establishment of aerial seeded species varied greatly from objectives being exceeded at one recorded site to not being met at another randomly selected site of minimal suitability. Observations made while conducting the more extensive evaluation indicted that overall the aerial seeding treatment was a success in suitable establishment sites.\r\n\r\nCanopy cover and basal gap monitoring values provide an indication of a site\u2019s resistance or likelihood of degradation from erosion.   Canopy cover measures vulnerability to wind erosion and basal gap measures vulnerability to water erosion. \r\nLine-point intercept monitoring in 2007 indicated a 43% canopy cover, and in 2008 a higher 64% canopy cover with 18% bare ground.  In 2008, cover was predominantly native Sandberg bluegrass (41%).  Canopy cover gaps < 25 cm is adequate over 95% of the area; 0.3% canopy gaps were > 200 cm.  58% of the perennial species basal gaps were < 25 cm and 15% of basal gaps were > 200 cm.  \r\nIn 2009, line-point intercept monitoring recorded 61% canopy cover with 14% bare ground.  Cover was predominantly native Sandberg bluegrass (18%).  Canopy cover gaps < 25 cm are adequate over 99% of the area; no canopy gaps were > 200 cm.  33% of the perennial species basal gaps were < 25 cm and 20% of basal gaps were > 200 cm.  Overall, the site has a low susceptibility to wind and water erosion. The good canopy cover mitigates susceptibility to wind erosion, and the high percentage of basal gaps < 25 cm and the relative flatness of the area moderates the susceptibility to water erosion",Polygon,Confirmed,"Digitized by BLM field office personnel, method unknown",,2065.71,2064.01,,Contractor,"Erosion, Habitat for wildlife, Provide forage for livestock, Provide forage for wildlife, Watershed degradation",To re-vegetate a fire damaged and highly disturbed native rangeland area with essentially a native seed mixture of grasses and shrubs in order to stabilize the soils and maintain the area for the betterment of wildlife habitat and watershed enrichment.,None,,None,,,37:05:00
Model 7,Snake River Plain,Post-burn aerial seeding,21465,7858,Implemented,See Comments,2,2/21/2001,2/22/2001,Acres,11850,Seeding,Aerial Seeding,Aerial Seeding: Rotor Wing,-1,Confirmed seed list,Wyoming mix,Seeds,Confirmed on Paper,Unknown,Species Specific,,Reestablish shrubs.,"Sagebrush will be aerially seeded at 1/4 lb. to the acre over\r\napproximately 12,000 acres of the eastern portion of the burned area in the\r\nwinter of 2000/2001 over the snowpack.\r\n\r\n\r\n\r\n------------------------2015 BLM Contact-------------------------------------\r\nThe first aerial seeding (2000) was classified as a failure.... ....so a second seeding was implemented in 2001. Unfortunately, most of the area reburned after the 2006 Crystal Fire, however approximately 4,030 acres of the original seeding remained. Within this unburned area strips of sagebrush can be seen from both aerial photos and when looking north from Fred Butte.","This project consisted of aerial seeding 11,850 acres. Rate of application was approximately 0.25\r\npounds bulk seed per acre. The seed consisted of Wyoming Big Sage. The seed was applied to\r\n100% snow covered ground, see the attached map for the project location. The contractor was\r\nThomas Helicopters, Inc of Gooding, ID. Pilots for the seeding were Dale Thomas, Rod Thomas, and\r\nRuss Holiday. The project was completed using three helicopters and three sling type buckets. The\r\nproject was started on 2/21/01 and completed on 2/22/01.","On March 28, 2001, Paul Makela and myself visited these areas to check on early success of the seedings. \nThe Brigham Point Seeding, following oust, appears to be coming in well. We found many grass seedlings in the drill rows at one location near the northeast edge of the area. Most of these were about 2 inches tall. \r\nThe Mule Butte Seeding done in 1999 is greening up and still appears to be in fairly good order. It is still too early to tell if we have Secar coming in but the crested and tall wheatgrass types, as well as flax are doing well. We also found a fair number of Wyoming sagebrush seedlings as well as three-tip seedlings. This visit was done along a north-south road running through T5S R25E sections 24, 25, 35. Elk tracks were seen near Bear Trap Lava Tube. \nThe Mule Butte Seeding done in 2000 after oust treatment was also looked at just north of the road and west of Crean1 Can Junction about 0.25 miles. We found only a few seedlings in the drill rows but as it is still early, a negative evaluation would be premature at this time. The ""native"" plants seeded here are expected to come in a bit slower than the exotics which were used on Brigham Point. \r\nThe Whiskey Butte Seeding done in 1999 looks similar to the 1999 Mule Butte Seeding. We will need to wait a year or two before making a call on the Secar in this mix. We noted several sagebrush seedlings near the east central portion of the rehab where none were seeded. \r\nIn the Rice Canyon Prescribed Burn area we looked at Rice (Lindy) Spring. There are numerous aspen sprouts up to 30"" tall. We noted that approximately 1/3 of the tips were nipped, probably by deer. \nAlso in the Rice Canyon area we looked at the old burn in the bottom of Rice Canyon which was burned, ousted and seeded/harrowed in 1999, 2000. Some seedlings were observed however they appear to be patchy. It was obvious where seed was spilled as there were hundreds of seedlings which at least tells us that they are growing. Most of the seedlings are quite small (\xbd to 1 \xbd "" tall). From this area we drove eastward down the road at the south end of the burn area and found many seedlings along the draw/road. Near the southeast corner of the seeded area we looked at the southward facing slopes and found only a few seedlings but once again we saw many seedlings where seed was spilled. We also saw numerous seedlings at the extreme southeast corner at the road junction. Since we were involved with seeding this area, we know that this comer was seeded heavily and harrowed extensively. There is quite a bit of deer sign along the south end of this area and moderate to heavy use is occurring on about 1/3 of the established grasses within the burn. \nWe also observed some cheatgrass seedlings throughout the ousted/seeded areas.\r\n\r\n10/17/2001: The Mule Butte Fire was the Area's biggest in 1999, totaling 138,908 acres from the Craters of the Moon lava flow heading east 2/3 of the way to the BLM boundary. West of the Arco-Minidoka road little is left of unburned sage or skeletons. Towards the southeast, unburned islands become larger. This fire, especially across the southern half, was where I saw the strongest correlation between standing skeletons or close live sage and new seedlings. Within about 1 \xbd miles radius of Horse Butte are the biggest areas of totally unburned plants. \r\nThe first seeding occurred in Jan. of 2000 on 73,800 acres. When that appeared not to be very successful, a smaller seeding of 64,000 acres across the northern 2/3 of the fire was repeated in Feb. of 2001. \r\nOn Aug. 7-8 and 14-15, we read 103 plots on five transects, directly sampling 21.03 acres. We started using circular plots with a 33 foot radius and plot center spacing of 200 feet along a transect. That plot size has worked well with just one person. Toe thickness of ground cover slows you down a little, but still works well. Stretching one person to cover a 50 foot radius in any area not ousted is too much. Areas of thick cheatgrass slow you down to where the extra ground you cover in a larger plot isn't worth it. Our two-person crew worked well with the full chain radius spaced at 400 foot plot center intervals; and that method became our standard. \r\nWe recorded seedlings in \xbd-inch height classes testing my theory that height results would show two recognizable peaks suggesting some success with the first years seeding. It appeared there were two swells, falling shorter of dramatic peaks, at about 3""-3 \xbd"" and at 5""-6"" heights. I can't make further conclusions since the majority of the evidence was all found on one transect. \r\nOver the summer while re-reading existing vegetation transects, we watched for seedlings but only observed any in two or three areas. Seedlings were un-evenly distributed, usually found in dips or drainages of the terrain and often in the vicinity of existing live shrubs. \r\nI have not been afraid to express my amazement at how fast vegetation has sprung up in those two years, granted that not all of it is desirable. The difference in plant growth, height and vigor in areas Ousted the previous year were also stark. I am not sure I believe it myself, but I saw very deep green, vigorous sage that was 14 ""high but assumed to be two years old. Darwin Jeppsen had some interesting comments on his soil moisture observations in those treatments. \r\nOverall I think this fire had more areas of considerable seedling survival than others and how much to credit natural regeneration versus two years of treatment I can't say. In our meeting the question of any additional treatment areas was raised. At the time I said west of the Arco-Minidoka was the only area I could think of that might benefit but the final decision was not to pursue any further treatment. The more I think about it, the more I agree that two years was enough.",Polygon,Confirmed,"Digitized by BLM field office personnel, method unknown",,9415.605844,9415.629,,Contractor,"Habitat for wildlife, Provide forage for wildlife, Establishment of seeded species, Habitat quality, Loss of desirable species, Loss of native species, Loss of native vegetation, Loss of sagebrush, Loss of vegetation, Vegetal cover",Reestablish shrubs.,None,,Snow on Ground,The seed was applied to\r\n100% snow covered ground,,16:08:00
Model 7,Snake River Plain,Post-burn aerial seeding,21472,7858,Implemented,Unknown,2,2/18/2001,2/21/2001,Acres,64000,Seeding,Aerial Seeding,Aerial Seeding,-1,Confirmed seed list,,Seeds,Confirmed on Paper,Unknown,Species Specific,"Rate of application was approximately 0.81\r\npounds bulk seed per acre. The seed, consisting of Wyoming and Basin Big Sage, was mixed on site\r\nby the contractor at 40% Basin to 60% Wyoming per bucket load.",,Treatment added due to GIS layer with Aerial sagebrush seeding,"This project consisted of aerial seeding 64,000 acres. Rate of application was approximately 0.81\r\npounds bulk seed per acre. The seed, consisting of Wyoming and Basin Big Sage, was mixed on site\r\nby the contractor at 40% Basin to 60% Wyoming per bucket load. The seed was applied to 100%\r\nsnow covered ground, see the attached map for the project location. The contractor was Thomas\r\nHelicopters, Inc of Gooding, ID. Pilots for the seeding were Rod Thomas, Dale Thomas, and Russ\r\nHoliday. The project was completed using three helicopters and three sling type buckets. The project\r\nwas started on 2/18/01 and completed on 2/21/01.\r\n\r\nThe first aerial seeding (2000) was classified as a failure...so a second seeding was implemented in 2001. Unfortunately, most of the area reburned after the 2006 Crystal Fire, however approximately, 4030 acres of the original seeding remained. Within this unburned area strips of sagebrush can be seen from both aerial photos and when looking north from Fred Butte.",Unknown,Polygon,Confirmed,Digitized by LTDL data entry personnel using a confirmed map,1/20/2021,66281.27,63965.1,,Contractor,"Establishment of seeded species, Habitat quality, Loss of desirable species, Loss of native species, Loss of native vegetation, Loss of vegetation, Vegetal cover",,None,,Snow on Ground,The seed was applied to 100%\r\nsnow covered ground,,17:52:00
Model 7,Snake River Plain,Post-burn aerial seeding,22975,8407,Implemented,Not Successful,2,2/6/2001,2/12/2001,Acres,16946,Seeding,Aerial Seeding,Aerial Seeding: Rotor Wing,-1,Confirmed seed list,,Seeds,Confirmed on Paper,Unknown,Species Specific,,"Re-establish a population of Big Sagebrush (Mountain/Basin) on 16,946\xb1 acres of public lands burned in the 2000 Oregon Trail Fire by aerially broadcasting Mountain/Basin Big Sagebrush seed.",,The aerial seeding was completed by Reeder Flying Service on 2/6 thru 2/12/2001 using\r\na Bell 206 B III helicopter with 2 standard seeder buckets. Agitation was used to aid in\r\nfeeding the sagebrush and prevent it from bridging. Ground conditions were frozen with\r\n30% snow coverage at higher elevations. Aerial seeding was shut down often due to\r\nadverse weather conditions. ESR plan called for Wyoming Big Sagebrush to be seeded\r\non the lower elevations and Mountain Big Sagebrush on the higher elevations. A miss\r\ncommunication during seed mixing resulted in the Wyoming and Mountain being\r\ncombined and broadcast over the entire project.,"Line-point intercept cover data collected along 5 transects over three sites in mid July 2003 showed that the mean ground cover was 76.1 percent and the mean canopy cover was 30.2 percent. Analysis of the canopy cover data showed that perennial grasses afforded 60 percent of the total canopy cover. Line intercept basal vegetative cover data collected along 5 transects over three sites showed that, on average over all sites, 10.9 percent of the line directly beneath the tape was comprised of vegetative basal gaps greater 50 centimeters in length. Bottlebrush Squirreltail (Sitanion hystrixi), Sandberg Bluegrass (Poa sandbergii), Bulbous Bluegrass (Poa bulbosa) were present along all transects at three sites at mean densities of 0.72 plants/m\xb2, 12.3 plants/m\xb2, and 8.0 plants/m\xb2, respectively. Blue bunch Wheatgrass (Agropyron spicatum) was present at one high elevation (>4000 ft.) site at 0.6 plants/ m\xb2. Crested Wheatgrass (Agropyron cristatum), from a previous seeding, was present at the site located in the northwestern portion of the burn at a mean density of 0.32 plants/m\xb2 Cheatgrass (Bromus tectorum) was present at two sites at a mean density of 12.1 plants/m\xb2. Medusahead Wildrye (Taeniatherum caput-medusae) was present at the site located in the northwestern portion of the burn at a mean density of 13.9 plants/ m\xb2. The mean density of live Antelope Bitterbrush seedlings, planted in the spring of 2002, at two locations was 0.05 plants/m\xb2 (\u02dc202 plants/acre). No evidence to indicate any level of establishment of sagebrush/alfalfa was found at any location within the burn. Re-sprouted bitterbrush/rabbitbrush plants were encountered throughout.\r\nLine-point intercept cover data collected along 15 transects over 5 locations in mid June 2002 showed the mean ground cover was 62 percent. Plant density data collected in late November 2002 along transects within the two areas where Antelope Bitterbrush was planted the preceding spring showed the mean live seedlings within the two areas was 0.17 live seedlings/m\xb2 (\u02dc688 seedlings/acre). No evidence to indicate successful establishment of either sagebrush or alfalfa was encountered at any location within the burn.\r\nLine-point intercept cover data collected along five transects at one location in early July 2001 showed the mean ground cover was 62 percent. No data relative to the\r\nestablishment of shrubs was reported. Cover data collected along five transects at a site in an adjacent unburned site suggested that the pre-fire ground cover was 71.8 percent.\r\nExcept for those areas that contained healthy pre-fire shrub populations, the 2003 monitoring data along with observations at random locations throughout the burned area suggest that the present vegetative state of the public lands burned in the 2000 Oregon Trail Fire have is similar to pre-fire vegetative state. The data indicates that the: natural regeneration treatment was partially successful; establishment of shrubs/forbs via aerial seeding (Big Sagebrush and Ladak Alfalfa) was unsuccessful; and establishment of shrubs via hand-planting of seedlings was minimally successful. Cover data indicates that present ground cover is similar to pre-fire. In mid July 2003 more than 60 percent of all perennial grasses encountered exhibited seed heads.",Polygon,Confirmed,"Digitized by BLM field office personnel, method unknown",,15810.74558,15472.99988,,Contractor,"Erosion, Habitat quality, Loss of desirable species, Loss of native species, Loss of native vegetation, Loss of perennials, Loss of sagebrush, Loss of vegetation, Vegetal cover","Re-establish a population of Big Sagebrush (Mountain/Basin) on 16,946\xb1 acres of public lands burned in the 2000 Oregon Trail Fir",Other (See Trt Notes),Aerial seeding was shut down often due to\r\nadverse weather conditions.\r\n\r\nA miss communication during seed mixing resulted in the Wyoming and Mountain being combined and broadcast over the entire project.,Other (See Trt Notes),Ground conditions were frozen with\r\n30% snow coverage at higher elevations.,Some grazing would be permitted at reduced levels in Pasture #3.,02:39:00
Model 7,Snake River Plain,Post-burn aerial seeding,23062,8435,Implemented,Failure,2,1/26/2007,1/26/2007,Acres,16066,Seeding,Aerial Seeding,Aerial Seeding: Rotor Wing,-1,Confirmed seed list,Owinza Shrub Aerial Seed Mix,Seeds,Confirmed on Paper,Unknown,Species Specific,,"The objective of\r\nthis treatment is to reestablish a desirable perennial plant community that more closely matches\r\nthe structural and species composition and diversity of the native plant community to help\r\nachieve a healthy, functioning rangeland. Accelerating the rate of reestablishment of sagebrush\r\nis important to maintaining the value of the area as big game winter range, sage grouse breeding\r\nand wintering habitat. Sagebrush is also an important component of suitable habitat for a\r\nnumber of sensitive sagebrush obligate species. The wildfire impacted existing sagebrush cover\r\nwhich would not recover naturally without providing additional seed source. Forage kochia\r\nwould also provide a competitive edge against noxious weeds.","Approximately 6,640 acres of the Owinza wildfire would be aerial seeded with the shrub mix. The mix would be strip seeded across the burn area. In conjunction with sagebrush,\r\nforage kochia would also be seeded to provide effective competition against noxious weeds. The\r\nsagebrush/kochia seeding would be accomplished during the winter of 2006/2007.","Owinza Aerial Seeding\r\nThis project consisted of strip seeding 6,640 acres out of two areas totaling 16,066 acres within\r\nthe Owinza fire. Rate of application was approximately 2.06 pounds bulk seed per acre. The\r\nseed consisted of 4,440 pounds of Wyoming Sagebrush, 2,640 pounds Basin Sagebrush, and\r\n6,650 pounds of Forage Kochia which was mixed during the loading process. The seed was\r\napplied to snow covered ground in strips. The\r\ncontractor was Thomas Helicopters, Inc of Gooding, ID. Pilots for the seeding were Rod\r\nThomas and Dale Thomas. The project was completed using one helicopter and two sling type\r\nbuckets. The project was started and completed on 01/26/07.\r\n\r\nContract Cost: $ 31,540.00 \r\nSeed Cost: $ 131,049.10","Monitoring Results:\r\nFY07\r\nQualitative monitoring information was collected in FY07 during a reconnaissance of the\r\ntreatment area. Survey of the fire area showed poor germination of seeded species. Noxious\r\nweeds were dominant on portions of the burn area. Spring moisture was well below normal\r\nlevels. Extended drought conditions may have had an effect on the germination of species.\r\nBased upon the qualitative observations the aerial seeding at this point may be considered a\r\nfailure but a final determination should not be made until after the second growing season.\r\nFY08\r\nQualitative monitoring information was collected in FY08 during reconnaissance of the\r\ntreatment area. There continues to be poor establishment of the seeded species. Noxious weeds\r\n(knapweed and rush skeletonweed) are expanding within the area and are dominant in some\r\nareas. With no evidence of seeded species, the treatment can be considered a failure at this point.\r\nThe area will be monitored again next year before making a final determination. The lack of\r\nseed coverage and continued drought conditions appears to be the major contributors to the\r\nfailure. The rocky terrain makes it very difficult to apply a seed cover treatment.\r\nFY09\r\nQualitative and quantitative monitoring information was collected in FY09. There continues to\r\nbe poor establishment of the seeded species. Noxious weeds are the major issue currently\r\nimpacting the fire area and will continue to be a focus of future treatments. The fire area is\r\nstable in terms of soil stabilization. Recovery of existing native vegetation has contributed to the\r\nsoil stabilization. Cheatgrass is present (18% cover) but does not appear to be overly dominant.\r\n\r\nThe seed treatment will be considered a failure due to the lack of seeded species. Seed coverage\r\nand drought conditions the first two growing seasons appear to be the major contributors to the\r\nfailure. The rocky terrain makes it very difficult to apply a seed cover treatment.",Polygon,Confirmed,"Digitized by BLM field office personnel, method unknown",,16094.11,16090.16,,Contractor,"Habitat for sage grouse, Habitat for wildlife, Loss of Perennials, Rangeland health, Establishment of seeded species, Loss of desirable species, Loss of native species, Loss of native vegetation, Loss of vegetation, Vegetal cover, Loss of sagebrush","The objective of\r\nthis treatment is to reestablish a desirable perennial plant community that more closely matches\r\nthe structural and species composition and diversity of the native plant community to help\r\nachieve a healthy, functioning rangeland. Accelerating the rate of reestablishment of sagebrush\r\nis important to maintaining the value of the area as big game winter range, sage grouse breeding\r\nand wintering habitat. Sagebrush is also an important component of suitable habitat for a\r\nnumber of sensitive sagebrush obligate species. The wildfire impacted existing sagebrush cover\r\nwhich would not recover naturally without providing additional seed source. Forage kochia\r\nwould also provide a competitive edge against noxious weeds.",None,,Snow on Ground,The seed was applied to snow covered ground.,Sagebrush and Kochia,23:12:00
Model 7,Snake River Plain,Post-burn aerial seeding,24267,8906,Implemented,See Comments,2,12/2/1994,12/3/1994,Acres,4613,Seeding,Aerial Seeding,Aerial Seeding: Rotor Wing,-1,Confirmed seed list,Point Well Aerial,Seeds,Confirmed in Field,Unknown,Species Specific,"""we ended up cutting back some on the grass poundages to ensure better survival of forbs, and removed Magnar basin wildrye from the native mix. Mike felt it would not be wise to seed this species due to historically poor success. Kurt and I made the decision to replace this with whitmar bluebunch wheatgrass, which should take, based on the literature.""\r\nCost is not accounted for on these alterations.",Rehabilitation by seeding is needed due to the presence of cheatgrass and in order to restore lost wildlife habitat and livestock forage.,"No seedlings will be planted. Sagebrush seed will be flown on separately onto half the native and introduced seeded acreage, in strip and/or block configurations. \r\nSite selection - Find an area representative of the treatment and soil mapping units. Establish a permanent witness post and describe the location so that another person could return to the area. Establish an imaginary transect line from the post by selecting a compass bearing which will traverse the sampling area. Avoid treatment edges, atypical microsites or crossing into very different range sites. Record transect azimuth in degrees magnetic. From the witness post, photograph a general view of the sampling area, with the skyline in the picture. The witness post may be included in the picture if desired. \nIn following years, the transect can be re-sampled with another set of randomly-located plots. \r\nSeeding of forbs is probably not warranted in that the team has observed that native forbs such as Agoseris, globemallow, balsamroot and others were present prior to the fire and generally proliferate naturally after fire. We thus felt it more prudent to concentrate rehab efforts toward establishing ground cover and structure via seeding of native grasses and sagebrush. \r\nVegetation sampling - Beginning at the witness post walk a random number of paces (not exceeding 30) along the transect and place the 9 .6-ft2 circular plot frame at your foot. Record the data. Repeat until 30 plots are recorded. Record, by number of individuals rooted or having > 50% of the basal area within the plot, the following:\r\nseeded grasses by species \nseeded grasses, when species are not discernable \nseeded forbs by species \nshrub seedling resprout species dead shrub burned stumps, not by species live residual native bunch grasses or rhizomatous grasses by species \ndead native bunchgrass tufts, by species if possible, based on size of basal area and presence of nearby live species dead native bunchgrass tufts, when species are not discernable cheatgrass, by density","This project consisted of aerial seeding 4,613 acres. Seed was premixed by the Government at Gooding Seed Company, Gooding, Idaho.  The seed was applied to an approximate 30% snow covered ground.  Seed was applied from a sling type bucket.","On June 11, 1996 I toured the native rehab area, particularly along the north edge and northeast comer. It is obvious (see pictures) that there is more cheatgrass in those areas that did not re-burn in 1995. It appears that the Bear Trap burn (1995) was somewhat beneficial because it removed the heavy cheatgrass thatch produced that spring due to above normal precipitation (18"" for the year). I could not detect any mortality of grass seedlings due to the burn. \r\nAlthough the native rehab is not worthy of any awards (at least at this time) it is coming along as well as could be expected ( drilled much less than the 6 lbs. proposed). This year the native seedlings are becoming more apparent and a few set seed. In a few places the drill rows are quite apparent but in general you can't find long rows of seedlings. It is important to note that the exotic grass mix seeded in the NW comer of the burn did not do well at all. It is difficult to find any grass coming up ( other than cheatgrass) but the forbs ( flax and burnett) are present. \r\nThe residual native grasses and forbs are growing well and appear to be undisturbed by drilling (see photos). Globemallow is prevalent, particularly in those areas not re-burned in 1995. \r\nI was able to find a few sagebrush seedlings but it appears that, for whatever reason, the aerial application of sage was a failure. We need another year or two to make a final call on this. The thick cheatgrass due to the high precipitation. the first growing season may have prevented establishment of the sage seedlings.",Polygon,Confirmed,"Digitized by BLM field office personnel, method unknown",,5529.16319,5521.373467,,Contractor,"Erosion, Invasion by Cheatgrass, Invasion by non-native annuals, Habitat for antelope, Habitat for sage grouse","Rehabilitation by seeding is needed due to the presence of cheatgrass and in order to restore lost wildlife habitat and livestock forage.\r\n\r\nThe Point Well fire affected antelope winter range, sage grouse nesting habitat, and two livestock grazing allotments.\r\n\r\nA series of large wildfires in recent years has resulted in the cumulative loss of a significant portion of the sagebrush component of antelope and sage grouse habitat in the general area north of Minidoka. This sagebrush vegetative type is also host to a number of other wildlife species including loggerhead shrikes (C2 candidate), ferruginous hawks (C2 candidate), burrowing owls (BLM sensitive), pygmy rabbits (C2 candidate), as well as sage thrashers, several species of sparrow, and other nongame birds and mammals. Presence of cheatgrass in varying densities has also resulted in a shift toward a cheatgrass-fire-cheatgrass cycle of little or no benefit to wildlife and livestock, due to this grass species&$ tendency toward dominance and a resultant lack of structural diversity due to loss of shrubs.",None,,Snowing,The seed was applied to an approximate 30% snow covered ground.,,04:39:00
Model 7,Snake River Plain,Post-burn aerial seeding,24630,9030,Implemented,Unknown,2,11/14/1992,11/14/1992,Acres,200,Seeding,Aerial Seeding,Aerial Seeding: Rotor Wing,-1,Confirmed seed list,Rehabilitation Seed Mix: WSA/ Aerial Seed,Seeds,Confirmed on Paper,Unknown,Species Specific,"The seed mix did not indicate whether bulk or PLS rates were used, therefore, unknown has been listed and all seed mix information has been entered into the Bulk category.",1) Establish vegetative cover for soil protection.\r\n2) Establishment of perennial vegetation to reduce fire hazards in the future.\r\n3) Maintain big game winter range and livestock forage.,Approximately 200 acres requiring treatment\r\nburned within the Bear Den Butte WSA. This area would be aerial seeded and then harrowed to cover the seed.,"This contract consisted of aerial seeding 200 acres in the Potter Butte Fire Rehab and\r\nproviding one low level recon flight. The contractor was\r\nresponsible for furnishing labor, equipment, supplies, and\r\nmaterials, except for Government furnished seed. The contractor\r\nwas Reeder Flying Service Inc., Twin Falls Sun Valley Regional\r\nAirport, 644 Airport Loop, Twin Falls, Idaho. Seed was flown on\r\nusing a Bell Jetranger helicopter and two buckets. Contractor was\r\nto provided communication with contractor crew and BLM personnel\r\nusing Shoshone District frequencies available at the time of the\r\ncontract. The project was started 11/14/92 and completed 11/14/92.\r\nRate of Application: 9.75 lb./acre\r\nApproximate Weight of Seed: 22 lbs/Bushel\r\nProject inspectors for the project was Randall Jayo. The\r\nContracting Officers Representative was Scott Uhrig.",Unknown,Polygon,Confirmed,Digitized by LTDL data entry personnel using a confirmed map,10/26/2011,1539.908206,1537.521953,,Contractor,"Erosion, Fire hazard, Habitat for wildlife, Provide forage for livestock",Loss of vegetative cover for soil protection.,None,,None,,"All the seedings began about April 12 and were completed before May 7, 1993. The soil conditions were fairly good with approximately .75 of an inch rainfall during the project time. Continued moisture should assure successful spring seedings which rarely occurs.",16:56:00
Model 7,Snake River Plain,Post-burn aerial seeding,24631,9030,Implemented,See Comments,2,2/13/1993,2/25/1993,Acres,2600,Seeding,Aerial Seeding,Aerial Seeding: Rotor Wing,-1,Confirmed seed list,,Seeds,Confirmed on Paper,Unknown,Species Specific,"The seed mix did not indicate whether bulk or PLS rates were used, therefore, unknown has been listed and all seed mix information has been entered into the Bulk category.",,"Aerial sagebrush seeding would be done after the drilling and harrowing is completed.\r\nApproximate acreage: 6,450\r\nApproximate start date: January 25, 1993\r\nLocation of work site: Seedings are located south/east of Carey, Idaho.\r\nRequirements of aircraft to be supplied by the contractor: Helicopter only.\r\nLanding facilities at or near the work site: Laidlaw Air Strip is in the area, but may not be useable due to winter weather conditions.\r\nLocation of seed to be furnished by government: Shoshone District Warehouse, 400 West F Street, Shoshone, ID. The contractor will be responsible for hauling the government owned seed from the warehouse to the work site.\r\nKind of seed: Sagebrush, Wyoming Big and Basin Big varieties.\r\nRate of application: 2 pounds bulk seed per acre.\r\nSeed hopper requirements: The seeder mechanism shall have an agitator which prevents the bulky sagebrush seed from bridging in the hopper.\r\nOther requirements: Air to ground communication with contractor crew and BLM personnel using Shoshone District frequencies available at the time of the contract. Job will require a two hour low level recon flight during the contract. Pilot and aircraft shall be carded for level recon flight. Aircraft shall be equipment with passenger to pilot and passenger to ground communications. The ground crew will be required to mix the seed when loading into the seed bucket. The mixing of seed will be done by rotating of varieties when filling the bucket. The contractor shall return the empty seed bags to the Shoshone District Warehouse.\r\nRemarks: Approximately 6,450 acres will be strip seeded in an approximate 11,000 acre area. The seed mix will be half Basin Big and half Wyoming Big. A map of the area will be provided to assist the pilot with the seeding. The low level recon flight will also be used to assist the pilot with the seeding locations.","This project consisted of aerial (strip) seeding sagebrush at 2\r\nbulk pounds per acre. The seed was applied to the 100% snow\r\ncovered ground, see the attached maps. The contractor was\r\nPathfinder Helicopters Inc., North 11310 Judkins E Road, Spokane,\r\nWA. 99207. Pilot for the seedings was Bill Albers. Ground crew\r\nwas Jim Leighty and Craig Wheeler. Seed was applied from a sling\r\ntype bucket. The project was started on 2/13/93 and completed on\r\n2/25/93.\r\nProject inspectors were Randall Jayo and Scott Uhrig.",9/29/1993: I asked Mr. Monson at what stage seeded big sagebrush and antelope bitterbrush are able to withstand grazing pressure. \r\nHe has good success seeding big sagebrush and feels it cannot be hurt with good management. Sagebrush seedings can usually withstand grazing after the second growing season. An exception is areas where a combination of heavy wildlife use and fall sheep use occurs consecutively. The seedlings will withstand trampling pressure based on his experience. \r\nMr. Monson pointed out that bitterbrush evolved under heavy use. Use of less than 20 to 30% of current years leaders will not damage the plant. Spring is the most critical season for bitterbrush. During this period it is using a considerable amount o its root reserves for growth of leaders and flower stalks. It is important lo manage grazing use of bitterbrush during this period. After 60% use of a plant most of the leader growth is gone and use is on the woody shoots of the plant. As long as heavy use during the spring does not occur continuously the plants should maintain their vigor. It requires continuous heavy grazing use to hurt it.,Polygon,Confirmed,Digitized by LTDL data entry personnel using a map of unknown origin,10/1/2020,3639.66,3622.65,This approximate point location was digitized by LTDL staff and is the center point of the location described in the document; it may not actually fall within the perimeter.,Contractor,"Erosion, Fire hazard, Habitat for wildlife, Provide forage for livestock, Sagebrush, Loss of sagebrush, Loss of desirable species, Establishment of seeded species",Loss of vegetative cover for soil protection.,None,,Snow on Ground,The seed was applied to the 100% snow\r\ncovered ground,"All the seedings began about April 12 and were completed before May 7, 1993. The soil conditions were fairly good with approximately .75 of an inch rainfall during the project time. Continued moisture should assure successful spring seedings which rarely occurs.",05:07:00
Model 7,Snake River Plain,Post-burn aerial seeding,25889,9533,Implemented,Unknown,2,11/21/1996,11/21/1996,Acres,3000,Seeding,Aerial Seeding,Aerial Seeding: Rotor Wing,-1,Confirmed seed list,Aerial Weed Control,Seeds,Confirmed in Field,Unknown,Species Specific,,,The Aerial Weed Control seed mix will be applied aerially by a helicopter\r\nin the fall. A chain harrow would be dragged across the ground to cover seed after aerial\r\napplication. Approximately 50% of this area can be accessed for harrowing.,"Aerial Weed Control Seeding\r\nThis project consisted of aerial seeding approximately 3,000 acres.\r\nRate of application was 10.4 pounds bulk seed per acre. The seed\r\nwas applied to bare ground, although we had rainfall the 3 previous\r\ndays. See the attached map for the project location. The\r\ncontractor was Thomas Helicopters, Inc., 1553 South 1800 East,\r\nGooding, Idaho 83330. Pilots for the seeding was Rod and Dale\r\nThomas. The project was completed using a Hughes 500D helicopter\r\nand a sling type bucket. The project was started and completed on\r\n11/21/96.\r\n\r\nProject inspector was Scott Uhrig.",Unknown,Polygon,Confirmed,"Digitized by BLM field office personnel, method unknown",,3342.075028,3293.850912,,Contractor,"Establishment of seeded species, Loss of desirable species, Loss of native species, Loss of native vegetation, Loss of perennials, Loss of vegetation, Vegetal cover",,None,,Other (See Trt Notes),"The seed\r\nwas applied to bare ground, although we had rainfall the 3 previous\r\ndays.",Aerial Weed Control Seeding (Summary pgs. 1-2)\r\nCost is based on seed alone.,34:19:00
Model 7,Snake River Plain,Post-burn aerial seeding,25890,9533,Implemented,Unknown,2,10/31/1996,10/31/1996,Acres,2500,Seeding,Aerial Seeding,Aerial Seeding: Rotor Wing,-1,Confirmed seed list,Wagon Butte WSA Aerial,Seeds,Confirmed in Field,Unknown,Species Specific,,,The Wagon Butte road WSA aerial seed mix will be aerially applied in\r\nthe fall by a helicopter to the Little Deer and Ravens Eye WSA's where the furrowing effect of\r\ndrills is not desirable. The aerial application will be followed with a cover treatment of pulling a\r\nchain harrow with a rubber tired tractor. Approximately 60% of this area can be accessed for\r\nharrowing.,"Wagon Butte WSA Aerial Seeding\r\nThis project consisted of aerial seeding approximately 2,500 acres.\r\nRate of application was 10.35 pounds bulk seed per acre. The seed\r\nwas applied to bare ground. The contractor was Thomas Helicopters, Inc. The project was completed using a Hughes 500D\r\nhelicopter and a sling type bucket. The project was started and\r\ncompleted on 10/31/96.\r\n\r\nProject inspector was Scott Uhrig.",Unknown,Polygon,Confirmed,"Digitized by BLM field office personnel, method unknown",,2278.542375,2276.54447,,Contractor,"Establishment of seeded species, Loss of desirable species, Loss of native species, Loss of native vegetation, Loss of perennials, Loss of vegetation, Vegetal cover",,None,,Other (See Trt Notes),The seed\r\nwas applied to bare ground.,Wagon Butte (Summary pgs. 7-8)\r\nCost is based on seed alone.,34:28:00
Model 7,Snake River Plain,Post-burn aerial seeding,26820,9879,Implemented,See Comments,2,1/20/2006,1/23/2006,Acres,35487,Seeding,Aerial Seeding,Aerial Seeding: Rotor Wing,-1,Confirmed seed list,Aerial Sagebrush Seeding,Seeds,Confirmed on Paper,Unknown,Species Specific,,The sagebrush seeding would be considered a success if sagebrush seedlings become established on portions of the seeding area at a rate of 1 plant per 400ft2 by July of 2008.  The plants would be sampled in areas where field observations indicate that sagebrush is becoming established.  The Field Office Staffs expects sagebrush to become established in and around rocky outcrops.  The Field Office staffs do not expect sagebrush to become a major part of the vegetative community during the life of this ESR.,Initiate establishment of sagebrush on areas where it was aerially seeded.,"The area was aerially seeded with sagebrush seed at 1.5lbs/ac.  The seed was applied over snow and was completed by January 23, 2006.\r\nWhile driving through the burn sagebrush seedlings were observed in most areas of the fire.  In some areas (bare spots or disturbed areas), sagebrush had established to well as there were literally hundreds of small plants.  These observations are supported from Burley Field Office personal stating that the last two years were good for sagebrush establishment. (see monitoring results)","While at the monitoring sites for the drill seedings, observations showed that sagebrush seedlings had germinated.  This is a good sign for the first year of seeding.",Polygon,Confirmed,"Digitized by BLM field office personnel, method unknown",,35479.44945,33754.95987,,Contractor,"Invasion by non-native annuals, Noxious Weeds",,Unknown,,Unknown,,,15:36:00
Model 7,Snake River Plain,Post-burn aerial seeding,30206,11145,Implemented,Unknown,2,11/29/2006,11/30/2006,Acres,13852,Seeding,Aerial Seeding,Aerial Seeding: Rotor Wing,-1,Confirmed seed list,,Seeds,Confirmed on Paper,Unknown,Species Specific,,"Establish perennial grasses, forbs, and shrubs on approximately 40,000 acres within the Star Lake/North Milner\r\nRange Restoration project area by the year 2020.",Sagebrush and globemallow seed would be aerially applied during the winter\r\nfollowing the drill seeding.,"E Star Lake Aerial Sagebrush Seeding\r\nThis project consisted of aerial seeding 13,852 acres. Rate of application was approximately\r\n1.00 pounds bulk seed per acre. The seed consisted of6,240 pounds of Wyoming and 7600\r\npounds of Basin Sagebrush which was mixed during the loading process. The seed was applied\r\nto snow covered ground in strips from north to south and west to east. The contractor was Thomas Helicopters, Inc of Gooding, ID. Pilots for the\r\nseeding were Rod Thomas and Dale Thomas. The project was completed using one helicopter\r\nand two sling type buckets. The project was started on 11/29/06 and completed on 11 /30106.\r\n\r\nContract Cost: $ 26,318.80  \r\nSeed Cost: $150,696.00",Unknown,Polygon,Confirmed,"Digitized by BLM field office personnel, method unknown",,13844.59,13219.81,,Contractor,"Habitat for wildlife, Noxious Weeds, Provide forage for livestock, Establishment of seeded species, Loss of desirable species, Loss of vegetation, Loss of sagebrush, Vegetal cover","Provides habitat for game and non-game wildlife species, improves the reliability of livestock forage,\r\nimproves structural and plant diversity, and controls the spread of noxious weeds.",None,,Snow on Ground,The seed was applied to snow covered ground.,,36:28:00
Model 7,Snake River Plain,Post-burn aerial seeding,30939,11401,Implemented,Unknown,2,1/23/1997,1/31/1997,Acres,3660,Seeding,Aerial Seeding,Aerial Seeding,-1,Confirmed seed list,Mix #2,Seeds,Confirmed on Paper,Unknown,Species Specific,,,"- - - - - Contract - - - - -\r\n\r\nApproximate Acreage: 3,855\r\n\r\nSeed will be transported by the Government to a loading site within two miles of the perimeter of the burned area as agreed upon between the Contractor and the Government. The site shall be accessible to a truck with a 40 foot van trailer.\r\n\r\nMix #2\r\n\r\nA 300 foot strip of ground on both sides of Swan Falls Road shall not be aerially seeded. These are vegetative fire breaks where shrub seed is not desired.\r\n\r\nWinterfat seed is extremely fluffy and may require special equipment to seed. It is the Contractor's responsibility to assure that the seeding equipment has suitable agitation and feeder mechanisms to evenly distribute the seed at the specified rate without damaging the seed.\r\n\r\nThe work site is located near a military operations area (MOA).","- - - - - Summary Report - - - - - \r\n\r\nThe project consisted of...12,255 acres of aerial seeding,\r\n\r\nThe aerial seeding was done by Reeder Flying Service from 1/23/97 to 1/31/97 with a Bell 206B3 Jet Ranger helicopter equipped with a GPS system and two interchangeable seeder buckets. Fog, snow, and rain delayed much of the project. Some snow covered the ground during portions of the operation. The seeder buckets never did feed the straight sagebrush seed very consistently and had an extremely hard time with the winterfat/sagebrush mix. Seeding patterns were sporadic. All of the areas got seeded, however. The seed mixes consisted of: (see seed mix data).\r\n\r\nSouth End - 3,855 acres\r\n\r\nThe sagebrush was collected in 1996 in Sanpete County, Utah at 5,400 to 6,600 feet elevation. The winterfat came from various collections from central Utah and Nevada. The winterfat had a lower germination than expected and was probably a taller ecotype than the native winterfat. The project inspector was Clif Hall.\r\n\r\n- - - - - Payment and Journal - - - - -\r\n\r\nThe final payment shows that 12,310  acres were aerially seeded, of which 3660 was mix 2.  This contradicts the data in the Summary Report.",,Polygon,Confirmed,"Digitized by BLM field office personnel, method unknown",,3573.285132,3568.387114,,Contractor,None,,None,,None,,South End,13:26:00
Model 7,Snake River Plain,Post-burn aerial seeding,32807,12131,Implemented,None,2,10/18/1963,10/18/1963,Acres,650,Seeding,Aerial Seeding,Aerial Seeding: Fixed Wing,-1,Confirmed seed list,,Seeds,Confirmed on Paper,Unknown,Overall,"There was only a general rate listed for all species combined indicated here, specific rates for each species were not possible.  The rate was The seed mix did not indicate whether bulk or PLS rates were used, therefore, unknown has been listed and all seed mix information has been entered into the Bulk category.",,,This was an aerial broadcast seeding of Bulbous bluegrass which was done on ridges primarily and both on private and federal range.,,Polygon,Confirmed,Digitized by LTDL data entry personnel using a confirmed map,7/5/2012,2761.591695,2426.590016,,,Rangeland health,Grass seeding is for range improvement.,None,,None,,,37:05:00
Model 7,Snake River Plain,Post-burn aerial seeding,33473,12414,Implemented,See Comments,2,2/17/2000,2/17/2000,Acres,960,Seeding,Aerial Seeding,Aerial Seeding: Rotor Wing,-1,Confirmed seed list,"Aerial Seeding, Sage",Seeds,Confirmed on Paper,Unknown,Species Specific,,Establish Seeded Species,Basin big sagebrush will be aerially seeded on approximately 960 acres during the winter of 1999/2000,"This project consisted of aerial seeding 960 acres. Rate of application was 1.0 pounds bulk seed per\r\nacre on 960 acres which had previously been drill seeded. The seed consisted of Basin Big Sage.\r\nThe seed was applied to bare and muddy ground, see the attached map for the project location. The\r\ncontractor was Thomas Helicopters, Inc of Gooding, ID. Pilots for the seeding were Rod Thomas and\r\nDale Thomas. The project was completed using a helicopter and two sling type buckets. The project\r\nwas started on 2117/00 and completed on 2117/00.\r\n\r\nGrass and Basin Big Sagebrush Seeding\r\nThe transect was established on a NE-facing slope on the west side of the seeding. This\r\nlocation appeared most representative of the overall success of the seeding. Grasses seemed to take\r\nwell throughout the seeding. There was a strip along the road, about 200 ft. wide, in which the\r\nsagebrush seedlings were particularly dense, although sagebrush seedlings were found scattered\r\nsparsely throughout the seeding as well. The sagebrush seedlings were a mix of both three-tip\r\nsagebrush (ARTR4) and basin big sagebrush (ARTRT), although the seeding called for only ARTRT.\r\nThe transect was placed beginning at the edge of the strip and running away from it in order to monitor\r\nthe success of both the grasses and the sagebrush.","Summer 2001: The transect was established on a NE-facing slope on the west side of the seeding. This\r\nlocation appeared most representative of the overall success of the seeding. Grasses seemed to take\r\nwell throughout the seeding. There was a strip along the road, about 200 ft. wide, in which the\r\nsagebrush seedlings were particularly dense, although sagebrush seedlings were found scattered\r\nsparsely throughout the seeding as well. The sagebrush seedlings were a mix of both three-tip\r\nsagebrush (ARTR4) and basin big sagebrush (ARTRT), although the seeding called for only ARTRT.\r\nThe transect was placed beginning at the edge of the strip and running away from it in order to monitor\r\nthe success of both the grasses and the sagebrush.",Polygon,Confirmed,"Digitized by BLM field office personnel, method unknown",,817.02,811.43,,Contractor,"Invasion by Cheatgrass, Aesthetics, Competition for resources, Encroaching vegetation, Establishment of seeded species, Loss of desirable species, Loss of farming structures, Loss of native species, Loss of native vegetation, Loss of perennials, Loss of vegetation, Vegetal cover, Loss of sagebrush","Cheatgrass is present but native grasses are still present although not in large\r\nquantities. To compete favorably with the expected flush of cheatgrass, a\r\ndiverse seed mix of native and introduced species is recommended. A drought\r\ntolerant, semi-aggressive mix is needed to ensure that this area will be\r\nrehabilitated",None,,"Muddy Ground, Other (See Trt Notes)",The seed was applied to bare and muddy ground,"Seedings planned to cost $88,480\r\nCost is based on the seed list alone.",18:16:00
Model 7,Snake River Plain,Post-burn aerial seeding,39004,15230,Implemented,See Comments,2,12/13/2011,12/13/2011,Acres,2260,Seeding,Aerial Seeding,Aerial Seeding,-1,Confirmed seed list,Aerial Grass/Forb,Seeds,Confirmed on Paper,Unknown,Species Specific,,"These treatments\r\nwould aid in the establishment of a shrub community, which would not recovery naturally\r\nfollowing fire.\r\nThe aerial seed treatment of sagebrush (R3) would be considered effective if:\r\n1) Sagebrush seedlings average 0.1 seedlings per square meter across all density plots; or\r\n2) In qualitative surveys they are found to be common.","Approximately 2,260 acres of the Windmill Fire would be\r\naerial seeded with a mixture of grasses and forbs. The seeding treatment would be applied on\r\nslopes > about 10% and in draws where drill seeding would not be possible. Treatment is\r\nproposed for areas where pre-burn vegetation was dominated by cheatgrass or Wyoming or\r\nBasin big sagebrush with a native grass or cheatgrass understory. Seed would be applied at the\r\nrates shown in the following table.",This treatment consisted of seeding grasses and forbs over steep\r\nslopes in draws and gulches within the burned area. Rate of\r\napplication was approximately 7.61 lbs bulk seed/acre. Seed was\r\napplied to bare ground. The project was completed using one\r\nhelicopter and two sling-type buckets.,"Monitoring data showed some establishment of seeded plants, primarily Siberian wheatgrass,\r\nalfalfa, and Western yarrow. Sandbergs bluegrass had both relatively high cover and density.\r\nNewly established seedlings were not distinguished from recovering plants that are native to the\r\nsite; therefore success of this seeding component is difficult to determine. Unidentified grasses\r\nand forbs contributed substantially to cover. It is likely that some of these were seeded species\r\nand were not identifiable given the fact that they were seedlings at the time of monitoring. A\r\nsmall amount of crested wheatgrass was detected at locations 001, 003, and 006. This is an\r\nartifact of previous vegetation treatments. No sagebrush seedlings were detected during\r\nmonitoring. Cheatgrass was common throughout the burned area and dominant in patches. Rush\r\nskeletonweed was present in monitoring locations 001 and 002.\r\nAugust 2012 and June 2013 site visits by the fire ecologist confirmed that seeded species were\r\npresent in patches and not continuous in drill rows. Likewise, sagebrush seedlings were also\r\nobserved as scattered individuals and patches. Gulches and draws were examined to determine\r\nsuccess of the aerial grass/forb seeding treatment. No seedlings were observed and cheatgrass\r\nand other nonnative annuals were dominant.\r\n\r\nRECOMMENDATIONS/CONCLUSIONS\r\nThe Windmill Fire seeding areas represent some of the harshest conditions found in the Jarbidge\r\nField Office, with low average annual precipitation and high potential for invasive plants.\r\nHowever, the ESR project for the 2010 Windmill Fire (FKN4) utilized similar seed mixes and is\r\nshowing good establishment (see this year\u2019s monitoring report). It is likely that establishment of\r\nthe 2011 ESR seeding was affected by two years of extremely dry conditions. However, given\r\nobservations of drill seeding establishment, it is anticipated that cover and density of seeded\r\nspecies may continue to increase in some areas.",Polygon,Confirmed,"Digitized by BLM field office personnel, method unknown",1/1/1900 0:00,5514.380169,5512.846269,,Contractor,"Erosion, Flooding, Invasive species, Loss of vegetation, Rangeland health, Sedimentation, Vegetal cover, Watershed health, Watershed degradation, Special status species",This area ranks high for stabilization and rehabilitation due to the potential for soil erosion and\r\ndominance by invasive plants and noxious weeds which would impact the resources listed below.\r\n\r\ndevelop and implement activities that provide\r\nfor the conservation and recovery of slickspot peppergrass.,,,,,Funding from ESR and BAR,25:51:00
Model 7,Snake River Plain,Post-burn aerial seeding,42956,16746,Implemented,Successful,2,11/23/2015,11/23/2015,Acres,2500,Seeding,Aerial Seeding,Aerial Seeding,-1,Unknown seed list,S3 - Aerial Seeding,Seeds,Unknown Seed List Origin,Not Applicable,Unknown,The species used for Drill vs Aerial seeding could not be determined the species mentioned in the monitoring report were reported for both treatment methods. The species used needs to be confirmed with the FO.,The objective of the seeding treatment is to establish a dominate shrub community within three years.\r\nThe following shrub density objectives are based on ecological site potential.\r\nThe aerial sagebrush seed treatment would be considered successful if:\r\nThe seeded grass and brush species reach densities of:\r\n\u2022 Sagebrush seedlings average 0.10 seedlings per square meter across all density plots; or\r\n\u2022 In qualitative surveys they are found to be common .,The majority of the burned BLM land was identified to be aerial seeded with Wyoming big sagebrush. The Wyoming big sagebrush is proposed to be aerial seeded in early FY16 in strip like patterns and when there is adequate moisture on the ground (snow cover). Appropriate wildlife inventories/surveys will be complete prior to implementing these specific projects.\r\n\r\nThe objective of this treatment is to re-establish desirable sagebrush that more closely matches the structural and species composition and diversity of the native plant community to help achieve a healthy functioning rangeland. Accelerating the rate of re-establishment of sagebrush is important to maintaining the value of the area as sage-grouse and mule deer winter habitat. The wildfire intensity impacted existing sagebrush cover which would not recover naturally without providing an additional seed source.\r\n\r\nThe treatment and activities are reasonable for the type of issues found on the site. Qualitative monitoring in the Burley Field Office within areas similar to the Point Well Fire that have not been treated has shown a higher chance of dominance by noxious weed and invasive plants such as cheatgrass. This dominance could alter fire regimes and result in landscape scale changes in vegetation composition and structure. This change would have a higher economic cost of controlling noxious weeds and invasive plants as opposed to treating the Fire with emergency stabilization and rehabilitation funds. This treatment is within policy and takes into account the WSA policy which states utilization of species native to the area and impacts from the equipment used for seeding must not impair wilderness suitability. Contracting costs for aerial application are typical for the Burley Field Office area. The cost of seed can vary from year to year dependent on\r\navailability.,"The aerial seeding project consisted of aerial seeding 2,500 acres within the Point Well fire. This seeding was contracted to be a strip seeding. Rate of application was approximately 0.50 pounds bulk seed per acre. The seed consisted of 1,240 pounds of Wyoming Sagebrush. The seed was applied to bare ground.","2018 PART 8- MONITORING RESULTS\r\nA total of four monitoring points were established to capture the seeding success or failure of the\r\nPoint Well Fire. General observations were collected at each point of species present.\r\nQualitative Monitoring 2018\r\nPoint 001:\r\nPOSE, VUOC, BRTE, THPO7, PASM, PSSP6, ARTRW8, ERNA, SPHAE, DRVE, STELLA,\r\nDRVE, STELLA, SIAL2, DEPI, PHLO2, PHHO, GAYOP, EPILO, LASE, LAPU, CHDO,\r\nPENST, ALDE, CORDY, DELPHI. BRTE was present at the monitoring points as well as\r\nSIAL2. THPO7 seemed to be the most successful large bunchgrass at the stirs. POSE and PSSP6\r\nwere present with in the sites. PSSP6 mostly in the drill rows. Forbs change between monitoring\r\nsites (Besides SIAL2)\r\nPoint 002: Same as point 001\r\nPoint 003: High density of non-native species. BRTE and SIAL2 dominated the area. The far\r\neastern side of the fire had the highest cover of non-native annual species. Some seeded species\r\nwere present in the drill rows.\r\nPoint 004: Same as point 001\r\n\r\nThe seed mix used for this project had a variety of grass, forbs and brush seed. The low percent\r\nof bare ground is uncommon after the second year of growth. It is assumed that the low percent\r\nof bare ground is due to the high amount of spring precipitation and because of past ESR seeding\r\ntreatments with in the burn area. Also, the percent cover of annual grass is low to average after\r\ntwo years of growth. The high percent cover of perennial grasses and forbs is a contributing\r\nfactor to the lower amount of bare ground as well. In the past, areas that have burned in close\r\nproximity to the Point Well Fire did show high amounts of cheatgrass. The 1% cover of\r\nsagebrush is not uncommon after one year of growth, mainly because it was observed in the\r\ndensity monitoring and ocular monitoring.\r\n\r\nThe density data shows the seeded perennial grass measured low and a high measurement of\r\ncheatgrass. The moisture received this winter was well above the average this year and could be\r\na big contributing factor for these results. I would expect the density numbers of cheatgrass to\r\nreduce and seeded perennial grasses to increase, especially by the third year. The measurement\r\nof sagebrush is a positive result. Wyoming big sagebrush was recorded only this year. Only\r\nWyoming big sage was seeded, and threetip sage was observed last year but not this year\r\n\r\nPART 9-RECOMMENDATIONS/CONCLUSIONS\r\nThe majority of the fire was characterized by moderate to high fire intensity. Vegetation in the\r\nwestern portion of the fire was primarily crested wheatgrass from past seedings, sagebrush and\r\nscattered native herbaceous grasses. The understory in the eastern portion of the burn is\r\ndominated by native perennial grasses with areas of cheatgrass. Cheatgrass will continue to\r\nexpand and threaten soil stability and biological integrity, if not treated by drill seeding. The\r\nentire area would be susceptible to the expansion of cheatgrass and noxious weeds without\r\ntreatment. A high Vole activity was observed in the burned area and surrounding areas. The\r\noutcome for next year monitoring is unknown and failure could be a factor.\r\nAfter three years of monitoring, it is my conclusion to continue to monitor for seeding success\r\nespecially sagebrush and bitterbrush. The moderate amount of cheatgrass after three growing\r\nseasons is a concern; especially at the elevation this project is located. The lack of forbs could be\r\na factor and this will be noted for future ESR projects in areas similar. Also, the continuation of\r\nmonitoring for noxious weeds and implementation of eradicating when noxious species are\r\npresent must also continue.\r\n\r\nMy conclusion thus far is that seeded perennial grasses are present and establishing. The low\r\ntraces of sagebrush and bitterbrush after two years is not uncommon and third year monitoring is\r\nessential. My overall observation of this project is successful.\r\nIt is my recommendation that monitoring continues to some extent. The presence and lack of\r\nsagebrush observed during monitoring is a concern. Continued monitoring could prove useful for\r\npotential future projects and the continuation of habitat improvement. Also, the presence of\r\nnoxious weeds need to be continually addressed until contained and controlled.\r\nIt also needs to be noted that over the past few years this areas has been infested with Voles\r\nwhich may be one factor for the lesser percent of perennial grass cover and lower density of\r\nshrubs. This area is being watched for Vole decline or persistence.\r\nPART 10 \u2013 TRANSFER OF FUNDING RESPONSIBILITIES (Close-out only)\r\nWeed control efforts at a similar or less effort will continue under the Twin Falls District Weed\r\nControl program. Monitoring will also continue to a lesser extent under the Range Management\r\nprogram.",Polygon,Confirmed,"Digitized by BLM field office personnel, method unknown",,4473.49,4473.31,,Contractor,"Establishment of seeded species, Habitat productivity, Loss of perennials",The objective of the seeding treatment is to establish a dominate shrub community within three years.\r\nThe following shrub density objectives are based on ecological site potential.,Unknown,Unknown,Other (See Trt Notes),The seed was applied to bare ground.,Seed for aerial seeding treatments (grass and sagebrush) was\r\npurchased at the yearly seed buy.\r\n\r\nThe species used for Drill vs Aerial seeding could not be determined the species mentioned in the monitoring report were reported for both treatment methods. The species used needs to be confirmed with the FO.,34:30:00
Model 7,Snake River Plain,Post-burn aerial seeding,42964,16747,Implemented,See Comments,2,11/23/2015,11/23/2015,Acres,1218,Seeding,Aerial Seeding,Aerial Seeding,-1,Confirmed seed list,S3 - Aerial Seeding,Seeds,Confirmed on Paper,Not Applicable,Species Specific,,"The objective of this treatment is to reestablish a desirable perennial plant community that more closely matches the structural and species composition and diversity of the native plant community to help achieve a healthy functioning rangeland. Accelerating the rate of reestablishment of sagebrush is important to maintaining the value of the area as sage grouse PGH, and pronghorn wintering habitat. Sagebrush is also an important component of suitable habitat for a number of sensitive sagebrush obligate species. The wildfire intensity impacted existing sagebrush cover which would not recover naturally without providing additional seed source.\r\n\r\nThe aerial sagebrush and forb seed treatment would be considered effective if:\r\n\u2022 Sagebrush/Forb seedlings average 0.10 seedlings per square meter across all density plots; or\r\n\u2022 In qualitative surveys seedlings are found to be common .","Approximately 1,218 acres of the Dietrich Butte fire would be aerial strip seeded with Wyoming big sagebrush and yarrow in the winter of 2015/2016 (FY16). The sagebrush seeding would be strip seeded over the proposed drill seeding. Strip seeding of sagebrush allows for complete coverage of the burn area at a more economical cost and in the long term establishes a desirable mosaic habitat pattern.","2015: This project consisted of aerial seeding 1,218 acres out of an area of\r\n2,436 acres within the Dietrich Butte Fire. The seeding was contracted to be a strip seeding. Rate of application was\r\n1.11 pounds bulk seed per acre. The seed consisted\r\nof 1,240 pounds of Wyoming Sagebrush and 300 pounds of\r\nYarrow. The seed was applied to bare ground. The contractor was\r\nThomas Helicopters, Inc of Gooding, ID. Pilot for the seeding was\r\nRod Thomas. The project was completed using one helicopter and\r\ntwo sling type buckets. The project was started and completed on\r\nNovember 23, 2015.","2016 - Currently penstemon, yarrow and sagebrush are the only seeded species found in the cover and\r\ndensity plots. Cheatgrass and Sandberg's bluegrass is currently the dominant plant cover on the\r\nburn.\r\n\r\n2017 - The Dietrich Butte drill seeding is dominated by cheatgrass and other annuals. Monitoring data\r\nshows that objectives are currently being met for seeded grasses but the overall plant community\r\nis dominated by annual vegetation.\r\n\r\n2018 - The aerial seeding of sagebrush and yarrow was partially successful. Seedlings were noted as\r\nestablished in the vicinity of one of the monitoring points, although no plants were intercepted in\r\nthe transect. Noxious weed control efforts continued in FY18. The protection fence installed in\r\nFY 16 was removed in FY 18. Continued noxious weed control efforts are recommended.\r\nAlthough the seeding was only partially successful, the natural recovery of the burned area\r\n(previously a crested wheatgrass seeding) recovered successfully.",Polygon,Confirmed,Digitized by LTDL data entry personnel using a confirmed map,11/4/2017,2423.813954,2423.063568,,Contractor,"Competition for resources, Establishment of seeded species, Habitat for wildlife, Habitat productivity, Habitat quality, Loss of desirable species, Noxious weeds, Invasion by non-native annuals","The objective of the seeding treatment is to establish perennial-dominated plant communities within 3 years. The\r\nshrub density objectives are based on ecological site potential.\r\n\r\nThe Dietrich Butte burn negatively affected 300 acres of sage grouse PGH. The burn also negatively affected crucial winter range habitat for pronghorn. The loss of sagebrush cover reduced important browse and thermal cover for wintering big game. Sage grouse and pronghorn are dependent on sagebrush plant communities for their year round habitat needs, especially winter browse. Due to the wildfire impacts, current conditions are not optimum for sage grouse or big game habitat. High fire intensities have impacted seed bank sources for sagebrush habitat recovery, therefore previous habitat conditions are not expected to recover naturally without a seeding effort.",Unknown,Unknown,Unknown,Unknown,8/30/2015 - Seed for aerial seeding treatments has been purchased.,18:47:00
Model 7,Snake River Plain,Post-burn aerial seeding,42996,16751,Implemented,See Comments,2,1/1/2017,1/1/2017,Acres,5832,Seeding,Aerial Seeding,Aerial Seeding: Rotor Wing,-1,Confirmed seed list,Aerial Sagebrush and Yarrow,Seeds,Confirmed on Paper,Not Applicable,Species Specific,,"The objective of this treatment is to reestablish a desirable perennial plant community that more closely matches the structural and species composition and diversity of the native plant community to help achieve a healthy functioning rangeland. Accelerating the rate of reestablishment of sagebrush is important to maintaining the value of the area as GRSG, mule deer and antelope habitat. Sagebrush is also an important component of suitable habitat for a number of sensitive sagebrush obligate species. The wildfire intensity impacted existing sagebrush cover which would not recover naturally without providing additional seed source.","Approximately 5,878 acres of the Mac Rae fire would be aerial seeded a sagebrush/forb mix in the winter of 2016/2017 (See Table 2). The sagebrush seeding would cover the entire burn area on BLM lands.","Seed for aerial seeding treatments was purchased at the August 30\r\nseed buy.\r\n\r\nThis project consisted of aerial seeding 5,832 acres out of an area of\r\n6,154 acres within the Mac Rae Fire. Rate of application was\r\napproximately 1.10 pounds bulk seed per acre. The seed consisted\r\nof 5,880 pounds of Wyoming Sagebrush and 550 pounds of\r\nYarrow. The seed was applied to snow covered ground. See the\r\nattached map for the project location. The contractor was Thomas\r\nHelicopters, Inc of Gooding, ID. Pilot for the seeding was Rod\r\nThomas. The project was completed using one helicopter and two\r\nsling type buckets. The project was started and completed on\r\nJanuary I, 2017.","FY 2017:\r\nMonitoring plots were established during the summer of 2017. Cover, density, and belt transect\r\ndata were collected by ESR monitoring technicians (Tables 1-9). Data shows fair establishment\r\nof perennial bunchgrasses. Yarrow establishment from the aerial seeding treatment was also\r\npresent. Cheatgrass competition was also high across the drill seeding areas.\r\n\r\nFY 2018:\r\nMonitoring data showed that nearly all of the seeded species either established in the plots or\r\nwere observed near the transects. The abnormal weather timing and duration over the winter\r\ncontributed to an abundance of invasive annuals and noxious weeds. These will continue to be\r\nmonitored in FY19. Seeded grasses have met the establishment objectives stated in the ESR\r\nPlan.",Polygon,Confirmed,"Digitized by BLM field office personnel, method unknown",,5826.75,5826.51,,Contractor,"Habitat for greater sage grouse, Habitat for wildlife, Habitat quality, Invasion by non-native annuals, Invasive species, Noxious weeds, Establishment of seeded species, Loss of desirable species, Loss of native species, Loss of native vegetation, Loss of vegetation, Loss of sagebrush, Vegetal cover","The Mac Rae burn negatively affected over 6,058 acres of GRSG PHMA. The burn also negatively affected deer, elk and pronghorn year round habitat. Proposed sagebrush habitat rehabilitation will be focused across the entire burn area. Greater sage-grouse, mule deer, pronghorn are dependent on sagebrush plant communities for their year round habitat needs, especially winter browse. Due to the wildfire impacts, current conditions are not optimum for GRSG or big game habitat. Habitat conditions are not expected to recover naturally without a seeding effort.",Unknown,Unknown,Unknown,Unknown,"Seed Purchase Cost - $62,627\r\nImplementation Cost - $86,139",32:13:00
Model 7,Snake River Plain,Post-burn aerial seeding,43000,16752,Implemented,Unknown,2,12/22/2016,12/22/2016,Acres,3118,Seeding,Aerial Seeding,Aerial Seeding: Fixed Wing,-1,Confirmed seed list,Aerial Sagebrush and Yarrow,Seeds,Confirmed on Paper,Not Applicable,Species Specific,,"The objective of this treatment is to reestablish a desirable perennial plant community that more closely matches the structural and species composition and diversity of the native plant community to help achieve a healthy functioning rangeland. Accelerating the rate of reestablishment of sagebrush is important to maintaining the value of the area as GRSG, mule deer and antelope habitat. Sagebrush is also an important component of suitable habitat for a number of sensitive sagebrush obligate species. The wildfire intensity impacted existing sagebrush cover which would not recover naturally without providing additional seed source.","Approximately 3,118 acres of the Paddelford fire would be aerial seeded with a sagebrush/forb mix in the winter of 2016/2017 as shown in Table 2. The sagebrush seeding would cover the entire burn area on BLM lands","This project consisted of aerial seeding 3,118 acres out of an area of\r\n3,499 acres within the Paddelford Fire. Rate of application was\r\napproximately 1.10 pounds bulk seed per acre. The seed consisted\r\n3,120 pounds of Wyoming Sagebrush and 300 pounds of\r\nYarrow. The seed was applied to snow covered ground. See the\r\nattached map for the project location. The contractor was Thomas\r\nHelicopters, Inc of Gooding, ID. Pilot for the seeding was Rod\r\nThomas. The project was completed using one helicopter and two\r\nsling type buckets. The project was started and completed on\r\nDecember 22, 2016.","FY17\r\nMonitoring plots were established during the summer of 2017. Cover, density, and belt transect\r\ndata were collected by ESR monitoring technicians (Tables 1-3). Data shows fair early\r\nestablishment of perennial bunchgrasses. Sagebrush establishment from the aerial seeding\r\ntreatment was also present. Cheatgrass competition was also moderate across the aerial seeding.\r\nQuantitative objectives identified for drill and aerial seeding are:\r\n\u2022 For drill seed areas - establish seeded grasses at densities of 3 plants/m2, seeded forbs at\r\n0.3 plants/m2, and 0.10 plants /m2 for shrubs (bitterbrush).\r\n\u2022 For sagebrush aerial seed areas - 0.10 plants/m2\u2022\r\n\u2022 For yarrow aerial seed areas - 0.20 plants/m2\u2022\r\n\u2022 The amount of bare mineral soil (i.e. soil lacking cover of plants, litter, or biological soil\r\ncrust) is within 10% of what would be expected for the site based on an adjacent\r\nunburned site or the ecological site description.\r\nQualitative objectives identified for drill and aerial seeding are:\r\n\u2022 The majority of desired herbaceous perennial plants are producing seed.\r\n\u2022 The plants must also have developed root systems that are extensive enough to provide\r\nsoil stabilization and prevent uprooting when grazed, especially when soils are moist.\r\nFY17\r\nMonitoring plots were established during the summer of 2017. Cover, density, and belt transect\r\ndata were collected by ESR monitoring technicians (Tables 1-3). Data shows fair early",Polygon,Confirmed,"Digitized by BLM field office personnel, method unknown",5/13/2017,3046.720845,3033.337904,VTRT Poly,Contractor,"Cover for wildlife, Habitat for greater sage grouse, Habitat for wildlife, Habitat productivity, Habitat quality, Invasion by non-native annuals, Invasion by cheatgrass, Invasive species, Loss of desirable species, Noxious weeds, Sensitive species, Wildlife in treated area","The Paddelford burn negatively affected 3,118 acres of BLM GRSG PHMA. The burn also negatively affected deer, elk and pronghorn year round habitat. A Challenge Cost Share agreement with Idaho Department of Fish and Game for aerial survey for sage-grouse in Craters of the Moon was performed March 25-28, 2015. A secondary objective of these flights was to record big game location and numbers. These flights showed high levels of winter use by all of the previously mentioned wildlife species. Proposed sagebrush habitat rehabilitation will be focused across the entire burn area (See Paddelford Fire Map). Greater sage-grouse, mule deer, and pronghorn are dependent on sagebrush plant communities for their year round habitat needs, especially winter browse. Due to the wildfire impacts, current conditions are not optimum for GRSG or big game habitat. Habitat conditions are not expected to recover naturally without a seeding effort.",Unknown,Unknown,Snow on Ground,The seed was applied to snow covered ground.,"Seed Cost - $58,800\r\nImplementation Cost - $14,031.00",32:27:00
Model 7,Snake River Plain,Post-burn aerial seeding,48986,19807,Implemented,See Comments,2,2/17/2017,2/17/2017,Acres,400,Seeding,Aerial Seeding,Aerial Seeding,-1,Confirmed seed list,KR1G Crane Aerial Mix 1 Sage/Forb,Seeds,Confirmed on Paper,Unknown,Species Specific,"Seeded xeric big sagebrush (local collected provided by IDFG),","Establish perennial-dominated plant communities that are critical for sage-grouse PFH, mule deer and elk\r\nhabitat and will out-compete noxious weeds and invasive species.\r\n\r\n1. Density of seeded sagebrush is 1 per 10m2 (1.73 meter radius plot) in suitable sites.\r\n2. Density of aerially seeded forbs in suitable areas is 1 plant per 10m2. A qualitative assessment\r\nof the species present and plant phenology would be captured including precipitation during\r\ngermination and growth period.","Aerial seeding and seed caching of native shrub and forb seed to provide future habitat for the\r\ngreater sage-grouse, big game, and other sagebrush obligate wildlife species and to aid in\r\nstabilizing the soil resource and watershed and is consistent with the Cascade RMP Resource\r\nManagement Guidelines for Soil, Water, and Wildlife\u201d. The Wildlife section states \u201cHabitat to\r\nsupport viable populations of all native and exotic wildlife species present in the resource area\r\nwill be maintained\u201d. The Soils section states \u201cSoils will be managed to maintain productivity\r\nand minimize erosion\u201d. The Water section states \u201cA variety of methods may be employed to\r\nmaintain, improve, protect, and restore watershed needs due to flooding, severe drought, or fire\u201d.","FYI 7 seed costs $21,000, $7,000 application contract costs.\r\nSeeded xeric big sagebrush (local collected provided by IDFG),\r\nWyoming sagebrush, white western yarrow and alfalfa on 400 acres\r\nat 100% coverage 2/17 /17. Thomas Helicopters seeded this project\r\nas part of BDO BLM Broadcast Seeding FYI 7 contract.\r\n\r\nApproximately 400 out of 850 BLM acres was aerially broadcast seeded with a sagebrush/forb\r\nmix at 100% coverage. The identified 400 acres were deemed the most suitable areas for seeding\r\ntreatment based on analysis of suitable soil and pre-fire vegetation. The forbs in the mix\r\n(Western yarrow and alfalfa) attract insects that are preferred by sage-grouse. These species will\r\nbe selected initially thus allowing native forbs to recover with less graze/browse pressure.","2017 Objective(s) and Results\r\n1. Density of seeded sagebrush is 1 per 1 10 m2 (1. 7 3 meter radius plot) in suitable sites.\r\nSagebrush were found in suitable sites throughout the seeded area. Density was approximately 5\r\nper 10 m2 in these pockets. There were scattered shrub islands that survived the fire which may\r\nprovide another seed source. Surviving sagebrush was 40 cm tall and most exhibited fair vigor.\r\n2. Density of aerially seeded forbs in suitable areas is 1 plant per 10 m2. A qualitative assessment\r\nof the species present and plant phenology would be captured including precipitation during\r\ngermination and growth period.\r\nWestern yarrow was abundant in the aerially seeded areas. Densities were approximately 3 per\r\n10m2, meeting the density objective in 2017. No alfalfa was found in 2017.",Polygon,Confirmed,Digitized by LTDL data entry personnel using a confirmed map,2/26/2019,405.04,399.99,,Contractor,"Habitat for wildlife, Habitat productivity, Habitat quality, Loss of desirable species",The identified 400 acres were deemed the most suitable areas for seeding\r\ntreatment based on analysis of suitable soil and pre-fire vegetation. The forbs in the mix\r\n(Western yarrow and alfalfa) attract insects that are preferred by sage-grouse. These species will\r\nbe selected initially thus allowing native forbs to recover with less graze/browse pressure.,,,,,,38:14:00
Model 7,Snake River Plain,Post-burn aerial seeding,49109,19823,Implemented,See Comments,2,2/11/2013,2/11/2013,Acres,3692,Seeding,Aerial Seeding,Aerial Seeding,-1,Confirmed seed list,,Seeds,Confirmed on Paper,Unknown,Species Specific,,The objective of the seeding treatment is to establish perennial-dominated plant communities within 3 years. The shrub density objectives are based on ecological site potential. The aerial sagebrush seed treatment would be considered effective if:\r\n-Sagebrush seedlings average 0.10 seedlings per square meter across all density plots and belt transects; or\r\n-In qualitative surveys seedlings are found to be common,"This treatment will aid in the reestablishment of pre-fire vegetation that more closely resembles the structural and species composition and diversity of the native plant community to help achieve a healthy, functioning rangeland. Accelerating the rate of reestablishment of sagebrush is important to maintaining the value of the area as sage-grouse nesting, brood-rearing, and wintering habitat. Sagebrush is also an important component of suitable habitat for a number of other sensitive sagebrush obligate species. The wildfire removed existing sagebrush cover and killed sagebrush seedlings that were growing from the efforts of past ES & BAR activities. Sagebrush is not anticipated to recover naturally without providing an additional seed source.\r\n\r\nDirection for vegetation and wildlife management in the Craters MP includes \u201cspecies composition in key Greater sage-grouse habitat will reflect site potential\u201d and \u201cnative plant communities sustain biodiversity and provide habitat for native wildlife.\u201d Aerial seeding of sagebrush meets these objectives and is in conformance with the Craters MP.\r\n\r\nImplementation is monitored through contract administration. Any changes from the planned implementation would be noted in the project file \u201cas built\u201d discussion.\r\nThe methods used to monitor the treated area would include field observations, photo plots, and cover transects utilizing the line-point intercept and density plot methods. Plots would be randomly established through the treated area. Effectiveness monitoring of the aerial seeding will be done for a period of three growing seasons.","This project consisted of aerial strip seeding 3,692 acres within the\r\nLaidlaw fire of 2012. Rate of application was approximately 1.00\r\npounds bulk seed per acre. The seed consisted of 1,840 pounds of\r\nWyoming Sagebrush and 1,840 pounds of Basin Sagebrush. The\r\nseed was applied to approximately 85% snow covered ground, see\r\nthe attached map for the project location. The contractor was\r\nThomas Helicopters, Inc of Gooding, ID. The project was completed using one helicopter and\r\none sling type bucket. The project was started and completed on\r\nFebruary 11, 2013.\r\nOne IDL State Section was seeded within this area. Our Contractor\r\ncontracted with the State of Idaho and IDL provided the seed at no\r\ncost to the BLM.",FY13\r\nFive belt transects were read within the Laidlaw fire. There were no sagebrush seedlings\r\ndocumented within the transects. Photos were taken at each transect location.\r\nFY14\r\nFive belt transects were read within the Laidlaw fire. Sagebrush seedling were documented at 0.2\r\nseedlings/m2. Photos were taken at each transect location.\r\nFY 15\r\nFive belt transects were read within the Laidlaw fire. Sagebrush seedling were documented at 0.0\r\nseedlings/m2. Photos were taken at each transect location.\r\n\r\nFY13\r\nThe winter of 2012/2013 was extremely dry. Sagebrush aerial seeding did not occur until\r\nFebruary 2013. The existing herbaceous vegetation consisted primarily of seeded perennial\r\nvegetation. Competition with the existing vegetation will be high. Noxious weeds are common in\r\nthe area. The most common noxious weed is rush skeletonweed.\r\nFY14\r\nThe spring and summer growing season was extremely dry. Sagebrush seedlings were\r\ndocumented in transects in 2014. Current level of sagebrush measured in the transects is meeting\r\nseeding objectives. The burn area will be open to livestock grazing in 2015.\r\nFY 15\r\nThe winter of 2015 was extremely dry. May precipitation was well above average. Sagebrush\r\nseedlings were documented in transects in 2014 but not in 2015. Competition with existing\r\nperennial vegetation has been high. Due to drought conditions and competition sagebrush has not\r\nestablished well across the treatment area. Hand planting of sagebrush seedlings will be\r\nconducted this fall in the Laidlaw fire area. Success with hand planting should be higher than\r\naerial seeding.,Polygon,Confirmed,"Digitized by BLM field office personnel, method unknown",None,7865.72,7366.38,,Contractor,"Habitat for wildlife, Habitat productivity, Habitat quality, Establishment of seeded species, Loss of desirable species, Loss of sagebrush, Loss of vegetation, Vegetal cover","Approximately 3,680 acres have been identified to be aerially seeded with a mix of Wyoming big sagebrush and basin big sagebrush. The seed will be applied aerially by a fixed wing aircraft or helicopter, and is proposed to occur in late FY12 or early FY13. The seed would be applied in strips, effectively covering one-half of the project area.\r\nThe objective of the seeding treatment is to establish perennial-dominated plant communities within 3 years. The\r\nshrub density objectives are based on ecological site potential.",,,Snow on Ground,The\r\nseed was applied to approximately 85% snow covered ground,,07:11:00
Model 7,Snake River Plain,Post-burn aerial seeding,49145,19829,Implemented,Partially Successful,2,1/7/2015,1/17/2015,Acres,11156,Seeding,Aerial Seeding,Aerial Seeding,-1,Confirmed seed list,,Seeds,Confirmed on Paper,Unknown,Not Available,,The objective of the seeding treatment is to establish perennial-dominated plant communities within 3 years. The\r\nshrub density objectives are based on ecological site potential.\r\nThe aerial sagebrush seed treatment would be considered effective if:\r\n? Sagebrush/Forb seedlings average 0.10 seedlings per square meter across all density plots; or\r\n? In qualitative surveys seedlings are found to be common.,This seeding was contracted to be a strip seeding,"This project consisted of aerial seeding 11,156 acres out of an area of 26,276 acres within the Preacher Fire H8DE. This seeding was contracted to be a strip seeding, but due to an ESR project being contracted to seed the remaining area, the whole area was block seeded. Rate of application was approximately 1.14 pounds bulk seed per acre. The seed consisted of 11,560 pounds of Wyoming Sagebrush and 1,200 pounds of Yarrow. The timeframe of this seeding was a continuation of the ESR project initially seeded on January 7th. Approximately 5,160 acres was seeded on the 7th. The seed was applied to mostly snow covered ground or muddy exposed areas. The seeding continued on January 17th, during the delay, the area received two different snow events, receiving approximately 10 to 12 inches of snow. The remaining 5,996 acres was finished on the 17th after the new snow cover. See the attached map for the project location.\r\nThe contractor was Thomas Helicopters, Inc of Gooding, ID. Pilots for the seeding were Rod Thomas and Dale Thomas. The project was completed using one helicopter and two sling type buckets. The project was started on January 7, 2015 and completed on January 17, 2015.","The aerial seeding of sagebrush and yarrow was partially successful in meeting objectives.\r\nSagebrush was not encountered in plots but yarrow overall was successfully meeting objectives.\r\n\r\nThe aerial seed treatment of sagebrush would be considered effective if:\r\n1) Sagebrush seedlings average 0.1 seedlings per square meter across all density plots; or\r\n2) In qualitative surveys they are found to be common.\r\nFY 15\r\nThe Preacher West drill seeding germination and establishment was good following the above\r\naverage precipitation in May. The abundant spring moisture though allowed cheatgrass to\r\nbecome dominant throughout the burn area.\r\nThe Preacher East drill seeding germination and establishment was also good but was competing\r\nwith abundant native vegetation recovery. Cheatgrass was a minor component of the overall\r\ncover east of Highway 20.\r\nFY 16\r\nCurrently the Preacher West seeding density objectives are not being met for grasses and forbs.\r\nSiberian wheatgrass, basin wildrye, tall wheatgrass, big bluegrass, sainfoin, and blue flax are\r\nfound in the plots. The abundant spring moisture has increased the density of cheatgrass in the\r\nplots significantly.\r\nCurrently the Preacher East seeding density objectives are not being met for grasses and forbs.\r\nBluebunch wheatgrass and penstemon are found in the plots. There is a significant amount of\r\nnative vegetation recovery across the Preacher East seeding area. Cheatgrass densities are low.\r\nSagebrush has not been documented in density plots. Yarrow densities are currently meeting\r\nobjectives.\r\nFY 17\r\nThe Preacher West seeding density objectives continue to not be met for grasses and forbs.\r\nSiberian wheatgrass, basin wildrye, tall wheatgrass, big bluegrass, sainfoin, and blue flax are\r\nfound in the plots. The abundant fall and spring moisture has increased the density of cheatgrass\r\nand other annuals in the plots from previous years.\r\nThe Preacher East seeding density objectives are being met for grasses, primarily Bluebunch\r\nwheatgrass. Bluebunch wheatgrass and penstemon are found in the plots. There is also a\r\nsignificant amount of native vegetation recovery across the Preacher East seeding area.\r\nCheatgrass densities are low.\r\nSagebrush has not been documented in density plots. Yarrow densities are currently meeting\r\nobjectives.",Polygon,Confirmed,"Digitized by BLM field office personnel, method unknown",,26261.84,26261.83,"There is also an ""Aerial_Seeding"" layer in the Project GIS, which contains a different project number and lists the date of application as 1/7/2015 vs 1/17/2015.",Contractor,"Habitat quality, Establishment of seeded species, Loss of desirable species, Loss of native species, Loss of perennials, Loss of sagebrush, Loss of vegetation, Vegetal cover","Approximately 15,000 acres of the Preacher fire would be aerial seeded with a sagebrush/forb seed mix during the winter of 2014/2015 (FY15) as shown in Table below. The aerial seed mix would be strip seeded. Strip seeding of sagebrush/forbs allows for complete coverage of the burn area at a more economical cost and in the long term establishes a desirable mosaic habitat pattern.",,,"Snow on Ground, Muddy Ground","Approximately 5,160 acres was seeded on the 7th. The seed was applied to mostly snow covered ground or muddy exposed areas. The seeding continued on January 17th, during the delay, the area received two different snow events, receiving approximately 10 to 12 inches of snow. The remaining 5,996 acres was finished on the 17th after the new snow cover.",,19:11:00
Model 7,Snake River Plain,Post-burn aerial seeding,49157,19831,Implemented,Unknown,2,12/12/2016,1/17/2017,Acres,36899,Seeding,Aerial Seeding,Aerial Seeding,-1,Confirmed seed list,Aerial Sagebrush and Yarrow,Seeds,Confirmed on Paper,Unknown,Species Specific,,Objective: The objective of the seeding treatment is to establish perennial-dominated plant communities within 3 years. The\r\nshrub density objectives are based on ecological site potential.\r\nThe aerial sagebrush seed treatment would be considered effective if:\r\n? Sagebrush seedlings average 0.10 seedlings per square meter across all density plots; or\r\n? Yarrow seedlings average 0.20 seedlings per square meter across all density plots; and\r\n? In qualitative surveys seedlings are found to be common,"Approximately 37,435 acres of the Laidlaw fire would be aerial seeded with a sagebrush/forb mix in the winter of 2016/2017 as shown in Table 2. The sagebrush seeding would cover the entire burn area on BLM lands","This project consisted of aerial seeding 36,899 acres of BLM land.\r\nIncluded in the project was 2,013 acres of State of Idaho land which\r\nwas seeded by the BLM\u2019s contractor at the same time. The total\r\nacres aerial seeded on the project was 38,912 acres. The acres\r\nseeded were out of an area of 39,813 acres within the Laidlaw Fire.\r\nRate of application was approximately 1.11 pounds bulk seed per\r\nacre. The BLM\u2019s seed consisted of 37,440 pounds of Wyoming\r\nSagebrush and 3700 pounds of Yarrow. The State of Idaho\u2019s seed\r\nconsisted of 1,960 pounds of Wyoming Sagebrush and 200 pounds\r\nof Yarrow. State of Idaho purchased their seed from the BLM\u2019s\r\nRegional Seed Warehouse. The seed was applied to snow covered\r\nground.\r\nThe contractor was Thomas Helicopters, Inc. of Gooding, ID. Pilots\r\nfor the seeding were Rod Thomas and Dale Thomas. The project\r\nwas completed using one helicopter and two sling type buckets.\r\nThe project was started on December 27, 2016 and completed on\r\nJanuary 17, 2017. The length of time for completion of the project\r\nwas due to adverse weather conditions from snow and drifting.\r\nSee the attached map for the project location.","FY 17\r\nMonitoring plots were established during the summer of 2017. Cover, density, and belt transect\r\ndata were collected by ESR monitoring technicians. Data shows good early establishment of\r\nperennial bunchgrasses. Sagebrush and yarrow establishment from the aerial seeding treatment\r\nwas also present. Cheatgrass competition was also high across the drill seeding areas.\r\nFY 18\r\nMonitoring plots were established during the summer of 2018. Cover, density, and belt transect\r\ndata were collected by ESR monitoring technicians (Tables 1-9). Establishment of all treatments\r\ncontinued to improve in 2018. Qualitative monitoring showed that bitterbrush and Wyoming\r\nsagebrush seedlings were prevalent throughout the burned area, but were not measurable in the\r\nmonitoring plots. Cheatgrass competition is high, as is noxious weed presence, particularly rush\r\nskeletonweed. Natural recovery of previous drill seeding treatments is progressing well. Seeded\r\ngrasses have met objectives on all of the treatments. Aerial seeding macroplots for Wyoming\r\nsagebrush and yarrow are also showing progression towards meeting objectives.",Polygon,Confirmed,"Digitized by BLM field office personnel, method unknown",,38871.51,36860.47,,Contractor,"Habitat quality, Establishment of seeded species, Loss of desirable species, Loss of native species, Loss of native vegetation, Loss of perennials, Loss of sagebrush, Loss of vegetation, Vegetal cover","The objective of this treatment is to reestablish a desirable perennial plant community that more closely matches the structural and species composition and diversity of the native plant community to help achieve a healthy functioning rangeland. Accelerating the rate of reestablishment of sagebrush is important to maintaining the value of the area as GRSG, mule deer and antelope habitat. Sagebrush is also an important component of suitable habitat for a number of sensitive sagebrush obligate species. The wildfire intensity impacted existing sagebrush cover which would not recover naturally without providing additional seed source.",,,,,,08:42:00
Model 7,Snake River Plain,Post-burn aerial seeding,49237,19858,Implemented,Unknown,2,2/10/2013,2/12/2013,Acres,54040,Seeding,Aerial Seeding,Aerial Seeding,-1,Confirmed seed list,,Seeds,Confirmed on Paper,Unknown,Not Available,,The objective of the seeding treatment is to establish perennial-dominated plant communities within 3 years. The\r\nshrub density objectives are based on ecological site potential.\r\nThe aerial sagebrush seed treatment would be considered effective if:\r\n? Sagebrush seedlings average 0.10 seedlings per square meter across all density plots; or\r\n? In qualitative surveys seedlings are found to be common,"Approximately 100,000 acres of the Flat Top 2 fire would be aerial seeded with basin big and Wyoming big sagebrush in the winter of 2012/2013 (FY13). The sagebrush seeding would be strip seeded. Strip seeding of sagebrush allows for complete coverage of the burn area at a more economical cost and in the long term establishes a desirable mosaic habitat pattern.","This project consisted of aerial seeding 54,040 acres within the Flat\r\nTop 2 fire of 2012.\r\n1. The first area identified as Aerial Grass, 12,160 acres, Wyoming\r\n(0.50 lbs/acre) and Basin (0.33 lbs/acre) Sagebrush were applied at\r\n0.83 pounds per acre. Approximately 20% snow covered.\r\n2. The second area identified as Drill Seeding, 14,200 acres,\r\nWyoming Sagebrush was seeded at 1.00 pound per acre.\r\nApproximately 60% snow covered.\r\n3. The third area identified as Strip Seeding, out of an area of\r\n55,360 acres, 27,680 acres were strip seeded with Wyoming\r\nSagebrush at 1.00 pound per acre. Approximately 60% snow\r\ncovered.\r\nThe seed consisted of 48,360 pounds of Wyoming Sagebrush and\r\n4,120 pounds of Basin Sagebrush.\r\nTwo IDL State Sections were seeded within these areas. Our\r\nContractor contracted with the State of Idaho and IDL provided the\r\nseed for both at no cost to the BLM.\r\nThe project was started on February 10, 2013 and completed on\r\nFebruary 12, 2013.",Unknown,Polygon,Confirmed,"Digitized by BLM field office personnel, method unknown",None,82928.37,81641.04,,Contractor,"Habitat productivity, Establishment of seeded species, Loss of desirable species, Loss of native species, Loss of native vegetation, Loss of perennials, Loss of vegetation, Vegetal cover",To establish perennial-dominated plant communities within 3 years. The\r\nshrub density objectives are based on ecological site potential.,,,,,,36:56:00
Model 7,Snake River Plain,Post-burn aerial seeding,50518,20476,Implemented,See Comments,2,2/11/2018,2/11/2018,Acres,1626,Seeding,Aerial Seeding,Aerial Seeding: Rotor Wing,-1,Confirmed seed list,Aerial Seeding,Seeds,Confirmed on Paper,Unknown,Species Specific,Seed for ground seeding treatments was purchased at the yearly\r\nseed buy.,Objective: The objective of the aerial seeding treatment is to establish a dominant shrub community within three\r\nyears. The following shrub density objectives are based on ecological potential.\r\nThe aerial seeding treatment of sagebrush would be considered effective if:\r\nThe aerial seeding treatment of sagebrush would be considered successful if:\r\nThe seeded shrub species reach densities of:\r\n1) Sagebrush seedlings average 0.1 seedlings per square meter across all density plots; or\r\n2) In qualitative surveys they are found to be common.,,"This project consisted of aerial seeding 1,618 acres. This was a\r\ncomplete seeding of every pass within the Whiskey Fire on BLM\r\nland. The seeding had a buffer area built in to allow for no seed to\r\nbe applied on a fuels break within the Whiskey Fire. The total area\r\nof the project was 1,626 acres. Rate of application was\r\napproximately 0.52 pounds bulk seed per acre. The seed consisted\r\nof 840 pounds of Wyoming Sagebrush. The seed was applied to\r\nbare muddy ground. The contractor was Thomas Helicopters, Inc\r\nof Gooding, ID. Pilot for the seeding was . The\r\nproject was completed using one helicopter and two sling type\r\nbuckets. The project was started and completed on February 11,\r\n2018.","2020: Aerial sagebrush seeding did not meet threshold densities for treatment success, nor were they observed to be common across the landscape in qualitative surveys, thus this treatment did not meet objectives. Qualitative observations found Wyoming big sagebrush at 2 monitoring locations on the Whiskey ESR project area (Appendix 1). The seed source and seed quality of the aerially seeded sagebrush is unknown, and could have affected success rates. Wyoming big sagebrush seed quality is essential for seeding to be effective. Locally sourced seed that is adapted to the specific microclimate will lead to greater establishment. Since sagebrush seed is relatively short-lived, current year seed is recommended (Meyer and Warren 2015). The timing of seed application could have affected seeding success, with seeding occurring in early February, which missed the heavier precipitation and cooler temperatures of December and January. Sagebrush recruitment is highly weather dependent, with adequate moisture and cool temperatures essential for successful establishment (Meyer 1994). Late fall or early winter is recommended for seeding, since this mimics natural dispersal, and increases the likelihood of experiencing snow cover which greatly increases establishment success. Seeding too early in the fall increases the chance of seed mortality, while seeding in the spring does not provide enough moisture for seedlings to become established (Meyer 1994).\r\nWhile sufficient cool temperatures were present in February 2018 when the treatment was applied to stimulate germination, seedling survival could have been enhanced by the longer duration of cool temperatures greater moisture availability in December and January. Sagebrush seeds are tiny and adversely impacted by competition, especially with aggressive non-native annual grasses. Seeding into dense stands of highly competitive plants such as the thick sward of cheatgrass present in 2018 is generally ineffective (Meyer and Warren 2015), and the large flush of non-native species in the spring of 2018 may have affected sagebrush recruitment success on this ESR project. Sagebrush recruitment from seed may also be limited on drier, rocky sites, or sites without microsite heterogeneity that traps snow (such as existing standing live or dead vegetation that is not too dense) (Schuman and Belden 2002, Meyer and Warren 2015). Seed banking of Wyoming and basin big sagebrush is thought to occur to a limited extent, with greater seed longevity if seeds are buried (Wijayrutne and Pyke 2009, 2012). Wyoming big sagebrush seedlings were observed on more monitoring plots in 2020 than in 2018, indicating that some seed banking of seeds from the initial seed application did occur. Further large-scale aerial seeding of sagebrush may result in more recruitment if weather conditions are favorable, but sagebrush plantings or seeding in islands of prepared seed bed may be more successful, and establish a seed source for colonization of the wider landscape.",Polygon,Confirmed,"Digitized by BLM field office personnel, method unknown",,1616.13,1616.11,See 2018_WhisSage1SprOn for flight lines,Contractor,"Establishment of seeded species, Loss of desirable species, Loss of perennials, Loss of sagebrush",Establish a dominant shrub community.,,,Muddy Ground,The seed was applied to\r\nbare muddy ground.,,47:05:00
Model 7,Snake River Plain,Post-burn aerial seeding,50578,20489,Implemented,See Comments,2,2/7/2018,2/7/2018,Acres,15700,Seeding,Aerial Seeding,Aerial Seeding,-1,Confirmed seed list,Sagebrush/Yarrow Aerial Seed Mix,Seeds,Confirmed on Paper,Unknown,Species Specific,The PLS rate for ARTRW8 is an average of the range given on seed list.,The objective of the seeding treatment is to establish perennial-dominated plant communities within 3 years. The\r\nshrub density objectives are based on ecological site potential.\r\nThe aerial sagebrush seed treatment would be considered effective if:\r\n? Sagebrush/Forb seedlings average 0.10 seedlings per square meter across all density plots; or\r\n? In qualitative surveys seedlings are found to be common.,"Approximately 15,316 acres of the Antelope fire would be aerial strip seeded (7,700 acres) with \u2018Wyoming\u2019 big sagebrush, \u2018Basin\u2019 big sagebrush and western yarrow in the winter of 2017/2018 (FY18). The aerial seeding would be strip seeded over the Notch Butte and Camp 1 allotments. Strip seeding of sagebrush allows for complete coverage of the burn area at a more economical cost and in the long-term establishes a desirable mosaic habitat pattern.","This project consisted of aerial seeding 7,700 acres of BLM land.\r\nThis was a strip seeding of every other pass within the Antelope\r\nFire. The total area of the project was 15,700 acres.\r\nRate of application was approximately 0.89 pounds bulk seed per\r\nacre. The seed consisted of 6,120 pounds of Wyoming Sagebrush\r\nand 800 pounds of Yarrow. The seed was applied to bare muddy\r\nground.\r\nThe contractor was Thomas Helicopters, Inc of Gooding, ID. Pilot\r\nfor the seeding was . The project was completed using\r\none helicopter and two sling type buckets. The project was started\r\nand completed on February 7, 2018.","No aerially seeded species were observed within monitoring belt transects for this fire in\r\n2018 (Table 14), nor in qualitative surveys across the wider landscape (although seedlings were\r\nobserved on the neighboring Shoestring Fire). Big sagebrush establishment and re-dominance\r\npost-fire takes decades, so continued monitoring is recommended.\r\nSagebrush recruitment is highly weather dependent, with adequate moisture\r\nand cool temperatures essential for successful establishment. Sagebrush seeds are tiny and adversely impacted by competition, especially with aggressive non-native annual grasses.\r\nSeeding into dense stands of highly competitive plants is generally ineffective and the flush of\r\nnon-native species in the spring of 2018 may have affected sagebrush recruitment success on this\r\nfire. Sagebrush recruitment from seed may also be limited on drier, rocky sites, or sites without\r\nmicrosite heterogeneity that traps snow (such as existing standing live or dead vegetation that is\r\nnot too dense). Monitoring points may not have picked up recruitment, whereas observations\r\nshowed at least some establishment in the first year.\r\nSagebrush recruitment from seed may also be limited on drier, rocky sites, or sites\r\nwithout microsite heterogeneity that traps snow (such as existing standing live or dead vegetation\r\nthat is not too dense). Many burned areas within the Antelope Fire, and especially those in the\r\nportion of the fire where this treatment occurred, were dry and rocky, with a surface dominated\r\nby low and dense Sandberg bluegrass cover (Figure 5); virtually no sagebrush recruitment was\r\nobserved is these drier areas. Further large scale aerial seeding is not recommended, but\r\nsagebrush plantings or seeding in islands of prepared seed bed may be more successful, and\r\nestablish a seed source for colonization of the wider landscape. Very few surviving, pre-burn\r\nsagebrush were observed during monitoring.\r\n\r\nSummary\r\nAerial grass and drill seeding treatments\r\nThree years post-treatment, the Antelope ESR project area had almost 50 percent cover of perennial grass species, 14.7 percent of which came from seeded species. Seeded grass density averaged 3.9 plants/m2, exceeding goals for drill treatment success. Areas dominated with a high cover of Sandberg bluegrass had lower seeded grass establishment. The nearly continuous sod of this native species may prevent seeded species from reaching bare ground necessary for germination, or because it has shallow roots that may dominate soil moisture resources, provide too much competition once seeds have germinated. These sites also tended to be drier, with rocky fine soils, which may not be as favorable for seedling establishment. The benefits of a continuous cover of native grass, in terms of stabilizing the soil and resisting invasion by noxious/invasive plants, may outweigh the lack of seed treatment establishment.\r\nAerial grass and drill seed treatments were overwhelmingly dominated by Siberian wheatgrass, probably because of the dominance of this seed in the seed mixes, and the establishment success of this stabilizing species. Native cultivars including Sherman Sandberg bluegrass and Snake River wheatgrass were moderately successful, establishing on a subset of ESR monitoring plots at lower densities and cover. These species were seeded at much lower rates than Siberian wheatgrass.\r\nAn established perennial grass community that covers bare ground and utilizes soil resources is better able to resist invasion by invasive and noxious species. Monitoring showed that invasive annual grasses and forbs did decline with time and increased cover of perennial grasses on the Antelope ESR project. Areas that received aerial herbicide treatment in 2017 continued to have lower densities of invasive species than areas that had not been treated. Noxious species remained stable on the ESR project, and new infestations of new noxious species (diffuse knapweed and scotch thistle) were observed. These small infestations should be a treatment priority before they become unmanageable. Areas that were dominated by rush skeletonweed in 2018, showed improvements in 2020, with seeded grass species establishing. It is expected that as grasses increase in these areas, rush skeletonweed will decline further.\r\nAerial sagebrush and forb seeding did not meet threshold densities for treatment success, nor were they observed to be common across the landscape in qualitative surveys, thus this treatment did not meet objectives. The timing of seed application could have affected seeding success, with seeding occurring in early February, which missed the heavier precipitation and cooler temperatures of December and January. Sagebrush recruitment is highly weather dependent, with adequate moisture and cool temperatures essential for successful establishment (Meyer 1994). Late fall or early winter is recommended for seeding, since this mimics natural dispersal, and increases the likelihood of experiencing snow cover which greatly increases establishment success. Seeding too early in the fall increases the chance of seed mortality, while seeding in the spring does not provide enough moisture for seedlings to become established (Meyer 1994).\r\nWhile sufficient cool temperatures were present in February 2018 when the treatment was applied to stimulate germination, seedling survival could have been enhanced by the longer duration of cool temperatures and greater moisture availability in December and January. Sagebrush seeds are tiny and adversely impacted by competition, especially with aggressive non-native annual grasses. Seeding into dense stands of highly competitive plants is generally ineffective (Meyer and Warren 2015), and the large flush of non-native species in the spring of 2018 may have affected sagebrush recruitment success on this ESR project. Sagebrush recruitment from seed may also be limited on drier, rocky sites, or sites without microsite heterogeneity that traps snow (such as existing standing live or dead vegetation that is not too dense) (Schuman and Belden 2002, Meyer and Warren 2015). Seed banking of Wyoming and basin big sagebrush is thought to occur to a limited extent, with greater seed longevity if seeds are buried (Wijayrutne and Pyke 2009, 2012). Wyoming big sagebrush seedlings were observed on more monitoring plots in 2020 than in 2018, indicating that some seed banking of seeds from the initial seed application did occur. Further large-scale aerial seeding of sagebrush may result in more recruitment if weather conditions are favorable, but sagebrush plantings or seeding in islands of prepared seed bed may be more successful and establish a seed source for colonization of the wider landscape.",Polygon,Confirmed,Digitized by LTDL data entry personnel using a confirmed map,7/26/2019,14902.99,14781.69,,BLM,"Habitat for elk, Habitat for greater sage grouse, Habitat for wildlife, Habitat quality, Invasive species, Loss of desirable species, Loss of native species, Loss of perennials, Loss of sagebrush, Noxious weeds, Vegetal cover","Establish perennial-dominated plant communities.\r\n\r\nThe Antelope fire negatively affected 28,652 acres of sage-grouse general habitat. The burn also negatively affected year round habitat for big game. The loss of sagebrush cover reduced important browse and thermal cover for wintering big game. Sage-grouse, mule deer and pronghorn are dependent on big sagebrush and big sagebrush dominant plant communities for all or a dominant portion of their nutritional and habitat needs. The availability and nutritional quality of big sagebrush for forage and cover is especially important during the winter. Due to impacts resulting from the recent wildfire, the existing vegetation resource is not capable of providing either marginal or suitable habitat conditions for sage-grouse or big game. High fire intensities have impacted seed bank sources for sagebrush habitat recovery, therefore previous habitat conditions are not expected to recover naturally without a seeding effort.",,,Muddy Ground,Bare muddy ground,"The Summary Report 2018 states "" This project consisted of aerial seeding 7,700 acres of BLM land. This was a strip seeding of every other pass within the Antelope Fire. The total area of the project was 15,700 acres."".\r\n\r\nThe map at the end of the report was georeferenced and a polygon was created for this treatment and it matches closest to the 15,700 total project area. However, it isn't clear if the whole 15,700 total project area was seeded since they state only 7,700 was treated. There is no map showing that area though.",45:04:00
Model 7,Snake River Plain,Post-burn aerial seeding,50591,20491,Implemented,See Comments,2,1/29/2018,2/2/2018,Acres,36887,Seeding,Aerial Seeding,Aerial Seeding: Rotor Wing,-1,Confirmed seed list,"Aerial Sagebrush and Forb Seeding-38,036 Acres",Seeds,Confirmed on Paper,Unknown,Species Specific,,The objective of the seeding treatment is to establish perennial-dominated plant communities within 3 years. The\r\nshrub density objectives are based on ecological site potential.\r\nThe aerial sagebrush seed treatment would be considered effective if:\r\n? Sagebrush seedlings average 0.10 seedlings per square meter across all density plots; or\r\n? Yarrow seedlings average 0.20 seedlings per square meter across all density plots; and\r\n? In qualitative surveys seedlings are found to be common,"Approximately 38,036 acres of the Mammoth Cave fire would be aerial seeded with a sagebrush/forb seed mix during the winter of 2017/2018 (FY18) as shown in the table below. The seed mix would be applied to the majority of the burned area","This project consisted of aerial seeding 36,887 acres. This was a\r\ncomplete seeding of every pass within the Mammoth Cave Fire on\r\nBLM land. The seeding had buffer areas built in to allow for no\r\nseed to be applied next to highways and county roads.\r\nRate of application was approximately 0.94 pounds bulk seed per\r\nacre. The seed consisted of 37,000 pounds of Wyoming Sagebrush,\r\n2,450 pounds of Yarrow, and 10,400 pounds of Don Alfalfa seed.\r\nThe seed was applied to bare muddy ground.\r\nThe contractor was Thomas Helicopters, Inc of Gooding, ID. Pilot\r\nfor the seeding was . The project was completed using\r\none helicopter and two sling type buckets. The project was started\r\non January 29, 2018 and completed on February 02, 2018.","2018: Sagebrush and yarrow establishment from the aerial\r\nseeding treatment was also present.\r\n\r\n2020: Aerial Sagebrush and Forb Treatment\r\nThe aerial sagebrush and forb treatment was highly successful on the Mammoth Cave ESR project, with Wyoming big sagebrush density averaging 3.9 plants per square meter over the project area (Table 12), far exceeding the 0.10 plants per square meter threshold for success. Forb density (alfalfa and yarrow) also each exceeded the threshold for success of 0.20 plants per square meter, with alfalfa averaging 2.6 plants per square meter and yarrow averaging 0.3 plants per square meter (Table 12).",Polygon,Confirmed,Digitized by LTDL data entry personnel using a confirmed map,7/29/2019,37595.98,36797.8,,Contractor,"Establishment of seeded species, Loss of desirable species, Loss of vegetation, Vegetal cover, Loss of perennials, Loss of sagebrush",Establish perennial-dominated plant communities.,,,Muddy Ground,Bare muddy ground,Seed for aerial seeding treatments was purchased at the August\r\nseed buy.\r\n\r\nThe seeding had buffer areas built in to allow for no\r\nseed to be applied next to highways and county roads.,28:54:00
Model 7,Snake River Plain,Post-burn aerial seeding,50607,20493,Implemented,See Comments,2,2/8/2018,2/8/2018,Acres,27854,Seeding,Aerial Seeding,Aerial Seeding: Rotor Wing,-1,Confirmed seed list,,Seeds,Confirmed on Paper,Unknown,Species Specific,,The objective of the seeding treatment is to establish perennial-dominated plant communities within 3 years. The\r\nshrub density objectives are based on ecological site potential.\r\nThe aerial sagebrush seed treatment would be considered effective if:\r\n- Sagebrush/Forb seedlings average 0.10 seedlings per square meter across all density plots; or\r\n- In qualitative surveys seedlings are found to be common.\r\n\r\nThe objective of this treatment is to re-establish a desirable perennial plant community that more closely matches the structural and species composition and diversity of the native plant community to help achieve a healthy functioning rangeland. Accelerating the rate of re-establishment of sagebrush is important to maintaining the value of the area as sage-grouse and big game habitat. Sagebrush is also an important component of suitable habitat for a number of BLM sensitive sagebrush obligate wildlife species. The wildfire intensity impacted existing sagebrush cover which would not recover naturally without providing additional seed source.,The aerial broadcast seeding would be implemented prior to the drill seeding with the aerial seed mix and rates provided in the table that immediately follows. Due to the rockiness of the treatment area the aerial seeding would provide a ready source of desirable perennial grasses and forbs across areas that cannot be physically drilled.,"This project consisted of aerial seeding 14,000 acres of BLM land.\r\nThis was a strip seeding of every other pass within the Shoestring\r\nFire. The total area of the project was 27,854 acres.\r\nRate of application was approximately 1.06 pounds bulk seed per\r\nacre. The seed consisted of 9,720 pounds of Wyoming Sagebrush,\r\n3,740 pounds of Basin Sagebrush, and 1400 pounds of Yarrow.\r\nThe seed was applied to bare muddy ground.\r\nThe contractor was Thomas Helicopters, Inc. of Gooding, ID. Pilot\r\nfor the seeding was . The project was completed using\r\none helicopter and two sling type buckets. The project was started\r\nand completed on February 8, 2018.","2018: A total of two big sagebrush and four yarrow seedlings were observed on three\r\nmonitoring belt transects for this fire in 2018, while none were observed on the remaining eight\r\ntransects. The average density of big sagebrush was 0.003 plants/m2 and 0.007 plants/m2 for\r\nyarrow (Table 10). Sagebrush and yarrow seedlings were observed in the vicinity of a few\r\nmonitoring plots, but they were not observed to be common. Big sagebrush establishment and redominance\r\npost-fire takes decades, but the low presence (well below 0.1 plants/m2 averaged\r\nacross all monitoring plots, and not common over the landscape in qualitative surveys) of\r\naerially seeded species indicates that aerial seeding on this fire has not yet met objectives.\r\nSagebrush recruitment was also observed in four cover/density plots for an average density of\r\n0.08 plants/m2, which is closer to the seeding objective.\r\n\r\n2020: Aerial sagebrush and forb seeding did not meet threshold densities for treatment success, thus this treatment did not meet objectives across the landscape. However, in some areas sagebrush and yarrow establishment was observed to be high enough where these species could be considered common, and treatment goals were met.\r\nWhile sufficient cool temperatures were present in February 2018 when the treatment was applied to stimulate germination, seedling survival could have been enhanced by the longer duration of cool temperatures greater moisture availability in December and January. Sagebrush seeds are tiny and adversely impacted by competition, especially with aggressive non-native annual grasses. Seeding into dense stands of highly competitive plants is generally ineffective (Meyer and Warren 2015), and the large flush of non-native species in the spring of 2018 may have affected sagebrush recruitment success on this ESR project. Sagebrush recruitment from seed may also be limited on drier, rocky sites, or sites without microsite heterogeneity that traps snow (such as existing standing live or dead vegetation that is not too dense) (Schuman and Belden 2002, Meyer and Warren 2015). Seed banking of Wyoming and basin big sagebrush is thought to occur to a limited extent, with greater seed longevity if seeds are buried (Wijayrutne and Pyke 2009, 2012). Wyoming big sagebrush seedlings were observed on more monitoring plots in 2020 than in 2018, indicating that some seed banking of seeds from the initial seed application did occur.",Polygon,Confirmed,Digitized by LTDL data entry personnel using a confirmed map,7/29/2019,29739.39,29713.97,,Contractor,"Establishment of seeded species, Loss of desirable species, Loss of native species, Loss of native vegetation, Loss of perennials, Loss of sagebrush, Loss of vegetation, Vegetal cover",Establish perennial-dominated plant communities,,,Muddy Ground,The seed was applied to bare muddy ground.,,33:03:00
Model 7,Snake River Plain,Post-burn aerial seeding,50629,20497,Implemented,See Comments,1,9/21/2018,12/31/2018,Acres,25377,Seeding,Aerial Seeding,Aerial Seeding,-1,Confirmed seed list,,Seeds,Confirmed on Paper,Outside of Treatment,Species Specific,,"To establish a desirable perennial plant community that would help achieve a healthy,\r\nfunctioning rangeland and significantly reduce the potential for spread of invasive annual grasses\r\nand noxious weeds.","Approximately 25,377 acres will be aerially seeded with Wyoming\r\nbig sagebrush in the fall/winter of 2018 at a rate of 0.5 lbs/acre.\r\nThe seeding would be considered a success if the density studies on\r\nthe seeded areas find 40 seedlings per acre, or more seedlings per\r\nacre than the control areas within three years. The contract was\r\nawarded and secured with FY18 funds.\r\n\r\nThe 2018 monitoring results suggest that the Wildhorse Fire drastically reduce total shrub cover\r\nand the strong differences between burned and control suggest that aerial seeding could have an\r\neffect on increasing the amount of shrub cover in burned areas. Approximately 25,377 acres will\r\nbe aerially seeded with Wyoming big sagebrush in the fall/winter of 2018 at a rate of 0.5 lbs/acre\r\n(Figure 9). Sagebrush seeding will reduce the recovery time of the dominate shrub species and\r\nbe considered a success if the density studies on the seeded areas find 40 seedlings per acre, or\r\nmore seedlings per acre than the control areas within three years. Continued monitoring after the\r\naerial seeding will reveal whether or not shrub regeneration is successful.","Approximately 25,377 acres was aerially seeded with Wyoming big\r\nsagebrush in the winter of 2019 at a bulk rate of 0.5 lb./acre. The\r\nseeding would be considered a success if the density studies on the\r\nseeded areas find 40 seedlings per acre, or more seedlings per acre\r\nthan the control areas within three years. The contract was awarded\r\nand secured with FY18 funds.","2019 - The 2018 monitoring results revealed that the Wildhorse Fire drastically reduce total shrub cover\r\nand the strong differences between burned and control suggest that aerial seeding could have an\r\neffect on increasing the amount of shrub cover in burned areas. Approximately 25,377 acres was\r\naerially seeded with Wyoming big sagebrush in the winter of 2019 at a bulk rate of 0.5 lb./acre\r\n(Figure 6). Sagebrush seeding will reduce the recovery time of the dominate shrub species and be\r\nconsidered a success if the density studies on the seeded areas find 40 seedlings per acre, or more\r\nseedlings per acre than the control areas within three years.\r\nGiven that only one growing-season has passed since the aerial seeding treatment, it is too early\r\nto determine the long-term effects (i.e. amount of successful revegetation). Continued monitoring\r\nas time-since-fire increases will reveal a more definitive result regarding the effects of aerial\r\nseeding.\r\n\r\n2020- One aerial seeding treatment was implemented in 2019 for the purpose of reestablishing sagebrush to reduce the recovery time of the dominate shrub species. Wyoming big sagebrush (Artemisia tridentata ssp. wyomingensis) was applied at a bulk rate of 0.5 lb/acre to 25,377 acres (Figure 6). At the time of this report, very few sagebrush seedlings were recorded within monitoring transects. This outcome is expected considering the site (low elevation arid site), and Wyoming sagebrush\u2019s slow growth rate (0.2-1.7 cm/wk.) and short annual growth period (\u02dc9 wks.). Broadcast sagebrush seedings are difficult to quantify until the seedlings have had at least three years of growth.",Polygon,Confirmed,Digitized by LTDL data entry personnel using a confirmed map,12/3/2020,25329.18,25231.88,,Contractor,"Cover for wildlife, Establishment of seeded species, Habitat for elk, Habitat for greater sage grouse, Habitat for mule deer, Habitat for wildlife, Habitat productivity, Habitat quality, Invasion by cheatgrass, Invasion by non-native annuals, Invasive species, Livestock in treated area, Loss of desirable species, Loss of perennials, Nesting bird species, Noxious weeds, Sensitive species, Unprotected treatment area, Vegetal cover, Wildlife in treated area",The fire removed existing shrubs that served as habitat for GRSG and other wildlife. The area\r\nthat burned contained sagebrush and other shrub species at sufficient levels to be considered\r\npriority GRSG habitat as well as potential habitat for several sensitive sagebrush obligate\r\nspecies. The loss sagebrush further reduces the overall quality and quantity of GRSG and other\r\nsensitive species habitat within the area.,,,,,,31:39:00
Model 7,Snake River Plain,Post-burn aerial seeding,53519,21087,Implemented,Unknown,2,1/10/2011,2/3/2011,Acres,126964,Seeding,Aerial Seeding,Aerial Seeding,-1,Confirmed seed list,,Seeds,Confirmed on Paper,Unknown,Species Specific,,Establish sagebrush on the fire area utilizing aerial seeding techniques.,Aerial Seeding Wyoming and Basin Big sagebrush,"ES&BAR Project. Contractor was Thomas Helicopters, INC of Gooding, ID. The project was strip seeded, strips were in all different directions.\r\n\r\nAbout 127, 966 acres were aerial seeded with 64,040 lbs. of\r\nWyoming big sagebrush seed and 61,480 lbs. of basin big\r\nsagebrush seed at 0.98 lbs. bulk seed/acre. Seed was applied to\r\nsnow-covered ground in the Bell Rapids area and mostly bare\r\nmuddy ground throughout the rest of the project area. The entire\r\nproject was strip-seeded for every other pass. Strips were oriented\r\naccording to best navigation evaluation for the seeding area. The\r\nproject was competed using two helicopters and two sling type\r\nbuckets. Project duration was due to wind and fog conditions that\r\nprevented application. Seed application occurred over 11 actual\r\nflying days.","As observed for other ESR projects, sagebrush\r\nestablishment was patchy, with clumps of seedlings scattered within the seeded area. In 2012\r\nseedlings were about 3-6 inches tall and difficult to detect on a landscape scale. However, by\r\nJuly 2013, seedlings were taller and more apparent.\r\n\r\n2013 North Area Monitoring Results: Wyoming big sagebrush were detected in monitoring locations and visual assessments.\r\n2013 Bombing Range Area Monitoring Results: Wyoming big\r\nsagebrush were detected in monitoring locations and visual assessments.\r\n2013 Wild Horse Management Area Monitoring Results: Wyoming big sagebrush were observed in monitoring locations and visual assessments.\r\n2013 South Area Monitoring Results: Sagebrush\r\nseedlings were present where seeded in strips.",Polygon,Confirmed,"Digitized by BLM field office personnel, method unknown",None,255157.43,249306.76,,Contractor,"Habitat for wildlife, Loss of sagebrush, Habitat for sage grouse, Loss of perennials","ESR/Rehab, re-establish sagebrush for perennial vegetation and wildlife habitat",Other (See Trt Notes),Project duration was due to wind and fog conditions that\r\nprevented application. Seed application occurred over 11 actual\r\nflying days.,Other (See Trt Notes),Seed was applied to\r\nsnow-covered ground in the Bell Rapids area and mostly bare\r\nmuddy ground throughout the rest of the project area.,,24:24:00
Model 7,Snake River Plain,Post-burn aerial seeding,53808,21176,Implemented,Unknown,2,12/13/2013,12/13/2013,Acres,5895,Seeding,Aerial Seeding,Aerial Seeding: Rotor Wing,-1,Confirmed seed list,,Seeds,Confirmed on Paper,Unknown,Species Specific,,,Unknown,"This project consisted of aerial seeding 5,895 acres within the SE Red Bridge fire of 2013 as a fuels project. Rate of application was 0.88 pounds bulk seed per acre. The seed consisted of 5,200 pounds of Wyoming Sagebrush. The seed was applied to mostly snow covered ground, see the attached map for the project location. The contractor was Thomas Helicopters, Inc of Gooding, ID. The project was completed using one helicopter and two sling type buckets. The project was started and completed on December 13, 2013.",Unknown,Polygon,Confirmed,"Digitized by BLM field office personnel, method unknown",,5891.84,5891.84,,Contractor,"Habitat for wildlife, Loss of perennials, Loss of sagebrush, Establishment of seeded species, Loss of desirable species, Loss of native species, Loss of native vegetation, Loss of vegetation, Vegetal cover",,Unknown,,Snow on Ground,The seed was applied to mostly snow covered ground,,48:47:00
Model 7,Snake River Plain,Post-burn aerial seeding,55920,21534,Implemented,See Comments,2,12/21/2018,9/30/2019,Acres,7320,Seeding,Aerial Seeding,Aerial Seeding,-1,Confirmed seed list,Native/Nonnative Mix,Seeds,Confirmed on Paper,Outside of Treatment,Not Available,"Aerially seeded with a native/nonnative\r\nmix of Wyoming big sagebrush, basin big sagebrush,\r\nstreambank wheatgrass, slender wheatgrass and alfalfa.","To establish a desirable perennial plant community that would help achieve a healthy, functioning rangeland and\r\nsignificantly reduce the potential for spread of invasive annual grasses and noxious weeds.","Aerial seeding of sagebrush, grass and forbs.\r\n\r\nPlanned Cost - $262,000.00","Approximately 21,960 acres was aerially seeded\r\nin the winter of 2019 at a bulk rate of 4.0 lb./ac using a mixture of Wyoming big sagebrush,\r\nbasin big sagebrush, streambank wheatgrass, slender wheatgrass and alfalfa within\r\ndesignated areas of the burn (Figure 6). Seed was applied in alternating strips perpendicular\r\nto the prevailing winds resulting in a total seeded area of 7,320 acres.","2019 - The 2019 monitoring results revealed that aerial seeding could have an effect on increasing\r\nthe amount of shrub cover in burned areas.\r\n\r\nAerial sagebrush\r\nseeding would be considered a success if the density studies on the seeded areas find 40\r\nseedlings per acre, or more seedlings per acre than the control areas within five years. The\r\ngrass/forb seeding would be considered a success if a minimum of three individuals per\r\nmeter square is observed.\r\nGiven that only one growing-season has passed since the aerial seeding treatment, it is too early\r\nto determine the long-term effects (i.e. amount of successful revegetation). Continued monitoring\r\nwill depend on the availability of monitoring crews and funding, as time-since-fire increases will\r\nreveal a more definitive result regarding the effects of aerial seeding.\r\n\r\nPART 9 - RECOMMENDATIONS/CONCLUSIONS\r\nContinue to monitor and start chemical treatment of noxious weeds within the Grassy\r\nRidge Fire perimeter.\r\nContinue monitoring recovery of the plant community within the Grassy Ridge Fire.\r\nMonitor the effectiveness of the aerial sagebrush and grass/forb seeding and its ability to\r\nreduce recovery times if monitoring crews and funds are available.\r\nKeep livestock grazing closures in effect for one more growing season to allow for\r\nvegetation stability.\r\nImplementation of more control/burned transects to be monitored to determine if all the\r\nvegetation types within the Grassy Ridge Fire are recovering to post fire canopy cover\r\nwithin fire perimeter. Monitoring may have significant impact as the area recovers from\r\nfire impacts and should be looked at if monitoring crews and funds are available in 2020.\r\n\r\n2021: The fire removed existing shrubs that served as habitat for GRSG and other wildlife. The area that burned contained sagebrush and other shrub species at sufficient levels to be considered priority GRSG habitat as well as potential habitat for several sensitive sagebrush obligate species. The loss sagebrush further reduces the overall quality and quantity of GRSG and other sensitive species habitat within the area.\r\nThe 2019 monitoring results revealed that aerial seeding could have an effect on increasing the amount of shrub cover in burned areas. Approximately 21,960 acres was aerially seeded in the winter of 2019 at a bulk rate of 4.0 lb/ac using a mixture of Wyoming big sagebrush, basin big sagebrush, streambank wheatgrass, slender wheatgrass and alfalfa within designated areas of the burn (Figure 9). Seed was applied in alternating strips perpendicular to the prevailing winds resulting in a total seeded area of 7,320 acres. Aerial sagebrush seeding would be considered a success if the density studies on the seeded areas find 40 seedlings per acre, or more seedlings per acre than the control areas within five years. The grass/forb seeding would be considered a success if a minimum of three individuals per meter square is observed.\r\nFourteen plots were located within the aerial seeding area and used to track success of the treatment. While the seed mix was mostly (75%) comprised of rhizomatous grass and alfalfa for site stabilization and big game forage, the primary objective was to establish low elevation sagebrush (Wyoming and basin big) in areas where natural recovery was a concern. While seedlings were documented outside of the transects, no quantifiable data exists to assess the success of the treatment. Based upon ocular observations alone the sagebrush seeding would be considered minimally successful at best, with sagebrush densities ranging between 5-10 plants/acre. Additional sagebrush specific monitoring is planned in the future with the hopes that as those seeded species become more established, a more accurate evaluation on the treatment\u2019s success can be made.",Polygon,Confirmed,Digitized by LTDL data entry personnel using a confirmed map,12/2/2020,22040.6,21793.83,,Contractor,"Cover for wildlife, Establishment of seeded species, Habitat for greater sage grouse, Habitat for sage grouse, Habitat for wildlife, Habitat quality, Invasive species, Livestock in treated area, Loss of desirable species, Loss of native species, Loss of perennials, Loss of sagebrush, Migratory birds, Nesting bird species, Vegetal cover",The fire removed existing shrubs that served as habitat for GRSG and other wildlife. The area\r\nthat burned contained sagebrush and other shrub species at sufficient levels to be considered\r\npriority GRSG habitat as well as potential habitat for several sensitive sagebrush obligate\r\nspecies. The loss sagebrush further reduces the overall quality and quantity of GRSG and other\r\nsensitive species habitat within the area.,,,Windy,"Seed was applied in alternating strips perpendicular\r\nto the prevailing winds resulting in a total seeded area of 7,320 acres.","Seed was applied in alternating strips perpendicular\r\nto the prevailing winds resulting in a total seeded area of 7,320 acres.\r\n\r\nActual Funding Cost - $81,002.00.",13:06:00
Model 7,Snake River Plain,Post-burn aerial seeding,56152,21573,Implemented,Unknown,1,00/00/1982,00/00/1982,Acres,5993,Seeding,Aerial Seeding,Aerial Seeding: Rotor Wing,-1,Planned seed list,,Seeds,Plan,Unknown,Species Specific,,"The objectives of this rehabilitation plan are to restore valuable\r\nwildlife habitat principally for sage grouse, mule deer and antelope.","Seed 8453 acres of public land using a helicopter. 5993 of 22,700 acres in\r\nArea B. In Area B seed would be applied to 33% of the non-rock area to provide\r\npockets of vegetation. All seeding would be done in late fall, but before snowfall.\r\nProtect the seeded area for two growing seasons by not allowing stock to\r\nuse the pasture. Grazing use the second year would be allowed at a time after\r\nthe growing season when the plants are dormant.",Area seeding confirmed in GIS,Unknown,Polygon,Confirmed,"Digitized by BLM field office personnel, method unknown",,22587.21,22546.21,,Unknown,"Establishment of seeded species, Habitat quality, Loss of vegetation, Vegetal cover, Loss of desirable species, Loss of native species, Loss of native vegetation, Loss of sagebrush",All vegetation destroyed - Wind erosion,,,,,Area B,36:59:00
Model 7,Snake River Plain,Post-burn aerial seeding,56380,21620,Implemented,Unknown,2,2/13/2004,2/14/2004,Acres,15460,Seeding,Aerial Seeding,Aerial Seeding: Rotor Wing,-1,Confirmed seed list,,Seeds,Confirmed on Paper,Unknown,Species Specific,"Rate of application was approximately 1.0 pounds bulk seed per acre for 12,800 total acres seeded. The seed consisted of 4,520 pounds of Wyoming Big and 8,320 pounds of Basin Big Sage. The seed was mixed by the applicator in each bucket load at approximately a 2 to 1 ratio. The project had previously been drill seeded.",,"Sagebrush and alfalfa will be aerial seeded.\r\nSagebrush seed will be aerially applied during the winter following the drill seeding.\r\n\r\nInformation presented at the Sagebrush/Grassland Restoration Workshop in Elko, NV (2002) suggested seed mixes that included >2.0 lbs/ac of non-native wheatgrasses greatly increased the likelihood of non-native grasses dominating the site. The proposed seed mix includes 'Siberian' wheatgrass at 2.5 lbs/ac and tall wheatgrass at 0.5 lbs/ac. We recommend reducing the rates of 'Siberian' wheatgrass and tall wheatgrass to less than 2 lbs/ac for their combined total and increasing the rate of native grasses such as Snake River wheatgrass.","This project consisted of strip aerial seeding, skipping every 5th pass in the 15,460 acre area. Rate of application was approximately 1.0 pounds bulk seed per acre for 12,800 total acres seeded. The seed consisted of 4,520 pounds of Wyoming Big and 8,320 pounds of Basin Big Sage. The seed was mixed by the applicator in each bucket load at approximately a 2 to 1 ratio. The project had previously been drill seeded. \r\nThis project also consisted of aerial seeding a 160 acre Test Plot area. Rate of application was approximately 1.0 pounds bulk seed per acre over the entire Test Plot. The seed consisted of 80 pounds of Wyoming Big and 80 pounds of Basin Big Sage. The seed was mixed by the applicator in each bucket load in equal amounts. The Test Plot project had previously been drill seeded. \r\nThe seed was applied to 100% snow covered ground in alternating strips from north to south, see the attached map for the project location. The contractor was Thomas Helicopters, Inc of Gooding, ID. Pilot for the seeding was Dale Thomas. The project was completed using one helicopter and two sling type buckets. The project was started on 2/13/04 and completed on \n2/14/04.",Unknown,Polygon,Confirmed,"Digitized by BLM field office personnel, method unknown",,15450.12,15435.19,,Contractor,"Establishment of seeded species, Habitat quality, Loss of sagebrush, Loss of vegetation, Vegetal cover",,,,Snow on Ground,100% snow on the ground,,05:11:00
Model 7,Snake River Plain,Post-burn aerial seeding,58753,21243,Implemented,See Comments,1,11/8/2012,11/22/2012,Acres,13148,Seeding,Aerial Seeding,Aerial Seeding: Fixed Wing,-1,Confirmed seed list,Steep Slopes And Drainage,Seeds,Confirmed on Paper,Unknown,Species Specific,,"Objective 2 of the FMDA\u2019s objective and management actions is to\r\nmaintain, protect, and expand sage-grouse source habitats. Following wildland fire, use seeding\r\ntreatments with appropriate plant materials to attempt to stabilize sites and prevent dominance of\r\ninvasive, annual vegetation, and noxious weeds. Therefore aerial seeding meets this objective\r\nand is in conformance with the RMP as amended by the FMDA.",To seed the area.,"Grass: This project consisted of aerial seeding 27,634 acres within the Cave Canyon Fire as part of the Emergency Stabilization Plan.  There were three different seeding projects within this project.  The Sage Grouse Mix seeding rate of application was approximately 7.74 pounds bulk seed per acre.  The Wyoming & Juniper Mix seeding rate of application was approximately 11.74 pounds bulk seed per acre.  The Slope & Drainage Mix seeding rate of application was approximately 7.50 pounds bulk seed per acre.  Applications were done prior to chaining on the Sage Grouse and Wyoming & Juniper areas.  The seed was applied to moist ground, see the attached map for the project location.  The contractor was Crop Jet Aviation, LLC of Gooding, Idaho.  Pilots for the seeding were George Parker, Jason Tucker, and Andy Frostensen.  The project was completed using two fixed wing planes.   \r\nThree Seed Mixes: \nSage Grouse \u2013 5,630 acres \nWyoming Juniper \u2013 8,856 acres \nSlope and Drainages \u2013 13,148 acres","A qualitative summary was written by the monitoring crew after all the quantitative data was collected. The higher elevation points were typically more diverse than the lower elevation points. The appeared to be Vole damage to some of the monitoring sites. Big clearing of vegetation (mainly grass) was cut down. Monitoring points that did not have the implementation of the chaining had higher densities of cheatgrass. Overall there was a good establishment of seeded species throughout the monitoring sites. Sagebrush was observed in the higher elevation monitoring sites. During the specific sagebrush monitoring site, there were little seedlings recorded but seedlings were observed. The lower elevation monitoring sites had little to none sagebrush seedlings. The lack of diversity is a concern, but the lack of annual grasses was a positive outcome. The objective of three seeded grass species per square meter.\r\nThe quantitative third year monitoring results showed that there was a slight decrease in perennial grasses and a continued decrease in bare ground. That is to be expected the third year as the grasses begin to produce litter. The annual grasses decreased by only by 3%. Forbs increased by only 1%, but the litter increased by 24%. The density monitoring results show that there is a downward trend in the perennial grasses that maybe caused by the re-introduction of grazing. There was an increase in forb density across the project area. The sagebrush seedling density monitoring also showed a decrease in the density. An increase infestation with Voles was observed during monitoring this year. A large area where perennial grass had been cut down and seeds were missing was noticed. The increase in Voles could be one of the reason a decrease in perennial grass densities had declined.\r\n\r\nFY 22\r\nMonitoring plots were revisited by TFD Fuels technicians during the summer of 2022 for the 10th year monitoring. Qualitative assessments were completed which included a general plot description, species inventory, and photo documentation.\r\nThe following photo points are representative of the entire treated area of the Cave Canyon fire. There are 24 total photo plots across the treated burn area. For the 10th year monitoring year, 10 plots were revisited for qualitative assessments. Plots visited include 004, 005, 006, 008, 010,013, 014, 018, 024, and 025. Data collected included a general plot description, species inventory, and photo documentation.\r\n\r\nPART 9-RECOMMENDATIONS/CONCLUSIONS\r\nThe monitoring data, both qualitative and quantitative show that the perennial grass seeding and chain effort is a success, the sagebrush seeding was success in certain areas and not as effective as other. The continuation of monitoring of the sagebrush for the next 5 -10 years is necessary to fully determine if the overall project success. Portions of the lower elevation sites had highest percent cover of annual grasses and noxious weeds. The upper elevation areas had little to no presence of annual grass. The amount of cheatgrass found during monitoring is not a major concern, but during qualitative",Polygon,Confirmed,"Digitized by BLM field office personnel, method unknown",None,13140.23,13140.22,,Contractor,"Establishment of seeded species, Fire hazard, Loss of desirable species, Loss of vegetation, Vegetal cover","This treatment will aid in the establishment of a desirable perennial grass community that more closely matches the structural, species composition, and diversity of the native plant community to help achieve a healthy functioning rangeland. Accelerating the rate of re-establishment of native grasses is important to maintaining the value of the area as sage-grouse and mule deer winter habitat.",,,,,,15:56:00
Model 7,Snake River Plain,Post-burn aerial seeding,71965,25379,Implemented,Unknown,2,2/7/2023,2/9/2023,Acres,8054,Seeding,Aerial Seeding,Aerial Seeding: Rotor Wing,-1,Confirmed seed list,Aerial Shrub/Forb Seeding Mix,Seeds,Confirmed on Paper,Unknown,Species Specific,,The objective of the seeding treatment is to establish perennial-dominated plant communities within 3 years. The shrub density objectives are based on ecological site potential. The aerial sagebrush seed treatment would be considered effective if:\r\n- Sagebrush seedlings average 0.10 seedlings per square meter across all density plots; or\r\n- Yarrow seedlings average 0.20 seedlings per square meter across all density plots; and\r\n- In qualitative surveys seedlings are found to be common,"Approximately 8,000 acres in the Eden 2 burned area would be aerially seeded with a mix of big sagebrush and yarrow in the late fall of 2022 into the winter of 2023.","Valley Air, LLC subcontracted to Thomas Helicopters of Gooding, Idaho. Thomas Helicopters used two ""Silver Bullet"" buckets on the seeding.",Unknown,Polygon,Confirmed,Digitized by LTDL data entry personnel using a confirmed map,1/9/2024,8049.95,8043.77,,Contractor,"Establishment of seeded species, Loss of native vegetation, Invasive species","Establish a desirable herbaceous perennial grass, forb and shrub community that more closely matches the structural and species composition and diversity of the previous native plant community to help achieve a healthy, functioning rangeland and to compete effectively against cheatgrass.",Delayed,This contract was protested and delayed over 1 month.,Other (See Trt Notes),The entire project area did not have snow.,Aerial Shrub/Forb Seeding,06:45:00
